name,target_rva,reason
# Rows deleted on purpose because byte-evidence proved them wrong. functions.csv
# uses git's union merge driver, which has no concept of a deletion: merging any
# branch that forked before the delete silently resurrects the row. check_csv
# fails if a name+target_rva listed here reappears.
#
# If you later PROVE one of these is real, delete its line here in the same
# commit that re-adds the row, and say what the proof was.
??1?$VectorClass@E@@UAE@XZ,0x00AFF130,retail vtable for VectorClass<unsigned char> is 0x113ac74 (proven by pointgr.cpp ctor) but the folded body at 0x00AFF130 loads 0x11bc44c; ICF folds only identical code so this cannot be that body
??1?$VectorClass@PAUtThreadInfoType@@@@UAE@XZ,0x00AFF130,vtable is 0x113a0fc (proven by Except.cpp ctor) not the 0x11bc44c this body loads
??1?$VectorClass@PAVDefinitionClass@@@@UAE@XZ,0x00AFF130,vtable is 0x113a0fc (proven by definitionmgr.cpp ctor) not the 0x11bc44c this body loads
??1?$VectorClass@PAVRender2DClass@@@@UAE@XZ,0x00AFF130,vtable is 0x113a0fc (proven by render2dsentence.cpp ctor) not the 0x11bc44c this body loads
??1?$VectorClass@VShaderClass@@@@UAE@XZ,0x00AFF130,vtable is 0x113c5e4 (proven by matinfo.cpp ctor) not the 0x11bc44c this body loads
??0BehaviorModule@@QAE@PAVThing@@PBVModuleData@@@Z,0x00121F60,resolved ??_7BehaviorModuleInterface@@6B@ to 0x108acf8 against ten other TUs agreeing on 0x109c9d0; landed by a 387-row bulk pin-harvest that was never DIR32-verified
??0UpdateModuleInterface@@QAE@XZ,0x00061D90,resolved its vtable to base 0x0; landed by a ~279-row bulk ICF-alias commit that was never DIR32-verified
?Collide@CollisionMath@@SA_NABVOBBoxClass@@ABVVector3@@ABVTriClass@@1PAUCastResu,0x008E7180,symbol name is the real ?Collide@...PAUCastResultStruct@@@Z truncated at 80 chars; the masm dump fabricated it with a `public` directive so it is not a retail symbol. The real row now matches byte-exact from colmathobbtri.cpp
?gogoMessageBox@GameWindowManager@@,0x0047EF70,not a mangled symbol at all -- no access/convention/parameter encoding after the @@; it was a string-anchored stub for the same body the full mangling names. The real row now matches byte-exact from GameWindowManager_gogoMessageBox.cpp
?OnProgressUpdate@DownloadManager@@UAEJHHHH@Z,0x00626EE0,masm dump at 0x626EE0 is actually the DownloadManager::OnStatusUpdate body (8-case DOWNLOADSTATUS_* switch, 226B); clean C++ in DownloadManager.cpp byte-matches it. Real OnProgressUpdate takes four ints and lives elsewhere.
?getLastLocalFile@DownloadManager@@QAE?AVAsciiString@@XZ,0x00626DA0,masm dump at 0x626DA0 is actually the DownloadManager::OnError body (7-case DOWNLOADEVENT_* switch, 224B); clean C++ in DownloadManager.cpp byte-matches it. Real getLastLocalFile returns an AsciiString and lives elsewhere.
?j_000094f3@@YAXXZ,0x000094F3,the same retail ILT thunk Open-BFME5 matched as ?buildFieldParse@BroadcastStealthUpdateModuleData@@SAXAAVMultiIniFieldParse@@@Z (0x000094F3+5; both name body 0x289800). A gen-thunk placeholder is only for a thunk with no known identity — the real name lands first and this row is the duplicate. It landed before that row reached master and union merge kept both.
?parseStringAsNameKeyType@NameKeyGenerator@@SAXPAVINI@@PAX1PBX@Z,0x000B8F10,wrong twin: the call at +19 targets ILT thunk 0x0001EDE9 which jumps to 0x001D7440 = ObjectCreationListStore::findObjectCreationList, not nameToKey (0x0008FFC0). The body is ZH INI::parseObjectCreationList (INI.cpp:1316) verbatim; every INI parse callback of this shape is byte-identical apart from its two call targets. No other address in .text has the shape, so parseStringAsNameKeyType could not be relocated.
??0AIAttackMoveStateMachine@@QAE@PAVObject@@VAsciiString@@@Z,0x002C1061,three independent disproofs: the claim starts 129 bytes inside the function that begins at 0x002C0FE0 (int3-padded and 16-byte aligned); the 501-byte range contains a 27-byte run of 0xCC padding visible in the .asm source itself and covers two later functions (0x002C11A0 and the thunk at 0x002C11D0); and the body ends ret 0 where a __thiscall ctor taking (Object*, AsciiString) must end ret 8. A MASM dump byte-verifies at any length so the gate could never object
"??$find@H@?$_Rb_tree@HU?$pair@$$CBHI@_STL@@U?$_Select1st@U?$pair@$$CBHI@_STL@@@2@U?$less@H@2@V?$allocator@U?$pair@$$CBHI@_STL@@@2@@_STL@@QBE?AU?$_Rb_tree_iterator@U?$pair@$$CBHI@_STL@@U?$_Const_traits@U?$pair@$$CBHI@_STL@@@2@@1@ABH@Z",0x00195120,byte-identical to another instantiation landed at the same address in this batch; retail does not fold identical COMDATs (it keeps 8-9 separate copies of them) so only one of these template arguments is the body actually at this address and the rest are unproven identities
"??$find@I@?$_Rb_tree@IU?$pair@$$CBIPAVState@@@_STL@@U?$_Select1st@U?$pair@$$CBIPAVState@@@_STL@@@2@U?$less@I@2@V?$allocator@U?$pair@$$CBIPAVState@@@_STL@@@2@@_STL@@QBE?AU?$_Rb_tree_iterator@U?$pair@$$CBIPAVState@@@_STL@@U?$_Const_traits@U?$pair@$$CBIPAVState@@@_STL@@@2@@1@ABI@Z",0x002A1D40,byte-identical to another instantiation landed at the same address in this batch; retail does not fold identical COMDATs (it keeps 8-9 separate copies of them) so only one of these template arguments is the body actually at this address and the rest are unproven identities
"??$find@PBVThingTemplate@@@?$_Rb_tree@PBVThingTemplate@@PBV1@U?$_Identity@PBVThingTemplate@@@_STL@@U?$less@PBVThingTemplate@@@3@V?$allocator@PBVThingTemplate@@@3@@_STL@@QBE?AU?$_Rb_tree_iterator@PBVThingTemplate@@U?$_Const_traits@PBVThingTemplate@@@_STL@@@1@ABQBVThingTemplate@@@Z",0x002A1D40,byte-identical to another instantiation landed at the same address in this batch; retail does not fold identical COMDATs (it keeps 8-9 separate copies of them) so only one of these template arguments is the body actually at this address and the rest are unproven identities
?getLastLadderPort@CustomMatchPreferences@@QAEGXZ,0x00856900,four independent disproofs: EA's own ZH source has this as an eight-line accessor (UserPreferences.cpp:462 - a find/end compare then atoi) which cannot be 1617 bytes; the identical function on the sibling class QuickMatchPreferences is 84 bytes at 0x000ABF10 in the UserPreferences.cpp cluster where getLastLadderAddr also sits at 0x000AC1B0; 0x00856900 lies inside qr2.c's contiguous run (0x008561F0 to 0x008570F0) ending 15 bytes before _qr2_check_send_heartbeat at 0x00856F60; and the 2004 GameSpy landing pinned _send_heartbeat at exactly 0x00856900 in symbols.csv. A MASM dump byte-verifies at any length and under any name so the gate could never object
??1FileSystem@@UAE@XZ,0x000E3F80,"the body at 0x000E3F80 installs vtable 0x01084BA0, which is PlayerTemplateStore's, not FileSystem's: every matched row in [0xE3C50,0xE4300) comes from Common/RTS/PlayerTemplate.cpp and the ctor/dtor/deleting-dtor/init run contiguously at 0xE3F5C/0xE3F80/0xE4170/0xE41A0 the way MSVC emits one class's COMDATs from one TU. Proved independently by the full gate: with FileSystemCtor.cpp's row restored, the DIR32 consistency check resolved ??_7FileSystem@@6B@ to two bases -- 0x1084BA0 through this row and FileSystem's real 0x109DF10 through the rest of the TU. The bytes stay claimed by the PlayerTemplateStore rows so no coverage is lost"
??_GFileSystem@@UAEPAXI@Z,0x000E4170,"the body at 0x000E3F80 installs vtable 0x01084BA0, which is PlayerTemplateStore's, not FileSystem's: every matched row in [0xE3C50,0xE4300) comes from Common/RTS/PlayerTemplate.cpp and the ctor/dtor/deleting-dtor/init run contiguously at 0xE3F5C/0xE3F80/0xE4170/0xE41A0 the way MSVC emits one class's COMDATs from one TU. Proved independently by the full gate: with FileSystemCtor.cpp's row restored, the DIR32 consistency check resolved ??_7FileSystem@@6B@ to two bases -- 0x1084BA0 through this row and FileSystem's real 0x109DF10 through the rest of the TU. The bytes stay claimed by the PlayerTemplateStore rows so no coverage is lost; scalar deleting destructor of the same wrong class"
??0PlayerTemplateStore@@QAE@XZ,0x00076F30,"wrong address: 0x00076F30 is a byte-identical 29-byte twin that installs vtable 0x01075F6C and sits among the GameEngine.cpp subsystem-store ctors (ScienceStore/RankInfoStore at 0x00076E50-0x00076F00). PlayerTemplateStore's ctor is at 0x000E3F50 which installs 0x01084BA0 - the vtable whose slots 1/4/5 are init/reset/update@PlayerTemplateStore at 0x000E41A0/0x000E0BC0/0x000E0BD0 - inside PlayerTemplate.cpp's own COMDAT run. The two bodies differ only at offsets 4-6 (the base-ctor REL32) and 12-14 (the vtable DIR32) which the gate patches from the target so it verified at either address. Repointed to 0x000E3F50"
?getLastLadderPort@QuickMatchPreferences@@QAEGXZ,0x000ABF10,body looks up "MaxDisconnects" at 0x01081184 and returns atoi's int untruncated; a UnsignedShort return would narrow it. ZH declares Int getMaxDisconnects(void) and the matching setter is already in the ledger. Replaced by ?getMaxDisconnects@QuickMatchPreferences@@QAEHXZ proven by byte-verify
?getMusicVolume@OptionPreferences@@QAEMXZ,0x00091B40,body looks up "LanguageFilter" at 0x0107FB14 compares the value against "yes" and ends sete al; the miss path returns one byte from the global at 0x012ED5C8+0xC04. Every exit is a byte and nothing touches the FPU so it cannot return Real. Replaced by ?getLanguageFilter@OptionPreferences@@QAEEXZ proven by byte-verify plus string-ref verify of both literals
?Replace_Texture@MeshModelClass@@QAEXPAVTextureClass@@0@Z,0x00924C30,takes two pointer arguments so a thiscall member must end ret 8; the 14-byte body at 0x00924C30 ends ret 0 and is `return m_x ? m_x->m_y : NULL` -- a no-argument getter. ICF folds only identical bytes so a two-argument void function cannot share this body. ?Get_User_Text@MeshGeometryClass@@QAEPBDXZ also claims it and fits exactly (const char* return, no args, ret 0)
?Replace_VertexMaterial@MeshModelClass@@QAEXPAVVertexMaterialClass@@0@Z,0x00924C30,takes two pointer arguments so a thiscall member must end ret 8; the 14-byte body at 0x00924C30 ends ret 0 and is `return m_x ? m_x->m_y : NULL` -- a no-argument getter. ICF folds only identical bytes so a two-argument void function cannot share this body. ?Get_User_Text@MeshGeometryClass@@QAEPBDXZ also claims it and fits exactly (const char* return, no args, ret 0)
?getGroup@Object@@QAEPAVAIGroup@@XZ,0x008F9550,name takes no arguments and returns AIGroup* but the body pops 8 and returns a Bool built with sete dl. It takes an Int index range-checked against 16 and a pointer whose first two dwords it forwards to 0x008F7C40 then indexes a word array at +4 by index*6 comparing against 0xFFFF. It also sits at 0x008Fxxxx among the W3D libraries rather than with GameLogic. Sole claimant; the body is left unclaimed because nothing here identifies it, and the wrongly-named naked definition was removed from Object.cpp in the same commit
?getResolution@OptionPreferences@@QAEXPAH0@Z,0x00091930,name takes two Int pointers so a thiscall member must end ret 8; the body ends with a bare ret and takes no arguments. It looks up "MusicVolume" at 0x0107FAE4 and leaves a float in st(0) at every exit, so it returns Real and not void. Replaced by ?getMusicVolume@OptionPreferences@@QAEMXZ proven by byte-verify plus string-ref verify of the literal and the empty-string fallback
?SetPrefixAndRadix@Debug@@QAEXPBDH@Z,0x00889B60,name is (const char*, Int) which sizes to 8 so a thiscall member must end ret 8; both exits of the body end ret 4, so it takes one argument. Nor does the body set anything: it reads a count at this+8 and walks an array of 12-byte entries at this+4, calling a function pointer at entry+4 cdecl with (this, the argument, the dword at entry+8) and stopping when one returns true. That is handler-table dispatch, not setting a prefix and a radix, so the name does not survive in any part and the body is left unclaimed rather than renamed on a guess
?getProductionCostChangePercent@Player@@QBEMVAsciiString@@@Z,0x000D47F0,parameter is a const reference, not by value: the body loads [esp+8] and dereferences it before reaching the string data, which by-value would not need. Both forms are one stack slot so ret 4 cannot tell them apart. Replaced by ?getProductionCostChangePercent@Player@@QBEMABVAsciiString@@@Z proven by byte-verify
?Unregister@SimpleSceneClass@@UAEXPAVRenderObjClass@@W4RegType@SceneClass@@@Z,0x009438C0,name pops 4 bytes but its argument list sizes to 8 so the pair is impossible; the body is SimpleSceneClass::Remove_Render_Object
?getAlternateMouseModeEnabled@OptionPreferences@@QAE_NXZ,0x00092670,name says QAE_NXZ (no stack args) but the body ends ret 4 and assigns a by-value AsciiString into the preference map under the key GameSpyIPAddress; that is setOnlineIPAddress(AsciiString) which the reference header declares
uw_00c0aff0,0x00C0AFF0,pre-existing generated funclet parent was moved to WorkerAIUpdate_getModuleNameKey_Thunk.cpp and object symbol $L80071 is absent from this translation unit
??_GGen_dtor_00426bd0@@UAEPAXI@Z,0x00426BD0,placeholder yields to ??_GEva@@UAEPAXI@Z; the body calls the Eva destructor at 0x00426560 through ILT 0x00026A7B and is slot 0 of the Eva vtable at 0x010F1FA8
?Get_DX8_Texture_Filter_Name@DX8Wrapper@@,0x00902EC0,wrong address and a naked lift; 0x00902EC0 returns the D3DSTENCILOP_ strings so it is Get_DX8_Stencil_Op_Name. The texture-filter switch is the D3DTEXF_ one at 0x00902BC0 and is now clean C++ in dx8wrapper.cpp
"??$insert@U?$_List_iterator@PAVParticleSystem@@U?$_Const_traits@PAVParticleSystem@@@_STL@@@_STL@@@?$list@PAVParticleSystem@@V?$allocator@PAVParticleSystem@@@_STL@@@_STL@@QAEXU?$_List_iterator@PAVParticleSystem@@U?$_Nonconst_traits@PAVParticleSystem@@@_STL@@@1@U?$_List_iterator@PAVParticleSystem@@U?$_Const_traits@PAVParticleSystem@@@_STL@@@1@1@Z",0x0076D6E0,"ParticleSys.cpp no longer produces these bytes after the conversion in 38fee4209: the source no longer emits this function at all. Re-land it by byte-proving the body from real source, not by forcing emission."
"??0?$list@PAVParticleSystem@@V?$allocator@PAVParticleSystem@@@_STL@@@_STL@@QAE@ABV01@@Z",0x0076F640,"ParticleSys.cpp no longer produces these bytes after the conversion in 38fee4209: the source no longer emits this function at all. Re-land it by byte-proving the body from real source, not by forcing emission."
"??0?$LatchRestore@H@@QAE@AAHABH@Z",0x00337640,"AIPathfind.cpp no longer produces these bytes after the conversion in 72be74328: the source no longer emits this function at all. Re-land it by byte-proving the body from real source, not by forcing emission."
"??1?$LatchRestore@H@@UAE@XZ",0x00337670,"AIPathfind.cpp no longer produces these bytes after the conversion in 72be74328: the source no longer emits this function at all. Re-land it by byte-proving the body from real source, not by forcing emission."
"??_G?$LatchRestore@H@@UAEPAXI@Z",0x003377A0,"AIPathfind.cpp no longer produces these bytes after the conversion in 72be74328: the source no longer emits this function at all. Re-land it by byte-proving the body from real source, not by forcing emission."
"??0AvailableGameInfo@@QAE@XZ",0x0010DB60,"GameState.cpp no longer produces these bytes after the conversion in d9ae540f1: the source no longer emits this function at all. Re-land it by byte-proving the body from real source, not by forcing emission."
"uw_00bfd6f0",0x00BFD6F0,"GameState.cpp no longer produces these bytes after the conversion in d9ae540f1: its object symbol is a compiler label that renumbered and no label in the object reproduces retail. Re-land it by byte-proving the body from real source, not by forcing emission."
"?GetPolygonIndex@Geometry@@QBEPAGJPAF@Z",0x007B7FA0,"W3DVolumetricShadow.cpp no longer produces these bytes after the conversion in fc30a1350: the source no longer emits this function at all. Re-land it by byte-proving the body from real source, not by forcing emission."
"?getName@GameSlot@@QBE?AVUnicodeString@@XZ",0x003879C0,"LANAPIhandlers.cpp no longer produces these bytes after the conversion in 5eccf4d79: the source no longer emits this function at all. Re-land it by byte-proving the body from real source, not by forcing emission."
"dup_3ad380",0x003AD380,"LANAPIhandlers.cpp no longer produces these bytes after the conversion in 5eccf4d79: the source no longer emits this function at all. Re-land it by byte-proving the body from real source, not by forcing emission."
"?parseChildWindows@@YA_NPAVGameWindow@@PAVFile@@PAD@Z",0x00487B50,"GameWindowManagerScript.cpp no longer produces these bytes after the conversion in 2b9d75385: the source no longer emits this function at all. Re-land it by byte-proving the body from real source, not by forcing emission."
"?parseScreenRect@@YA_NPAD0PAH111@Z",0x004854F0,"GameWindowManagerScript.cpp no longer produces these bytes after the conversion in 2b9d75385: the source no longer emits this function at all. Re-land it by byte-proving the body from real source, not by forcing emission."
"?peekWindow@@YAPAVGameWindow@@XZ",0x004845B0,"GameWindowManagerScript.cpp no longer produces these bytes after the conversion in 2b9d75385: the source no longer emits this function at all. Re-land it by byte-proving the body from real source, not by forcing emission."
"uw_00c3aa90",0x00C3AA90,"fx_particle_system_bulk.cpp no longer produces these bytes after the conversion in f85b678dc: its object symbol is a compiler label that renumbered and no label in the object reproduces retail. Re-land it by byte-proving the body from real source, not by forcing emission."
"uw_00c3aad0",0x00C3AAD0,"fx_particle_system_bulk.cpp no longer produces these bytes after the conversion in f85b678dc: its object symbol is a compiler label that renumbered and no label in the object reproduces retail. Re-land it by byte-proving the body from real source, not by forcing emission."
"uw_00c3ab10",0x00C3AB10,"fx_particle_system_bulk.cpp no longer produces these bytes after the conversion in f85b678dc: its object symbol is a compiler label that renumbered and no label in the object reproduces retail. Re-land it by byte-proving the body from real source, not by forcing emission."
"uw_00c3ab50",0x00C3AB50,"fx_particle_system_bulk.cpp no longer produces these bytes after the conversion in f85b678dc: its object symbol is a compiler label that renumbered and no label in the object reproduces retail. Re-land it by byte-proving the body from real source, not by forcing emission."
"?getUser@LANGameSlot@@QAEPAVLANPlayer@@XZ",0x0068DE20,"LANGameSlot_getUser_Thunk.cpp no longer produces these bytes after the conversion in that file: the source no longer emits this function at all. Re-land it by byte-proving the body from real source, not by forcing emission."
"?isUser@LANGameSlot@@QAE_NVUnicodeString@@@Z",0x0068E8D0,"LANGameSlot_isUser_Thunk.cpp no longer produces these bytes after the conversion in that file: the source no longer emits this function at all. Re-land it by byte-proving the body from real source, not by forcing emission."
?d_00a04efe@@YAXXZ,0x00A04EFE,"gen-dump placeholder superseded by the real identity of these bytes: ?GetDeviceInfo@@YGJPAUID3DXMesh@@PAK11@Z, byte-matched from vendor/d3dx9/d3dx9.lib. check_csv requires the placeholder to yield when a real identity claims the same range."
?d_00a07905@@YAXXZ,0x00A07905,"gen-dump placeholder superseded by the real identity of these bytes: ?CalcSplitMeshSizes@?$@G$00$0PPPP@@@YGJPAGKKKPAK111G@Z, byte-matched from vendor/d3dx9/d3dx9.lib. check_csv requires the placeholder to yield when a real identity claims the same range."
?d_00a07a04@@YAXXZ,0x00A07A04,"gen-dump placeholder superseded by the real identity of these bytes: ?CalcSplitMeshSizes@?$@I$0A@$0?0@@YGJPAIKKKPAK111I@Z, byte-matched from vendor/d3dx9/d3dx9.lib. check_csv requires the placeholder to yield when a real identity claims the same range."
?Register_Mesh_Type@DX8MeshRendererClass@@QAEXPAVMeshModelClass@@@Z,0x00A08180,"straddles the section boundaries of five createmesh.obj functions (FindWedge x2, ResizeDynamicArray x2, FindEdge): the d3dx9.lib member's sections tile this range contiguously and this claim starts and/or ends inside one of them, so it cannot be a function. Its source was an __emit/db transcription of the retail bytes, which byte-verifies at any address and is therefore no evidence of identity, and retail contains no call site targeting this address at all. Re-land it only by byte-proving the body from real source at an address the d3dx9 rows do not claim."
?d_00a0a842@@YAXXZ,0x00A0A842,"gen-dump placeholder superseded by the real identity of these bytes: ?SwapFace@?$GXTri3Mesh@G$00$0PPPP@@@AAEXII@Z, byte-matched from vendor/d3dx9/d3dx9.lib. check_csv requires the placeholder to yield when a real identity claims the same range."
?d_00a0b739@@YAXXZ,0x00A0B739,"gen-dump placeholder superseded by the real identity of these bytes: ?SetDeclaration@CD3DXCrackDecl1@@QAEJPBU_D3DVERTEXELEMENT9@@@Z, byte-matched from vendor/d3dx9/d3dx9.lib. check_csv requires the placeholder to yield when a real identity claims the same range."
?d_00a0edf2@@YAXXZ,0x00A0EDF2,"gen-dump placeholder superseded by the real identity of these bytes: ?ComputePointReps@?$GXSimplifyMesh@I$0A@$0?0@@AAEJXZ, byte-matched from vendor/d3dx9/d3dx9.lib. check_csv requires the placeholder to yield when a real identity claims the same range."
?d_00a10319@@YAXXZ,0x00A10319,"gen-dump placeholder superseded by the real identity of these bytes: ?ReorderFaceData@?$GXTri3Mesh@I$0A@$0?0@@AAEJPAI0@Z, byte-matched from vendor/d3dx9/d3dx9.lib. check_csv requires the placeholder to yield when a real identity claims the same range."
?d_00a11235@@YAXXZ,0x00A11235,"gen-dump placeholder superseded by the real identity of these bytes: ?Init@?$CMeshStatus@G$00$0PPPP@@@QAEJGG_N@Z, byte-matched from vendor/d3dx9/d3dx9.lib. check_csv requires the placeholder to yield when a real identity claims the same range."
?d_00a11503@@YAXXZ,0x00A11503,"gen-dump placeholder superseded by the real identity of these bytes: ?IFindNextFace@?$CMeshStatus@G$00$0PPPP@@@QAEGG@Z, byte-matched from vendor/d3dx9/d3dx9.lib. check_csv requires the placeholder to yield when a real identity claims the same range."
?d_00a175df@@YAXXZ,0x00A175DF,"gen-dump placeholder superseded by the real identity of these bytes: ?D3DXIntCreatePMeshFromData@@YGJPAUID3DXMesh@@KPAKPAEKPAPAUID3DXPMesh@@@Z, byte-matched from vendor/d3dx9/d3dx9.lib. check_csv requires the placeholder to yield when a real identity claims the same range."
??0RTS3DScene@@QAE@XZ,0x00A1FDCD,"straddles the section boundaries of three createmesh.obj functions (CloneMeshInternal x2, OptimizeBaseLOD): the d3dx9.lib member's sections tile this range contiguously and this claim starts and/or ends inside one of them, so it cannot be a function. Its source was an __emit/db transcription of the retail bytes, which byte-verifies at any address and is therefore no evidence of identity, and retail contains no call site targeting this address at all. Re-land it only by byte-proving the body from real source at an address the d3dx9 rows do not claim."
?d_00a239d6@@YAXXZ,0x00A239D6,"gen-dump placeholder superseded by the real identity of these bytes: ?CollapseEdge@?$GXSimplifyMesh@I$0A@$0?0@@AAEJPAV?$CEdgeInfo@I@@PAE@Z, byte-matched from vendor/d3dx9/d3dx9.lib. check_csv requires the placeholder to yield when a real identity claims the same range."
?d_00a25208@@YAXXZ,0x00A25208,"gen-dump placeholder superseded by the real identity of these bytes: ?CollapseEdge@?$GXSimplifyMesh@G$00$0PPPP@@@AAEJPAV?$CEdgeInfo@G@@PAE@Z, byte-matched from vendor/d3dx9/d3dx9.lib. check_csv requires the placeholder to yield when a real identity claims the same range."
?j_00a2a985@@YAXXZ,0x00A2A985,"not a thunk: these 5 bytes are the tail-call jmp that ends ?StringCbCopyA@@YGJPADIPBD@Z, a 23-byte function from d3dx9.lib's cimage.obj whose leading cmp/jbe only makes sense with this jmp as its exit. The gen-thunk row claimed a real function's last instruction as a function."
?d_00a3563b@@YAXXZ,0x00A3563B,"gen-dump placeholder superseded by the real identity of these bytes: ?Encode@CCodec_L8@D3DXTex@@UAEXIIPAUD3DXCOLOR@@@Z, byte-matched from vendor/d3dx9/d3dx9.lib. check_csv requires the placeholder to yield when a real identity claims the same range."
?d_00a39460@@YAXXZ,0x00A39460,"gen-dump placeholder superseded by the real identity of these bytes: ?Decode@CCodec_A16B16G16R16@D3DXTex@@UAEXIIPAUD3DXCOLOR@@@Z, byte-matched from vendor/d3dx9/d3dx9.lib. check_csv requires the placeholder to yield when a real identity claims the same range."
?d_00a477a3@@YAXXZ,0x00A477A3,"gen-dump placeholder superseded by the real identity of these bytes: ?VectorizeVar@CCompiler@D3DXShader@@IAEJPAVCNode@2@PAIIHH01001@Z, byte-matched from vendor/d3dx9/d3dx9.lib. check_csv requires the placeholder to yield when a real identity claims the same range."
?d_00a547a0@@YAXXZ,0x00A547A0,"gen-dump placeholder superseded by the real identity of these bytes: ?EmitArgs@CCompiler@D3DXShader@@IAEJPAVCNode@2@PAII@Z, byte-matched from vendor/d3dx9/d3dx9.lib. check_csv requires the placeholder to yield when a real identity claims the same range."
?d_00a5499f@@YAXXZ,0x00A5499F,"gen-dump placeholder superseded by the real identity of these bytes: ?EmitEval@CCompiler@D3DXShader@@IAEJPAVCNode@2@@Z, byte-matched from vendor/d3dx9/d3dx9.lib. check_csv requires the placeholder to yield when a real identity claims the same range."
?d_00a5646b@@YAXXZ,0x00A5646B,"gen-dump placeholder superseded by the real identity of these bytes: ?GetConstant@CConstantTable@D3DXShader@@UAGPBDPBDI@Z, byte-matched from vendor/d3dx9/d3dx9.lib. check_csv requires the placeholder to yield when a real identity claims the same range."
?d_00a589d9@@YAXXZ,0x00A589D9,"gen-dump placeholder superseded by the real identity of these bytes: ?LoadEffectInstance@@YGJPAUIDirectXFileData@@PAU_D3DXEFFECTINSTANCE@@@Z, byte-matched from vendor/d3dx9/d3dx9.lib. check_csv requires the placeholder to yield when a real identity claims the same range."
?d_00a69fed@@YAXXZ,0x00A69FED,"gen-dump placeholder superseded by the real identity of these bytes: ?GetConstantSize@CFragmentConstants@D3DXShader@@QAEJPAUD3DXTOKEN@2@PBDPAI@Z, byte-matched from vendor/d3dx9/d3dx9.lib. check_csv requires the placeholder to yield when a real identity claims the same range."
?d_00a6e96e@@YAXXZ,0x00A6E96E,"gen-dump placeholder superseded by the real identity of these bytes: ?CompactPool_Map@CProgram@D3DXShader@@AAEIPAU_D3DXCP_DATA@2@III@Z, byte-matched from vendor/d3dx9/d3dx9.lib. check_csv requires the placeholder to yield when a real identity claims the same range."
?d_00a7286b@@YAXXZ,0x00A7286B,"gen-dump placeholder superseded by the real identity of these bytes: ?CompactArguments@CProgram@D3DXShader@@IAEJXZ, byte-matched from vendor/d3dx9/d3dx9.lib. check_csv requires the placeholder to yield when a real identity claims the same range."
?d_00a77f83@@YAXXZ,0x00A77F83,"gen-dump placeholder superseded by the real identity of these bytes: ?SwizzleRegisters@CProgram@D3DXShader@@IAEJXZ, byte-matched from vendor/d3dx9/d3dx9.lib. check_csv requires the placeholder to yield when a real identity claims the same range."
?d_00a7e12d@@YAXXZ,0x00A7E12D,"gen-dump placeholder superseded by the real identity of these bytes: ?BinaryType@CParse@D3DXShader@@IAEJPAVCNode@2@0PAPAV32@11@Z, byte-matched from vendor/d3dx9/d3dx9.lib. check_csv requires the placeholder to yield when a real identity claims the same range."
?d_00a8465d@@YAXXZ,0x00A8465D,"gen-dump placeholder superseded by the real identity of these bytes: ?CompileExpr@CParse@D3DXShader@@IAEPAVCNode@2@PAV32@00H@Z, byte-matched from vendor/d3dx9/d3dx9.lib. check_csv requires the placeholder to yield when a real identity claims the same range."
?d_00a87904@@YAXXZ,0x00A87904,"gen-dump placeholder superseded by the real identity of these bytes: ?FixNeg@CPSLegacyProgram@D3DXShader@@IAEJXZ, byte-matched from vendor/d3dx9/d3dx9.lib. check_csv requires the placeholder to yield when a real identity claims the same range."
?d_00a99958@@YAXXZ,0x00A99958,"gen-dump placeholder superseded by the real identity of these bytes: ?CreateMaterialBuffer@@YGJPAU_D3DXMATERIAL@@KPAPAUID3DXBuffer@@@Z, byte-matched from vendor/d3dx9/d3dx9.lib. check_csv requires the placeholder to yield when a real identity claims the same range."
?d_00a9a06c@@YAXXZ,0x00A9A06C,"gen-dump placeholder superseded by the real identity of these bytes: ?AddToDynamicArray@@YGHPAPAUSLoadVertex@@ABU1@PAK2@Z, byte-matched from vendor/d3dx9/d3dx9.lib. check_csv requires the placeholder to yield when a real identity claims the same range."
?vis_render_box@BoxRenderObjClass@@IAEXAAVSpecialRenderInfoClass@@ABVVector3@@1@Z,0x00A9A533,"straddles the section boundaries of three loadutil.obj functions (SetSmoothingGroup, InitCorners, SetMesh): the d3dx9.lib member's sections tile this range contiguously and this claim starts and/or ends inside one of them, so it cannot be a function. Its source was an __emit/db transcription of the retail bytes, which byte-verifies at any address and is therefore no evidence of identity, and retail contains no call site targeting this address at all. Re-land it only by byte-proving the body from real source at an address the d3dx9 rows do not claim."
?d_00aa92b0@@YAXXZ,0x00AA92B0,"gen-dump placeholder superseded by the real identity of these bytes: ?jpeg_calc_output_dimensions@D3DX@@YGXPAUjpeg_decompress_struct@1@@Z, byte-matched from vendor/d3dx9/d3dx9.lib. check_csv requires the placeholder to yield when a real identity claims the same range."
?d_00aaac20@@YAXXZ,0x00AAAC20,"gen-dump placeholder superseded by the real identity of these bytes: ?emit_dqt@D3DX@@YGHPAUjpeg_compress_struct@1@H@Z, byte-matched from vendor/d3dx9/d3dx9.lib. check_csv requires the placeholder to yield when a real identity claims the same range."
?d_00aab290@@YAXXZ,0x00AAB290,"gen-dump placeholder superseded by the real identity of these bytes: ?emit_sos@D3DX@@YGXPAUjpeg_compress_struct@1@@Z, byte-matched from vendor/d3dx9/d3dx9.lib. check_csv requires the placeholder to yield when a real identity claims the same range."
?d_00ab1200@@YAXXZ,0x00AB1200,"gen-dump placeholder superseded by the real identity of these bytes: ?MatchENDWHILE@CShaderProgram@D3DXShader@@IAEJXZ, byte-matched from vendor/d3dx9/d3dx9.lib. check_csv requires the placeholder to yield when a real identity claims the same range."
?d_00abd2cf@@YAXXZ,0x00ABD2CF,"gen-dump placeholder superseded by the real identity of these bytes: ?EmitInst@CShaderProgram@D3DXShader@@IAEJK@Z, byte-matched from vendor/d3dx9/d3dx9.lib. check_csv requires the placeholder to yield when a real identity claims the same range."
?d_00abfc5b@@YAXXZ,0x00ABFC5B,"gen-dump placeholder superseded by the real identity of these bytes: ?vmlsAcos4@@YGXQBMQAM@Z, byte-matched from vendor/d3dx9/d3dx9.lib. check_csv requires the placeholder to yield when a real identity claims the same range."
?d_00ac0d00@@YAXXZ,0x00AC0D00,"gen-dump placeholder superseded by the real identity of these bytes: _a_acos, byte-matched from vendor/d3dx9/d3dx9.lib. check_csv requires the placeholder to yield when a real identity claims the same range."
?d_00ac12e0@@YAXXZ,0x00AC12E0,"gen-dump placeholder superseded by the real identity of these bytes: _a_cos, byte-matched from vendor/d3dx9/d3dx9.lib. check_csv requires the placeholder to yield when a real identity claims the same range."
?d_00ac13e0@@YAXXZ,0x00AC13E0,"gen-dump placeholder superseded by the real identity of these bytes: _a_sin, byte-matched from vendor/d3dx9/d3dx9.lib. check_csv requires the placeholder to yield when a real identity claims the same range."
?d_00ac59f0@@YAXXZ,0x00AC59F0,"gen-dump placeholder superseded by the real identity of these bytes: ?jinit_upsampler@D3DX@@YGXPAUjpeg_decompress_struct@1@@Z, byte-matched from vendor/d3dx9/d3dx9.lib. check_csv requires the placeholder to yield when a real identity claims the same range."
?d_00ad4f03@@YAXXZ,0x00AD4F03,"gen-dump placeholder superseded by the real identity of these bytes: _d3dx_inflate_trees_dynamic@36, byte-matched from vendor/d3dx9/d3dx9.lib. check_csv requires the placeholder to yield when a real identity claims the same range."

??0FireWeaponNugget@@QAE@XZ,0x0005C6C0,"resolved ??_7FireWeaponNugget@@6B@ to base 0x0 - retail at 0x5C6C0 is `mov eax,ecx; [eax]=0; [eax+4]=0; ret`, which stores a literal zero where a constructor of a polymorphic class stores its vftable, so this body cannot be that constructor. Same species as the ??0UpdateModuleInterface row above: an ICF-alias claim from a bulk commit that was never DIR32-verified."
??0ObjectCreationNugget@@QAE@XZ,0x00061D90,"resolved ??_7ObjectCreationNugget@@6B@ to base 0x0 - retail at 0x61D90 is `mov eax,ecx; [eax]=0; ret`. Same bulk ICF-alias commit and the same address as the ??0UpdateModuleInterface row above, which was already retracted for this."
?setWrappedCommandID@NetWrapperCommandMsg@@QAEGXZ,0x00673F70,"the mangling is malformed - QAEGXZ says it returns unsigned short and takes no parameters, but the body is `mov ax,[esp+4]; mov [ecx+0x34],ax; ret 4`, which is void(UnsignedShort). tools/audit_ret_arity.py flags it. The correctly mangled ?setWrappedCommandID@NetWrapperCommandMsg@@QAEXG@Z already claims the same twelve bytes from the same clean C++ in NetCommandMsg.cpp, so this row is a duplicate of it."
?init@GameTextManager@@UAEXXZ,0x0051F3A0,"the body is AptMainMenu, not GameTextManager. It pushes eighteen string literals naming AptMainMenu callbacks - AptMainMenu::OnInitialized, ::GoodCampaign, ::EvilCampaign, ::ContinueCampaign, ::Skirmish, ::Options, ::Credits, ::ExitGame and the rest - which no GameTextManager method would reference. It is also refuted by arity: the name is thiscall void(void) but the body reads a parameter at [ebp+8] and ends ret 4 (tools/audit_ret_arity.py flags it). Retracted rather than left in place because one name gets one address, so this row was blocking the real GameTextManager::init from ever being claimed."
?d_00b01950@@YAXXZ,0x00B01950,"gen-dump placeholder superseded by the real identity of these bytes: ??8@YAHABVMatrix4x4@@0@Z, Matrix4x4 operator==, byte-matched from the Zero Hour body appended to Code/Libraries/Source/WWVegas/WWMath/matrix4.cpp. check_csv requires the placeholder to yield when a real identity claims the same range."
?d_00966490@@YAXXZ,0x00966490,"gen-dump placeholder superseded by the real identity of these bytes: ?Apply@ScaleTextureMapperClass@@UAEXH@Z, byte-matched once the Zero Hour body was added to Code/Libraries/Source/WWVegas/WW3D2/mapper.cpp, which did not carry it. check_csv requires the placeholder to yield when a real identity claims the range."
??0GameSpyInfoInterface@@QAE@XZ,0x00061D90,"resolved ??_7GameSpyInfoInterface@@6B@ to base 0x0 - the body at 0x61D90 is `mov eax,ecx; [eax]=0; ret`, a literal zero where a constructor of a polymorphic class stores its vftable. Third row retracted from this exact address for this exact reason, after ??0UpdateModuleInterface and ??0ObjectCreationNugget: it is one 9-byte body carrying a pile of ICF-alias claims from a bulk commit that was never DIR32-verified. Became visible when ~GameSpyInfo landed and gave the symbol a second, real resolution at 0x11186B8."
??1FileSystem@@UAE@XZ,0x0040B200,"FileSystem's primary vtable is 0x109DF10 - proven by ??0FileSystem@@QAE@XZ @0x1B7D70 which installs it, and that constructor is independently supported by its only call site, inside ?init@GameEngine@@. The body at 0x40B200 installs 0x10F0648 instead, and a class has one primary vtable. 0x40B200 belongs to a different SubsystemInterface-derived class whose own cluster sits around 0x40B1xx (its deleting destructor is the generated Gen_dtor_0040b1d0 at slot 0 of 0x10F0648). Nothing supports the FileSystem name here except adjacency. Overturn this by naming the 0x40B1xx class or by showing FileSystem installs 0x10F0648 somewhere."
??1TeamFactory@@UAE@XZ,0x009F2800,"TeamFactory installs 0x1085F1C and 0x1085F08 - its constructor @0x000F2250 does, and that constructor is called from ?init@GameEngine@@, which is where TheTeamFactory is made. The body at 0x009F2800 installs 0x11457F8 and 0x11457E8, so it is another class: the constructor that installs those, @0x009F2730, is called from ?init@GameLogic@@, and PartitionManager - a GameLogic subsystem - is one of the three names claiming 0x009F2800. The real ~TeamFactory is the unclaimed 118-byte body at 0x000F74C0, the only other function in the image that writes 0x1085F1C, which installs both TeamFactory tables and then restores the MemoryPoolObject vtable."
??_GTeamFactory@@UAEPAXI@Z,0x009F2900,"belongs to PartitionManager, not TeamFactory. It is slot 0 of vtable 0x11457F8, and the constructor that installs 0x11457F8 (@0x009F2730) is called from ?init@GameLogic@@ - which is where ThePartitionManager is made (GameLogic.cpp line 383 in the Zero Hour source), while TheTeamFactory is made in ?init@GameEngine@@ (GameEngine.cpp line 506) and its constructor @0x000F2250 installs 0x1085F1C/0x1085F08 instead. This row is what made the full gate fail after ??1TeamFactory was retracted: it calls the destructor at 0x009F2800, which is ~PartitionManager."
?d_000f74c0@@YAXXZ,0x000F74C0,"gen-dump placeholder superseded by the real identity of these bytes: ??1TeamFactory@@UAE@XZ, byte-matched from clean C++ in Code/GameEngine/Source/Common/RTS/TeamFactoryCtorThunk.cpp. The row that used to carry that name, on 0x009F2800, was retracted as PartitionManager's."
?d_000f6ca0@@YAXXZ,0x000F6CA0,"gen-dump placeholder superseded by the real identity of these bytes: ?clear@TeamFactory@@QAEXXZ, byte-matched from clean C++ in Code/GameEngine/Source/Common/RTS/TeamFactoryCtorThunk.cpp."

?d_0099f010@@YAXXZ,0x0099F010,"gen-dump placeholder superseded by the real identity of these bytes: _luaK_adjuststack (lcode.c), byte-matched from vendored lua-4.0.1 clean C++. The gen_asm dump d_0099d0c0.asm reproduces the same retail range but carries no identity."
?d_0099b000@@YAXXZ,0x99B000,"gen-dump placeholder superseded by the real identity of these bytes: _pushupvalue (lparser.c), byte-matched from vendored lua-4.0.1 clean C++. The gen_asm dump d_009817d0.asm reproduces the same retail range but carries no identity."
?d_0099b1b0@@YAXXZ,0x99B1B0,"gen-dump placeholder superseded by the real identity of these bytes: _pushclosure (lparser.c), byte-matched from vendored lua-4.0.1 clean C++. The gen_asm dump d_009817d0.asm reproduces the same retail range but carries no identity."
?d_0099d2d0@@YAXXZ,0x99D2D0,"gen-dump placeholder superseded by the real identity of these bytes: _chunk (lparser.c), byte-matched from vendored lua-4.0.1 clean C++. The gen_asm dump d_0099d0c0.asm reproduces the same retail range but carries no identity."
?d_00109f60@@YAXXZ,0x00109F60,"gen-dump placeholder superseded by the real identity of these bytes: GetRegistryVersion, byte-matched from clean C++ in RegistryVersion.cpp."
?j_00afd1bc@@YAXXZ,0x00AFD1BC,"gen-thunk false positive: these 5 bytes are the tail `jmp ?StringCopyWorkerW@@YGJPAGIPBG@Z` of the 23-byte ?StringCchCopyW@@YGJPAGIPBG@Z at 0x00AFD1AA, not a standalone incremental-link ILT thunk. Superseded by that vendored dxerr9.lib row."
??_G?$SList@VTagBlockIndex@@@@UAEPAXI@Z,0x00415D20,"misattributed: tagblock.cpp's SList<TagBlockIndex> scalar deleting destructor compiles to 73 bytes and relocates its vtable store to ??_7?$SList@VTagBlockIndex@@@@6B@ while inlining the GenericSLNode pool-free loop (Free_Object_Memory + operator delete). The 36 retail bytes at 0x00415D20 are 'push esi/mov esi,ecx/mov [esi],0x010F11C4/call <dtor>/test [esp+8],1/delete/ret 4' - the folded VectorClass<T> vtable, delegating out of line. Seven-way ICF fold; the six sibling claimants byte-verify (cardinalspline.cpp OK 14/14, whose ??_G?$VectorClass@M@@UAEPAXI@Z relocates c7 06 to ??_7?$VectorClass@M@@6B@ = 0x010F11C4), so the bytes are already explained and recovered bytes are unchanged. Same TU-level verdict as ?Remove_All@?$SList@VTagBlockIndex@@@@UAEXXZ at re_attempts.log:37."
?d_0006e120@@YAXXZ,0x0006E120,"gen-dump placeholder superseded by the real identity of these bytes: ?a_0006e120@@YAXXZ, byte-verified from Code/GameEngine/Source/Common/RTS/Player.cpp over the same 19-byte range. The Code/gen_asm/d_0005b6c0.asm dump reproduces those bytes but carries no identity."
?d_0006e140@@YAXXZ,0x0006E140,"gen-dump placeholder superseded by the real identity of these bytes: ?a_0006e140@@YAXXZ, byte-verified from Code/GameEngine/Source/Common/RTS/Player.cpp over the same 19-byte range. The Code/gen_asm/d_0005b6c0.asm dump reproduces those bytes but carries no identity."
?d_0008f400@@YAXXZ,0x0008F400,"gen-dump placeholder superseded by the real identity of these bytes: ?a_0008f400@@YAXXZ, byte-verified from Code/GameEngine/Source/Common/RTS/Player.cpp over the same 19-byte range. The Code/gen_asm/d_0007f6b0.asm dump reproduces those bytes but carries no identity."
?d_0008f4b0@@YAXXZ,0x0008F4B0,"gen-dump placeholder superseded by the real identity of these bytes: ?a_0008f4b0@@YAXXZ, byte-verified from Code/GameEngine/Source/Common/RTS/Player.cpp over the same 19-byte range. The Code/gen_asm/d_0007f6b0.asm dump reproduces those bytes but carries no identity."
?d_0008f540@@YAXXZ,0x0008F540,"gen-dump placeholder superseded by the real identity of these bytes: ?a_0008f540@@YAXXZ, byte-verified from Code/GameEngine/Source/Common/RTS/Player.cpp over the same 19-byte range. The Code/gen_asm/d_0007f6b0.asm dump reproduces those bytes but carries no identity."
?d_0008f570@@YAXXZ,0x0008F570,"gen-dump placeholder superseded by the real identity of these bytes: ?a_0008f570@@YAXXZ, byte-verified from Code/GameEngine/Source/Common/RTS/Player.cpp over the same 19-byte range. The Code/gen_asm/d_0007f6b0.asm dump reproduces those bytes but carries no identity."
?d_00094d50@@YAXXZ,0x00094D50,"gen-dump placeholder superseded by the real identity of these bytes: ?a_00094d50@@YAXXZ, byte-verified from Code/GameEngine/Source/Common/RTS/Player.cpp over the same 19-byte range. The Code/gen_asm/d_0007f6b0.asm dump reproduces those bytes but carries no identity."
?d_00094dd0@@YAXXZ,0x00094DD0,"gen-dump placeholder superseded by the real identity of these bytes: ?a_00094dd0@@YAXXZ, byte-verified from Code/GameEngine/Source/Common/RTS/Player.cpp over the same 19-byte range. The Code/gen_asm/d_0007f6b0.asm dump reproduces those bytes but carries no identity."
?d_000a34a0@@YAXXZ,0x000A34A0,"gen-dump placeholder superseded by the real identity of these bytes: ?a_000a34a0@@YAXXZ, byte-verified from Code/GameEngine/Source/Common/RTS/Player.cpp over the same 19-byte range. The Code/gen_asm/d_0007f6b0.asm dump reproduces those bytes but carries no identity."
?d_000c89b0@@YAXXZ,0x000C89B0,"gen-dump placeholder superseded by the real identity of these bytes: ?a_000c89b0@@YAXXZ, byte-verified from Code/GameEngine/Source/Common/RTS/Player.cpp over the same 8-byte range. The Code/gen_asm/d_000aab30.asm dump reproduces those bytes but carries no identity."
?d_000c8be0@@YAXXZ,0x000C8BE0,"gen-dump placeholder superseded by the real identity of these bytes: ?a_000c8be0@@YAXXZ, byte-verified from Code/GameEngine/Source/Common/RTS/Player.cpp over the same 8-byte range. The Code/gen_asm/d_000aab30.asm dump reproduces those bytes but carries no identity."
?d_000ca020@@YAXXZ,0x000CA020,"gen-dump placeholder superseded by the real identity of these bytes: ?a_000ca020@@YAXXZ, byte-verified from Code/GameEngine/Source/Common/RTS/Player.cpp over the same 19-byte range. The Code/gen_asm/d_000aab30.asm dump reproduces those bytes but carries no identity."
?d_000ca050@@YAXXZ,0x000CA050,"gen-dump placeholder superseded by the real identity of these bytes: ?a_000ca050@@YAXXZ, byte-verified from Code/GameEngine/Source/Common/RTS/Player.cpp over the same 19-byte range. The Code/gen_asm/d_000aab30.asm dump reproduces those bytes but carries no identity."
?d_000ca120@@YAXXZ,0x000CA120,"gen-dump placeholder superseded by the real identity of these bytes: ?a_000ca120@@YAXXZ, byte-verified from Code/GameEngine/Source/Common/RTS/Player.cpp over the same 19-byte range. The Code/gen_asm/d_000aab30.asm dump reproduces those bytes but carries no identity."
?d_000ca150@@YAXXZ,0x000CA150,"gen-dump placeholder superseded by the real identity of these bytes: ?a_000ca150@@YAXXZ, byte-verified from Code/GameEngine/Source/Common/RTS/Player.cpp over the same 19-byte range. The Code/gen_asm/d_000aab30.asm dump reproduces those bytes but carries no identity."
?d_000ca170@@YAXXZ,0x000CA170,"gen-dump placeholder superseded by the real identity of these bytes: ?a_000ca170@@YAXXZ, byte-verified from Code/GameEngine/Source/Common/RTS/Player.cpp over the same 19-byte range. The Code/gen_asm/d_000aab30.asm dump reproduces those bytes but carries no identity."
?d_000ca1e0@@YAXXZ,0x000CA1E0,"gen-dump placeholder superseded by the real identity of these bytes: ?a_000ca1e0@@YAXXZ, byte-verified from Code/GameEngine/Source/Common/RTS/Player.cpp over the same 19-byte range. The Code/gen_asm/d_000aab30.asm dump reproduces those bytes but carries no identity."
?d_000ca2a0@@YAXXZ,0x000CA2A0,"gen-dump placeholder superseded by the real identity of these bytes: ?a_000ca2a0@@YAXXZ, byte-verified from Code/GameEngine/Source/Common/RTS/Player.cpp over the same 19-byte range. The Code/gen_asm/d_000aab30.asm dump reproduces those bytes but carries no identity."
?d_000cb850@@YAXXZ,0x000CB850,"gen-dump placeholder superseded by the real identity of these bytes: ?a_000cb850@@YAXXZ, byte-verified from Code/GameEngine/Source/Common/RTS/Player.cpp over the same 19-byte range. The Code/gen_asm/d_000ca6a0.asm dump reproduces those bytes but carries no identity."
?d_000cb8b0@@YAXXZ,0x000CB8B0,"gen-dump placeholder superseded by the real identity of these bytes: ?a_000cb8b0@@YAXXZ, byte-verified from Code/GameEngine/Source/Common/RTS/Player.cpp over the same 19-byte range. The Code/gen_asm/d_000ca6a0.asm dump reproduces those bytes but carries no identity."
?d_000cb980@@YAXXZ,0x000CB980,"gen-dump placeholder superseded by the real identity of these bytes: ?a_000cb980@@YAXXZ, byte-verified from Code/GameEngine/Source/Common/RTS/Player.cpp over the same 19-byte range. The Code/gen_asm/d_000ca6a0.asm dump reproduces those bytes but carries no identity."
?d_000cb9a0@@YAXXZ,0x000CB9A0,"gen-dump placeholder superseded by the real identity of these bytes: ?a_000cb9a0@@YAXXZ, byte-verified from Code/GameEngine/Source/Common/RTS/Player.cpp over the same 19-byte range. The Code/gen_asm/d_000ca6a0.asm dump reproduces those bytes but carries no identity."
?d_000e8d60@@YAXXZ,0x000E8D60,"gen-dump placeholder superseded by the real identity of these bytes: ?a_000e8d60@@YAXXZ, byte-verified from Code/GameEngine/Source/Common/RTS/Player.cpp over the same 19-byte range. The Code/gen_asm/d_000ca6a0.asm dump reproduces those bytes but carries no identity."
?d_000e90e0@@YAXXZ,0x000E90E0,"gen-dump placeholder superseded by the real identity of these bytes: ?a_000e90e0@@YAXXZ, byte-verified from Code/GameEngine/Source/Common/RTS/Player.cpp over the same 11-byte range. The Code/gen_asm/d_000ca6a0.asm dump reproduces those bytes but carries no identity."
?d_000eb4a0@@YAXXZ,0x000EB4A0,"gen-dump placeholder superseded by the real identity of these bytes: ?a_000eb4a0@@YAXXZ, byte-verified from Code/GameEngine/Source/Common/RTS/Player.cpp over the same 11-byte range. The Code/gen_asm/d_000ca6a0.asm dump reproduces those bytes but carries no identity."
?d_000ecb10@@YAXXZ,0x000ECB10,"gen-dump placeholder superseded by the real identity of these bytes: ?a_000ecb10@@YAXXZ, byte-verified from Code/GameEngine/Source/Common/RTS/Player.cpp over the same 19-byte range. The Code/gen_asm/d_000ca6a0.asm dump reproduces those bytes but carries no identity."
?d_000ecc40@@YAXXZ,0x000ECC40,"gen-dump placeholder superseded by the real identity of these bytes: ?a_000ecc40@@YAXXZ, byte-verified from Code/GameEngine/Source/Common/RTS/Player.cpp over the same 19-byte range. The Code/gen_asm/d_000ca6a0.asm dump reproduces those bytes but carries no identity."
?d_000ece30@@YAXXZ,0x000ECE30,"gen-dump placeholder superseded by the real identity of these bytes: ?a_000ece30@@YAXXZ, byte-verified from Code/GameEngine/Source/Common/RTS/Player.cpp over the same 19-byte range. The Code/gen_asm/d_000ca6a0.asm dump reproduces those bytes but carries no identity."
?d_000ee270@@YAXXZ,0x000EE270,"gen-dump placeholder superseded by the real identity of these bytes: ?a_000ee270@@YAXXZ, byte-verified from Code/GameEngine/Source/Common/RTS/Player.cpp over the same 11-byte range. The Code/gen_asm/d_000ca6a0.asm dump reproduces those bytes but carries no identity."
?d_000ee280@@YAXXZ,0x000EE280,"gen-dump placeholder superseded by the real identity of these bytes: ?a_000ee280@@YAXXZ, byte-verified from Code/GameEngine/Source/Common/RTS/Player.cpp over the same 11-byte range. The Code/gen_asm/d_000ca6a0.asm dump reproduces those bytes but carries no identity."
?d_000fcb80@@YAXXZ,0x000FCB80,"gen-dump placeholder superseded by the real identity of these bytes: ?a_000fcb80@@YAXXZ, byte-verified from Code/GameEngine/Source/Common/RTS/Player.cpp over the same 11-byte range. The Code/gen_asm/d_000f93a0.asm dump reproduces those bytes but carries no identity."
?d_000fcd30@@YAXXZ,0x000FCD30,"gen-dump placeholder superseded by the real identity of these bytes: ?a_000fcd30@@YAXXZ, byte-verified from Code/GameEngine/Source/Common/RTS/Player.cpp over the same 11-byte range. The Code/gen_asm/d_000f93a0.asm dump reproduces those bytes but carries no identity."
?d_0010de60@@YAXXZ,0x0010DE60,"gen-dump placeholder superseded by the real identity of these bytes: ?a_0010de60@@YAXXZ, byte-verified from Code/GameEngine/Source/Common/RTS/Player.cpp over the same 11-byte range. The Code/gen_asm/d_000f93a0.asm dump reproduces those bytes but carries no identity."
?d_00124f10@@YAXXZ,0x00124F10,"gen-dump placeholder superseded by the real identity of these bytes: ?a_00124f10@@YAXXZ, byte-verified from Code/GameEngine/Source/Common/RTS/Player.cpp over the same 11-byte range. The Code/gen_asm/d_000f93a0.asm dump reproduces those bytes but carries no identity."
?d_00124f60@@YAXXZ,0x00124F60,"gen-dump placeholder superseded by the real identity of these bytes: ?a_00124f60@@YAXXZ, byte-verified from Code/GameEngine/Source/Common/RTS/Player.cpp over the same 11-byte range. The Code/gen_asm/d_000f93a0.asm dump reproduces those bytes but carries no identity."
?d_00124f70@@YAXXZ,0x00124F70,"gen-dump placeholder superseded by the real identity of these bytes: ?a_00124f70@@YAXXZ, byte-verified from Code/GameEngine/Source/Common/RTS/Player.cpp over the same 11-byte range. The Code/gen_asm/d_000f93a0.asm dump reproduces those bytes but carries no identity."
?d_00124f80@@YAXXZ,0x00124F80,"gen-dump placeholder superseded by the real identity of these bytes: ?a_00124f80@@YAXXZ, byte-verified from Code/GameEngine/Source/Common/RTS/Player.cpp over the same 11-byte range. The Code/gen_asm/d_000f93a0.asm dump reproduces those bytes but carries no identity."
?d_00124fa0@@YAXXZ,0x00124FA0,"gen-dump placeholder superseded by the real identity of these bytes: ?a_00124fa0@@YAXXZ, byte-verified from Code/GameEngine/Source/Common/RTS/Player.cpp over the same 11-byte range. The Code/gen_asm/d_000f93a0.asm dump reproduces those bytes but carries no identity."
?d_00133920@@YAXXZ,0x00133920,"gen-dump placeholder superseded by the real identity of these bytes: ?a_00133920@@YAXXZ, byte-verified from Code/GameEngine/Source/Common/RTS/Player.cpp over the same 19-byte range. The Code/gen_asm/d_000f93a0.asm dump reproduces those bytes but carries no identity."
?d_00133940@@YAXXZ,0x00133940,"gen-dump placeholder superseded by the real identity of these bytes: ?a_00133940@@YAXXZ, byte-verified from Code/GameEngine/Source/Common/RTS/Player.cpp over the same 19-byte range. The Code/gen_asm/d_000f93a0.asm dump reproduces those bytes but carries no identity."
?d_00061cb0@@YAXXZ,0x00061CB0,"gen-dump placeholder superseded by the real identity of these bytes: ?dup_00061cb0@@YAXXZ, byte-verified from Code/GameEngine/Source/Common/Audio/GameAudio.cpp over the same 7-byte range. The Code/gen_asm/d_0005b6c0.asm dump reproduces those bytes but carries no identity."
?d_00061d80@@YAXXZ,0x00061D80,"gen-dump placeholder superseded by the real identity of these bytes: ?dup_00061d80@@YAXXZ, byte-verified from Code/GameEngine/Source/Common/Audio/GameAudio.cpp over the same 7-byte range. The Code/gen_asm/d_0005b6c0.asm dump reproduces those bytes but carries no identity."
?d_00062280@@YAXXZ,0x00062280,"gen-dump placeholder superseded by the real identity of these bytes: ?dup_00062280@@YAXXZ, byte-verified from Code/GameEngine/Source/Common/Audio/GameAudio.cpp over the same 7-byte range. The Code/gen_asm/d_0005b6c0.asm dump reproduces those bytes but carries no identity."
?d_00064200@@YAXXZ,0x00064200,"gen-dump placeholder superseded by the real identity of these bytes: ?dup_00064200@@YAXXZ, byte-verified from Code/GameEngine/Source/Common/Audio/GameAudio.cpp over the same 6-byte range. The Code/gen_asm/d_0005b6c0.asm dump reproduces those bytes but carries no identity."
?d_00064220@@YAXXZ,0x00064220,"gen-dump placeholder superseded by the real identity of these bytes: ?dup_00064220@@YAXXZ, byte-verified from Code/GameEngine/Source/Common/Audio/GameAudio.cpp over the same 11-byte range. The Code/gen_asm/d_0005b6c0.asm dump reproduces those bytes but carries no identity."
?d_00064280@@YAXXZ,0x00064280,"gen-dump placeholder superseded by the real identity of these bytes: ?dup_00064280@@YAXXZ, byte-verified from Code/GameEngine/Source/Common/Audio/GameAudio.cpp over the same 7-byte range. The Code/gen_asm/d_0005b6c0.asm dump reproduces those bytes but carries no identity."
?d_000642a0@@YAXXZ,0x000642A0,"gen-dump placeholder superseded by the real identity of these bytes: ?dup_000642a0@@YAXXZ, byte-verified from Code/GameEngine/Source/Common/Audio/GameAudio.cpp over the same 11-byte range. The Code/gen_asm/d_0005b6c0.asm dump reproduces those bytes but carries no identity."
?d_000642d0@@YAXXZ,0x000642D0,"gen-dump placeholder superseded by the real identity of these bytes: ?dup_000642d0@@YAXXZ, byte-verified from Code/GameEngine/Source/Common/Audio/GameAudio.cpp over the same 13-byte range. The Code/gen_asm/d_0005b6c0.asm dump reproduces those bytes but carries no identity."
?d_00065320@@YAXXZ,0x00065320,"gen-dump placeholder superseded by the real identity of these bytes: ?dup_00065320@@YAXXZ, byte-verified from Code/GameEngine/Source/Common/Audio/GameAudio.cpp over the same 9-byte range. The Code/gen_asm/d_0005b6c0.asm dump reproduces those bytes but carries no identity."
?d_00065350@@YAXXZ,0x00065350,"gen-dump placeholder superseded by the real identity of these bytes: ?dup_00065350@@YAXXZ, byte-verified from Code/GameEngine/Source/Common/Audio/GameAudio.cpp over the same 11-byte range. The Code/gen_asm/d_0005b6c0.asm dump reproduces those bytes but carries no identity."
?d_00065ea0@@YAXXZ,0x00065EA0,"gen-dump placeholder superseded by the real identity of these bytes: ?dup_00065ea0@@YAXXZ, byte-verified from Code/GameEngine/Source/Common/Audio/GameAudio.cpp over the same 7-byte range. The Code/gen_asm/d_0005b6c0.asm dump reproduces those bytes but carries no identity."
?d_00066310@@YAXXZ,0x00066310,"gen-dump placeholder superseded by the real identity of these bytes: ?dup_00066310@@YAXXZ, byte-verified from Code/GameEngine/Source/Common/Audio/GameAudio.cpp over the same 19-byte range. The Code/gen_asm/d_0005b6c0.asm dump reproduces those bytes but carries no identity."
?d_00066410@@YAXXZ,0x00066410,"gen-dump placeholder superseded by the real identity of these bytes: ?dup_00066410@@YAXXZ, byte-verified from Code/GameEngine/Source/Common/Audio/GameAudio.cpp over the same 18-byte range. The Code/gen_asm/d_0005b6c0.asm dump reproduces those bytes but carries no identity."
?d_00066440@@YAXXZ,0x00066440,"gen-dump placeholder superseded by the real identity of these bytes: ?dup_00066440@@YAXXZ, byte-verified from Code/GameEngine/Source/Common/Audio/GameAudio.cpp over the same 18-byte range. The Code/gen_asm/d_0005b6c0.asm dump reproduces those bytes but carries no identity."
?d_00066460@@YAXXZ,0x00066460,"gen-dump placeholder superseded by the real identity of these bytes: ?dup_00066460@@YAXXZ, byte-verified from Code/GameEngine/Source/Common/Audio/GameAudio.cpp over the same 18-byte range. The Code/gen_asm/d_0005b6c0.asm dump reproduces those bytes but carries no identity."
?d_000664a0@@YAXXZ,0x000664A0,"gen-dump placeholder superseded by the real identity of these bytes: ?dup_000664a0@@YAXXZ, byte-verified from Code/GameEngine/Source/Common/Audio/GameAudio.cpp over the same 9-byte range. The Code/gen_asm/d_0005b6c0.asm dump reproduces those bytes but carries no identity."
?d_000664b0@@YAXXZ,0x000664B0,"gen-dump placeholder superseded by the real identity of these bytes: ?dup_000664b0@@YAXXZ, byte-verified from Code/GameEngine/Source/Common/Audio/GameAudio.cpp over the same 23-byte range. The Code/gen_asm/d_0005b6c0.asm dump reproduces those bytes but carries no identity."
?d_000664e0@@YAXXZ,0x000664E0,"gen-dump placeholder superseded by the real identity of these bytes: ?dup_000664e0@@YAXXZ, byte-verified from Code/GameEngine/Source/Common/Audio/GameAudio.cpp over the same 7-byte range. The Code/gen_asm/d_0005b6c0.asm dump reproduces those bytes but carries no identity."
?d_00066560@@YAXXZ,0x00066560,"gen-dump placeholder superseded by the real identity of these bytes: ?dup_00066560@@YAXXZ, byte-verified from Code/GameEngine/Source/Common/Audio/GameAudio.cpp over the same 29-byte range. The Code/gen_asm/d_0005b6c0.asm dump reproduces those bytes but carries no identity."
?d_00066610@@YAXXZ,0x00066610,"gen-dump placeholder superseded by the real identity of these bytes: ?dup_00066610@@YAXXZ, byte-verified from Code/GameEngine/Source/Common/Audio/GameAudio.cpp over the same 29-byte range. The Code/gen_asm/d_0005b6c0.asm dump reproduces those bytes but carries no identity."
?d_00066720@@YAXXZ,0x00066720,"gen-dump placeholder superseded by the real identity of these bytes: ?dup_00066720@@YAXXZ, byte-verified from Code/GameEngine/Source/Common/Audio/GameAudio.cpp over the same 7-byte range. The Code/gen_asm/d_0005b6c0.asm dump reproduces those bytes but carries no identity."
?d_00066840@@YAXXZ,0x00066840,"gen-dump placeholder superseded by the real identity of these bytes: ?dup_00066840@@YAXXZ, byte-verified from Code/GameEngine/Source/Common/Audio/GameAudio.cpp over the same 18-byte range. The Code/gen_asm/d_0005b6c0.asm dump reproduces those bytes but carries no identity."
?d_00066860@@YAXXZ,0x00066860,"gen-dump placeholder superseded by the real identity of these bytes: ?dup_00066860@@YAXXZ, byte-verified from Code/GameEngine/Source/Common/Audio/GameAudio.cpp over the same 18-byte range. The Code/gen_asm/d_0005b6c0.asm dump reproduces those bytes but carries no identity."
?d_00066a00@@YAXXZ,0x00066A00,"gen-dump placeholder superseded by the real identity of these bytes: ?dup_00066a00@@YAXXZ, byte-verified from Code/GameEngine/Source/Common/Audio/GameAudio.cpp over the same 29-byte range. The Code/gen_asm/d_0005b6c0.asm dump reproduces those bytes but carries no identity."
?d_00066bf0@@YAXXZ,0x00066BF0,"gen-dump placeholder superseded by the real identity of these bytes: ?dup_00066bf0@@YAXXZ, byte-verified from Code/GameEngine/Source/Common/Audio/GameAudio.cpp over the same 16-byte range. The Code/gen_asm/d_0005b6c0.asm dump reproduces those bytes but carries no identity."
?d_00066c10@@YAXXZ,0x00066C10,"gen-dump placeholder superseded by the real identity of these bytes: ?dup_00066c10@@YAXXZ, byte-verified from Code/GameEngine/Source/Common/Audio/GameAudio.cpp over the same 16-byte range. The Code/gen_asm/d_0005b6c0.asm dump reproduces those bytes but carries no identity."
?d_00066f70@@YAXXZ,0x00066F70,"gen-dump placeholder superseded by the real identity of these bytes: ?dup_00066f70@@YAXXZ, byte-verified from Code/GameEngine/Source/Common/Audio/GameAudio.cpp over the same 16-byte range. The Code/gen_asm/d_0005b6c0.asm dump reproduces those bytes but carries no identity."
?d_00067020@@YAXXZ,0x00067020,"gen-dump placeholder superseded by the real identity of these bytes: ?dup_00067020@@YAXXZ, byte-verified from Code/GameEngine/Source/Common/Audio/GameAudio.cpp over the same 15-byte range. The Code/gen_asm/d_0005b6c0.asm dump reproduces those bytes but carries no identity."
?d_00068a20@@YAXXZ,0x00068A20,"gen-dump placeholder superseded by the real identity of these bytes: ?dup_00068a20@@YAXXZ, byte-verified from Code/GameEngine/Source/Common/Audio/GameAudio.cpp over the same 23-byte range. The Code/gen_asm/d_0005b6c0.asm dump reproduces those bytes but carries no identity."
?d_00068ee0@@YAXXZ,0x00068EE0,"gen-dump placeholder superseded by the real identity of these bytes: ?dup_00068ee0@@YAXXZ, byte-verified from Code/GameEngine/Source/Common/Audio/GameAudio.cpp over the same 15-byte range. The Code/gen_asm/d_0005b6c0.asm dump reproduces those bytes but carries no identity."
?d_00069620@@YAXXZ,0x00069620,"gen-dump placeholder superseded by the real identity of these bytes: ?dup_00069620@@YAXXZ, byte-verified from Code/GameEngine/Source/Common/Audio/GameAudio.cpp over the same 23-byte range. The Code/gen_asm/d_0005b6c0.asm dump reproduces those bytes but carries no identity."
?d_0006b720@@YAXXZ,0x0006B720,"gen-dump placeholder superseded by the real identity of these bytes: ?dup_0006b720@@YAXXZ, byte-verified from Code/GameEngine/Source/Common/Audio/GameAudio.cpp over the same 6-byte range. The Code/gen_asm/d_0005b6c0.asm dump reproduces those bytes but carries no identity."
?d_0006b760@@YAXXZ,0x0006B760,"gen-dump placeholder superseded by the real identity of these bytes: ?dup_0006b760@@YAXXZ, byte-verified from Code/GameEngine/Source/Common/Audio/GameAudio.cpp over the same 6-byte range. The Code/gen_asm/d_0005b6c0.asm dump reproduces those bytes but carries no identity."
?d_0006b7a0@@YAXXZ,0x0006B7A0,"gen-dump placeholder superseded by the real identity of these bytes: ?dup_0006b7a0@@YAXXZ, byte-verified from Code/GameEngine/Source/Common/Audio/GameAudio.cpp over the same 6-byte range. The Code/gen_asm/d_0005b6c0.asm dump reproduces those bytes but carries no identity."
?d_0006b7d0@@YAXXZ,0x0006B7D0,"gen-dump placeholder superseded by the real identity of these bytes: ?dup_0006b7d0@@YAXXZ, byte-verified from Code/GameEngine/Source/Common/Audio/GameAudio.cpp over the same 11-byte range. The Code/gen_asm/d_0005b6c0.asm dump reproduces those bytes but carries no identity."
?d_0006b7e0@@YAXXZ,0x0006B7E0,"gen-dump placeholder superseded by the real identity of these bytes: ?dup_0006b7e0@@YAXXZ, byte-verified from Code/GameEngine/Source/Common/Audio/GameAudio.cpp over the same 11-byte range. The Code/gen_asm/d_0005b6c0.asm dump reproduces those bytes but carries no identity."
?d_0006b7f0@@YAXXZ,0x0006B7F0,"gen-dump placeholder superseded by the real identity of these bytes: ?dup_0006b7f0@@YAXXZ, byte-verified from Code/GameEngine/Source/Common/Audio/GameAudio.cpp over the same 11-byte range. The Code/gen_asm/d_0005b6c0.asm dump reproduces those bytes but carries no identity."
?d_0006c490@@YAXXZ,0x0006C490,"gen-dump placeholder superseded by the real identity of these bytes: ?dup_0006c490@@YAXXZ, byte-verified from Code/GameEngine/Source/Common/Audio/GameAudio.cpp over the same 19-byte range. The Code/gen_asm/d_0005b6c0.asm dump reproduces those bytes but carries no identity."
?d_0006c510@@YAXXZ,0x0006C510,"gen-dump placeholder superseded by the real identity of these bytes: ?dup_0006c510@@YAXXZ, byte-verified from Code/GameEngine/Source/Common/Audio/GameAudio.cpp over the same 11-byte range. The Code/gen_asm/d_0005b6c0.asm dump reproduces those bytes but carries no identity."
?d_0006c600@@YAXXZ,0x0006C600,"gen-dump placeholder superseded by the real identity of these bytes: ?dup_0006c600@@YAXXZ, byte-verified from Code/GameEngine/Source/Common/Audio/GameAudio.cpp over the same 7-byte range. The Code/gen_asm/d_0005b6c0.asm dump reproduces those bytes but carries no identity."
?d_0006c610@@YAXXZ,0x0006C610,"gen-dump placeholder superseded by the real identity of these bytes: ?dup_0006c610@@YAXXZ, byte-verified from Code/GameEngine/Source/Common/Audio/GameAudio.cpp over the same 7-byte range. The Code/gen_asm/d_0005b6c0.asm dump reproduces those bytes but carries no identity."
?d_0006c620@@YAXXZ,0x0006C620,"gen-dump placeholder superseded by the real identity of these bytes: ?dup_0006c620@@YAXXZ, byte-verified from Code/GameEngine/Source/Common/Audio/GameAudio.cpp over the same 7-byte range. The Code/gen_asm/d_0005b6c0.asm dump reproduces those bytes but carries no identity."
?d_0006c6e0@@YAXXZ,0x0006C6E0,"gen-dump placeholder superseded by the real identity of these bytes: ?dup_0006c6e0@@YAXXZ, byte-verified from Code/GameEngine/Source/Common/Audio/GameAudio.cpp over the same 13-byte range. The Code/gen_asm/d_0005b6c0.asm dump reproduces those bytes but carries no identity."
?d_0006c720@@YAXXZ,0x0006C720,"gen-dump placeholder superseded by the real identity of these bytes: ?dup_0006c720@@YAXXZ, byte-verified from Code/GameEngine/Source/Common/Audio/GameAudio.cpp over the same 13-byte range. The Code/gen_asm/d_0005b6c0.asm dump reproduces those bytes but carries no identity."
?d_0006ca20@@YAXXZ,0x0006CA20,"gen-dump placeholder superseded by the real identity of these bytes: ?dup_0006ca20@@YAXXZ, byte-verified from Code/GameEngine/Source/Common/Audio/GameAudio.cpp over the same 6-byte range. The Code/gen_asm/d_0005b6c0.asm dump reproduces those bytes but carries no identity."
?d_0006cae0@@YAXXZ,0x0006CAE0,"gen-dump placeholder superseded by the real identity of these bytes: ?dup_0006cae0@@YAXXZ, byte-verified from Code/GameEngine/Source/Common/Audio/GameAudio.cpp over the same 6-byte range. The Code/gen_asm/d_0005b6c0.asm dump reproduces those bytes but carries no identity."
?d_0006cb60@@YAXXZ,0x0006CB60,"gen-dump placeholder superseded by the real identity of these bytes: ?dup_0006cb60@@YAXXZ, byte-verified from Code/GameEngine/Source/Common/Audio/GameAudio.cpp over the same 6-byte range. The Code/gen_asm/d_0005b6c0.asm dump reproduces those bytes but carries no identity."
?d_0006cb90@@YAXXZ,0x0006CB90,"gen-dump placeholder superseded by the real identity of these bytes: ?dup_0006cb90@@YAXXZ, byte-verified from Code/GameEngine/Source/Common/Audio/GameAudio.cpp over the same 6-byte range. The Code/gen_asm/d_0005b6c0.asm dump reproduces those bytes but carries no identity."
?d_0006cc20@@YAXXZ,0x0006CC20,"gen-dump placeholder superseded by the real identity of these bytes: ?dup_0006cc20@@YAXXZ, byte-verified from Code/GameEngine/Source/Common/Audio/GameAudio.cpp over the same 11-byte range. The Code/gen_asm/d_0005b6c0.asm dump reproduces those bytes but carries no identity."
?d_0006e100@@YAXXZ,0x0006E100,"gen-dump placeholder superseded by the real identity of these bytes: ?dup_0006e100@@YAXXZ, byte-verified from Code/GameEngine/Source/Common/Audio/GameAudio.cpp over the same 17-byte range. The Code/gen_asm/d_0005b6c0.asm dump reproduces those bytes but carries no identity."
?d_0006e170@@YAXXZ,0x0006E170,"gen-dump placeholder superseded by the real identity of these bytes: ?dup_0006e170@@YAXXZ, byte-verified from Code/GameEngine/Source/Common/Audio/GameAudio.cpp over the same 7-byte range. The Code/gen_asm/d_0005b6c0.asm dump reproduces those bytes but carries no identity."
?d_00076250@@YAXXZ,0x00076250,"gen-dump placeholder superseded by the real identity of these bytes: ?dup_00076250@@YAXXZ, byte-verified from Code/GameEngine/Source/Common/Audio/GameAudio.cpp over the same 15-byte range. The Code/gen_asm/d_0005b6c0.asm dump reproduces those bytes but carries no identity."
?d_000762d0@@YAXXZ,0x000762D0,"gen-dump placeholder superseded by the real identity of these bytes: ?dup_000762d0@@YAXXZ, byte-verified from Code/GameEngine/Source/Common/Audio/GameAudio.cpp over the same 15-byte range. The Code/gen_asm/d_0005b6c0.asm dump reproduces those bytes but carries no identity."
?d_00076330@@YAXXZ,0x00076330,"gen-dump placeholder superseded by the real identity of these bytes: ?dup_00076330@@YAXXZ, byte-verified from Code/GameEngine/Source/Common/Audio/GameAudio.cpp over the same 15-byte range. The Code/gen_asm/d_0005b6c0.asm dump reproduces those bytes but carries no identity."
?d_00076390@@YAXXZ,0x00076390,"gen-dump placeholder superseded by the real identity of these bytes: ?dup_00076390@@YAXXZ, byte-verified from Code/GameEngine/Source/Common/Audio/GameAudio.cpp over the same 15-byte range. The Code/gen_asm/d_0005b6c0.asm dump reproduces those bytes but carries no identity."
?d_0007c5b0@@YAXXZ,0x0007C5B0,"gen-dump placeholder superseded by the real identity of these bytes: ?dup_0007c5b0@@YAXXZ, byte-verified from Code/GameEngine/Source/Common/Audio/GameAudio.cpp over the same 6-byte range. The Code/gen_asm/d_0005b6c0.asm dump reproduces those bytes but carries no identity."
?d_0007c5d0@@YAXXZ,0x0007C5D0,"gen-dump placeholder superseded by the real identity of these bytes: ?dup_0007c5d0@@YAXXZ, byte-verified from Code/GameEngine/Source/Common/Audio/GameAudio.cpp over the same 13-byte range. The Code/gen_asm/d_0005b6c0.asm dump reproduces those bytes but carries no identity."
?d_0007c5f0@@YAXXZ,0x0007C5F0,"gen-dump placeholder superseded by the real identity of these bytes: ?dup_0007c5f0@@YAXXZ, byte-verified from Code/GameEngine/Source/Common/Audio/GameAudio.cpp over the same 7-byte range. The Code/gen_asm/d_0005b6c0.asm dump reproduces those bytes but carries no identity."
?d_0007c600@@YAXXZ,0x0007C600,"gen-dump placeholder superseded by the real identity of these bytes: ?dup_0007c600@@YAXXZ, byte-verified from Code/GameEngine/Source/Common/Audio/GameAudio.cpp over the same 11-byte range. The Code/gen_asm/d_0005b6c0.asm dump reproduces those bytes but carries no identity."
?d_0007c670@@YAXXZ,0x0007C670,"gen-dump placeholder superseded by the real identity of these bytes: ?dup_0007c670@@YAXXZ, byte-verified from Code/GameEngine/Source/Common/Audio/GameAudio.cpp over the same 7-byte range. The Code/gen_asm/d_0005b6c0.asm dump reproduces those bytes but carries no identity."
?d_0007cb90@@YAXXZ,0x0007CB90,"gen-dump placeholder superseded by the real identity of these bytes: ?dup_0007cb90@@YAXXZ, byte-verified from Code/GameEngine/Source/Common/Audio/GameAudio.cpp over the same 7-byte range. The Code/gen_asm/d_0005b6c0.asm dump reproduces those bytes but carries no identity."
?d_0007f600@@YAXXZ,0x0007F600,"gen-dump placeholder superseded by the real identity of these bytes: ?dup_0007f600@@YAXXZ, byte-verified from Code/GameEngine/Source/Common/Audio/GameAudio.cpp over the same 6-byte range. The Code/gen_asm/d_0005b6c0.asm dump reproduces those bytes but carries no identity."
?d_0007f650@@YAXXZ,0x0007F650,"gen-dump placeholder superseded by the real identity of these bytes: ?dup_0007f650@@YAXXZ, byte-verified from Code/GameEngine/Source/Common/Audio/GameAudio.cpp over the same 13-byte range. The Code/gen_asm/d_0005b6c0.asm dump reproduces those bytes but carries no identity."
?d_0007f6a0@@YAXXZ,0x0007F6A0,"gen-dump placeholder superseded by the real identity of these bytes: ?dup_0007f6a0@@YAXXZ, byte-verified from Code/GameEngine/Source/Common/Audio/GameAudio.cpp over the same 6-byte range. The Code/gen_asm/d_0005b6c0.asm dump reproduces those bytes but carries no identity."
?d_0007f6c0@@YAXXZ,0x0007F6C0,"gen-dump placeholder superseded by the real identity of these bytes: ?dup_0007f6c0@@YAXXZ, byte-verified from Code/GameEngine/Source/Common/Audio/GameAudio.cpp over the same 7-byte range. The Code/gen_asm/d_0007f6b0.asm dump reproduces those bytes but carries no identity."
?d_0007f6e0@@YAXXZ,0x0007F6E0,"gen-dump placeholder superseded by the real identity of these bytes: ?dup_0007f6e0@@YAXXZ, byte-verified from Code/GameEngine/Source/Common/Audio/GameAudio.cpp over the same 11-byte range. The Code/gen_asm/d_0007f6b0.asm dump reproduces those bytes but carries no identity."
?d_0007f7c0@@YAXXZ,0x0007F7C0,"gen-dump placeholder superseded by the real identity of these bytes: ?dup_0007f7c0@@YAXXZ, byte-verified from Code/GameEngine/Source/Common/Audio/GameAudio.cpp over the same 7-byte range. The Code/gen_asm/d_0007f6b0.asm dump reproduces those bytes but carries no identity."
?d_0007f890@@YAXXZ,0x0007F890,"gen-dump placeholder superseded by the real identity of these bytes: ?dup_0007f890@@YAXXZ, byte-verified from Code/GameEngine/Source/Common/Audio/GameAudio.cpp over the same 6-byte range. The Code/gen_asm/d_0007f6b0.asm dump reproduces those bytes but carries no identity."
?d_0007f8c0@@YAXXZ,0x0007F8C0,"gen-dump placeholder superseded by the real identity of these bytes: ?dup_0007f8c0@@YAXXZ, byte-verified from Code/GameEngine/Source/Common/Audio/GameAudio.cpp over the same 11-byte range. The Code/gen_asm/d_0007f6b0.asm dump reproduces those bytes but carries no identity."
?d_0007f8d0@@YAXXZ,0x0007F8D0,"gen-dump placeholder superseded by the real identity of these bytes: ?dup_0007f8d0@@YAXXZ, byte-verified from Code/GameEngine/Source/Common/Audio/GameAudio.cpp over the same 7-byte range. The Code/gen_asm/d_0007f6b0.asm dump reproduces those bytes but carries no identity."
?d_0007f940@@YAXXZ,0x0007F940,"gen-dump placeholder superseded by the real identity of these bytes: ?dup_0007f940@@YAXXZ, byte-verified from Code/GameEngine/Source/Common/Audio/GameAudio.cpp over the same 9-byte range. The Code/gen_asm/d_0007f6b0.asm dump reproduces those bytes but carries no identity."
?d_0007f950@@YAXXZ,0x0007F950,"gen-dump placeholder superseded by the real identity of these bytes: ?dup_0007f950@@YAXXZ, byte-verified from Code/GameEngine/Source/Common/Audio/GameAudio.cpp over the same 7-byte range. The Code/gen_asm/d_0007f6b0.asm dump reproduces those bytes but carries no identity."
?d_0007f960@@YAXXZ,0x0007F960,"gen-dump placeholder superseded by the real identity of these bytes: ?dup_0007f960@@YAXXZ, byte-verified from Code/GameEngine/Source/Common/Audio/GameAudio.cpp over the same 7-byte range. The Code/gen_asm/d_0007f6b0.asm dump reproduces those bytes but carries no identity."
?d_0007f9a0@@YAXXZ,0x0007F9A0,"gen-dump placeholder superseded by the real identity of these bytes: ?dup_0007f9a0@@YAXXZ, byte-verified from Code/GameEngine/Source/Common/Audio/GameAudio.cpp over the same 11-byte range. The Code/gen_asm/d_0007f6b0.asm dump reproduces those bytes but carries no identity."
?d_0007f9b0@@YAXXZ,0x0007F9B0,"gen-dump placeholder superseded by the real identity of these bytes: ?dup_0007f9b0@@YAXXZ, byte-verified from Code/GameEngine/Source/Common/Audio/GameAudio.cpp over the same 13-byte range. The Code/gen_asm/d_0007f6b0.asm dump reproduces those bytes but carries no identity."
?d_0007fb00@@YAXXZ,0x0007FB00,"gen-dump placeholder superseded by the real identity of these bytes: ?dup_0007fb00@@YAXXZ, byte-verified from Code/GameEngine/Source/Common/Audio/GameAudio.cpp over the same 11-byte range. The Code/gen_asm/d_0007f6b0.asm dump reproduces those bytes but carries no identity."
?d_0007fbe0@@YAXXZ,0x0007FBE0,"gen-dump placeholder superseded by the real identity of these bytes: ?dup_0007fbe0@@YAXXZ, byte-verified from Code/GameEngine/Source/Common/Audio/GameAudio.cpp over the same 9-byte range. The Code/gen_asm/d_0007f6b0.asm dump reproduces those bytes but carries no identity."
?d_0007fd30@@YAXXZ,0x0007FD30,"gen-dump placeholder superseded by the real identity of these bytes: ?dup_0007fd30@@YAXXZ, byte-verified from Code/GameEngine/Source/Common/Audio/GameAudio.cpp over the same 13-byte range. The Code/gen_asm/d_0007f6b0.asm dump reproduces those bytes but carries no identity."
?d_0007fda0@@YAXXZ,0x0007FDA0,"gen-dump placeholder superseded by the real identity of these bytes: ?dup_0007fda0@@YAXXZ, byte-verified from Code/GameEngine/Source/Common/Audio/GameAudio.cpp over the same 13-byte range. The Code/gen_asm/d_0007f6b0.asm dump reproduces those bytes but carries no identity."
?d_0008def0@@YAXXZ,0x0008DEF0,"gen-dump placeholder superseded by the real identity of these bytes: ?dup_0008def0@@YAXXZ, byte-verified from Code/GameEngine/Source/Common/Audio/GameAudio.cpp over the same 13-byte range. The Code/gen_asm/d_0007f6b0.asm dump reproduces those bytes but carries no identity."
?d_0008df20@@YAXXZ,0x0008DF20,"gen-dump placeholder superseded by the real identity of these bytes: ?dup_0008df20@@YAXXZ, byte-verified from Code/GameEngine/Source/Common/Audio/GameAudio.cpp over the same 6-byte range. The Code/gen_asm/d_0007f6b0.asm dump reproduces those bytes but carries no identity."
?d_0008df40@@YAXXZ,0x0008DF40,"gen-dump placeholder superseded by the real identity of these bytes: ?dup_0008df40@@YAXXZ, byte-verified from Code/GameEngine/Source/Common/Audio/GameAudio.cpp over the same 7-byte range. The Code/gen_asm/d_0007f6b0.asm dump reproduces those bytes but carries no identity."
?d_0008df60@@YAXXZ,0x0008DF60,"gen-dump placeholder superseded by the real identity of these bytes: ?dup_0008df60@@YAXXZ, byte-verified from Code/GameEngine/Source/Common/Audio/GameAudio.cpp over the same 11-byte range. The Code/gen_asm/d_0007f6b0.asm dump reproduces those bytes but carries no identity."
?d_0008dfc0@@YAXXZ,0x0008DFC0,"gen-dump placeholder superseded by the real identity of these bytes: ?dup_0008dfc0@@YAXXZ, byte-verified from Code/GameEngine/Source/Common/Audio/GameAudio.cpp over the same 7-byte range. The Code/gen_asm/d_0007f6b0.asm dump reproduces those bytes but carries no identity."
?d_0008e170@@YAXXZ,0x0008E170,"gen-dump placeholder superseded by the real identity of these bytes: ?dup_0008e170@@YAXXZ, byte-verified from Code/GameEngine/Source/Common/Audio/GameAudio.cpp over the same 7-byte range. The Code/gen_asm/d_0007f6b0.asm dump reproduces those bytes but carries no identity."
?d_0008f470@@YAXXZ,0x0008F470,"gen-dump placeholder superseded by the real identity of these bytes: ?dup_0008f470@@YAXXZ, byte-verified from Code/GameEngine/Source/Common/Audio/GameAudio.cpp over the same 18-byte range. The Code/gen_asm/d_0007f6b0.asm dump reproduces those bytes but carries no identity."
?d_0008f490@@YAXXZ,0x0008F490,"gen-dump placeholder superseded by the real identity of these bytes: ?dup_0008f490@@YAXXZ, byte-verified from Code/GameEngine/Source/Common/Audio/GameAudio.cpp over the same 18-byte range. The Code/gen_asm/d_0007f6b0.asm dump reproduces those bytes but carries no identity."
?d_0008f510@@YAXXZ,0x0008F510,"gen-dump placeholder superseded by the real identity of these bytes: ?dup_0008f510@@YAXXZ, byte-verified from Code/GameEngine/Source/Common/Audio/GameAudio.cpp over the same 7-byte range. The Code/gen_asm/d_0007f6b0.asm dump reproduces those bytes but carries no identity."
?d_0008f5c0@@YAXXZ,0x0008F5C0,"gen-dump placeholder superseded by the real identity of these bytes: ?dup_0008f5c0@@YAXXZ, byte-verified from Code/GameEngine/Source/Common/Audio/GameAudio.cpp over the same 18-byte range. The Code/gen_asm/d_0007f6b0.asm dump reproduces those bytes but carries no identity."
?d_0008f710@@YAXXZ,0x0008F710,"gen-dump placeholder superseded by the real identity of these bytes: ?dup_0008f710@@YAXXZ, byte-verified from Code/GameEngine/Source/Common/Audio/GameAudio.cpp over the same 16-byte range. The Code/gen_asm/d_0007f6b0.asm dump reproduces those bytes but carries no identity."
?d_0008f860@@YAXXZ,0x0008F860,"gen-dump placeholder superseded by the real identity of these bytes: ?dup_0008f860@@YAXXZ, byte-verified from Code/GameEngine/Source/Common/Audio/GameAudio.cpp over the same 16-byte range. The Code/gen_asm/d_0007f6b0.asm dump reproduces those bytes but carries no identity."
?d_00090460@@YAXXZ,0x00090460,"gen-dump placeholder superseded by the real identity of these bytes: ?dup_00090460@@YAXXZ, byte-verified from Code/GameEngine/Source/Common/Audio/GameAudio.cpp over the same 11-byte range. The Code/gen_asm/d_0007f6b0.asm dump reproduces those bytes but carries no identity."
?d_000928f0@@YAXXZ,0x000928F0,"gen-dump placeholder superseded by the real identity of these bytes: ?dup_000928f0@@YAXXZ, byte-verified from Code/GameEngine/Source/Common/Audio/GameAudio.cpp over the same 6-byte range. The Code/gen_asm/d_0007f6b0.asm dump reproduces those bytes but carries no identity."
?d_00092920@@YAXXZ,0x00092920,"gen-dump placeholder superseded by the real identity of these bytes: ?dup_00092920@@YAXXZ, byte-verified from Code/GameEngine/Source/Common/Audio/GameAudio.cpp over the same 13-byte range. The Code/gen_asm/d_0007f6b0.asm dump reproduces those bytes but carries no identity."
?d_00092940@@YAXXZ,0x00092940,"gen-dump placeholder superseded by the real identity of these bytes: ?dup_00092940@@YAXXZ, byte-verified from Code/GameEngine/Source/Common/Audio/GameAudio.cpp over the same 6-byte range. The Code/gen_asm/d_0007f6b0.asm dump reproduces those bytes but carries no identity."
?d_00092960@@YAXXZ,0x00092960,"gen-dump placeholder superseded by the real identity of these bytes: ?dup_00092960@@YAXXZ, byte-verified from Code/GameEngine/Source/Common/Audio/GameAudio.cpp over the same 6-byte range. The Code/gen_asm/d_0007f6b0.asm dump reproduces those bytes but carries no identity."
?d_00092980@@YAXXZ,0x00092980,"gen-dump placeholder superseded by the real identity of these bytes: ?dup_00092980@@YAXXZ, byte-verified from Code/GameEngine/Source/Common/Audio/GameAudio.cpp over the same 7-byte range. The Code/gen_asm/d_0007f6b0.asm dump reproduces those bytes but carries no identity."
?d_000929b0@@YAXXZ,0x000929B0,"gen-dump placeholder superseded by the real identity of these bytes: ?dup_000929b0@@YAXXZ, byte-verified from Code/GameEngine/Source/Common/Audio/GameAudio.cpp over the same 11-byte range. The Code/gen_asm/d_0007f6b0.asm dump reproduces those bytes but carries no identity."
?d_00092b30@@YAXXZ,0x00092B30,"gen-dump placeholder superseded by the real identity of these bytes: ?dup_00092b30@@YAXXZ, byte-verified from Code/GameEngine/Source/Common/Audio/GameAudio.cpp over the same 13-byte range. The Code/gen_asm/d_0007f6b0.asm dump reproduces those bytes but carries no identity."
?d_00092b50@@YAXXZ,0x00092B50,"gen-dump placeholder superseded by the real identity of these bytes: ?dup_00092b50@@YAXXZ, byte-verified from Code/GameEngine/Source/Common/Audio/GameAudio.cpp over the same 7-byte range. The Code/gen_asm/d_0007f6b0.asm dump reproduces those bytes but carries no identity."
?d_00092b70@@YAXXZ,0x00092B70,"gen-dump placeholder superseded by the real identity of these bytes: ?dup_00092b70@@YAXXZ, byte-verified from Code/GameEngine/Source/Common/Audio/GameAudio.cpp over the same 11-byte range. The Code/gen_asm/d_0007f6b0.asm dump reproduces those bytes but carries no identity."
?d_00092b80@@YAXXZ,0x00092B80,"gen-dump placeholder superseded by the real identity of these bytes: ?dup_00092b80@@YAXXZ, byte-verified from Code/GameEngine/Source/Common/Audio/GameAudio.cpp over the same 13-byte range. The Code/gen_asm/d_0007f6b0.asm dump reproduces those bytes but carries no identity."
?d_00092d50@@YAXXZ,0x00092D50,"gen-dump placeholder superseded by the real identity of these bytes: ?dup_00092d50@@YAXXZ, byte-verified from Code/GameEngine/Source/Common/Audio/GameAudio.cpp over the same 17-byte range. The Code/gen_asm/d_0007f6b0.asm dump reproduces those bytes but carries no identity."
?d_00092e40@@YAXXZ,0x00092E40,"gen-dump placeholder superseded by the real identity of these bytes: ?dup_00092e40@@YAXXZ, byte-verified from Code/GameEngine/Source/Common/Audio/GameAudio.cpp over the same 13-byte range. The Code/gen_asm/d_0007f6b0.asm dump reproduces those bytes but carries no identity."
?d_00094cf0@@YAXXZ,0x00094CF0,"gen-dump placeholder superseded by the real identity of these bytes: ?dup_00094cf0@@YAXXZ, byte-verified from Code/GameEngine/Source/Common/Audio/GameAudio.cpp over the same 23-byte range. The Code/gen_asm/d_0007f6b0.asm dump reproduces those bytes but carries no identity."
?d_00095a30@@YAXXZ,0x00095A30,"gen-dump placeholder superseded by the real identity of these bytes: ?dup_00095a30@@YAXXZ, byte-verified from Code/GameEngine/Source/Common/Audio/GameAudio.cpp over the same 15-byte range. The Code/gen_asm/d_0007f6b0.asm dump reproduces those bytes but carries no identity."
?d_00095ac0@@YAXXZ,0x00095AC0,"gen-dump placeholder superseded by the real identity of these bytes: ?dup_00095ac0@@YAXXZ, byte-verified from Code/GameEngine/Source/Common/Audio/GameAudio.cpp over the same 15-byte range. The Code/gen_asm/d_0007f6b0.asm dump reproduces those bytes but carries no identity."
?d_00097390@@YAXXZ,0x00097390,"gen-dump placeholder superseded by the real identity of these bytes: ?dup_00097390@@YAXXZ, byte-verified from Code/GameEngine/Source/Common/Audio/GameAudio.cpp over the same 7-byte range. The Code/gen_asm/d_0007f6b0.asm dump reproduces those bytes but carries no identity."
?d_000978f0@@YAXXZ,0x000978F0,"gen-dump placeholder superseded by the real identity of these bytes: ?dup_000978f0@@YAXXZ, byte-verified from Code/GameEngine/Source/Common/Audio/GameAudio.cpp over the same 6-byte range. The Code/gen_asm/d_0007f6b0.asm dump reproduces those bytes but carries no identity."
?d_00097910@@YAXXZ,0x00097910,"gen-dump placeholder superseded by the real identity of these bytes: ?dup_00097910@@YAXXZ, byte-verified from Code/GameEngine/Source/Common/Audio/GameAudio.cpp over the same 11-byte range. The Code/gen_asm/d_0007f6b0.asm dump reproduces those bytes but carries no identity."
?d_00097930@@YAXXZ,0x00097930,"gen-dump placeholder superseded by the real identity of these bytes: ?dup_00097930@@YAXXZ, byte-verified from Code/GameEngine/Source/Common/Audio/GameAudio.cpp over the same 18-byte range. The Code/gen_asm/d_0007f6b0.asm dump reproduces those bytes but carries no identity."
?d_00097dd0@@YAXXZ,0x00097DD0,"gen-dump placeholder superseded by the real identity of these bytes: ?dup_00097dd0@@YAXXZ, byte-verified from Code/GameEngine/Source/Common/Audio/GameAudio.cpp over the same 18-byte range. The Code/gen_asm/d_0007f6b0.asm dump reproduces those bytes but carries no identity."
?d_00097df0@@YAXXZ,0x00097DF0,"gen-dump placeholder superseded by the real identity of these bytes: ?dup_00097df0@@YAXXZ, byte-verified from Code/GameEngine/Source/Common/Audio/GameAudio.cpp over the same 17-byte range. The Code/gen_asm/d_0007f6b0.asm dump reproduces those bytes but carries no identity."
?d_00098ba0@@YAXXZ,0x00098BA0,"gen-dump placeholder superseded by the real identity of these bytes: ?dup_00098ba0@@YAXXZ, byte-verified from Code/GameEngine/Source/Common/Audio/GameAudio.cpp over the same 13-byte range. The Code/gen_asm/d_0007f6b0.asm dump reproduces those bytes but carries no identity."
?d_00098c60@@YAXXZ,0x00098C60,"gen-dump placeholder superseded by the real identity of these bytes: ?dup_00098c60@@YAXXZ, byte-verified from Code/GameEngine/Source/Common/Audio/GameAudio.cpp over the same 18-byte range. The Code/gen_asm/d_0007f6b0.asm dump reproduces those bytes but carries no identity."
?d_00099300@@YAXXZ,0x00099300,"gen-dump placeholder superseded by the real identity of these bytes: ?dup_00099300@@YAXXZ, byte-verified from Code/GameEngine/Source/Common/Audio/GameAudio.cpp over the same 16-byte range. The Code/gen_asm/d_0007f6b0.asm dump reproduces those bytes but carries no identity."
?d_0009a370@@YAXXZ,0x0009A370,"gen-dump placeholder superseded by the real identity of these bytes: ?dup_0009a370@@YAXXZ, byte-verified from Code/GameEngine/Source/Common/Audio/GameAudio.cpp over the same 16-byte range. The Code/gen_asm/d_0007f6b0.asm dump reproduces those bytes but carries no identity."
?d_0009ec20@@YAXXZ,0x0009EC20,"gen-dump placeholder superseded by the real identity of these bytes: ?dup_0009ec20@@YAXXZ, byte-verified from Code/GameEngine/Source/Common/Audio/GameAudio.cpp over the same 6-byte range. The Code/gen_asm/d_0007f6b0.asm dump reproduces those bytes but carries no identity."
?d_0009ee10@@YAXXZ,0x0009EE10,"gen-dump placeholder superseded by the real identity of these bytes: ?dup_0009ee10@@YAXXZ, byte-verified from Code/GameEngine/Source/Common/Audio/GameAudio.cpp over the same 11-byte range. The Code/gen_asm/d_0007f6b0.asm dump reproduces those bytes but carries no identity."
?d_0009ee60@@YAXXZ,0x0009EE60,"gen-dump placeholder superseded by the real identity of these bytes: ?dup_0009ee60@@YAXXZ, byte-verified from Code/GameEngine/Source/Common/Audio/GameAudio.cpp over the same 9-byte range. The Code/gen_asm/d_0007f6b0.asm dump reproduces those bytes but carries no identity."
?d_0009eed0@@YAXXZ,0x0009EED0,"gen-dump placeholder superseded by the real identity of these bytes: ?dup_0009eed0@@YAXXZ, byte-verified from Code/GameEngine/Source/Common/Audio/GameAudio.cpp over the same 13-byte range. The Code/gen_asm/d_0007f6b0.asm dump reproduces those bytes but carries no identity."
?d_0009eef0@@YAXXZ,0x0009EEF0,"gen-dump placeholder superseded by the real identity of these bytes: ?dup_0009eef0@@YAXXZ, byte-verified from Code/GameEngine/Source/Common/Audio/GameAudio.cpp over the same 13-byte range. The Code/gen_asm/d_0007f6b0.asm dump reproduces those bytes but carries no identity."
?d_000a0210@@YAXXZ,0x000A0210,"gen-dump placeholder superseded by the real identity of these bytes: ?dup_000a0210@@YAXXZ, byte-verified from Code/GameEngine/Source/Common/Audio/GameAudio.cpp over the same 23-byte range. The Code/gen_asm/d_0007f6b0.asm dump reproduces those bytes but carries no identity."
?d_000a0240@@YAXXZ,0x000A0240,"gen-dump placeholder superseded by the real identity of these bytes: ?dup_000a0240@@YAXXZ, byte-verified from Code/GameEngine/Source/Common/Audio/GameAudio.cpp over the same 6-byte range. The Code/gen_asm/d_0007f6b0.asm dump reproduces those bytes but carries no identity."
?d_000a0270@@YAXXZ,0x000A0270,"gen-dump placeholder superseded by the real identity of these bytes: ?dup_000a0270@@YAXXZ, byte-verified from Code/GameEngine/Source/Common/Audio/GameAudio.cpp over the same 11-byte range. The Code/gen_asm/d_0007f6b0.asm dump reproduces those bytes but carries no identity."
?d_000a0ec0@@YAXXZ,0x000A0EC0,"gen-dump placeholder superseded by the real identity of these bytes: ?dup_000a0ec0@@YAXXZ, byte-verified from Code/GameEngine/Source/Common/Audio/GameAudio.cpp over the same 15-byte range. The Code/gen_asm/d_0007f6b0.asm dump reproduces those bytes but carries no identity."
?d_000a31d0@@YAXXZ,0x000A31D0,"gen-dump placeholder superseded by the real identity of these bytes: ?dup_000a31d0@@YAXXZ, byte-verified from Code/GameEngine/Source/Common/Audio/GameAudio.cpp over the same 13-byte range. The Code/gen_asm/d_0007f6b0.asm dump reproduces those bytes but carries no identity."
?d_000a3290@@YAXXZ,0x000A3290,"gen-dump placeholder superseded by the real identity of these bytes: ?dup_000a3290@@YAXXZ, byte-verified from Code/GameEngine/Source/Common/Audio/GameAudio.cpp over the same 6-byte range. The Code/gen_asm/d_0007f6b0.asm dump reproduces those bytes but carries no identity."
?d_000a32b0@@YAXXZ,0x000A32B0,"gen-dump placeholder superseded by the real identity of these bytes: ?dup_000a32b0@@YAXXZ, byte-verified from Code/GameEngine/Source/Common/Audio/GameAudio.cpp over the same 7-byte range. The Code/gen_asm/d_0007f6b0.asm dump reproduces those bytes but carries no identity."
?d_000a32f0@@YAXXZ,0x000A32F0,"gen-dump placeholder superseded by the real identity of these bytes: ?dup_000a32f0@@YAXXZ, byte-verified from Code/GameEngine/Source/Common/Audio/GameAudio.cpp over the same 11-byte range. The Code/gen_asm/d_0007f6b0.asm dump reproduces those bytes but carries no identity."
?d_000a3330@@YAXXZ,0x000A3330,"gen-dump placeholder superseded by the real identity of these bytes: ?dup_000a3330@@YAXXZ, byte-verified from Code/GameEngine/Source/Common/Audio/GameAudio.cpp over the same 7-byte range. The Code/gen_asm/d_0007f6b0.asm dump reproduces those bytes but carries no identity."
?d_000a3590@@YAXXZ,0x000A3590,"gen-dump placeholder superseded by the real identity of these bytes: ?dup_000a3590@@YAXXZ, byte-verified from Code/GameEngine/Source/Common/Audio/GameAudio.cpp over the same 7-byte range. The Code/gen_asm/d_0007f6b0.asm dump reproduces those bytes but carries no identity."
?d_000a7310@@YAXXZ,0x000A7310,"gen-dump placeholder superseded by the real identity of these bytes: ?dup_000a7310@@YAXXZ, byte-verified from Code/GameEngine/Source/Common/Audio/GameAudio.cpp over the same 23-byte range. The Code/gen_asm/d_0007f6b0.asm dump reproduces those bytes but carries no identity."
?d_000a7340@@YAXXZ,0x000A7340,"gen-dump placeholder superseded by the real identity of these bytes: ?dup_000a7340@@YAXXZ, byte-verified from Code/GameEngine/Source/Common/Audio/GameAudio.cpp over the same 23-byte range. The Code/gen_asm/d_0007f6b0.asm dump reproduces those bytes but carries no identity."
?d_000a7540@@YAXXZ,0x000A7540,"gen-dump placeholder superseded by the real identity of these bytes: ?dup_000a7540@@YAXXZ, byte-verified from Code/GameEngine/Source/Common/Audio/GameAudio.cpp over the same 17-byte range. The Code/gen_asm/d_0007f6b0.asm dump reproduces those bytes but carries no identity."
?d_000a7930@@YAXXZ,0x000A7930,"gen-dump placeholder superseded by the real identity of these bytes: ?dup_000a7930@@YAXXZ, byte-verified from Code/GameEngine/Source/Common/Audio/GameAudio.cpp over the same 15-byte range. The Code/gen_asm/d_0007f6b0.asm dump reproduces those bytes but carries no identity."
?d_000a7950@@YAXXZ,0x000A7950,"gen-dump placeholder superseded by the real identity of these bytes: ?dup_000a7950@@YAXXZ, byte-verified from Code/GameEngine/Source/Common/Audio/GameAudio.cpp over the same 15-byte range. The Code/gen_asm/d_0007f6b0.asm dump reproduces those bytes but carries no identity."
?d_000a8990@@YAXXZ,0x000A8990,"gen-dump placeholder superseded by the real identity of these bytes: ?dup_000a8990@@YAXXZ, byte-verified from Code/GameEngine/Source/Common/Audio/GameAudio.cpp over the same 13-byte range. The Code/gen_asm/d_0007f6b0.asm dump reproduces those bytes but carries no identity."
?d_000a8a30@@YAXXZ,0x000A8A30,"gen-dump placeholder superseded by the real identity of these bytes: ?dup_000a8a30@@YAXXZ, byte-verified from Code/GameEngine/Source/Common/Audio/GameAudio.cpp over the same 13-byte range. The Code/gen_asm/d_0007f6b0.asm dump reproduces those bytes but carries no identity."
?d_000a8a60@@YAXXZ,0x000A8A60,"gen-dump placeholder superseded by the real identity of these bytes: ?dup_000a8a60@@YAXXZ, byte-verified from Code/GameEngine/Source/Common/Audio/GameAudio.cpp over the same 6-byte range. The Code/gen_asm/d_0007f6b0.asm dump reproduces those bytes but carries no identity."
?d_000a8a80@@YAXXZ,0x000A8A80,"gen-dump placeholder superseded by the real identity of these bytes: ?dup_000a8a80@@YAXXZ, byte-verified from Code/GameEngine/Source/Common/Audio/GameAudio.cpp over the same 7-byte range. The Code/gen_asm/d_0007f6b0.asm dump reproduces those bytes but carries no identity."
?d_000a8ab0@@YAXXZ,0x000A8AB0,"gen-dump placeholder superseded by the real identity of these bytes: ?dup_000a8ab0@@YAXXZ, byte-verified from Code/GameEngine/Source/Common/Audio/GameAudio.cpp over the same 6-byte range. The Code/gen_asm/d_0007f6b0.asm dump reproduces those bytes but carries no identity."
?d_000a8b00@@YAXXZ,0x000A8B00,"gen-dump placeholder superseded by the real identity of these bytes: ?dup_000a8b00@@YAXXZ, byte-verified from Code/GameEngine/Source/Common/Audio/GameAudio.cpp over the same 7-byte range. The Code/gen_asm/d_0007f6b0.asm dump reproduces those bytes but carries no identity."
?d_000a8b20@@YAXXZ,0x000A8B20,"gen-dump placeholder superseded by the real identity of these bytes: ?dup_000a8b20@@YAXXZ, byte-verified from Code/GameEngine/Source/Common/Audio/GameAudio.cpp over the same 11-byte range. The Code/gen_asm/d_0007f6b0.asm dump reproduces those bytes but carries no identity."
?d_000a8b40@@YAXXZ,0x000A8B40,"gen-dump placeholder superseded by the real identity of these bytes: ?dup_000a8b40@@YAXXZ, byte-verified from Code/GameEngine/Source/Common/Audio/GameAudio.cpp over the same 11-byte range. The Code/gen_asm/d_0007f6b0.asm dump reproduces those bytes but carries no identity."
?d_000a8bd0@@YAXXZ,0x000A8BD0,"gen-dump placeholder superseded by the real identity of these bytes: ?dup_000a8bd0@@YAXXZ, byte-verified from Code/GameEngine/Source/Common/Audio/GameAudio.cpp over the same 7-byte range. The Code/gen_asm/d_0007f6b0.asm dump reproduces those bytes but carries no identity."
?d_000a8be0@@YAXXZ,0x000A8BE0,"gen-dump placeholder superseded by the real identity of these bytes: ?dup_000a8be0@@YAXXZ, byte-verified from Code/GameEngine/Source/Common/Audio/GameAudio.cpp over the same 7-byte range. The Code/gen_asm/d_0007f6b0.asm dump reproduces those bytes but carries no identity."
?d_000a8db0@@YAXXZ,0x000A8DB0,"gen-dump placeholder superseded by the real identity of these bytes: ?dup_000a8db0@@YAXXZ, byte-verified from Code/GameEngine/Source/Common/Audio/GameAudio.cpp over the same 7-byte range. The Code/gen_asm/d_0007f6b0.asm dump reproduces those bytes but carries no identity."
?d_000a8df0@@YAXXZ,0x000A8DF0,"gen-dump placeholder superseded by the real identity of these bytes: ?dup_000a8df0@@YAXXZ, byte-verified from Code/GameEngine/Source/Common/Audio/GameAudio.cpp over the same 7-byte range. The Code/gen_asm/d_0007f6b0.asm dump reproduces those bytes but carries no identity."
?d_000a8ed0@@YAXXZ,0x000A8ED0,"gen-dump placeholder superseded by the real identity of these bytes: ?dup_000a8ed0@@YAXXZ, byte-verified from Code/GameEngine/Source/Common/Audio/GameAudio.cpp over the same 7-byte range. The Code/gen_asm/d_0007f6b0.asm dump reproduces those bytes but carries no identity."
?d_000a9b60@@YAXXZ,0x000A9B60,"gen-dump placeholder superseded by the real identity of these bytes: ?dup_000a9b60@@YAXXZ, byte-verified from Code/GameEngine/Source/Common/Audio/GameAudio.cpp over the same 16-byte range. The Code/gen_asm/d_0007f6b0.asm dump reproduces those bytes but carries no identity."
?d_000afb60@@YAXXZ,0x000AFB60,"gen-dump placeholder superseded by the real identity of these bytes: ?dup_000afb60@@YAXXZ, byte-verified from Code/GameEngine/Source/Common/Audio/GameAudio.cpp over the same 23-byte range. The Code/gen_asm/d_000aab30.asm dump reproduces those bytes but carries no identity."
?d_000afb90@@YAXXZ,0x000AFB90,"gen-dump placeholder superseded by the real identity of these bytes: ?dup_000afb90@@YAXXZ, byte-verified from Code/GameEngine/Source/Common/Audio/GameAudio.cpp over the same 23-byte range. The Code/gen_asm/d_000aab30.asm dump reproduces those bytes but carries no identity."
?d_000b0320@@YAXXZ,0x000B0320,"gen-dump placeholder superseded by the real identity of these bytes: ?dup_000b0320@@YAXXZ, byte-verified from Code/GameEngine/Source/Common/Audio/GameAudio.cpp over the same 15-byte range. The Code/gen_asm/d_000aab30.asm dump reproduces those bytes but carries no identity."
?d_000b0340@@YAXXZ,0x000B0340,"gen-dump placeholder superseded by the real identity of these bytes: ?dup_000b0340@@YAXXZ, byte-verified from Code/GameEngine/Source/Common/Audio/GameAudio.cpp over the same 15-byte range. The Code/gen_asm/d_000aab30.asm dump reproduces those bytes but carries no identity."
?d_000b6b50@@YAXXZ,0x000B6B50,"gen-dump placeholder superseded by the real identity of these bytes: ?dup_000b6b50@@YAXXZ, byte-verified from Code/GameEngine/Source/Common/Audio/GameAudio.cpp over the same 23-byte range. The Code/gen_asm/d_000aab30.asm dump reproduces those bytes but carries no identity."
?d_000b6c80@@YAXXZ,0x000B6C80,"gen-dump placeholder superseded by the real identity of these bytes: ?dup_000b6c80@@YAXXZ, byte-verified from Code/GameEngine/Source/Common/Audio/GameAudio.cpp over the same 7-byte range. The Code/gen_asm/d_000aab30.asm dump reproduces those bytes but carries no identity."
?d_000b6c90@@YAXXZ,0x000B6C90,"gen-dump placeholder superseded by the real identity of these bytes: ?dup_000b6c90@@YAXXZ, byte-verified from Code/GameEngine/Source/Common/Audio/GameAudio.cpp over the same 7-byte range. The Code/gen_asm/d_000aab30.asm dump reproduces those bytes but carries no identity."
?d_000b8280@@YAXXZ,0x000B8280,"gen-dump placeholder superseded by the real identity of these bytes: ?dup_000b8280@@YAXXZ, byte-verified from Code/GameEngine/Source/Common/Audio/GameAudio.cpp over the same 18-byte range. The Code/gen_asm/d_000aab30.asm dump reproduces those bytes but carries no identity."
?d_000b82a0@@YAXXZ,0x000B82A0,"gen-dump placeholder superseded by the real identity of these bytes: ?dup_000b82a0@@YAXXZ, byte-verified from Code/GameEngine/Source/Common/Audio/GameAudio.cpp over the same 22-byte range. The Code/gen_asm/d_000aab30.asm dump reproduces those bytes but carries no identity."
?d_000b82c0@@YAXXZ,0x000B82C0,"gen-dump placeholder superseded by the real identity of these bytes: ?dup_000b82c0@@YAXXZ, byte-verified from Code/GameEngine/Source/Common/Audio/GameAudio.cpp over the same 18-byte range. The Code/gen_asm/d_000aab30.asm dump reproduces those bytes but carries no identity."
?d_000b82e0@@YAXXZ,0x000B82E0,"gen-dump placeholder superseded by the real identity of these bytes: ?dup_000b82e0@@YAXXZ, byte-verified from Code/GameEngine/Source/Common/Audio/GameAudio.cpp over the same 7-byte range. The Code/gen_asm/d_000aab30.asm dump reproduces those bytes but carries no identity."
?d_000b8350@@YAXXZ,0x000B8350,"gen-dump placeholder superseded by the real identity of these bytes: ?dup_000b8350@@YAXXZ, byte-verified from Code/GameEngine/Source/Common/Audio/GameAudio.cpp over the same 18-byte range. The Code/gen_asm/d_000aab30.asm dump reproduces those bytes but carries no identity."
?d_000b8580@@YAXXZ,0x000B8580,"gen-dump placeholder superseded by the real identity of these bytes: ?dup_000b8580@@YAXXZ, byte-verified from Code/GameEngine/Source/Common/Audio/GameAudio.cpp over the same 16-byte range. The Code/gen_asm/d_000aab30.asm dump reproduces those bytes but carries no identity."
?d_000b8650@@YAXXZ,0x000B8650,"gen-dump placeholder superseded by the real identity of these bytes: ?dup_000b8650@@YAXXZ, byte-verified from Code/GameEngine/Source/Common/Audio/GameAudio.cpp over the same 16-byte range. The Code/gen_asm/d_000aab30.asm dump reproduces those bytes but carries no identity."
?d_000b9300@@YAXXZ,0x000B9300,"gen-dump placeholder superseded by the real identity of these bytes: ?dup_000b9300@@YAXXZ, byte-verified from Code/GameEngine/Source/Common/Audio/GameAudio.cpp over the same 23-byte range. The Code/gen_asm/d_000aab30.asm dump reproduces those bytes but carries no identity."
?d_000b9340@@YAXXZ,0x000B9340,"gen-dump placeholder superseded by the real identity of these bytes: ?dup_000b9340@@YAXXZ, byte-verified from Code/GameEngine/Source/Common/Audio/GameAudio.cpp over the same 23-byte range. The Code/gen_asm/d_000aab30.asm dump reproduces those bytes but carries no identity."
?d_000b9370@@YAXXZ,0x000B9370,"gen-dump placeholder superseded by the real identity of these bytes: ?dup_000b9370@@YAXXZ, byte-verified from Code/GameEngine/Source/Common/Audio/GameAudio.cpp over the same 23-byte range. The Code/gen_asm/d_000aab30.asm dump reproduces those bytes but carries no identity."
?d_000b93a0@@YAXXZ,0x000B93A0,"gen-dump placeholder superseded by the real identity of these bytes: ?dup_000b93a0@@YAXXZ, byte-verified from Code/GameEngine/Source/Common/Audio/GameAudio.cpp over the same 23-byte range. The Code/gen_asm/d_000aab30.asm dump reproduces those bytes but carries no identity."
?d_000b93d0@@YAXXZ,0x000B93D0,"gen-dump placeholder superseded by the real identity of these bytes: ?dup_000b93d0@@YAXXZ, byte-verified from Code/GameEngine/Source/Common/Audio/GameAudio.cpp over the same 23-byte range. The Code/gen_asm/d_000aab30.asm dump reproduces those bytes but carries no identity."
?d_000b9420@@YAXXZ,0x000B9420,"gen-dump placeholder superseded by the real identity of these bytes: ?dup_000b9420@@YAXXZ, byte-verified from Code/GameEngine/Source/Common/Audio/GameAudio.cpp over the same 23-byte range. The Code/gen_asm/d_000aab30.asm dump reproduces those bytes but carries no identity."
?d_000b9450@@YAXXZ,0x000B9450,"gen-dump placeholder superseded by the real identity of these bytes: ?dup_000b9450@@YAXXZ, byte-verified from Code/GameEngine/Source/Common/Audio/GameAudio.cpp over the same 23-byte range. The Code/gen_asm/d_000aab30.asm dump reproduces those bytes but carries no identity."
?d_000b9480@@YAXXZ,0x000B9480,"gen-dump placeholder superseded by the real identity of these bytes: ?dup_000b9480@@YAXXZ, byte-verified from Code/GameEngine/Source/Common/Audio/GameAudio.cpp over the same 23-byte range. The Code/gen_asm/d_000aab30.asm dump reproduces those bytes but carries no identity."
?d_000b9550@@YAXXZ,0x000B9550,"gen-dump placeholder superseded by the real identity of these bytes: ?dup_000b9550@@YAXXZ, byte-verified from Code/GameEngine/Source/Common/Audio/GameAudio.cpp over the same 17-byte range. The Code/gen_asm/d_000aab30.asm dump reproduces those bytes but carries no identity."
?d_000b9570@@YAXXZ,0x000B9570,"gen-dump placeholder superseded by the real identity of these bytes: ?dup_000b9570@@YAXXZ, byte-verified from Code/GameEngine/Source/Common/Audio/GameAudio.cpp over the same 17-byte range. The Code/gen_asm/d_000aab30.asm dump reproduces those bytes but carries no identity."
?d_000b9590@@YAXXZ,0x000B9590,"gen-dump placeholder superseded by the real identity of these bytes: ?dup_000b9590@@YAXXZ, byte-verified from Code/GameEngine/Source/Common/Audio/GameAudio.cpp over the same 17-byte range. The Code/gen_asm/d_000aab30.asm dump reproduces those bytes but carries no identity."
?d_000b9610@@YAXXZ,0x000B9610,"gen-dump placeholder superseded by the real identity of these bytes: ?dup_000b9610@@YAXXZ, byte-verified from Code/GameEngine/Source/Common/Audio/GameAudio.cpp over the same 17-byte range. The Code/gen_asm/d_000aab30.asm dump reproduces those bytes but carries no identity."
?d_000b9630@@YAXXZ,0x000B9630,"gen-dump placeholder superseded by the real identity of these bytes: ?dup_000b9630@@YAXXZ, byte-verified from Code/GameEngine/Source/Common/Audio/GameAudio.cpp over the same 29-byte range. The Code/gen_asm/d_000aab30.asm dump reproduces those bytes but carries no identity."
?d_000b96c0@@YAXXZ,0x000B96C0,"gen-dump placeholder superseded by the real identity of these bytes: ?dup_000b96c0@@YAXXZ, byte-verified from Code/GameEngine/Source/Common/Audio/GameAudio.cpp over the same 29-byte range. The Code/gen_asm/d_000aab30.asm dump reproduces those bytes but carries no identity."
?d_000b96f0@@YAXXZ,0x000B96F0,"gen-dump placeholder superseded by the real identity of these bytes: ?dup_000b96f0@@YAXXZ, byte-verified from Code/GameEngine/Source/Common/Audio/GameAudio.cpp over the same 29-byte range. The Code/gen_asm/d_000aab30.asm dump reproduces those bytes but carries no identity."
?d_000b97a0@@YAXXZ,0x000B97A0,"gen-dump placeholder superseded by the real identity of these bytes: ?dup_000b97a0@@YAXXZ, byte-verified from Code/GameEngine/Source/Common/Audio/GameAudio.cpp over the same 29-byte range. The Code/gen_asm/d_000aab30.asm dump reproduces those bytes but carries no identity."
?d_000b99a0@@YAXXZ,0x000B99A0,"gen-dump placeholder superseded by the real identity of these bytes: ?dup_000b99a0@@YAXXZ, byte-verified from Code/GameEngine/Source/Common/Audio/GameAudio.cpp over the same 9-byte range. The Code/gen_asm/d_000aab30.asm dump reproduces those bytes but carries no identity."
?d_000b9b00@@YAXXZ,0x000B9B00,"gen-dump placeholder superseded by the real identity of these bytes: ?dup_000b9b00@@YAXXZ, byte-verified from Code/GameEngine/Source/Common/Audio/GameAudio.cpp over the same 23-byte range. The Code/gen_asm/d_000aab30.asm dump reproduces those bytes but carries no identity."
?d_000b9b20@@YAXXZ,0x000B9B20,"gen-dump placeholder superseded by the real identity of these bytes: ?dup_000b9b20@@YAXXZ, byte-verified from Code/GameEngine/Source/Common/Audio/GameAudio.cpp over the same 17-byte range. The Code/gen_asm/d_000aab30.asm dump reproduces those bytes but carries no identity."
?d_000be820@@YAXXZ,0x000BE820,"gen-dump placeholder superseded by the real identity of these bytes: ?dup_000be820@@YAXXZ, byte-verified from Code/GameEngine/Source/Common/Audio/GameAudio.cpp over the same 6-byte range. The Code/gen_asm/d_000aab30.asm dump reproduces those bytes but carries no identity."
?d_000be840@@YAXXZ,0x000BE840,"gen-dump placeholder superseded by the real identity of these bytes: ?dup_000be840@@YAXXZ, byte-verified from Code/GameEngine/Source/Common/Audio/GameAudio.cpp over the same 13-byte range. The Code/gen_asm/d_000aab30.asm dump reproduces those bytes but carries no identity."
?d_000be860@@YAXXZ,0x000BE860,"gen-dump placeholder superseded by the real identity of these bytes: ?dup_000be860@@YAXXZ, byte-verified from Code/GameEngine/Source/Common/Audio/GameAudio.cpp over the same 13-byte range. The Code/gen_asm/d_000aab30.asm dump reproduces those bytes but carries no identity."
?d_000be880@@YAXXZ,0x000BE880,"gen-dump placeholder superseded by the real identity of these bytes: ?dup_000be880@@YAXXZ, byte-verified from Code/GameEngine/Source/Common/Audio/GameAudio.cpp over the same 7-byte range. The Code/gen_asm/d_000aab30.asm dump reproduces those bytes but carries no identity."
?d_000be890@@YAXXZ,0x000BE890,"gen-dump placeholder superseded by the real identity of these bytes: ?dup_000be890@@YAXXZ, byte-verified from Code/GameEngine/Source/Common/Audio/GameAudio.cpp over the same 11-byte range. The Code/gen_asm/d_000aab30.asm dump reproduces those bytes but carries no identity."
?d_000be8a0@@YAXXZ,0x000BE8A0,"gen-dump placeholder superseded by the real identity of these bytes: ?dup_000be8a0@@YAXXZ, byte-verified from Code/GameEngine/Source/Common/Audio/GameAudio.cpp over the same 7-byte range. The Code/gen_asm/d_000aab30.asm dump reproduces those bytes but carries no identity."
?d_000be8d0@@YAXXZ,0x000BE8D0,"gen-dump placeholder superseded by the real identity of these bytes: ?dup_000be8d0@@YAXXZ, byte-verified from Code/GameEngine/Source/Common/Audio/GameAudio.cpp over the same 11-byte range. The Code/gen_asm/d_000aab30.asm dump reproduces those bytes but carries no identity."
?d_000be900@@YAXXZ,0x000BE900,"gen-dump placeholder superseded by the real identity of these bytes: ?dup_000be900@@YAXXZ, byte-verified from Code/GameEngine/Source/Common/Audio/GameAudio.cpp over the same 7-byte range. The Code/gen_asm/d_000aab30.asm dump reproduces those bytes but carries no identity."
?d_000be990@@YAXXZ,0x000BE990,"gen-dump placeholder superseded by the real identity of these bytes: ?dup_000be990@@YAXXZ, byte-verified from Code/GameEngine/Source/Common/Audio/GameAudio.cpp over the same 13-byte range. The Code/gen_asm/d_000aab30.asm dump reproduces those bytes but carries no identity."
?d_000bea00@@YAXXZ,0x000BEA00,"gen-dump placeholder superseded by the real identity of these bytes: ?dup_000bea00@@YAXXZ, byte-verified from Code/GameEngine/Source/Common/Audio/GameAudio.cpp over the same 18-byte range. The Code/gen_asm/d_000aab30.asm dump reproduces those bytes but carries no identity."
?d_000bea60@@YAXXZ,0x000BEA60,"gen-dump placeholder superseded by the real identity of these bytes: ?dup_000bea60@@YAXXZ, byte-verified from Code/GameEngine/Source/Common/Audio/GameAudio.cpp over the same 11-byte range. The Code/gen_asm/d_000aab30.asm dump reproduces those bytes but carries no identity."
?d_000bead0@@YAXXZ,0x000BEAD0,"gen-dump placeholder superseded by the real identity of these bytes: ?dup_000bead0@@YAXXZ, byte-verified from Code/GameEngine/Source/Common/Audio/GameAudio.cpp over the same 6-byte range. The Code/gen_asm/d_000aab30.asm dump reproduces those bytes but carries no identity."
?d_000beae0@@YAXXZ,0x000BEAE0,"gen-dump placeholder superseded by the real identity of these bytes: ?dup_000beae0@@YAXXZ, byte-verified from Code/GameEngine/Source/Common/Audio/GameAudio.cpp over the same 7-byte range. The Code/gen_asm/d_000aab30.asm dump reproduces those bytes but carries no identity."
?d_000beb20@@YAXXZ,0x000BEB20,"gen-dump placeholder superseded by the real identity of these bytes: ?dup_000beb20@@YAXXZ, byte-verified from Code/GameEngine/Source/Common/Audio/GameAudio.cpp over the same 13-byte range. The Code/gen_asm/d_000aab30.asm dump reproduces those bytes but carries no identity."
?d_000bec20@@YAXXZ,0x000BEC20,"gen-dump placeholder superseded by the real identity of these bytes: ?dup_000bec20@@YAXXZ, byte-verified from Code/GameEngine/Source/Common/Audio/GameAudio.cpp over the same 13-byte range. The Code/gen_asm/d_000aab30.asm dump reproduces those bytes but carries no identity."
?d_000becd0@@YAXXZ,0x000BECD0,"gen-dump placeholder superseded by the real identity of these bytes: ?dup_000becd0@@YAXXZ, byte-verified from Code/GameEngine/Source/Common/Audio/GameAudio.cpp over the same 7-byte range. The Code/gen_asm/d_000aab30.asm dump reproduces those bytes but carries no identity."
?d_000bed00@@YAXXZ,0x000BED00,"gen-dump placeholder superseded by the real identity of these bytes: ?dup_000bed00@@YAXXZ, byte-verified from Code/GameEngine/Source/Common/Audio/GameAudio.cpp over the same 7-byte range. The Code/gen_asm/d_000aab30.asm dump reproduces those bytes but carries no identity."
?d_000bed10@@YAXXZ,0x000BED10,"gen-dump placeholder superseded by the real identity of these bytes: ?dup_000bed10@@YAXXZ, byte-verified from Code/GameEngine/Source/Common/Audio/GameAudio.cpp over the same 11-byte range. The Code/gen_asm/d_000aab30.asm dump reproduces those bytes but carries no identity."
?d_000bed20@@YAXXZ,0x000BED20,"gen-dump placeholder superseded by the real identity of these bytes: ?dup_000bed20@@YAXXZ, byte-verified from Code/GameEngine/Source/Common/Audio/GameAudio.cpp over the same 13-byte range. The Code/gen_asm/d_000aab30.asm dump reproduces those bytes but carries no identity."
?d_000bee00@@YAXXZ,0x000BEE00,"gen-dump placeholder superseded by the real identity of these bytes: ?dup_000bee00@@YAXXZ, byte-verified from Code/GameEngine/Source/Common/Audio/GameAudio.cpp over the same 7-byte range. The Code/gen_asm/d_000aab30.asm dump reproduces those bytes but carries no identity."
?d_000bee10@@YAXXZ,0x000BEE10,"gen-dump placeholder superseded by the real identity of these bytes: ?dup_000bee10@@YAXXZ, byte-verified from Code/GameEngine/Source/Common/Audio/GameAudio.cpp over the same 7-byte range. The Code/gen_asm/d_000aab30.asm dump reproduces those bytes but carries no identity."
?d_000bee70@@YAXXZ,0x000BEE70,"gen-dump placeholder superseded by the real identity of these bytes: ?dup_000bee70@@YAXXZ, byte-verified from Code/GameEngine/Source/Common/Audio/GameAudio.cpp over the same 7-byte range. The Code/gen_asm/d_000aab30.asm dump reproduces those bytes but carries no identity."
?d_000beec0@@YAXXZ,0x000BEEC0,"gen-dump placeholder superseded by the real identity of these bytes: ?dup_000beec0@@YAXXZ, byte-verified from Code/GameEngine/Source/Common/Audio/GameAudio.cpp over the same 11-byte range. The Code/gen_asm/d_000aab30.asm dump reproduces those bytes but carries no identity."
?d_000bef80@@YAXXZ,0x000BEF80,"gen-dump placeholder superseded by the real identity of these bytes: ?dup_000bef80@@YAXXZ, byte-verified from Code/GameEngine/Source/Common/Audio/GameAudio.cpp over the same 15-byte range. The Code/gen_asm/d_000aab30.asm dump reproduces those bytes but carries no identity."
?d_000befa0@@YAXXZ,0x000BEFA0,"gen-dump placeholder superseded by the real identity of these bytes: ?dup_000befa0@@YAXXZ, byte-verified from Code/GameEngine/Source/Common/Audio/GameAudio.cpp over the same 9-byte range. The Code/gen_asm/d_000aab30.asm dump reproduces those bytes but carries no identity."
?d_000befd0@@YAXXZ,0x000BEFD0,"gen-dump placeholder superseded by the real identity of these bytes: ?dup_000befd0@@YAXXZ, byte-verified from Code/GameEngine/Source/Common/Audio/GameAudio.cpp over the same 13-byte range. The Code/gen_asm/d_000aab30.asm dump reproduces those bytes but carries no identity."
?d_000beff0@@YAXXZ,0x000BEFF0,"gen-dump placeholder superseded by the real identity of these bytes: ?dup_000beff0@@YAXXZ, byte-verified from Code/GameEngine/Source/Common/Audio/GameAudio.cpp over the same 15-byte range. The Code/gen_asm/d_000aab30.asm dump reproduces those bytes but carries no identity."
?d_000bf130@@YAXXZ,0x000BF130,"gen-dump placeholder superseded by the real identity of these bytes: ?dup_000bf130@@YAXXZ, byte-verified from Code/GameEngine/Source/Common/Audio/GameAudio.cpp over the same 13-byte range. The Code/gen_asm/d_000aab30.asm dump reproduces those bytes but carries no identity."
?d_000c3610@@YAXXZ,0x000C3610,"gen-dump placeholder superseded by the real identity of these bytes: ?dup_000c3610@@YAXXZ, byte-verified from Code/GameEngine/Source/Common/Audio/GameAudio.cpp over the same 11-byte range. The Code/gen_asm/d_000aab30.asm dump reproduces those bytes but carries no identity."
?d_000c4450@@YAXXZ,0x000C4450,"gen-dump placeholder superseded by the real identity of these bytes: ?dup_000c4450@@YAXXZ, byte-verified from Code/GameEngine/Source/Common/Audio/GameAudio.cpp over the same 6-byte range. The Code/gen_asm/d_000aab30.asm dump reproduces those bytes but carries no identity."
?d_000c4460@@YAXXZ,0x000C4460,"gen-dump placeholder superseded by the real identity of these bytes: ?dup_000c4460@@YAXXZ, byte-verified from Code/GameEngine/Source/Common/Audio/GameAudio.cpp over the same 11-byte range. The Code/gen_asm/d_000aab30.asm dump reproduces those bytes but carries no identity."
?d_000c45e0@@YAXXZ,0x000C45E0,"gen-dump placeholder superseded by the real identity of these bytes: ?dup_000c45e0@@YAXXZ, byte-verified from Code/GameEngine/Source/Common/Audio/GameAudio.cpp over the same 13-byte range. The Code/gen_asm/d_000aab30.asm dump reproduces those bytes but carries no identity."
?d_000c8d30@@YAXXZ,0x000C8D30,"gen-dump placeholder superseded by the real identity of these bytes: ?dup_000c8d30@@YAXXZ, byte-verified from Code/GameEngine/Source/Common/Audio/GameAudio.cpp over the same 7-byte range. The Code/gen_asm/d_000aab30.asm dump reproduces those bytes but carries no identity."
?d_000c9ed0@@YAXXZ,0x000C9ED0,"gen-dump placeholder superseded by the real identity of these bytes: ?dup_000c9ed0@@YAXXZ, byte-verified from Code/GameEngine/Source/Common/Audio/GameAudio.cpp over the same 18-byte range. The Code/gen_asm/d_000aab30.asm dump reproduces those bytes but carries no identity."
?d_000ca080@@YAXXZ,0x000CA080,"gen-dump placeholder superseded by the real identity of these bytes: ?dup_000ca080@@YAXXZ, byte-verified from Code/GameEngine/Source/Common/Audio/GameAudio.cpp over the same 13-byte range. The Code/gen_asm/d_000aab30.asm dump reproduces those bytes but carries no identity."
?d_000ca0a0@@YAXXZ,0x000CA0A0,"gen-dump placeholder superseded by the real identity of these bytes: ?dup_000ca0a0@@YAXXZ, byte-verified from Code/GameEngine/Source/Common/Audio/GameAudio.cpp over the same 9-byte range. The Code/gen_asm/d_000aab30.asm dump reproduces those bytes but carries no identity."
?d_000ca0b0@@YAXXZ,0x000CA0B0,"gen-dump placeholder superseded by the real identity of these bytes: ?dup_000ca0b0@@YAXXZ, byte-verified from Code/GameEngine/Source/Common/Audio/GameAudio.cpp over the same 13-byte range. The Code/gen_asm/d_000aab30.asm dump reproduces those bytes but carries no identity."
?d_000ca0d0@@YAXXZ,0x000CA0D0,"gen-dump placeholder superseded by the real identity of these bytes: ?dup_000ca0d0@@YAXXZ, byte-verified from Code/GameEngine/Source/Common/Audio/GameAudio.cpp over the same 9-byte range. The Code/gen_asm/d_000aab30.asm dump reproduces those bytes but carries no identity."
?d_000ca0f0@@YAXXZ,0x000CA0F0,"gen-dump placeholder superseded by the real identity of these bytes: ?dup_000ca0f0@@YAXXZ, byte-verified from Code/GameEngine/Source/Common/Audio/GameAudio.cpp over the same 13-byte range. The Code/gen_asm/d_000aab30.asm dump reproduces those bytes but carries no identity."
?d_000ca110@@YAXXZ,0x000CA110,"gen-dump placeholder superseded by the real identity of these bytes: ?dup_000ca110@@YAXXZ, byte-verified from Code/GameEngine/Source/Common/Audio/GameAudio.cpp over the same 9-byte range. The Code/gen_asm/d_000aab30.asm dump reproduces those bytes but carries no identity."
?d_000ca1a0@@YAXXZ,0x000CA1A0,"gen-dump placeholder superseded by the real identity of these bytes: ?dup_000ca1a0@@YAXXZ, byte-verified from Code/GameEngine/Source/Common/Audio/GameAudio.cpp over the same 13-byte range. The Code/gen_asm/d_000aab30.asm dump reproduces those bytes but carries no identity."
?d_000ca1c0@@YAXXZ,0x000CA1C0,"gen-dump placeholder superseded by the real identity of these bytes: ?dup_000ca1c0@@YAXXZ, byte-verified from Code/GameEngine/Source/Common/Audio/GameAudio.cpp over the same 9-byte range. The Code/gen_asm/d_000aab30.asm dump reproduces those bytes but carries no identity."
?d_000ca240@@YAXXZ,0x000CA240,"gen-dump placeholder superseded by the real identity of these bytes: ?dup_000ca240@@YAXXZ, byte-verified from Code/GameEngine/Source/Common/Audio/GameAudio.cpp over the same 6-byte range. The Code/gen_asm/d_000aab30.asm dump reproduces those bytes but carries no identity."
?d_000ca250@@YAXXZ,0x000CA250,"gen-dump placeholder superseded by the real identity of these bytes: ?dup_000ca250@@YAXXZ, byte-verified from Code/GameEngine/Source/Common/Audio/GameAudio.cpp over the same 9-byte range. The Code/gen_asm/d_000aab30.asm dump reproduces those bytes but carries no identity."
?d_000ca260@@YAXXZ,0x000CA260,"gen-dump placeholder superseded by the real identity of these bytes: ?dup_000ca260@@YAXXZ, byte-verified from Code/GameEngine/Source/Common/Audio/GameAudio.cpp over the same 6-byte range. The Code/gen_asm/d_000aab30.asm dump reproduces those bytes but carries no identity."
?d_000ca270@@YAXXZ,0x000CA270,"gen-dump placeholder superseded by the real identity of these bytes: ?dup_000ca270@@YAXXZ, byte-verified from Code/GameEngine/Source/Common/Audio/GameAudio.cpp over the same 9-byte range. The Code/gen_asm/d_000aab30.asm dump reproduces those bytes but carries no identity."
?d_000ca280@@YAXXZ,0x000CA280,"gen-dump placeholder superseded by the real identity of these bytes: ?dup_000ca280@@YAXXZ, byte-verified from Code/GameEngine/Source/Common/Audio/GameAudio.cpp over the same 6-byte range. The Code/gen_asm/d_000aab30.asm dump reproduces those bytes but carries no identity."
?d_000ca290@@YAXXZ,0x000CA290,"gen-dump placeholder superseded by the real identity of these bytes: ?dup_000ca290@@YAXXZ, byte-verified from Code/GameEngine/Source/Common/Audio/GameAudio.cpp over the same 9-byte range. The Code/gen_asm/d_000aab30.asm dump reproduces those bytes but carries no identity."
?d_000ca5f0@@YAXXZ,0x000CA5F0,"gen-dump placeholder superseded by the real identity of these bytes: ?dup_000ca5f0@@YAXXZ, byte-verified from Code/GameEngine/Source/Common/Audio/GameAudio.cpp over the same 11-byte range. The Code/gen_asm/d_000aab30.asm dump reproduces those bytes but carries no identity."
?d_000ca600@@YAXXZ,0x000CA600,"gen-dump placeholder superseded by the real identity of these bytes: ?dup_000ca600@@YAXXZ, byte-verified from Code/GameEngine/Source/Common/Audio/GameAudio.cpp over the same 11-byte range. The Code/gen_asm/d_000aab30.asm dump reproduces those bytes but carries no identity."
?d_000ca610@@YAXXZ,0x000CA610,"gen-dump placeholder superseded by the real identity of these bytes: ?dup_000ca610@@YAXXZ, byte-verified from Code/GameEngine/Source/Common/Audio/GameAudio.cpp over the same 11-byte range. The Code/gen_asm/d_000aab30.asm dump reproduces those bytes but carries no identity."
?d_000ca640@@YAXXZ,0x000CA640,"gen-dump placeholder superseded by the real identity of these bytes: ?dup_000ca640@@YAXXZ, byte-verified from Code/GameEngine/Source/Common/Audio/GameAudio.cpp over the same 11-byte range. The Code/gen_asm/d_000aab30.asm dump reproduces those bytes but carries no identity."
?d_000ca650@@YAXXZ,0x000CA650,"gen-dump placeholder superseded by the real identity of these bytes: ?dup_000ca650@@YAXXZ, byte-verified from Code/GameEngine/Source/Common/Audio/GameAudio.cpp over the same 11-byte range. The Code/gen_asm/d_000aab30.asm dump reproduces those bytes but carries no identity."
?d_000ca660@@YAXXZ,0x000CA660,"gen-dump placeholder superseded by the real identity of these bytes: ?dup_000ca660@@YAXXZ, byte-verified from Code/GameEngine/Source/Common/Audio/GameAudio.cpp over the same 11-byte range. The Code/gen_asm/d_000aab30.asm dump reproduces those bytes but carries no identity."
?d_000ca670@@YAXXZ,0x000CA670,"gen-dump placeholder superseded by the real identity of these bytes: ?dup_000ca670@@YAXXZ, byte-verified from Code/GameEngine/Source/Common/Audio/GameAudio.cpp over the same 13-byte range. The Code/gen_asm/d_000aab30.asm dump reproduces those bytes but carries no identity."
?d_000ca690@@YAXXZ,0x000CA690,"gen-dump placeholder superseded by the real identity of these bytes: ?dup_000ca690@@YAXXZ, byte-verified from Code/GameEngine/Source/Common/Audio/GameAudio.cpp over the same 9-byte range. The Code/gen_asm/d_000aab30.asm dump reproduces those bytes but carries no identity."
?d_000ca6a0@@YAXXZ,0x000CA6A0,"gen-dump placeholder superseded by the real identity of these bytes: ?dup_000ca6a0@@YAXXZ, byte-verified from Code/GameEngine/Source/Common/Audio/GameAudio.cpp over the same 11-byte range. The Code/gen_asm/d_000ca6a0.asm dump reproduces those bytes but carries no identity."
?d_000ca940@@YAXXZ,0x000CA940,"gen-dump placeholder superseded by the real identity of these bytes: ?dup_000ca940@@YAXXZ, byte-verified from Code/GameEngine/Source/Common/Audio/GameAudio.cpp over the same 6-byte range. The Code/gen_asm/d_000ca6a0.asm dump reproduces those bytes but carries no identity."
?d_000ca9c0@@YAXXZ,0x000CA9C0,"gen-dump placeholder superseded by the real identity of these bytes: ?dup_000ca9c0@@YAXXZ, byte-verified from Code/GameEngine/Source/Common/Audio/GameAudio.cpp over the same 6-byte range. The Code/gen_asm/d_000ca6a0.asm dump reproduces those bytes but carries no identity."
?d_000caa30@@YAXXZ,0x000CAA30,"gen-dump placeholder superseded by the real identity of these bytes: ?dup_000caa30@@YAXXZ, byte-verified from Code/GameEngine/Source/Common/Audio/GameAudio.cpp over the same 23-byte range. The Code/gen_asm/d_000ca6a0.asm dump reproduces those bytes but carries no identity."
?d_000cac50@@YAXXZ,0x000CAC50,"gen-dump placeholder superseded by the real identity of these bytes: ?dup_000cac50@@YAXXZ, byte-verified from Code/GameEngine/Source/Common/Audio/GameAudio.cpp over the same 11-byte range. The Code/gen_asm/d_000ca6a0.asm dump reproduces those bytes but carries no identity."
?d_000cac60@@YAXXZ,0x000CAC60,"gen-dump placeholder superseded by the real identity of these bytes: ?dup_000cac60@@YAXXZ, byte-verified from Code/GameEngine/Source/Common/Audio/GameAudio.cpp over the same 11-byte range. The Code/gen_asm/d_000ca6a0.asm dump reproduces those bytes but carries no identity."
?d_000cac70@@YAXXZ,0x000CAC70,"gen-dump placeholder superseded by the real identity of these bytes: ?dup_000cac70@@YAXXZ, byte-verified from Code/GameEngine/Source/Common/Audio/GameAudio.cpp over the same 11-byte range. The Code/gen_asm/d_000ca6a0.asm dump reproduces those bytes but carries no identity."
?d_000cac80@@YAXXZ,0x000CAC80,"gen-dump placeholder superseded by the real identity of these bytes: ?dup_000cac80@@YAXXZ, byte-verified from Code/GameEngine/Source/Common/Audio/GameAudio.cpp over the same 11-byte range. The Code/gen_asm/d_000ca6a0.asm dump reproduces those bytes but carries no identity."
?d_000cade0@@YAXXZ,0x000CADE0,"gen-dump placeholder superseded by the real identity of these bytes: ?dup_000cade0@@YAXXZ, byte-verified from Code/GameEngine/Source/Common/Audio/GameAudio.cpp over the same 18-byte range. The Code/gen_asm/d_000ca6a0.asm dump reproduces those bytes but carries no identity."
?d_000cae00@@YAXXZ,0x000CAE00,"gen-dump placeholder superseded by the real identity of these bytes: ?dup_000cae00@@YAXXZ, byte-verified from Code/GameEngine/Source/Common/Audio/GameAudio.cpp over the same 18-byte range. The Code/gen_asm/d_000ca6a0.asm dump reproduces those bytes but carries no identity."
?d_000cae20@@YAXXZ,0x000CAE20,"gen-dump placeholder superseded by the real identity of these bytes: ?dup_000cae20@@YAXXZ, byte-verified from Code/GameEngine/Source/Common/Audio/GameAudio.cpp over the same 18-byte range. The Code/gen_asm/d_000ca6a0.asm dump reproduces those bytes but carries no identity."
?d_000cae40@@YAXXZ,0x000CAE40,"gen-dump placeholder superseded by the real identity of these bytes: ?dup_000cae40@@YAXXZ, byte-verified from Code/GameEngine/Source/Common/Audio/GameAudio.cpp over the same 18-byte range. The Code/gen_asm/d_000ca6a0.asm dump reproduces those bytes but carries no identity."
?d_000caea0@@YAXXZ,0x000CAEA0,"gen-dump placeholder superseded by the real identity of these bytes: ?dup_000caea0@@YAXXZ, byte-verified from Code/GameEngine/Source/Common/Audio/GameAudio.cpp over the same 22-byte range. The Code/gen_asm/d_000ca6a0.asm dump reproduces those bytes but carries no identity."
?d_000caec0@@YAXXZ,0x000CAEC0,"gen-dump placeholder superseded by the real identity of these bytes: ?dup_000caec0@@YAXXZ, byte-verified from Code/GameEngine/Source/Common/Audio/GameAudio.cpp over the same 22-byte range. The Code/gen_asm/d_000ca6a0.asm dump reproduces those bytes but carries no identity."
?d_000caee0@@YAXXZ,0x000CAEE0,"gen-dump placeholder superseded by the real identity of these bytes: ?dup_000caee0@@YAXXZ, byte-verified from Code/GameEngine/Source/Common/Audio/GameAudio.cpp over the same 22-byte range. The Code/gen_asm/d_000ca6a0.asm dump reproduces those bytes but carries no identity."
?d_000caf00@@YAXXZ,0x000CAF00,"gen-dump placeholder superseded by the real identity of these bytes: ?dup_000caf00@@YAXXZ, byte-verified from Code/GameEngine/Source/Common/Audio/GameAudio.cpp over the same 22-byte range. The Code/gen_asm/d_000ca6a0.asm dump reproduces those bytes but carries no identity."
?d_000caf20@@YAXXZ,0x000CAF20,"gen-dump placeholder superseded by the real identity of these bytes: ?dup_000caf20@@YAXXZ, byte-verified from Code/GameEngine/Source/Common/Audio/GameAudio.cpp over the same 18-byte range. The Code/gen_asm/d_000ca6a0.asm dump reproduces those bytes but carries no identity."
?d_000caf40@@YAXXZ,0x000CAF40,"gen-dump placeholder superseded by the real identity of these bytes: ?dup_000caf40@@YAXXZ, byte-verified from Code/GameEngine/Source/Common/Audio/GameAudio.cpp over the same 18-byte range. The Code/gen_asm/d_000ca6a0.asm dump reproduces those bytes but carries no identity."
?d_000caf60@@YAXXZ,0x000CAF60,"gen-dump placeholder superseded by the real identity of these bytes: ?dup_000caf60@@YAXXZ, byte-verified from Code/GameEngine/Source/Common/Audio/GameAudio.cpp over the same 17-byte range. The Code/gen_asm/d_000ca6a0.asm dump reproduces those bytes but carries no identity."
?d_000caf80@@YAXXZ,0x000CAF80,"gen-dump placeholder superseded by the real identity of these bytes: ?dup_000caf80@@YAXXZ, byte-verified from Code/GameEngine/Source/Common/Audio/GameAudio.cpp over the same 18-byte range. The Code/gen_asm/d_000ca6a0.asm dump reproduces those bytes but carries no identity."
?d_000cafa0@@YAXXZ,0x000CAFA0,"gen-dump placeholder superseded by the real identity of these bytes: ?dup_000cafa0@@YAXXZ, byte-verified from Code/GameEngine/Source/Common/Audio/GameAudio.cpp over the same 18-byte range. The Code/gen_asm/d_000ca6a0.asm dump reproduces those bytes but carries no identity."
?d_000cb060@@YAXXZ,0x000CB060,"gen-dump placeholder superseded by the real identity of these bytes: ?dup_000cb060@@YAXXZ, byte-verified from Code/GameEngine/Source/Common/Audio/GameAudio.cpp over the same 29-byte range. The Code/gen_asm/d_000ca6a0.asm dump reproduces those bytes but carries no identity."
?d_000cb130@@YAXXZ,0x000CB130,"gen-dump placeholder superseded by the real identity of these bytes: ?dup_000cb130@@YAXXZ, byte-verified from Code/GameEngine/Source/Common/Audio/GameAudio.cpp over the same 17-byte range. The Code/gen_asm/d_000ca6a0.asm dump reproduces those bytes but carries no identity."
?d_000cb170@@YAXXZ,0x000CB170,"gen-dump placeholder superseded by the real identity of these bytes: ?dup_000cb170@@YAXXZ, byte-verified from Code/GameEngine/Source/Common/Audio/GameAudio.cpp over the same 17-byte range. The Code/gen_asm/d_000ca6a0.asm dump reproduces those bytes but carries no identity."
?d_000cb190@@YAXXZ,0x000CB190,"gen-dump placeholder superseded by the real identity of these bytes: ?dup_000cb190@@YAXXZ, byte-verified from Code/GameEngine/Source/Common/Audio/GameAudio.cpp over the same 17-byte range. The Code/gen_asm/d_000ca6a0.asm dump reproduces those bytes but carries no identity."
?d_000cb250@@YAXXZ,0x000CB250,"gen-dump placeholder superseded by the real identity of these bytes: ?dup_000cb250@@YAXXZ, byte-verified from Code/GameEngine/Source/Common/Audio/GameAudio.cpp over the same 10-byte range. The Code/gen_asm/d_000ca6a0.asm dump reproduces those bytes but carries no identity."
?d_000cb260@@YAXXZ,0x000CB260,"gen-dump placeholder superseded by the real identity of these bytes: ?dup_000cb260@@YAXXZ, byte-verified from Code/GameEngine/Source/Common/Audio/GameAudio.cpp over the same 7-byte range. The Code/gen_asm/d_000ca6a0.asm dump reproduces those bytes but carries no identity."
?d_000cb2d0@@YAXXZ,0x000CB2D0,"gen-dump placeholder superseded by the real identity of these bytes: ?dup_000cb2d0@@YAXXZ, byte-verified from Code/GameEngine/Source/Common/Audio/GameAudio.cpp over the same 9-byte range. The Code/gen_asm/d_000ca6a0.asm dump reproduces those bytes but carries no identity."
?d_000cb2e0@@YAXXZ,0x000CB2E0,"gen-dump placeholder superseded by the real identity of these bytes: ?dup_000cb2e0@@YAXXZ, byte-verified from Code/GameEngine/Source/Common/Audio/GameAudio.cpp over the same 10-byte range. The Code/gen_asm/d_000ca6a0.asm dump reproduces those bytes but carries no identity."
?d_000cb2f0@@YAXXZ,0x000CB2F0,"gen-dump placeholder superseded by the real identity of these bytes: ?dup_000cb2f0@@YAXXZ, byte-verified from Code/GameEngine/Source/Common/Audio/GameAudio.cpp over the same 10-byte range. The Code/gen_asm/d_000ca6a0.asm dump reproduces those bytes but carries no identity."
?d_000cb300@@YAXXZ,0x000CB300,"gen-dump placeholder superseded by the real identity of these bytes: ?dup_000cb300@@YAXXZ, byte-verified from Code/GameEngine/Source/Common/Audio/GameAudio.cpp over the same 7-byte range. The Code/gen_asm/d_000ca6a0.asm dump reproduces those bytes but carries no identity."
?d_000cb3d0@@YAXXZ,0x000CB3D0,"gen-dump placeholder superseded by the real identity of these bytes: ?dup_000cb3d0@@YAXXZ, byte-verified from Code/GameEngine/Source/Common/Audio/GameAudio.cpp over the same 7-byte range. The Code/gen_asm/d_000ca6a0.asm dump reproduces those bytes but carries no identity."
?d_000cb4e0@@YAXXZ,0x000CB4E0,"gen-dump placeholder superseded by the real identity of these bytes: ?dup_000cb4e0@@YAXXZ, byte-verified from Code/GameEngine/Source/Common/Audio/GameAudio.cpp over the same 7-byte range. The Code/gen_asm/d_000ca6a0.asm dump reproduces those bytes but carries no identity."
?d_000cb780@@YAXXZ,0x000CB780,"gen-dump placeholder superseded by the real identity of these bytes: ?dup_000cb780@@YAXXZ, byte-verified from Code/GameEngine/Source/Common/Audio/GameAudio.cpp over the same 17-byte range. The Code/gen_asm/d_000ca6a0.asm dump reproduces those bytes but carries no identity."
?d_000cb8d0@@YAXXZ,0x000CB8D0,"gen-dump placeholder superseded by the real identity of these bytes: ?dup_000cb8d0@@YAXXZ, byte-verified from Code/GameEngine/Source/Common/Audio/GameAudio.cpp over the same 9-byte range. The Code/gen_asm/d_000ca6a0.asm dump reproduces those bytes but carries no identity."
?d_000cb910@@YAXXZ,0x000CB910,"gen-dump placeholder superseded by the real identity of these bytes: ?dup_000cb910@@YAXXZ, byte-verified from Code/GameEngine/Source/Common/Audio/GameAudio.cpp over the same 7-byte range. The Code/gen_asm/d_000ca6a0.asm dump reproduces those bytes but carries no identity."
?d_000cb920@@YAXXZ,0x000CB920,"gen-dump placeholder superseded by the real identity of these bytes: ?dup_000cb920@@YAXXZ, byte-verified from Code/GameEngine/Source/Common/Audio/GameAudio.cpp over the same 7-byte range. The Code/gen_asm/d_000ca6a0.asm dump reproduces those bytes but carries no identity."
?d_000cc3b0@@YAXXZ,0x000CC3B0,"gen-dump placeholder superseded by the real identity of these bytes: ?dup_000cc3b0@@YAXXZ, byte-verified from Code/GameEngine/Source/Common/Audio/GameAudio.cpp over the same 13-byte range. The Code/gen_asm/d_000ca6a0.asm dump reproduces those bytes but carries no identity."
?d_000cc450@@YAXXZ,0x000CC450,"gen-dump placeholder superseded by the real identity of these bytes: ?dup_000cc450@@YAXXZ, byte-verified from Code/GameEngine/Source/Common/Audio/GameAudio.cpp over the same 13-byte range. The Code/gen_asm/d_000ca6a0.asm dump reproduces those bytes but carries no identity."
?d_000cc4c0@@YAXXZ,0x000CC4C0,"gen-dump placeholder superseded by the real identity of these bytes: ?dup_000cc4c0@@YAXXZ, byte-verified from Code/GameEngine/Source/Common/Audio/GameAudio.cpp over the same 13-byte range. The Code/gen_asm/d_000ca6a0.asm dump reproduces those bytes but carries no identity."
?d_000cc530@@YAXXZ,0x000CC530,"gen-dump placeholder superseded by the real identity of these bytes: ?dup_000cc530@@YAXXZ, byte-verified from Code/GameEngine/Source/Common/Audio/GameAudio.cpp over the same 13-byte range. The Code/gen_asm/d_000ca6a0.asm dump reproduces those bytes but carries no identity."
?d_000cc550@@YAXXZ,0x000CC550,"gen-dump placeholder superseded by the real identity of these bytes: ?dup_000cc550@@YAXXZ, byte-verified from Code/GameEngine/Source/Common/Audio/GameAudio.cpp over the same 13-byte range. The Code/gen_asm/d_000ca6a0.asm dump reproduces those bytes but carries no identity."
?d_000cc9e0@@YAXXZ,0x000CC9E0,"gen-dump placeholder superseded by the real identity of these bytes: ?dup_000cc9e0@@YAXXZ, byte-verified from Code/GameEngine/Source/Common/Audio/GameAudio.cpp over the same 7-byte range. The Code/gen_asm/d_000ca6a0.asm dump reproduces those bytes but carries no identity."
?d_000cc9f0@@YAXXZ,0x000CC9F0,"gen-dump placeholder superseded by the real identity of these bytes: ?dup_000cc9f0@@YAXXZ, byte-verified from Code/GameEngine/Source/Common/Audio/GameAudio.cpp over the same 13-byte range. The Code/gen_asm/d_000ca6a0.asm dump reproduces those bytes but carries no identity."
?d_000cca40@@YAXXZ,0x000CCA40,"gen-dump placeholder superseded by the real identity of these bytes: ?dup_000cca40@@YAXXZ, byte-verified from Code/GameEngine/Source/Common/Audio/GameAudio.cpp over the same 13-byte range. The Code/gen_asm/d_000ca6a0.asm dump reproduces those bytes but carries no identity."
?d_000cce00@@YAXXZ,0x000CCE00,"gen-dump placeholder superseded by the real identity of these bytes: ?dup_000cce00@@YAXXZ, byte-verified from Code/GameEngine/Source/Common/Audio/GameAudio.cpp over the same 18-byte range. The Code/gen_asm/d_000ca6a0.asm dump reproduces those bytes but carries no identity."
?d_000cce20@@YAXXZ,0x000CCE20,"gen-dump placeholder superseded by the real identity of these bytes: ?dup_000cce20@@YAXXZ, byte-verified from Code/GameEngine/Source/Common/Audio/GameAudio.cpp over the same 18-byte range. The Code/gen_asm/d_000ca6a0.asm dump reproduces those bytes but carries no identity."
?d_000cce40@@YAXXZ,0x000CCE40,"gen-dump placeholder superseded by the real identity of these bytes: ?dup_000cce40@@YAXXZ, byte-verified from Code/GameEngine/Source/Common/Audio/GameAudio.cpp over the same 18-byte range. The Code/gen_asm/d_000ca6a0.asm dump reproduces those bytes but carries no identity."
?d_000cce60@@YAXXZ,0x000CCE60,"gen-dump placeholder superseded by the real identity of these bytes: ?dup_000cce60@@YAXXZ, byte-verified from Code/GameEngine/Source/Common/Audio/GameAudio.cpp over the same 18-byte range. The Code/gen_asm/d_000ca6a0.asm dump reproduces those bytes but carries no identity."
?d_000cce80@@YAXXZ,0x000CCE80,"gen-dump placeholder superseded by the real identity of these bytes: ?dup_000cce80@@YAXXZ, byte-verified from Code/GameEngine/Source/Common/Audio/GameAudio.cpp over the same 18-byte range. The Code/gen_asm/d_000ca6a0.asm dump reproduces those bytes but carries no identity."
?d_000ce870@@YAXXZ,0x000CE870,"gen-dump placeholder superseded by the real identity of these bytes: ?dup_000ce870@@YAXXZ, byte-verified from Code/GameEngine/Source/Common/Audio/GameAudio.cpp over the same 15-byte range. The Code/gen_asm/d_000ca6a0.asm dump reproduces those bytes but carries no identity."
?d_000cedd0@@YAXXZ,0x000CEDD0,"gen-dump placeholder superseded by the real identity of these bytes: ?dup_000cedd0@@YAXXZ, byte-verified from Code/GameEngine/Source/Common/Audio/GameAudio.cpp over the same 16-byte range. The Code/gen_asm/d_000ca6a0.asm dump reproduces those bytes but carries no identity."
?d_000ceeb0@@YAXXZ,0x000CEEB0,"gen-dump placeholder superseded by the real identity of these bytes: ?dup_000ceeb0@@YAXXZ, byte-verified from Code/GameEngine/Source/Common/Audio/GameAudio.cpp over the same 16-byte range. The Code/gen_asm/d_000ca6a0.asm dump reproduces those bytes but carries no identity."
?d_000ceed0@@YAXXZ,0x000CEED0,"gen-dump placeholder superseded by the real identity of these bytes: ?dup_000ceed0@@YAXXZ, byte-verified from Code/GameEngine/Source/Common/Audio/GameAudio.cpp over the same 16-byte range. The Code/gen_asm/d_000ca6a0.asm dump reproduces those bytes but carries no identity."
?d_000cefb0@@YAXXZ,0x000CEFB0,"gen-dump placeholder superseded by the real identity of these bytes: ?dup_000cefb0@@YAXXZ, byte-verified from Code/GameEngine/Source/Common/Audio/GameAudio.cpp over the same 16-byte range. The Code/gen_asm/d_000ca6a0.asm dump reproduces those bytes but carries no identity."
?d_000cefd0@@YAXXZ,0x000CEFD0,"gen-dump placeholder superseded by the real identity of these bytes: ?dup_000cefd0@@YAXXZ, byte-verified from Code/GameEngine/Source/Common/Audio/GameAudio.cpp over the same 16-byte range. The Code/gen_asm/d_000ca6a0.asm dump reproduces those bytes but carries no identity."
?d_000d0170@@YAXXZ,0x000D0170,"gen-dump placeholder superseded by the real identity of these bytes: ?dup_000d0170@@YAXXZ, byte-verified from Code/GameEngine/Source/Common/Audio/GameAudio.cpp over the same 15-byte range. The Code/gen_asm/d_000ca6a0.asm dump reproduces those bytes but carries no identity."
?d_000d01f0@@YAXXZ,0x000D01F0,"gen-dump placeholder superseded by the real identity of these bytes: ?dup_000d01f0@@YAXXZ, byte-verified from Code/GameEngine/Source/Common/Audio/GameAudio.cpp over the same 15-byte range. The Code/gen_asm/d_000ca6a0.asm dump reproduces those bytes but carries no identity."
?d_000d0250@@YAXXZ,0x000D0250,"gen-dump placeholder superseded by the real identity of these bytes: ?dup_000d0250@@YAXXZ, byte-verified from Code/GameEngine/Source/Common/Audio/GameAudio.cpp over the same 16-byte range. The Code/gen_asm/d_000ca6a0.asm dump reproduces those bytes but carries no identity."
?d_000d03b0@@YAXXZ,0x000D03B0,"gen-dump placeholder superseded by the real identity of these bytes: ?dup_000d03b0@@YAXXZ, byte-verified from Code/GameEngine/Source/Common/Audio/GameAudio.cpp over the same 16-byte range. The Code/gen_asm/d_000ca6a0.asm dump reproduces those bytes but carries no identity."
?d_000d03d0@@YAXXZ,0x000D03D0,"gen-dump placeholder superseded by the real identity of these bytes: ?dup_000d03d0@@YAXXZ, byte-verified from Code/GameEngine/Source/Common/Audio/GameAudio.cpp over the same 16-byte range. The Code/gen_asm/d_000ca6a0.asm dump reproduces those bytes but carries no identity."
?d_000d04d0@@YAXXZ,0x000D04D0,"gen-dump placeholder superseded by the real identity of these bytes: ?dup_000d04d0@@YAXXZ, byte-verified from Code/GameEngine/Source/Common/Audio/GameAudio.cpp over the same 15-byte range. The Code/gen_asm/d_000ca6a0.asm dump reproduces those bytes but carries no identity."
?d_000d0530@@YAXXZ,0x000D0530,"gen-dump placeholder superseded by the real identity of these bytes: ?dup_000d0530@@YAXXZ, byte-verified from Code/GameEngine/Source/Common/Audio/GameAudio.cpp over the same 16-byte range. The Code/gen_asm/d_000ca6a0.asm dump reproduces those bytes but carries no identity."
?d_000d05b0@@YAXXZ,0x000D05B0,"gen-dump placeholder superseded by the real identity of these bytes: ?dup_000d05b0@@YAXXZ, byte-verified from Code/GameEngine/Source/Common/Audio/GameAudio.cpp over the same 16-byte range. The Code/gen_asm/d_000ca6a0.asm dump reproduces those bytes but carries no identity."
?d_000ddea0@@YAXXZ,0x000DDEA0,"gen-dump placeholder superseded by the real identity of these bytes: ?dup_000ddea0@@YAXXZ, byte-verified from Code/GameEngine/Source/Common/Audio/GameAudio.cpp over the same 23-byte range. The Code/gen_asm/d_000ca6a0.asm dump reproduces those bytes but carries no identity."
?d_000ddf00@@YAXXZ,0x000DDF00,"gen-dump placeholder superseded by the real identity of these bytes: ?dup_000ddf00@@YAXXZ, byte-verified from Code/GameEngine/Source/Common/Audio/GameAudio.cpp over the same 13-byte range. The Code/gen_asm/d_000ca6a0.asm dump reproduces those bytes but carries no identity."
?d_000df950@@YAXXZ,0x000DF950,"gen-dump placeholder superseded by the real identity of these bytes: ?dup_000df950@@YAXXZ, byte-verified from Code/GameEngine/Source/Common/Audio/GameAudio.cpp over the same 18-byte range. The Code/gen_asm/d_000ca6a0.asm dump reproduces those bytes but carries no identity."
?d_000e0c80@@YAXXZ,0x000E0C80,"gen-dump placeholder superseded by the real identity of these bytes: ?dup_000e0c80@@YAXXZ, byte-verified from Code/GameEngine/Source/Common/Audio/GameAudio.cpp over the same 13-byte range. The Code/gen_asm/d_000ca6a0.asm dump reproduces those bytes but carries no identity."
?d_000e0cc0@@YAXXZ,0x000E0CC0,"gen-dump placeholder superseded by the real identity of these bytes: ?dup_000e0cc0@@YAXXZ, byte-verified from Code/GameEngine/Source/Common/Audio/GameAudio.cpp over the same 13-byte range. The Code/gen_asm/d_000ca6a0.asm dump reproduces those bytes but carries no identity."
?d_000e0d10@@YAXXZ,0x000E0D10,"gen-dump placeholder superseded by the real identity of these bytes: ?dup_000e0d10@@YAXXZ, byte-verified from Code/GameEngine/Source/Common/Audio/GameAudio.cpp over the same 7-byte range. The Code/gen_asm/d_000ca6a0.asm dump reproduces those bytes but carries no identity."
?d_000e0d20@@YAXXZ,0x000E0D20,"gen-dump placeholder superseded by the real identity of these bytes: ?dup_000e0d20@@YAXXZ, byte-verified from Code/GameEngine/Source/Common/Audio/GameAudio.cpp over the same 7-byte range. The Code/gen_asm/d_000ca6a0.asm dump reproduces those bytes but carries no identity."
?d_000e0d30@@YAXXZ,0x000E0D30,"gen-dump placeholder superseded by the real identity of these bytes: ?dup_000e0d30@@YAXXZ, byte-verified from Code/GameEngine/Source/Common/Audio/GameAudio.cpp over the same 23-byte range. The Code/gen_asm/d_000ca6a0.asm dump reproduces those bytes but carries no identity."
?d_000e0d60@@YAXXZ,0x000E0D60,"gen-dump placeholder superseded by the real identity of these bytes: ?dup_000e0d60@@YAXXZ, byte-verified from Code/GameEngine/Source/Common/Audio/GameAudio.cpp over the same 11-byte range. The Code/gen_asm/d_000ca6a0.asm dump reproduces those bytes but carries no identity."
?d_000e0d70@@YAXXZ,0x000E0D70,"gen-dump placeholder superseded by the real identity of these bytes: ?dup_000e0d70@@YAXXZ, byte-verified from Code/GameEngine/Source/Common/Audio/GameAudio.cpp over the same 11-byte range. The Code/gen_asm/d_000ca6a0.asm dump reproduces those bytes but carries no identity."
?d_000e1470@@YAXXZ,0x000E1470,"gen-dump placeholder superseded by the real identity of these bytes: ?dup_000e1470@@YAXXZ, byte-verified from Code/GameEngine/Source/Common/Audio/GameAudio.cpp over the same 7-byte range. The Code/gen_asm/d_000ca6a0.asm dump reproduces those bytes but carries no identity."
?d_000e1480@@YAXXZ,0x000E1480,"gen-dump placeholder superseded by the real identity of these bytes: ?dup_000e1480@@YAXXZ, byte-verified from Code/GameEngine/Source/Common/Audio/GameAudio.cpp over the same 7-byte range. The Code/gen_asm/d_000ca6a0.asm dump reproduces those bytes but carries no identity."
?d_000e1570@@YAXXZ,0x000E1570,"gen-dump placeholder superseded by the real identity of these bytes: ?dup_000e1570@@YAXXZ, byte-verified from Code/GameEngine/Source/Common/Audio/GameAudio.cpp over the same 7-byte range. The Code/gen_asm/d_000ca6a0.asm dump reproduces those bytes but carries no identity."
?d_000e1580@@YAXXZ,0x000E1580,"gen-dump placeholder superseded by the real identity of these bytes: ?dup_000e1580@@YAXXZ, byte-verified from Code/GameEngine/Source/Common/Audio/GameAudio.cpp over the same 7-byte range. The Code/gen_asm/d_000ca6a0.asm dump reproduces those bytes but carries no identity."
?d_000e1590@@YAXXZ,0x000E1590,"gen-dump placeholder superseded by the real identity of these bytes: ?dup_000e1590@@YAXXZ, byte-verified from Code/GameEngine/Source/Common/Audio/GameAudio.cpp over the same 7-byte range. The Code/gen_asm/d_000ca6a0.asm dump reproduces those bytes but carries no identity."
?d_000e17f0@@YAXXZ,0x000E17F0,"gen-dump placeholder superseded by the real identity of these bytes: ?dup_000e17f0@@YAXXZ, byte-verified from Code/GameEngine/Source/Common/Audio/GameAudio.cpp over the same 15-byte range. The Code/gen_asm/d_000ca6a0.asm dump reproduces those bytes but carries no identity."
?d_000e4420@@YAXXZ,0x000E4420,"gen-dump placeholder superseded by the real identity of these bytes: ?dup_000e4420@@YAXXZ, byte-verified from Code/GameEngine/Source/Common/Audio/GameAudio.cpp over the same 23-byte range. The Code/gen_asm/d_000ca6a0.asm dump reproduces those bytes but carries no identity."
?d_000e50f0@@YAXXZ,0x000E50F0,"gen-dump placeholder superseded by the real identity of these bytes: ?dup_000e50f0@@YAXXZ, byte-verified from Code/GameEngine/Source/Common/Audio/GameAudio.cpp over the same 15-byte range. The Code/gen_asm/d_000ca6a0.asm dump reproduces those bytes but carries no identity."
?d_000e5110@@YAXXZ,0x000E5110,"gen-dump placeholder superseded by the real identity of these bytes: ?dup_000e5110@@YAXXZ, byte-verified from Code/GameEngine/Source/Common/Audio/GameAudio.cpp over the same 15-byte range. The Code/gen_asm/d_000ca6a0.asm dump reproduces those bytes but carries no identity."
?d_000e59c0@@YAXXZ,0x000E59C0,"gen-dump placeholder superseded by the real identity of these bytes: ?dup_000e59c0@@YAXXZ, byte-verified from Code/GameEngine/Source/Common/Audio/GameAudio.cpp over the same 6-byte range. The Code/gen_asm/d_000ca6a0.asm dump reproduces those bytes but carries no identity."
?d_000e5a20@@YAXXZ,0x000E5A20,"gen-dump placeholder superseded by the real identity of these bytes: ?dup_000e5a20@@YAXXZ, byte-verified from Code/GameEngine/Source/Common/Audio/GameAudio.cpp over the same 9-byte range. The Code/gen_asm/d_000ca6a0.asm dump reproduces those bytes but carries no identity."
?d_000e5a30@@YAXXZ,0x000E5A30,"gen-dump placeholder superseded by the real identity of these bytes: ?dup_000e5a30@@YAXXZ, byte-verified from Code/GameEngine/Source/Common/Audio/GameAudio.cpp over the same 11-byte range. The Code/gen_asm/d_000ca6a0.asm dump reproduces those bytes but carries no identity."
?d_000e5a40@@YAXXZ,0x000E5A40,"gen-dump placeholder superseded by the real identity of these bytes: ?dup_000e5a40@@YAXXZ, byte-verified from Code/GameEngine/Source/Common/Audio/GameAudio.cpp over the same 9-byte range. The Code/gen_asm/d_000ca6a0.asm dump reproduces those bytes but carries no identity."
?d_000e5c30@@YAXXZ,0x000E5C30,"gen-dump placeholder superseded by the real identity of these bytes: ?dup_000e5c30@@YAXXZ, byte-verified from Code/GameEngine/Source/Common/Audio/GameAudio.cpp over the same 13-byte range. The Code/gen_asm/d_000ca6a0.asm dump reproduces those bytes but carries no identity."
?d_000e5ca0@@YAXXZ,0x000E5CA0,"gen-dump placeholder superseded by the real identity of these bytes: ?dup_000e5ca0@@YAXXZ, byte-verified from Code/GameEngine/Source/Common/Audio/GameAudio.cpp over the same 11-byte range. The Code/gen_asm/d_000ca6a0.asm dump reproduces those bytes but carries no identity."
?d_000e5d50@@YAXXZ,0x000E5D50,"gen-dump placeholder superseded by the real identity of these bytes: ?dup_000e5d50@@YAXXZ, byte-verified from Code/GameEngine/Source/Common/Audio/GameAudio.cpp over the same 13-byte range. The Code/gen_asm/d_000ca6a0.asm dump reproduces those bytes but carries no identity."
?d_000e5d90@@YAXXZ,0x000E5D90,"gen-dump placeholder superseded by the real identity of these bytes: ?dup_000e5d90@@YAXXZ, byte-verified from Code/GameEngine/Source/Common/Audio/GameAudio.cpp over the same 13-byte range. The Code/gen_asm/d_000ca6a0.asm dump reproduces those bytes but carries no identity."
?d_000e6a30@@YAXXZ,0x000E6A30,"gen-dump placeholder superseded by the real identity of these bytes: ?dup_000e6a30@@YAXXZ, byte-verified from Code/GameEngine/Source/Common/Audio/GameAudio.cpp over the same 23-byte range. The Code/gen_asm/d_000ca6a0.asm dump reproduces those bytes but carries no identity."
?d_000e6a60@@YAXXZ,0x000E6A60,"gen-dump placeholder superseded by the real identity of these bytes: ?dup_000e6a60@@YAXXZ, byte-verified from Code/GameEngine/Source/Common/Audio/GameAudio.cpp over the same 6-byte range. The Code/gen_asm/d_000ca6a0.asm dump reproduces those bytes but carries no identity."
?d_000e6a90@@YAXXZ,0x000E6A90,"gen-dump placeholder superseded by the real identity of these bytes: ?dup_000e6a90@@YAXXZ, byte-verified from Code/GameEngine/Source/Common/Audio/GameAudio.cpp over the same 11-byte range. The Code/gen_asm/d_000ca6a0.asm dump reproduces those bytes but carries no identity."
?d_000e6ae0@@YAXXZ,0x000E6AE0,"gen-dump placeholder superseded by the real identity of these bytes: ?dup_000e6ae0@@YAXXZ, byte-verified from Code/GameEngine/Source/Common/Audio/GameAudio.cpp over the same 17-byte range. The Code/gen_asm/d_000ca6a0.asm dump reproduces those bytes but carries no identity."
?d_000e6b50@@YAXXZ,0x000E6B50,"gen-dump placeholder superseded by the real identity of these bytes: ?dup_000e6b50@@YAXXZ, byte-verified from Code/GameEngine/Source/Common/Audio/GameAudio.cpp over the same 29-byte range. The Code/gen_asm/d_000ca6a0.asm dump reproduces those bytes but carries no identity."
?d_000e6c50@@YAXXZ,0x000E6C50,"gen-dump placeholder superseded by the real identity of these bytes: ?dup_000e6c50@@YAXXZ, byte-verified from Code/GameEngine/Source/Common/Audio/GameAudio.cpp over the same 7-byte range. The Code/gen_asm/d_000ca6a0.asm dump reproduces those bytes but carries no identity."
?d_000e6c70@@YAXXZ,0x000E6C70,"gen-dump placeholder superseded by the real identity of these bytes: ?dup_000e6c70@@YAXXZ, byte-verified from Code/GameEngine/Source/Common/Audio/GameAudio.cpp over the same 13-byte range. The Code/gen_asm/d_000ca6a0.asm dump reproduces those bytes but carries no identity."
?d_000e7720@@YAXXZ,0x000E7720,"gen-dump placeholder superseded by the real identity of these bytes: ?dup_000e7720@@YAXXZ, byte-verified from Code/GameEngine/Source/Common/Audio/GameAudio.cpp over the same 15-byte range. The Code/gen_asm/d_000ca6a0.asm dump reproduces those bytes but carries no identity."
?d_000e8bb0@@YAXXZ,0x000E8BB0,"gen-dump placeholder superseded by the real identity of these bytes: ?dup_000e8bb0@@YAXXZ, byte-verified from Code/GameEngine/Source/Common/Audio/GameAudio.cpp over the same 19-byte range. The Code/gen_asm/d_000ca6a0.asm dump reproduces those bytes but carries no identity."
?d_000e8bd0@@YAXXZ,0x000E8BD0,"gen-dump placeholder superseded by the real identity of these bytes: ?dup_000e8bd0@@YAXXZ, byte-verified from Code/GameEngine/Source/Common/Audio/GameAudio.cpp over the same 13-byte range. The Code/gen_asm/d_000ca6a0.asm dump reproduces those bytes but carries no identity."
?d_000e8c20@@YAXXZ,0x000E8C20,"gen-dump placeholder superseded by the real identity of these bytes: ?dup_000e8c20@@YAXXZ, byte-verified from Code/GameEngine/Source/Common/Audio/GameAudio.cpp over the same 6-byte range. The Code/gen_asm/d_000ca6a0.asm dump reproduces those bytes but carries no identity."
?d_000e8c40@@YAXXZ,0x000E8C40,"gen-dump placeholder superseded by the real identity of these bytes: ?dup_000e8c40@@YAXXZ, byte-verified from Code/GameEngine/Source/Common/Audio/GameAudio.cpp over the same 7-byte range. The Code/gen_asm/d_000ca6a0.asm dump reproduces those bytes but carries no identity."
?d_000e8c60@@YAXXZ,0x000E8C60,"gen-dump placeholder superseded by the real identity of these bytes: ?dup_000e8c60@@YAXXZ, byte-verified from Code/GameEngine/Source/Common/Audio/GameAudio.cpp over the same 11-byte range. The Code/gen_asm/d_000ca6a0.asm dump reproduces those bytes but carries no identity."
?d_000e8cc0@@YAXXZ,0x000E8CC0,"gen-dump placeholder superseded by the real identity of these bytes: ?dup_000e8cc0@@YAXXZ, byte-verified from Code/GameEngine/Source/Common/Audio/GameAudio.cpp over the same 7-byte range. The Code/gen_asm/d_000ca6a0.asm dump reproduces those bytes but carries no identity."
?d_000e9030@@YAXXZ,0x000E9030,"gen-dump placeholder superseded by the real identity of these bytes: ?dup_000e9030@@YAXXZ, byte-verified from Code/GameEngine/Source/Common/Audio/GameAudio.cpp over the same 7-byte range. The Code/gen_asm/d_000ca6a0.asm dump reproduces those bytes but carries no identity."
?d_000e9390@@YAXXZ,0x000E9390,"gen-dump placeholder superseded by the real identity of these bytes: ?dup_000e9390@@YAXXZ, byte-verified from Code/GameEngine/Source/Common/Audio/GameAudio.cpp over the same 11-byte range. The Code/gen_asm/d_000ca6a0.asm dump reproduces those bytes but carries no identity."
?d_000eb190@@YAXXZ,0x000EB190,"gen-dump placeholder superseded by the real identity of these bytes: ?dup_000eb190@@YAXXZ, byte-verified from Code/GameEngine/Source/Common/Audio/GameAudio.cpp over the same 23-byte range. The Code/gen_asm/d_000ca6a0.asm dump reproduces those bytes but carries no identity."
?d_000eb1c0@@YAXXZ,0x000EB1C0,"gen-dump placeholder superseded by the real identity of these bytes: ?dup_000eb1c0@@YAXXZ, byte-verified from Code/GameEngine/Source/Common/Audio/GameAudio.cpp over the same 17-byte range. The Code/gen_asm/d_000ca6a0.asm dump reproduces those bytes but carries no identity."
?d_000eb230@@YAXXZ,0x000EB230,"gen-dump placeholder superseded by the real identity of these bytes: ?dup_000eb230@@YAXXZ, byte-verified from Code/GameEngine/Source/Common/Audio/GameAudio.cpp over the same 29-byte range. The Code/gen_asm/d_000ca6a0.asm dump reproduces those bytes but carries no identity."
?d_000eb8e0@@YAXXZ,0x000EB8E0,"gen-dump placeholder superseded by the real identity of these bytes: ?dup_000eb8e0@@YAXXZ, byte-verified from Code/GameEngine/Source/Common/Audio/GameAudio.cpp over the same 15-byte range. The Code/gen_asm/d_000ca6a0.asm dump reproduces those bytes but carries no identity."
?d_000ec370@@YAXXZ,0x000EC370,"gen-dump placeholder superseded by the real identity of these bytes: ?dup_000ec370@@YAXXZ, byte-verified from Code/GameEngine/Source/Common/Audio/GameAudio.cpp over the same 16-byte range. The Code/gen_asm/d_000ca6a0.asm dump reproduces those bytes but carries no identity."
?d_000eca90@@YAXXZ,0x000ECA90,"gen-dump placeholder superseded by the real identity of these bytes: ?dup_000eca90@@YAXXZ, byte-verified from Code/GameEngine/Source/Common/Audio/GameAudio.cpp over the same 13-byte range. The Code/gen_asm/d_000ca6a0.asm dump reproduces those bytes but carries no identity."
?d_000ecb40@@YAXXZ,0x000ECB40,"gen-dump placeholder superseded by the real identity of these bytes: ?dup_000ecb40@@YAXXZ, byte-verified from Code/GameEngine/Source/Common/Audio/GameAudio.cpp over the same 13-byte range. The Code/gen_asm/d_000ca6a0.asm dump reproduces those bytes but carries no identity."
?d_000ecc60@@YAXXZ,0x000ECC60,"gen-dump placeholder superseded by the real identity of these bytes: ?dup_000ecc60@@YAXXZ, byte-verified from Code/GameEngine/Source/Common/Audio/GameAudio.cpp over the same 13-byte range. The Code/gen_asm/d_000ca6a0.asm dump reproduces those bytes but carries no identity."
?d_000eccb0@@YAXXZ,0x000ECCB0,"gen-dump placeholder superseded by the real identity of these bytes: ?dup_000eccb0@@YAXXZ, byte-verified from Code/GameEngine/Source/Common/Audio/GameAudio.cpp over the same 6-byte range. The Code/gen_asm/d_000ca6a0.asm dump reproduces those bytes but carries no identity."
?d_000ecd30@@YAXXZ,0x000ECD30,"gen-dump placeholder superseded by the real identity of these bytes: ?dup_000ecd30@@YAXXZ, byte-verified from Code/GameEngine/Source/Common/Audio/GameAudio.cpp over the same 6-byte range. The Code/gen_asm/d_000ca6a0.asm dump reproduces those bytes but carries no identity."
?d_000ecdc0@@YAXXZ,0x000ECDC0,"gen-dump placeholder superseded by the real identity of these bytes: ?dup_000ecdc0@@YAXXZ, byte-verified from Code/GameEngine/Source/Common/Audio/GameAudio.cpp over the same 7-byte range. The Code/gen_asm/d_000ca6a0.asm dump reproduces those bytes but carries no identity."
?d_000ece20@@YAXXZ,0x000ECE20,"gen-dump placeholder superseded by the real identity of these bytes: ?dup_000ece20@@YAXXZ, byte-verified from Code/GameEngine/Source/Common/Audio/GameAudio.cpp over the same 11-byte range. The Code/gen_asm/d_000ca6a0.asm dump reproduces those bytes but carries no identity."
?d_000ece50@@YAXXZ,0x000ECE50,"gen-dump placeholder superseded by the real identity of these bytes: ?dup_000ece50@@YAXXZ, byte-verified from Code/GameEngine/Source/Common/Audio/GameAudio.cpp over the same 11-byte range. The Code/gen_asm/d_000ca6a0.asm dump reproduces those bytes but carries no identity."
?d_000ecf10@@YAXXZ,0x000ECF10,"gen-dump placeholder superseded by the real identity of these bytes: ?dup_000ecf10@@YAXXZ, byte-verified from Code/GameEngine/Source/Common/Audio/GameAudio.cpp over the same 18-byte range. The Code/gen_asm/d_000ca6a0.asm dump reproduces those bytes but carries no identity."
?d_000ecf80@@YAXXZ,0x000ECF80,"gen-dump placeholder superseded by the real identity of these bytes: ?dup_000ecf80@@YAXXZ, byte-verified from Code/GameEngine/Source/Common/Audio/GameAudio.cpp over the same 7-byte range. The Code/gen_asm/d_000ca6a0.asm dump reproduces those bytes but carries no identity."
?d_000ecf90@@YAXXZ,0x000ECF90,"gen-dump placeholder superseded by the real identity of these bytes: ?dup_000ecf90@@YAXXZ, byte-verified from Code/GameEngine/Source/Common/Audio/GameAudio.cpp over the same 22-byte range. The Code/gen_asm/d_000ca6a0.asm dump reproduces those bytes but carries no identity."
?d_000ecfd0@@YAXXZ,0x000ECFD0,"gen-dump placeholder superseded by the real identity of these bytes: ?dup_000ecfd0@@YAXXZ, byte-verified from Code/GameEngine/Source/Common/Audio/GameAudio.cpp over the same 18-byte range. The Code/gen_asm/d_000ca6a0.asm dump reproduces those bytes but carries no identity."
?d_000ed0a0@@YAXXZ,0x000ED0A0,"gen-dump placeholder superseded by the real identity of these bytes: ?dup_000ed0a0@@YAXXZ, byte-verified from Code/GameEngine/Source/Common/Audio/GameAudio.cpp over the same 10-byte range. The Code/gen_asm/d_000ca6a0.asm dump reproduces those bytes but carries no identity."
?d_000ed130@@YAXXZ,0x000ED130,"gen-dump placeholder superseded by the real identity of these bytes: ?dup_000ed130@@YAXXZ, byte-verified from Code/GameEngine/Source/Common/Audio/GameAudio.cpp over the same 11-byte range. The Code/gen_asm/d_000ca6a0.asm dump reproduces those bytes but carries no identity."
?d_000ed180@@YAXXZ,0x000ED180,"gen-dump placeholder superseded by the real identity of these bytes: ?dup_000ed180@@YAXXZ, byte-verified from Code/GameEngine/Source/Common/Audio/GameAudio.cpp over the same 7-byte range. The Code/gen_asm/d_000ca6a0.asm dump reproduces those bytes but carries no identity."
?d_000ed190@@YAXXZ,0x000ED190,"gen-dump placeholder superseded by the real identity of these bytes: ?dup_000ed190@@YAXXZ, byte-verified from Code/GameEngine/Source/Common/Audio/GameAudio.cpp over the same 7-byte range. The Code/gen_asm/d_000ca6a0.asm dump reproduces those bytes but carries no identity."
?d_000ee060@@YAXXZ,0x000EE060,"gen-dump placeholder superseded by the real identity of these bytes: ?dup_000ee060@@YAXXZ, byte-verified from Code/GameEngine/Source/Common/Audio/GameAudio.cpp over the same 15-byte range. The Code/gen_asm/d_000ca6a0.asm dump reproduces those bytes but carries no identity."
?d_000ee0f0@@YAXXZ,0x000EE0F0,"gen-dump placeholder superseded by the real identity of these bytes: ?dup_000ee0f0@@YAXXZ, byte-verified from Code/GameEngine/Source/Common/Audio/GameAudio.cpp over the same 11-byte range. The Code/gen_asm/d_000ca6a0.asm dump reproduces those bytes but carries no identity."
?d_000ee150@@YAXXZ,0x000EE150,"gen-dump placeholder superseded by the real identity of these bytes: ?dup_000ee150@@YAXXZ, byte-verified from Code/GameEngine/Source/Common/Audio/GameAudio.cpp over the same 7-byte range. The Code/gen_asm/d_000ca6a0.asm dump reproduces those bytes but carries no identity."
?d_000ee180@@YAXXZ,0x000EE180,"gen-dump placeholder superseded by the real identity of these bytes: ?dup_000ee180@@YAXXZ, byte-verified from Code/GameEngine/Source/Common/Audio/GameAudio.cpp over the same 11-byte range. The Code/gen_asm/d_000ca6a0.asm dump reproduces those bytes but carries no identity."
?d_000ee2b0@@YAXXZ,0x000EE2B0,"gen-dump placeholder superseded by the real identity of these bytes: ?dup_000ee2b0@@YAXXZ, byte-verified from Code/GameEngine/Source/Common/Audio/GameAudio.cpp over the same 7-byte range. The Code/gen_asm/d_000ca6a0.asm dump reproduces those bytes but carries no identity."
?d_000ee2c0@@YAXXZ,0x000EE2C0,"gen-dump placeholder superseded by the real identity of these bytes: ?dup_000ee2c0@@YAXXZ, byte-verified from Code/GameEngine/Source/Common/Audio/GameAudio.cpp over the same 18-byte range. The Code/gen_asm/d_000ca6a0.asm dump reproduces those bytes but carries no identity."
?d_000ee2e0@@YAXXZ,0x000EE2E0,"gen-dump placeholder superseded by the real identity of these bytes: ?dup_000ee2e0@@YAXXZ, byte-verified from Code/GameEngine/Source/Common/Audio/GameAudio.cpp over the same 18-byte range. The Code/gen_asm/d_000ca6a0.asm dump reproduces those bytes but carries no identity."
?d_000ee9c0@@YAXXZ,0x000EE9C0,"gen-dump placeholder superseded by the real identity of these bytes: ?dup_000ee9c0@@YAXXZ, byte-verified from Code/GameEngine/Source/Common/Audio/GameAudio.cpp over the same 11-byte range. The Code/gen_asm/d_000ca6a0.asm dump reproduces those bytes but carries no identity."
?d_000eea40@@YAXXZ,0x000EEA40,"gen-dump placeholder superseded by the real identity of these bytes: ?dup_000eea40@@YAXXZ, byte-verified from Code/GameEngine/Source/Common/Audio/GameAudio.cpp over the same 11-byte range. The Code/gen_asm/d_000ca6a0.asm dump reproduces those bytes but carries no identity."
?d_000eeaa0@@YAXXZ,0x000EEAA0,"gen-dump placeholder superseded by the real identity of these bytes: ?dup_000eeaa0@@YAXXZ, byte-verified from Code/GameEngine/Source/Common/Audio/GameAudio.cpp over the same 16-byte range. The Code/gen_asm/d_000ca6a0.asm dump reproduces those bytes but carries no identity."
?d_000eeac0@@YAXXZ,0x000EEAC0,"gen-dump placeholder superseded by the real identity of these bytes: ?dup_000eeac0@@YAXXZ, byte-verified from Code/GameEngine/Source/Common/Audio/GameAudio.cpp over the same 16-byte range. The Code/gen_asm/d_000ca6a0.asm dump reproduces those bytes but carries no identity."
?d_000ef3c0@@YAXXZ,0x000EF3C0,"gen-dump placeholder superseded by the real identity of these bytes: ?dup_000ef3c0@@YAXXZ, byte-verified from Code/GameEngine/Source/Common/Audio/GameAudio.cpp over the same 16-byte range. The Code/gen_asm/d_000ca6a0.asm dump reproduces those bytes but carries no identity."
?d_000ef3e0@@YAXXZ,0x000EF3E0,"gen-dump placeholder superseded by the real identity of these bytes: ?dup_000ef3e0@@YAXXZ, byte-verified from Code/GameEngine/Source/Common/Audio/GameAudio.cpp over the same 16-byte range. The Code/gen_asm/d_000ca6a0.asm dump reproduces those bytes but carries no identity."
?d_000f8530@@YAXXZ,0x000F8530,"gen-dump placeholder superseded by the real identity of these bytes: ?dup_000f8530@@YAXXZ, byte-verified from Code/GameEngine/Source/Common/Audio/GameAudio.cpp over the same 6-byte range. The Code/gen_asm/d_000ca6a0.asm dump reproduces those bytes but carries no identity."
?d_000f8590@@YAXXZ,0x000F8590,"gen-dump placeholder superseded by the real identity of these bytes: ?dup_000f8590@@YAXXZ, byte-verified from Code/GameEngine/Source/Common/Audio/GameAudio.cpp over the same 13-byte range. The Code/gen_asm/d_000ca6a0.asm dump reproduces those bytes but carries no identity."
?d_000f85b0@@YAXXZ,0x000F85B0,"gen-dump placeholder superseded by the real identity of these bytes: ?dup_000f85b0@@YAXXZ, byte-verified from Code/GameEngine/Source/Common/Audio/GameAudio.cpp over the same 11-byte range. The Code/gen_asm/d_000ca6a0.asm dump reproduces those bytes but carries no identity."
?d_000f85d0@@YAXXZ,0x000F85D0,"gen-dump placeholder superseded by the real identity of these bytes: ?dup_000f85d0@@YAXXZ, byte-verified from Code/GameEngine/Source/Common/Audio/GameAudio.cpp over the same 11-byte range. The Code/gen_asm/d_000ca6a0.asm dump reproduces those bytes but carries no identity."
?d_000f8630@@YAXXZ,0x000F8630,"gen-dump placeholder superseded by the real identity of these bytes: ?dup_000f8630@@YAXXZ, byte-verified from Code/GameEngine/Source/Common/Audio/GameAudio.cpp over the same 11-byte range. The Code/gen_asm/d_000ca6a0.asm dump reproduces those bytes but carries no identity."
?d_000f8700@@YAXXZ,0x000F8700,"gen-dump placeholder superseded by the real identity of these bytes: ?dup_000f8700@@YAXXZ, byte-verified from Code/GameEngine/Source/Common/Audio/GameAudio.cpp over the same 13-byte range. The Code/gen_asm/d_000ca6a0.asm dump reproduces those bytes but carries no identity."
?d_000f8720@@YAXXZ,0x000F8720,"gen-dump placeholder superseded by the real identity of these bytes: ?dup_000f8720@@YAXXZ, byte-verified from Code/GameEngine/Source/Common/Audio/GameAudio.cpp over the same 11-byte range. The Code/gen_asm/d_000ca6a0.asm dump reproduces those bytes but carries no identity."
?d_000f8730@@YAXXZ,0x000F8730,"gen-dump placeholder superseded by the real identity of these bytes: ?dup_000f8730@@YAXXZ, byte-verified from Code/GameEngine/Source/Common/Audio/GameAudio.cpp over the same 13-byte range. The Code/gen_asm/d_000ca6a0.asm dump reproduces those bytes but carries no identity."
?d_000f87f0@@YAXXZ,0x000F87F0,"gen-dump placeholder superseded by the real identity of these bytes: ?dup_000f87f0@@YAXXZ, byte-verified from Code/GameEngine/Source/Common/Audio/GameAudio.cpp over the same 18-byte range. The Code/gen_asm/d_000ca6a0.asm dump reproduces those bytes but carries no identity."
?d_000f8960@@YAXXZ,0x000F8960,"gen-dump placeholder superseded by the real identity of these bytes: ?dup_000f8960@@YAXXZ, byte-verified from Code/GameEngine/Source/Common/Audio/GameAudio.cpp over the same 22-byte range. The Code/gen_asm/d_000ca6a0.asm dump reproduces those bytes but carries no identity."
?d_000f93f0@@YAXXZ,0x000F93F0,"gen-dump placeholder superseded by the real identity of these bytes: ?dup_000f93f0@@YAXXZ, byte-verified from Code/GameEngine/Source/Common/Audio/GameAudio.cpp over the same 23-byte range. The Code/gen_asm/d_000f93a0.asm dump reproduces those bytes but carries no identity."
?d_000fa370@@YAXXZ,0x000FA370,"gen-dump placeholder superseded by the real identity of these bytes: ?dup_000fa370@@YAXXZ, byte-verified from Code/GameEngine/Source/Common/Audio/GameAudio.cpp over the same 15-byte range. The Code/gen_asm/d_000f93a0.asm dump reproduces those bytes but carries no identity."
?d_000fb8f0@@YAXXZ,0x000FB8F0,"gen-dump placeholder superseded by the real identity of these bytes: ?dup_000fb8f0@@YAXXZ, byte-verified from Code/GameEngine/Source/Common/Audio/GameAudio.cpp over the same 7-byte range. The Code/gen_asm/d_000f93a0.asm dump reproduces those bytes but carries no identity."
?d_000fb900@@YAXXZ,0x000FB900,"gen-dump placeholder superseded by the real identity of these bytes: ?dup_000fb900@@YAXXZ, byte-verified from Code/GameEngine/Source/Common/Audio/GameAudio.cpp over the same 7-byte range. The Code/gen_asm/d_000f93a0.asm dump reproduces those bytes but carries no identity."
?d_000fb910@@YAXXZ,0x000FB910,"gen-dump placeholder superseded by the real identity of these bytes: ?dup_000fb910@@YAXXZ, byte-verified from Code/GameEngine/Source/Common/Audio/GameAudio.cpp over the same 7-byte range. The Code/gen_asm/d_000f93a0.asm dump reproduces those bytes but carries no identity."
?d_000fb920@@YAXXZ,0x000FB920,"gen-dump placeholder superseded by the real identity of these bytes: ?dup_000fb920@@YAXXZ, byte-verified from Code/GameEngine/Source/Common/Audio/GameAudio.cpp over the same 7-byte range. The Code/gen_asm/d_000f93a0.asm dump reproduces those bytes but carries no identity."
?d_000fbad0@@YAXXZ,0x000FBAD0,"gen-dump placeholder superseded by the real identity of these bytes: ?dup_000fbad0@@YAXXZ, byte-verified from Code/GameEngine/Source/Common/Audio/GameAudio.cpp over the same 23-byte range. The Code/gen_asm/d_000f93a0.asm dump reproduces those bytes but carries no identity."
?d_000fc3d0@@YAXXZ,0x000FC3D0,"gen-dump placeholder superseded by the real identity of these bytes: ?dup_000fc3d0@@YAXXZ, byte-verified from Code/GameEngine/Source/Common/Audio/GameAudio.cpp over the same 13-byte range. The Code/gen_asm/d_000f93a0.asm dump reproduces those bytes but carries no identity."
?d_000fc3f0@@YAXXZ,0x000FC3F0,"gen-dump placeholder superseded by the real identity of these bytes: ?dup_000fc3f0@@YAXXZ, byte-verified from Code/GameEngine/Source/Common/Audio/GameAudio.cpp over the same 9-byte range. The Code/gen_asm/d_000f93a0.asm dump reproduces those bytes but carries no identity."
?d_000fc460@@YAXXZ,0x000FC460,"gen-dump placeholder superseded by the real identity of these bytes: ?dup_000fc460@@YAXXZ, byte-verified from Code/GameEngine/Source/Common/Audio/GameAudio.cpp over the same 11-byte range. The Code/gen_asm/d_000f93a0.asm dump reproduces those bytes but carries no identity."
?d_000fc490@@YAXXZ,0x000FC490,"gen-dump placeholder superseded by the real identity of these bytes: ?dup_000fc490@@YAXXZ, byte-verified from Code/GameEngine/Source/Common/Audio/GameAudio.cpp over the same 11-byte range. The Code/gen_asm/d_000f93a0.asm dump reproduces those bytes but carries no identity."
?d_000fc510@@YAXXZ,0x000FC510,"gen-dump placeholder superseded by the real identity of these bytes: ?dup_000fc510@@YAXXZ, byte-verified from Code/GameEngine/Source/Common/Audio/GameAudio.cpp over the same 17-byte range. The Code/gen_asm/d_000f93a0.asm dump reproduces those bytes but carries no identity."
?d_000fc530@@YAXXZ,0x000FC530,"gen-dump placeholder superseded by the real identity of these bytes: ?dup_000fc530@@YAXXZ, byte-verified from Code/GameEngine/Source/Common/Audio/GameAudio.cpp over the same 17-byte range. The Code/gen_asm/d_000f93a0.asm dump reproduces those bytes but carries no identity."
?d_000fcad0@@YAXXZ,0x000FCAD0,"gen-dump placeholder superseded by the real identity of these bytes: ?dup_000fcad0@@YAXXZ, byte-verified from Code/GameEngine/Source/Common/Audio/GameAudio.cpp over the same 13-byte range. The Code/gen_asm/d_000f93a0.asm dump reproduces those bytes but carries no identity."
?d_000fd760@@YAXXZ,0x000FD760,"gen-dump placeholder superseded by the real identity of these bytes: ?dup_000fd760@@YAXXZ, byte-verified from Code/GameEngine/Source/Common/Audio/GameAudio.cpp over the same 15-byte range. The Code/gen_asm/d_000f93a0.asm dump reproduces those bytes but carries no identity."
?d_000fd780@@YAXXZ,0x000FD780,"gen-dump placeholder superseded by the real identity of these bytes: ?dup_000fd780@@YAXXZ, byte-verified from Code/GameEngine/Source/Common/Audio/GameAudio.cpp over the same 15-byte range. The Code/gen_asm/d_000f93a0.asm dump reproduces those bytes but carries no identity."
?d_00103220@@YAXXZ,0x00103220,"gen-dump placeholder superseded by the real identity of these bytes: ?dup_00103220@@YAXXZ, byte-verified from Code/GameEngine/Source/Common/Audio/GameAudio.cpp over the same 16-byte range. The Code/gen_asm/d_000f93a0.asm dump reproduces those bytes but carries no identity."
?d_0010b680@@YAXXZ,0x0010B680,"gen-dump placeholder superseded by the real identity of these bytes: ?dup_0010b680@@YAXXZ, byte-verified from Code/GameEngine/Source/Common/Audio/GameAudio.cpp over the same 11-byte range. The Code/gen_asm/d_000f93a0.asm dump reproduces those bytes but carries no identity."
?d_0010cea0@@YAXXZ,0x0010CEA0,"gen-dump placeholder superseded by the real identity of these bytes: ?dup_0010cea0@@YAXXZ, byte-verified from Code/GameEngine/Source/Common/Audio/GameAudio.cpp over the same 18-byte range. The Code/gen_asm/d_000f93a0.asm dump reproduces those bytes but carries no identity."
?d_0010d310@@YAXXZ,0x0010D310,"gen-dump placeholder superseded by the real identity of these bytes: ?dup_0010d310@@YAXXZ, byte-verified from Code/GameEngine/Source/Common/Audio/GameAudio.cpp over the same 6-byte range. The Code/gen_asm/d_000f93a0.asm dump reproduces those bytes but carries no identity."
?d_0010d320@@YAXXZ,0x0010D320,"gen-dump placeholder superseded by the real identity of these bytes: ?dup_0010d320@@YAXXZ, byte-verified from Code/GameEngine/Source/Common/Audio/GameAudio.cpp over the same 9-byte range. The Code/gen_asm/d_000f93a0.asm dump reproduces those bytes but carries no identity."
?d_0010d380@@YAXXZ,0x0010D380,"gen-dump placeholder superseded by the real identity of these bytes: ?dup_0010d380@@YAXXZ, byte-verified from Code/GameEngine/Source/Common/Audio/GameAudio.cpp over the same 13-byte range. The Code/gen_asm/d_000f93a0.asm dump reproduces those bytes but carries no identity."
?d_0010d3a0@@YAXXZ,0x0010D3A0,"gen-dump placeholder superseded by the real identity of these bytes: ?dup_0010d3a0@@YAXXZ, byte-verified from Code/GameEngine/Source/Common/Audio/GameAudio.cpp over the same 9-byte range. The Code/gen_asm/d_000f93a0.asm dump reproduces those bytes but carries no identity."
?d_0010d3c0@@YAXXZ,0x0010D3C0,"gen-dump placeholder superseded by the real identity of these bytes: ?dup_0010d3c0@@YAXXZ, byte-verified from Code/GameEngine/Source/Common/Audio/GameAudio.cpp over the same 6-byte range. The Code/gen_asm/d_000f93a0.asm dump reproduces those bytes but carries no identity."
?d_0010d3d0@@YAXXZ,0x0010D3D0,"gen-dump placeholder superseded by the real identity of these bytes: ?dup_0010d3d0@@YAXXZ, byte-verified from Code/GameEngine/Source/Common/Audio/GameAudio.cpp over the same 9-byte range. The Code/gen_asm/d_000f93a0.asm dump reproduces those bytes but carries no identity."
?d_0010d410@@YAXXZ,0x0010D410,"gen-dump placeholder superseded by the real identity of these bytes: ?dup_0010d410@@YAXXZ, byte-verified from Code/GameEngine/Source/Common/Audio/GameAudio.cpp over the same 11-byte range. The Code/gen_asm/d_000f93a0.asm dump reproduces those bytes but carries no identity."
?d_0010d420@@YAXXZ,0x0010D420,"gen-dump placeholder superseded by the real identity of these bytes: ?dup_0010d420@@YAXXZ, byte-verified from Code/GameEngine/Source/Common/Audio/GameAudio.cpp over the same 11-byte range. The Code/gen_asm/d_000f93a0.asm dump reproduces those bytes but carries no identity."
?d_0010d430@@YAXXZ,0x0010D430,"gen-dump placeholder superseded by the real identity of these bytes: ?dup_0010d430@@YAXXZ, byte-verified from Code/GameEngine/Source/Common/Audio/GameAudio.cpp over the same 11-byte range. The Code/gen_asm/d_000f93a0.asm dump reproduces those bytes but carries no identity."
?d_0010d440@@YAXXZ,0x0010D440,"gen-dump placeholder superseded by the real identity of these bytes: ?dup_0010d440@@YAXXZ, byte-verified from Code/GameEngine/Source/Common/Audio/GameAudio.cpp over the same 13-byte range. The Code/gen_asm/d_000f93a0.asm dump reproduces those bytes but carries no identity."
?d_0010d640@@YAXXZ,0x0010D640,"gen-dump placeholder superseded by the real identity of these bytes: ?dup_0010d640@@YAXXZ, byte-verified from Code/GameEngine/Source/Common/Audio/GameAudio.cpp over the same 17-byte range. The Code/gen_asm/d_000f93a0.asm dump reproduces those bytes but carries no identity."
?d_0010dd20@@YAXXZ,0x0010DD20,"gen-dump placeholder superseded by the real identity of these bytes: ?dup_0010dd20@@YAXXZ, byte-verified from Code/GameEngine/Source/Common/Audio/GameAudio.cpp over the same 13-byte range. The Code/gen_asm/d_000f93a0.asm dump reproduces those bytes but carries no identity."
?d_0010dd40@@YAXXZ,0x0010DD40,"gen-dump placeholder superseded by the real identity of these bytes: ?dup_0010dd40@@YAXXZ, byte-verified from Code/GameEngine/Source/Common/Audio/GameAudio.cpp over the same 13-byte range. The Code/gen_asm/d_000f93a0.asm dump reproduces those bytes but carries no identity."
?d_0010dd60@@YAXXZ,0x0010DD60,"gen-dump placeholder superseded by the real identity of these bytes: ?dup_0010dd60@@YAXXZ, byte-verified from Code/GameEngine/Source/Common/Audio/GameAudio.cpp over the same 13-byte range. The Code/gen_asm/d_000f93a0.asm dump reproduces those bytes but carries no identity."
?d_00122340@@YAXXZ,0x00122340,"gen-dump placeholder superseded by the real identity of these bytes: ?dup_00122340@@YAXXZ, byte-verified from Code/GameEngine/Source/Common/Audio/GameAudio.cpp over the same 13-byte range. The Code/gen_asm/d_000f93a0.asm dump reproduces those bytes but carries no identity."
?d_001223f0@@YAXXZ,0x001223F0,"gen-dump placeholder superseded by the real identity of these bytes: ?dup_001223f0@@YAXXZ, byte-verified from Code/GameEngine/Source/Common/Audio/GameAudio.cpp over the same 13-byte range. The Code/gen_asm/d_000f93a0.asm dump reproduces those bytes but carries no identity."
?d_001224c0@@YAXXZ,0x001224C0,"gen-dump placeholder superseded by the real identity of these bytes: ?dup_001224c0@@YAXXZ, byte-verified from Code/GameEngine/Source/Common/Audio/GameAudio.cpp over the same 6-byte range. The Code/gen_asm/d_000f93a0.asm dump reproduces those bytes but carries no identity."
?d_001224e0@@YAXXZ,0x001224E0,"gen-dump placeholder superseded by the real identity of these bytes: ?dup_001224e0@@YAXXZ, byte-verified from Code/GameEngine/Source/Common/Audio/GameAudio.cpp over the same 7-byte range. The Code/gen_asm/d_000f93a0.asm dump reproduces those bytes but carries no identity."
?d_00122550@@YAXXZ,0x00122550,"gen-dump placeholder superseded by the real identity of these bytes: ?dup_00122550@@YAXXZ, byte-verified from Code/GameEngine/Source/Common/Audio/GameAudio.cpp over the same 23-byte range. The Code/gen_asm/d_000f93a0.asm dump reproduces those bytes but carries no identity."
?d_00122600@@YAXXZ,0x00122600,"gen-dump placeholder superseded by the real identity of these bytes: ?dup_00122600@@YAXXZ, byte-verified from Code/GameEngine/Source/Common/Audio/GameAudio.cpp over the same 6-byte range. The Code/gen_asm/d_000f93a0.asm dump reproduces those bytes but carries no identity."
?d_00122710@@YAXXZ,0x00122710,"gen-dump placeholder superseded by the real identity of these bytes: ?dup_00122710@@YAXXZ, byte-verified from Code/GameEngine/Source/Common/Audio/GameAudio.cpp over the same 6-byte range. The Code/gen_asm/d_000f93a0.asm dump reproduces those bytes but carries no identity."
?d_00122890@@YAXXZ,0x00122890,"gen-dump placeholder superseded by the real identity of these bytes: ?dup_00122890@@YAXXZ, byte-verified from Code/GameEngine/Source/Common/Audio/GameAudio.cpp over the same 11-byte range. The Code/gen_asm/d_000f93a0.asm dump reproduces those bytes but carries no identity."
?d_001229f0@@YAXXZ,0x001229F0,"gen-dump placeholder superseded by the real identity of these bytes: ?dup_001229f0@@YAXXZ, byte-verified from Code/GameEngine/Source/Common/Audio/GameAudio.cpp over the same 7-byte range. The Code/gen_asm/d_000f93a0.asm dump reproduces those bytes but carries no identity."
?d_00122a00@@YAXXZ,0x00122A00,"gen-dump placeholder superseded by the real identity of these bytes: ?dup_00122a00@@YAXXZ, byte-verified from Code/GameEngine/Source/Common/Audio/GameAudio.cpp over the same 17-byte range. The Code/gen_asm/d_000f93a0.asm dump reproduces those bytes but carries no identity."
?d_00122a20@@YAXXZ,0x00122A20,"gen-dump placeholder superseded by the real identity of these bytes: ?dup_00122a20@@YAXXZ, byte-verified from Code/GameEngine/Source/Common/Audio/GameAudio.cpp over the same 29-byte range. The Code/gen_asm/d_000f93a0.asm dump reproduces those bytes but carries no identity."
?d_00124ce0@@YAXXZ,0x00124CE0,"gen-dump placeholder superseded by the real identity of these bytes: ?dup_00124ce0@@YAXXZ, byte-verified from Code/GameEngine/Source/Common/Audio/GameAudio.cpp over the same 7-byte range. The Code/gen_asm/d_000f93a0.asm dump reproduces those bytes but carries no identity."
?d_00127380@@YAXXZ,0x00127380,"gen-dump placeholder superseded by the real identity of these bytes: ?dup_00127380@@YAXXZ, byte-verified from Code/GameEngine/Source/Common/Audio/GameAudio.cpp over the same 15-byte range. The Code/gen_asm/d_000f93a0.asm dump reproduces those bytes but carries no identity."
?d_00127540@@YAXXZ,0x00127540,"gen-dump placeholder superseded by the real identity of these bytes: ?dup_00127540@@YAXXZ, byte-verified from Code/GameEngine/Source/Common/Audio/GameAudio.cpp over the same 15-byte range. The Code/gen_asm/d_000f93a0.asm dump reproduces those bytes but carries no identity."
?d_00127560@@YAXXZ,0x00127560,"gen-dump placeholder superseded by the real identity of these bytes: ?dup_00127560@@YAXXZ, byte-verified from Code/GameEngine/Source/Common/Audio/GameAudio.cpp over the same 15-byte range. The Code/gen_asm/d_000f93a0.asm dump reproduces those bytes but carries no identity."
?d_00127580@@YAXXZ,0x00127580,"gen-dump placeholder superseded by the real identity of these bytes: ?dup_00127580@@YAXXZ, byte-verified from Code/GameEngine/Source/Common/Audio/GameAudio.cpp over the same 15-byte range. The Code/gen_asm/d_000f93a0.asm dump reproduces those bytes but carries no identity."
?d_00131bd0@@YAXXZ,0x00131BD0,"gen-dump placeholder superseded by the real identity of these bytes: ?dup_00131bd0@@YAXXZ, byte-verified from Code/GameEngine/Source/Common/Audio/GameAudio.cpp over the same 11-byte range. The Code/gen_asm/d_000f93a0.asm dump reproduces those bytes but carries no identity."
?d_00131be0@@YAXXZ,0x00131BE0,"gen-dump placeholder superseded by the real identity of these bytes: ?dup_00131be0@@YAXXZ, byte-verified from Code/GameEngine/Source/Common/Audio/GameAudio.cpp over the same 11-byte range. The Code/gen_asm/d_000f93a0.asm dump reproduces those bytes but carries no identity."
?d_001331d0@@YAXXZ,0x001331D0,"gen-dump placeholder superseded by the real identity of these bytes: ?dup_001331d0@@YAXXZ, byte-verified from Code/GameEngine/Source/Common/Audio/GameAudio.cpp over the same 18-byte range. The Code/gen_asm/d_000f93a0.asm dump reproduces those bytes but carries no identity."
?d_001331f0@@YAXXZ,0x001331F0,"gen-dump placeholder superseded by the real identity of these bytes: ?dup_001331f0@@YAXXZ, byte-verified from Code/GameEngine/Source/Common/Audio/GameAudio.cpp over the same 22-byte range. The Code/gen_asm/d_000f93a0.asm dump reproduces those bytes but carries no identity."
?d_00133250@@YAXXZ,0x00133250,"gen-dump placeholder superseded by the real identity of these bytes: ?dup_00133250@@YAXXZ, byte-verified from Code/GameEngine/Source/Common/Audio/GameAudio.cpp over the same 18-byte range. The Code/gen_asm/d_000f93a0.asm dump reproduces those bytes but carries no identity."
?d_001333a0@@YAXXZ,0x001333A0,"gen-dump placeholder superseded by the real identity of these bytes: ?dup_001333a0@@YAXXZ, byte-verified from Code/GameEngine/Source/Common/Audio/GameAudio.cpp over the same 6-byte range. The Code/gen_asm/d_000f93a0.asm dump reproduces those bytes but carries no identity."
?d_00133450@@YAXXZ,0x00133450,"gen-dump placeholder superseded by the real identity of these bytes: ?dup_00133450@@YAXXZ, byte-verified from Code/GameEngine/Source/Common/Audio/GameAudio.cpp over the same 6-byte range. The Code/gen_asm/d_000f93a0.asm dump reproduces those bytes but carries no identity."
?d_00133500@@YAXXZ,0x00133500,"gen-dump placeholder superseded by the real identity of these bytes: ?dup_00133500@@YAXXZ, byte-verified from Code/GameEngine/Source/Common/Audio/GameAudio.cpp over the same 6-byte range. The Code/gen_asm/d_000f93a0.asm dump reproduces those bytes but carries no identity."
?d_00133570@@YAXXZ,0x00133570,"gen-dump placeholder superseded by the real identity of these bytes: ?dup_00133570@@YAXXZ, byte-verified from Code/GameEngine/Source/Common/Audio/GameAudio.cpp over the same 6-byte range. The Code/gen_asm/d_000f93a0.asm dump reproduces those bytes but carries no identity."
?d_001335e0@@YAXXZ,0x001335E0,"gen-dump placeholder superseded by the real identity of these bytes: ?dup_001335e0@@YAXXZ, byte-verified from Code/GameEngine/Source/Common/Audio/GameAudio.cpp over the same 6-byte range. The Code/gen_asm/d_000f93a0.asm dump reproduces those bytes but carries no identity."
?d_00133640@@YAXXZ,0x00133640,"gen-dump placeholder superseded by the real identity of these bytes: ?dup_00133640@@YAXXZ, byte-verified from Code/GameEngine/Source/Common/Audio/GameAudio.cpp over the same 9-byte range. The Code/gen_asm/d_000f93a0.asm dump reproduces those bytes but carries no identity."
?d_00133650@@YAXXZ,0x00133650,"gen-dump placeholder superseded by the real identity of these bytes: ?dup_00133650@@YAXXZ, byte-verified from Code/GameEngine/Source/Common/Audio/GameAudio.cpp over the same 7-byte range. The Code/gen_asm/d_000f93a0.asm dump reproduces those bytes but carries no identity."
?d_00133960@@YAXXZ,0x00133960,"gen-dump placeholder superseded by the real identity of these bytes: ?dup_00133960@@YAXXZ, byte-verified from Code/GameEngine/Source/Common/Audio/GameAudio.cpp over the same 19-byte range. The Code/gen_asm/d_000f93a0.asm dump reproduces those bytes but carries no identity."
?d_001339e0@@YAXXZ,0x001339E0,"gen-dump placeholder superseded by the real identity of these bytes: ?dup_001339e0@@YAXXZ, byte-verified from Code/GameEngine/Source/Common/Audio/GameAudio.cpp over the same 9-byte range. The Code/gen_asm/d_000f93a0.asm dump reproduces those bytes but carries no identity."
?d_00133c60@@YAXXZ,0x00133C60,"gen-dump placeholder superseded by the real identity of these bytes: ?dup_00133c60@@YAXXZ, byte-verified from Code/GameEngine/Source/Common/Audio/GameAudio.cpp over the same 6-byte range. The Code/gen_asm/d_000f93a0.asm dump reproduces those bytes but carries no identity."
?d_00133d50@@YAXXZ,0x00133D50,"gen-dump placeholder superseded by the real identity of these bytes: ?dup_00133d50@@YAXXZ, byte-verified from Code/GameEngine/Source/Common/Audio/GameAudio.cpp over the same 11-byte range. The Code/gen_asm/d_000f93a0.asm dump reproduces those bytes but carries no identity."
?d_00133d60@@YAXXZ,0x00133D60,"gen-dump placeholder superseded by the real identity of these bytes: ?dup_00133d60@@YAXXZ, byte-verified from Code/GameEngine/Source/Common/Audio/GameAudio.cpp over the same 18-byte range. The Code/gen_asm/d_000f93a0.asm dump reproduces those bytes but carries no identity."
?d_00133d80@@YAXXZ,0x00133D80,"gen-dump placeholder superseded by the real identity of these bytes: ?dup_00133d80@@YAXXZ, byte-verified from Code/GameEngine/Source/Common/Audio/GameAudio.cpp over the same 18-byte range. The Code/gen_asm/d_000f93a0.asm dump reproduces those bytes but carries no identity."
?d_00134b30@@YAXXZ,0x00134B30,"gen-dump placeholder superseded by the real identity of these bytes: ?dup_00134b30@@YAXXZ, byte-verified from Code/GameEngine/Source/Common/Audio/GameAudio.cpp over the same 16-byte range. The Code/gen_asm/d_000f93a0.asm dump reproduces those bytes but carries no identity."
?d_00134b50@@YAXXZ,0x00134B50,"gen-dump placeholder superseded by the real identity of these bytes: ?dup_00134b50@@YAXXZ, byte-verified from Code/GameEngine/Source/Common/Audio/GameAudio.cpp over the same 16-byte range. The Code/gen_asm/d_000f93a0.asm dump reproduces those bytes but carries no identity."
?d_00135640@@YAXXZ,0x00135640,"gen-dump placeholder superseded by the real identity of these bytes: ?dup_00135640@@YAXXZ, byte-verified from Code/GameEngine/Source/Common/Audio/GameAudio.cpp over the same 16-byte range. The Code/gen_asm/d_000f93a0.asm dump reproduces those bytes but carries no identity."
?d_00135660@@YAXXZ,0x00135660,"gen-dump placeholder superseded by the real identity of these bytes: ?dup_00135660@@YAXXZ, byte-verified from Code/GameEngine/Source/Common/Audio/GameAudio.cpp over the same 16-byte range. The Code/gen_asm/d_000f93a0.asm dump reproduces those bytes but carries no identity."
?d_0013d3d0@@YAXXZ,0x0013D3D0,"gen-dump placeholder superseded by the real identity of these bytes: ?dup_0013d3d0@@YAXXZ, byte-verified from Code/GameEngine/Source/Common/Audio/GameAudio.cpp over the same 23-byte range. The Code/gen_asm/d_00138250.asm dump reproduces those bytes but carries no identity."
?d_0013d3f0@@YAXXZ,0x0013D3F0,"gen-dump placeholder superseded by the real identity of these bytes: ?dup_0013d3f0@@YAXXZ, byte-verified from Code/GameEngine/Source/Common/Audio/GameAudio.cpp over the same 23-byte range. The Code/gen_asm/d_00138250.asm dump reproduces those bytes but carries no identity."
?d_0013d410@@YAXXZ,0x0013D410,"gen-dump placeholder superseded by the real identity of these bytes: ?dup_0013d410@@YAXXZ, byte-verified from Code/GameEngine/Source/Common/Audio/GameAudio.cpp over the same 23-byte range. The Code/gen_asm/d_00138250.asm dump reproduces those bytes but carries no identity."
?d_0013d460@@YAXXZ,0x0013D460,"gen-dump placeholder superseded by the real identity of these bytes: ?dup_0013d460@@YAXXZ, byte-verified from Code/GameEngine/Source/Common/Audio/GameAudio.cpp over the same 23-byte range. The Code/gen_asm/d_00138250.asm dump reproduces those bytes but carries no identity."
?d_0013d4e0@@YAXXZ,0x0013D4E0,"gen-dump placeholder superseded by the real identity of these bytes: ?dup_0013d4e0@@YAXXZ, byte-verified from Code/GameEngine/Source/Common/Audio/GameAudio.cpp over the same 11-byte range. The Code/gen_asm/d_00138250.asm dump reproduces those bytes but carries no identity."
?d_0013d4f0@@YAXXZ,0x0013D4F0,"gen-dump placeholder superseded by the real identity of these bytes: ?dup_0013d4f0@@YAXXZ, byte-verified from Code/GameEngine/Source/Common/Audio/GameAudio.cpp over the same 23-byte range. The Code/gen_asm/d_00138250.asm dump reproduces those bytes but carries no identity."
?d_0013d510@@YAXXZ,0x0013D510,"gen-dump placeholder superseded by the real identity of these bytes: ?dup_0013d510@@YAXXZ, byte-verified from Code/GameEngine/Source/Common/Audio/GameAudio.cpp over the same 11-byte range. The Code/gen_asm/d_00138250.asm dump reproduces those bytes but carries no identity."
?d_0013f190@@YAXXZ,0x0013F190,"gen-dump placeholder superseded by the real identity of these bytes: ?dup_0013f190@@YAXXZ, byte-verified from Code/GameEngine/Source/Common/Audio/GameAudio.cpp over the same 11-byte range. The Code/gen_asm/d_00138250.asm dump reproduces those bytes but carries no identity."
?d_0013f250@@YAXXZ,0x0013F250,"gen-dump placeholder superseded by the real identity of these bytes: ?dup_0013f250@@YAXXZ, byte-verified from Code/GameEngine/Source/Common/Audio/GameAudio.cpp over the same 11-byte range. The Code/gen_asm/d_00138250.asm dump reproduces those bytes but carries no identity."
?d_0013f2a0@@YAXXZ,0x0013F2A0,"gen-dump placeholder superseded by the real identity of these bytes: ?dup_0013f2a0@@YAXXZ, byte-verified from Code/GameEngine/Source/Common/Audio/GameAudio.cpp over the same 11-byte range. The Code/gen_asm/d_00138250.asm dump reproduces those bytes but carries no identity."
?d_0013f340@@YAXXZ,0x0013F340,"gen-dump placeholder superseded by the real identity of these bytes: ?dup_0013f340@@YAXXZ, byte-verified from Code/GameEngine/Source/Common/Audio/GameAudio.cpp over the same 11-byte range. The Code/gen_asm/d_00138250.asm dump reproduces those bytes but carries no identity."
?d_0013f5c0@@YAXXZ,0x0013F5C0,"gen-dump placeholder superseded by the real identity of these bytes: ?dup_0013f5c0@@YAXXZ, byte-verified from Code/GameEngine/Source/Common/Audio/GameAudio.cpp over the same 11-byte range. The Code/gen_asm/d_00138250.asm dump reproduces those bytes but carries no identity."
?d_001401f0@@YAXXZ,0x001401F0,"gen-dump placeholder superseded by the real identity of these bytes: ?dup_001401f0@@YAXXZ, byte-verified from Code/GameEngine/Source/Common/Audio/GameAudio.cpp over the same 15-byte range. The Code/gen_asm/d_00138250.asm dump reproduces those bytes but carries no identity."
?d_00140210@@YAXXZ,0x00140210,"gen-dump placeholder superseded by the real identity of these bytes: ?dup_00140210@@YAXXZ, byte-verified from Code/GameEngine/Source/Common/Audio/GameAudio.cpp over the same 15-byte range. The Code/gen_asm/d_00138250.asm dump reproduces those bytes but carries no identity."
?d_00140230@@YAXXZ,0x00140230,"gen-dump placeholder superseded by the real identity of these bytes: ?dup_00140230@@YAXXZ, byte-verified from Code/GameEngine/Source/Common/Audio/GameAudio.cpp over the same 15-byte range. The Code/gen_asm/d_00138250.asm dump reproduces those bytes but carries no identity."
?d_001402f0@@YAXXZ,0x001402F0,"gen-dump placeholder superseded by the real identity of these bytes: ?dup_001402f0@@YAXXZ, byte-verified from Code/GameEngine/Source/Common/Audio/GameAudio.cpp over the same 15-byte range. The Code/gen_asm/d_00138250.asm dump reproduces those bytes but carries no identity."
?d_00140490@@YAXXZ,0x00140490,"gen-dump placeholder superseded by the real identity of these bytes: ?dup_00140490@@YAXXZ, byte-verified from Code/GameEngine/Source/Common/Audio/GameAudio.cpp over the same 15-byte range. The Code/gen_asm/d_00138250.asm dump reproduces those bytes but carries no identity."
?d_001406d0@@YAXXZ,0x001406D0,"gen-dump placeholder superseded by the real identity of these bytes: ?dup_001406d0@@YAXXZ, byte-verified from Code/GameEngine/Source/Common/Audio/GameAudio.cpp over the same 15-byte range. The Code/gen_asm/d_00138250.asm dump reproduces those bytes but carries no identity."
?d_00140a40@@YAXXZ,0x00140A40,"gen-dump placeholder superseded by the real identity of these bytes: ?dup_00140a40@@YAXXZ, byte-verified from Code/GameEngine/Source/Common/Audio/GameAudio.cpp over the same 15-byte range. The Code/gen_asm/d_00138250.asm dump reproduces those bytes but carries no identity."
?d_001488c0@@YAXXZ,0x001488C0,"gen-dump placeholder superseded by the real identity of these bytes: ?dup_001488c0@@YAXXZ, byte-verified from Code/GameEngine/Source/Common/Audio/GameAudio.cpp over the same 6-byte range. The Code/gen_asm/d_00138250.asm dump reproduces those bytes but carries no identity."
?d_001488d0@@YAXXZ,0x001488D0,"gen-dump placeholder superseded by the real identity of these bytes: ?dup_001488d0@@YAXXZ, byte-verified from Code/GameEngine/Source/Common/Audio/GameAudio.cpp over the same 9-byte range. The Code/gen_asm/d_00138250.asm dump reproduces those bytes but carries no identity."
?d_001488e0@@YAXXZ,0x001488E0,"gen-dump placeholder superseded by the real identity of these bytes: ?dup_001488e0@@YAXXZ, byte-verified from Code/GameEngine/Source/Common/Audio/GameAudio.cpp over the same 19-byte range. The Code/gen_asm/d_00138250.asm dump reproduces those bytes but carries no identity."
?d_00148900@@YAXXZ,0x00148900,"gen-dump placeholder superseded by the real identity of these bytes: ?dup_00148900@@YAXXZ, byte-verified from Code/GameEngine/Source/Common/Audio/GameAudio.cpp over the same 11-byte range. The Code/gen_asm/d_00138250.asm dump reproduces those bytes but carries no identity."
?d_00148910@@YAXXZ,0x00148910,"gen-dump placeholder superseded by the real identity of these bytes: ?dup_00148910@@YAXXZ, byte-verified from Code/GameEngine/Source/Common/Audio/GameAudio.cpp over the same 11-byte range. The Code/gen_asm/d_00138250.asm dump reproduces those bytes but carries no identity."
?d_001489c0@@YAXXZ,0x001489C0,"gen-dump placeholder superseded by the real identity of these bytes: ?dup_001489c0@@YAXXZ, byte-verified from Code/GameEngine/Source/Common/Audio/GameAudio.cpp over the same 13-byte range. The Code/gen_asm/d_00138250.asm dump reproduces those bytes but carries no identity."
?d_001489e0@@YAXXZ,0x001489E0,"gen-dump placeholder superseded by the real identity of these bytes: ?dup_001489e0@@YAXXZ, byte-verified from Code/GameEngine/Source/Common/Audio/GameAudio.cpp over the same 11-byte range. The Code/gen_asm/d_00138250.asm dump reproduces those bytes but carries no identity."
?d_0014a8b0@@YAXXZ,0x0014A8B0,"gen-dump placeholder superseded by the real identity of these bytes: ?dup_0014a8b0@@YAXXZ, byte-verified from Code/GameEngine/Source/Common/Audio/GameAudio.cpp over the same 13-byte range. The Code/gen_asm/d_00138250.asm dump reproduces those bytes but carries no identity."
?d_0014a8d0@@YAXXZ,0x0014A8D0,"gen-dump placeholder superseded by the real identity of these bytes: ?dup_0014a8d0@@YAXXZ, byte-verified from Code/GameEngine/Source/Common/Audio/GameAudio.cpp over the same 9-byte range. The Code/gen_asm/d_00138250.asm dump reproduces those bytes but carries no identity."
?d_0014a8e0@@YAXXZ,0x0014A8E0,"gen-dump placeholder superseded by the real identity of these bytes: ?dup_0014a8e0@@YAXXZ, byte-verified from Code/GameEngine/Source/Common/Audio/GameAudio.cpp over the same 11-byte range. The Code/gen_asm/d_00138250.asm dump reproduces those bytes but carries no identity."
?d_0014a910@@YAXXZ,0x0014A910,"gen-dump placeholder superseded by the real identity of these bytes: ?dup_0014a910@@YAXXZ, byte-verified from Code/GameEngine/Source/Common/Audio/GameAudio.cpp over the same 11-byte range. The Code/gen_asm/d_00138250.asm dump reproduces those bytes but carries no identity."
?d_0014a920@@YAXXZ,0x0014A920,"gen-dump placeholder superseded by the real identity of these bytes: ?dup_0014a920@@YAXXZ, byte-verified from Code/GameEngine/Source/Common/Audio/GameAudio.cpp over the same 11-byte range. The Code/gen_asm/d_00138250.asm dump reproduces those bytes but carries no identity."
?d_0014a9d0@@YAXXZ,0x0014A9D0,"gen-dump placeholder superseded by the real identity of these bytes: ?dup_0014a9d0@@YAXXZ, byte-verified from Code/GameEngine/Source/Common/Audio/GameAudio.cpp over the same 11-byte range. The Code/gen_asm/d_00138250.asm dump reproduces those bytes but carries no identity."
?d_00150260@@YAXXZ,0x00150260,"gen-dump placeholder superseded by the real identity of these bytes: ?dup_00150260@@YAXXZ, byte-verified from Code/GameEngine/Source/Common/Audio/GameAudio.cpp over the same 13-byte range. The Code/gen_asm/d_00138250.asm dump reproduces those bytes but carries no identity."
?d_00150280@@YAXXZ,0x00150280,"gen-dump placeholder superseded by the real identity of these bytes: ?dup_00150280@@YAXXZ, byte-verified from Code/GameEngine/Source/Common/Audio/GameAudio.cpp over the same 9-byte range. The Code/gen_asm/d_00138250.asm dump reproduces those bytes but carries no identity."
?d_001502a0@@YAXXZ,0x001502A0,"gen-dump placeholder superseded by the real identity of these bytes: ?dup_001502a0@@YAXXZ, byte-verified from Code/GameEngine/Source/Common/Audio/GameAudio.cpp over the same 11-byte range. The Code/gen_asm/d_00138250.asm dump reproduces those bytes but carries no identity."
?d_001502b0@@YAXXZ,0x001502B0,"gen-dump placeholder superseded by the real identity of these bytes: ?dup_001502b0@@YAXXZ, byte-verified from Code/GameEngine/Source/Common/Audio/GameAudio.cpp over the same 23-byte range. The Code/gen_asm/d_00138250.asm dump reproduces those bytes but carries no identity."
?d_00150760@@YAXXZ,0x00150760,"gen-dump placeholder superseded by the real identity of these bytes: ?dup_00150760@@YAXXZ, byte-verified from Code/GameEngine/Source/Common/Audio/GameAudio.cpp over the same 13-byte range. The Code/gen_asm/d_00138250.asm dump reproduces those bytes but carries no identity."
?d_001507d0@@YAXXZ,0x001507D0,"gen-dump placeholder superseded by the real identity of these bytes: ?dup_001507d0@@YAXXZ, byte-verified from Code/GameEngine/Source/Common/Audio/GameAudio.cpp over the same 11-byte range. The Code/gen_asm/d_00138250.asm dump reproduces those bytes but carries no identity."
?d_00151a60@@YAXXZ,0x00151A60,"gen-dump placeholder superseded by the real identity of these bytes: ?dup_00151a60@@YAXXZ, byte-verified from Code/GameEngine/Source/Common/Audio/GameAudio.cpp over the same 15-byte range. The Code/gen_asm/d_00138250.asm dump reproduces those bytes but carries no identity."
?d_001605a0@@YAXXZ,0x001605A0,"gen-dump placeholder superseded by the real identity of these bytes: ?dup_001605a0@@YAXXZ, byte-verified from Code/GameEngine/Source/Common/Audio/GameAudio.cpp over the same 16-byte range. The Code/gen_asm/d_00138250.asm dump reproduces those bytes but carries no identity."
?d_00160690@@YAXXZ,0x00160690,"gen-dump placeholder superseded by the real identity of these bytes: ?dup_00160690@@YAXXZ, byte-verified from Code/GameEngine/Source/Common/Audio/GameAudio.cpp over the same 16-byte range. The Code/gen_asm/d_00138250.asm dump reproduces those bytes but carries no identity."
?d_00161120@@YAXXZ,0x00161120,"gen-dump placeholder superseded by the real identity of these bytes: ?dup_00161120@@YAXXZ, byte-verified from Code/GameEngine/Source/Common/Audio/GameAudio.cpp over the same 18-byte range. The Code/gen_asm/d_00138250.asm dump reproduces those bytes but carries no identity."
?d_0016e220@@YAXXZ,0x0016E220,"gen-dump placeholder superseded by the real identity of these bytes: ?dup_0016e220@@YAXXZ, byte-verified from Code/GameEngine/Source/Common/Audio/GameAudio.cpp over the same 9-byte range. The Code/gen_asm/d_00168d40.asm dump reproduces those bytes but carries no identity."
?d_0016e230@@YAXXZ,0x0016E230,"gen-dump placeholder superseded by the real identity of these bytes: ?dup_0016e230@@YAXXZ, byte-verified from Code/GameEngine/Source/Common/Audio/GameAudio.cpp over the same 9-byte range. The Code/gen_asm/d_00168d40.asm dump reproduces those bytes but carries no identity."
?d_0018b3e0@@YAXXZ,0x0018B3E0,"gen-dump placeholder superseded by the real identity of these bytes: ?dup_0018b3e0@@YAXXZ, byte-verified from Code/GameEngine/Source/Common/Audio/GameAudio.cpp over the same 23-byte range. The Code/gen_asm/d_00188e80.asm dump reproduces those bytes but carries no identity."
?d_0018b440@@YAXXZ,0x0018B440,"gen-dump placeholder superseded by the real identity of these bytes: ?dup_0018b440@@YAXXZ, byte-verified from Code/GameEngine/Source/Common/Audio/GameAudio.cpp over the same 29-byte range. The Code/gen_asm/d_00188e80.asm dump reproduces those bytes but carries no identity."
?d_00191930@@YAXXZ,0x00191930,"gen-dump placeholder superseded by the real identity of these bytes: ?dup_00191930@@YAXXZ, byte-verified from Code/GameEngine/Source/Common/Audio/GameAudio.cpp over the same 13-byte range. The Code/gen_asm/d_00188e80.asm dump reproduces those bytes but carries no identity."
?d_00191a00@@YAXXZ,0x00191A00,"gen-dump placeholder superseded by the real identity of these bytes: ??D?$reverse_iterator@PAVAsciiString@@@_STL@@QBEAAVAsciiString@@XZ, byte-verified from Code/GameEngine/Source/Common/Audio/GameAudio.cpp over the same 6-byte range. The Code/gen_asm/d_00188e80.asm dump reproduces those bytes but carries no identity."
?d_00191a10@@YAXXZ,0x00191A10,"gen-dump placeholder superseded by the real identity of these bytes: ??E?$reverse_iterator@PAVAsciiString@@@_STL@@QAEAAV01@XZ, byte-verified from Code/GameEngine/Source/Common/Audio/GameAudio.cpp over the same 6-byte range. The Code/gen_asm/d_00188e80.asm dump reproduces those bytes but carries no identity."
?d_00191a20@@YAXXZ,0x00191A20,"gen-dump placeholder superseded by the real identity of these bytes: ?dup_00191a20@@YAXXZ, byte-verified from Code/GameEngine/Source/Common/Audio/GameAudio.cpp over the same 13-byte range. The Code/gen_asm/d_00188e80.asm dump reproduces those bytes but carries no identity."
?d_00191ad0@@YAXXZ,0x00191AD0,"gen-dump placeholder superseded by the real identity of these bytes: ?dup_00191ad0@@YAXXZ, byte-verified from Code/GameEngine/Source/Common/Audio/GameAudio.cpp over the same 6-byte range. The Code/gen_asm/d_00188e80.asm dump reproduces those bytes but carries no identity."
?d_00191ae0@@YAXXZ,0x00191AE0,"gen-dump placeholder superseded by the real identity of these bytes: ?dup_00191ae0@@YAXXZ, byte-verified from Code/GameEngine/Source/Common/Audio/GameAudio.cpp over the same 13-byte range. The Code/gen_asm/d_00188e80.asm dump reproduces those bytes but carries no identity."
?d_00191c00@@YAXXZ,0x00191C00,"gen-dump placeholder superseded by the real identity of these bytes: ?dup_00191c00@@YAXXZ, byte-verified from Code/GameEngine/Source/Common/Audio/GameAudio.cpp over the same 11-byte range. The Code/gen_asm/d_00188e80.asm dump reproduces those bytes but carries no identity."
?d_00191c30@@YAXXZ,0x00191C30,"gen-dump placeholder superseded by the real identity of these bytes: ?dup_00191c30@@YAXXZ, byte-verified from Code/GameEngine/Source/Common/Audio/GameAudio.cpp over the same 11-byte range. The Code/gen_asm/d_00188e80.asm dump reproduces those bytes but carries no identity."
?d_00191c40@@YAXXZ,0x00191C40,"gen-dump placeholder superseded by the real identity of these bytes: ?dup_00191c40@@YAXXZ, byte-verified from Code/GameEngine/Source/Common/Audio/GameAudio.cpp over the same 13-byte range. The Code/gen_asm/d_00188e80.asm dump reproduces those bytes but carries no identity."
?d_00191d00@@YAXXZ,0x00191D00,"gen-dump placeholder superseded by the real identity of these bytes: ?dup_00191d00@@YAXXZ, byte-verified from Code/GameEngine/Source/Common/Audio/GameAudio.cpp over the same 6-byte range. The Code/gen_asm/d_00188e80.asm dump reproduces those bytes but carries no identity."
?d_00191d30@@YAXXZ,0x00191D30,"gen-dump placeholder superseded by the real identity of these bytes: ?dup_00191d30@@YAXXZ, byte-verified from Code/GameEngine/Source/Common/Audio/GameAudio.cpp over the same 6-byte range. The Code/gen_asm/d_00188e80.asm dump reproduces those bytes but carries no identity."
?d_00191d60@@YAXXZ,0x00191D60,"gen-dump placeholder superseded by the real identity of these bytes: ?dup_00191d60@@YAXXZ, byte-verified from Code/GameEngine/Source/Common/Audio/GameAudio.cpp over the same 11-byte range. The Code/gen_asm/d_00188e80.asm dump reproduces those bytes but carries no identity."
?d_00191d70@@YAXXZ,0x00191D70,"gen-dump placeholder superseded by the real identity of these bytes: ?dup_00191d70@@YAXXZ, byte-verified from Code/GameEngine/Source/Common/Audio/GameAudio.cpp over the same 23-byte range. The Code/gen_asm/d_00188e80.asm dump reproduces those bytes but carries no identity."
?d_00191db0@@YAXXZ,0x00191DB0,"gen-dump placeholder superseded by the real identity of these bytes: ?dup_00191db0@@YAXXZ, byte-verified from Code/GameEngine/Source/Common/Audio/GameAudio.cpp over the same 23-byte range. The Code/gen_asm/d_00188e80.asm dump reproduces those bytes but carries no identity."
?d_00191de0@@YAXXZ,0x00191DE0,"gen-dump placeholder superseded by the real identity of these bytes: ?dup_00191de0@@YAXXZ, byte-verified from Code/GameEngine/Source/Common/Audio/GameAudio.cpp over the same 6-byte range. The Code/gen_asm/d_00188e80.asm dump reproduces those bytes but carries no identity."
?d_00191e20@@YAXXZ,0x00191E20,"gen-dump placeholder superseded by the real identity of these bytes: ?dup_00191e20@@YAXXZ, byte-verified from Code/GameEngine/Source/Common/Audio/GameAudio.cpp over the same 6-byte range. The Code/gen_asm/d_00188e80.asm dump reproduces those bytes but carries no identity."
?d_00191e60@@YAXXZ,0x00191E60,"gen-dump placeholder superseded by the real identity of these bytes: ?dup_00191e60@@YAXXZ, byte-verified from Code/GameEngine/Source/Common/Audio/GameAudio.cpp over the same 23-byte range. The Code/gen_asm/d_00188e80.asm dump reproduces those bytes but carries no identity."
?d_00191e80@@YAXXZ,0x00191E80,"gen-dump placeholder superseded by the real identity of these bytes: ?dup_00191e80@@YAXXZ, byte-verified from Code/GameEngine/Source/Common/Audio/GameAudio.cpp over the same 11-byte range. The Code/gen_asm/d_00188e80.asm dump reproduces those bytes but carries no identity."
?d_00191e90@@YAXXZ,0x00191E90,"gen-dump placeholder superseded by the real identity of these bytes: ?dup_00191e90@@YAXXZ, byte-verified from Code/GameEngine/Source/Common/Audio/GameAudio.cpp over the same 23-byte range. The Code/gen_asm/d_00188e80.asm dump reproduces those bytes but carries no identity."
?d_00191ec0@@YAXXZ,0x00191EC0,"gen-dump placeholder superseded by the real identity of these bytes: ?dup_00191ec0@@YAXXZ, byte-verified from Code/GameEngine/Source/Common/Audio/GameAudio.cpp over the same 11-byte range. The Code/gen_asm/d_00188e80.asm dump reproduces those bytes but carries no identity."
?d_00191ed0@@YAXXZ,0x00191ED0,"gen-dump placeholder superseded by the real identity of these bytes: ?dup_00191ed0@@YAXXZ, byte-verified from Code/GameEngine/Source/Common/Audio/GameAudio.cpp over the same 11-byte range. The Code/gen_asm/d_00188e80.asm dump reproduces those bytes but carries no identity."
?d_00191ee0@@YAXXZ,0x00191EE0,"gen-dump placeholder superseded by the real identity of these bytes: ?dup_00191ee0@@YAXXZ, byte-verified from Code/GameEngine/Source/Common/Audio/GameAudio.cpp over the same 23-byte range. The Code/gen_asm/d_00188e80.asm dump reproduces those bytes but carries no identity."
?d_00192440@@YAXXZ,0x00192440,"gen-dump placeholder superseded by the real identity of these bytes: ?dup_00192440@@YAXXZ, byte-verified from Code/GameEngine/Source/Common/Audio/GameAudio.cpp over the same 7-byte range. The Code/gen_asm/d_00188e80.asm dump reproduces those bytes but carries no identity."
?d_00192450@@YAXXZ,0x00192450,"gen-dump placeholder superseded by the real identity of these bytes: ?dup_00192450@@YAXXZ, byte-verified from Code/GameEngine/Source/Common/Audio/GameAudio.cpp over the same 7-byte range. The Code/gen_asm/d_00188e80.asm dump reproduces those bytes but carries no identity."
?d_001924b0@@YAXXZ,0x001924B0,"gen-dump placeholder superseded by the real identity of these bytes: ?dup_001924b0@@YAXXZ, byte-verified from Code/GameEngine/Source/Common/Audio/GameAudio.cpp over the same 13-byte range. The Code/gen_asm/d_00188e80.asm dump reproduces those bytes but carries no identity."
?d_00192d20@@YAXXZ,0x00192D20,"gen-dump placeholder superseded by the real identity of these bytes: ?dup_00192d20@@YAXXZ, byte-verified from Code/GameEngine/Source/Common/Audio/GameAudio.cpp over the same 11-byte range. The Code/gen_asm/d_00188e80.asm dump reproduces those bytes but carries no identity."
?d_00192e10@@YAXXZ,0x00192E10,"gen-dump placeholder superseded by the real identity of these bytes: ?dup_00192e10@@YAXXZ, byte-verified from Code/GameEngine/Source/Common/Audio/GameAudio.cpp over the same 15-byte range. The Code/gen_asm/d_00188e80.asm dump reproduces those bytes but carries no identity."
?d_00192e90@@YAXXZ,0x00192E90,"gen-dump placeholder superseded by the real identity of these bytes: ?dup_00192e90@@YAXXZ, byte-verified from Code/GameEngine/Source/Common/Audio/GameAudio.cpp over the same 15-byte range. The Code/gen_asm/d_00188e80.asm dump reproduces those bytes but carries no identity."
?d_00193260@@YAXXZ,0x00193260,"gen-dump placeholder superseded by the real identity of these bytes: ?dup_00193260@@YAXXZ, byte-verified from Code/GameEngine/Source/Common/Audio/GameAudio.cpp over the same 11-byte range. The Code/gen_asm/d_00188e80.asm dump reproduces those bytes but carries no identity."
?d_00193300@@YAXXZ,0x00193300,"gen-dump placeholder superseded by the real identity of these bytes: ?dup_00193300@@YAXXZ, byte-verified from Code/GameEngine/Source/Common/Audio/GameAudio.cpp over the same 11-byte range. The Code/gen_asm/d_00188e80.asm dump reproduces those bytes but carries no identity."
?d_00193a30@@YAXXZ,0x00193A30,"gen-dump placeholder superseded by the real identity of these bytes: ?dup_00193a30@@YAXXZ, byte-verified from Code/GameEngine/Source/Common/Audio/GameAudio.cpp over the same 18-byte range. The Code/gen_asm/d_00188e80.asm dump reproduces those bytes but carries no identity."
?d_00194950@@YAXXZ,0x00194950,"gen-dump placeholder superseded by the real identity of these bytes: ?dup_00194950@@YAXXZ, byte-verified from Code/GameEngine/Source/Common/Audio/GameAudio.cpp over the same 11-byte range. The Code/gen_asm/d_00188e80.asm dump reproduces those bytes but carries no identity."
?d_001949a0@@YAXXZ,0x001949A0,"gen-dump placeholder superseded by the real identity of these bytes: ?dup_001949a0@@YAXXZ, byte-verified from Code/GameEngine/Source/Common/Audio/GameAudio.cpp over the same 11-byte range. The Code/gen_asm/d_00188e80.asm dump reproduces those bytes but carries no identity."
?d_001949b0@@YAXXZ,0x001949B0,"gen-dump placeholder superseded by the real identity of these bytes: ?dup_001949b0@@YAXXZ, byte-verified from Code/GameEngine/Source/Common/Audio/GameAudio.cpp over the same 11-byte range. The Code/gen_asm/d_00188e80.asm dump reproduces those bytes but carries no identity."
?d_00194a40@@YAXXZ,0x00194A40,"gen-dump placeholder superseded by the real identity of these bytes: ?dup_00194a40@@YAXXZ, byte-verified from Code/GameEngine/Source/Common/Audio/GameAudio.cpp over the same 11-byte range. The Code/gen_asm/d_00188e80.asm dump reproduces those bytes but carries no identity."
?d_00194a50@@YAXXZ,0x00194A50,"gen-dump placeholder superseded by the real identity of these bytes: ?dup_00194a50@@YAXXZ, byte-verified from Code/GameEngine/Source/Common/Audio/GameAudio.cpp over the same 11-byte range. The Code/gen_asm/d_00188e80.asm dump reproduces those bytes but carries no identity."
?d_00195710@@YAXXZ,0x00195710,"gen-dump placeholder superseded by the real identity of these bytes: ?dup_00195710@@YAXXZ, byte-verified from Code/GameEngine/Source/Common/Audio/GameAudio.cpp over the same 15-byte range. The Code/gen_asm/d_00188e80.asm dump reproduces those bytes but carries no identity."
?d_00195770@@YAXXZ,0x00195770,"gen-dump placeholder superseded by the real identity of these bytes: ?dup_00195770@@YAXXZ, byte-verified from Code/GameEngine/Source/Common/Audio/GameAudio.cpp over the same 15-byte range. The Code/gen_asm/d_00188e80.asm dump reproduces those bytes but carries no identity."
?d_00195790@@YAXXZ,0x00195790,"gen-dump placeholder superseded by the real identity of these bytes: ?dup_00195790@@YAXXZ, byte-verified from Code/GameEngine/Source/Common/Audio/GameAudio.cpp over the same 15-byte range. The Code/gen_asm/d_00188e80.asm dump reproduces those bytes but carries no identity."
?d_001957f0@@YAXXZ,0x001957F0,"gen-dump placeholder superseded by the real identity of these bytes: ?dup_001957f0@@YAXXZ, byte-verified from Code/GameEngine/Source/Common/Audio/GameAudio.cpp over the same 15-byte range. The Code/gen_asm/d_00188e80.asm dump reproduces those bytes but carries no identity."
?d_001a0df0@@YAXXZ,0x001A0DF0,"gen-dump placeholder superseded by the real identity of these bytes: ?dup_001a0df0@@YAXXZ, byte-verified from Code/GameEngine/Source/Common/Audio/GameAudio.cpp over the same 18-byte range. The Code/gen_asm/d_00188e80.asm dump reproduces those bytes but carries no identity."
?d_001a0eb0@@YAXXZ,0x001A0EB0,"gen-dump placeholder superseded by the real identity of these bytes: ?dup_001a0eb0@@YAXXZ, byte-verified from Code/GameEngine/Source/Common/Audio/GameAudio.cpp over the same 19-byte range. The Code/gen_asm/d_00188e80.asm dump reproduces those bytes but carries no identity."
?d_001a33f0@@YAXXZ,0x001A33F0,"gen-dump placeholder superseded by the real identity of these bytes: ?dup_001a33f0@@YAXXZ, byte-verified from Code/GameEngine/Source/Common/Audio/GameAudio.cpp over the same 11-byte range. The Code/gen_asm/d_00188e80.asm dump reproduces those bytes but carries no identity."
?d_001a3400@@YAXXZ,0x001A3400,"gen-dump placeholder superseded by the real identity of these bytes: ?dup_001a3400@@YAXXZ, byte-verified from Code/GameEngine/Source/Common/Audio/GameAudio.cpp over the same 11-byte range. The Code/gen_asm/d_00188e80.asm dump reproduces those bytes but carries no identity."
?d_001a4280@@YAXXZ,0x001A4280,"gen-dump placeholder superseded by the real identity of these bytes: ?dup_001a4280@@YAXXZ, byte-verified from Code/GameEngine/Source/Common/Audio/GameAudio.cpp over the same 6-byte range. The Code/gen_asm/d_00188e80.asm dump reproduces those bytes but carries no identity."
?d_001a4290@@YAXXZ,0x001A4290,"gen-dump placeholder superseded by the real identity of these bytes: ?dup_001a4290@@YAXXZ, byte-verified from Code/GameEngine/Source/Common/Audio/GameAudio.cpp over the same 9-byte range. The Code/gen_asm/d_00188e80.asm dump reproduces those bytes but carries no identity."
?d_001a42d0@@YAXXZ,0x001A42D0,"gen-dump placeholder superseded by the real identity of these bytes: ?dup_001a42d0@@YAXXZ, byte-verified from Code/GameEngine/Source/Common/Audio/GameAudio.cpp over the same 13-byte range. The Code/gen_asm/d_00188e80.asm dump reproduces those bytes but carries no identity."
?d_001a4310@@YAXXZ,0x001A4310,"gen-dump placeholder superseded by the real identity of these bytes: ?dup_001a4310@@YAXXZ, byte-verified from Code/GameEngine/Source/Common/Audio/GameAudio.cpp over the same 11-byte range. The Code/gen_asm/d_00188e80.asm dump reproduces those bytes but carries no identity."
?d_001a4420@@YAXXZ,0x001A4420,"gen-dump placeholder superseded by the real identity of these bytes: ?dup_001a4420@@YAXXZ, byte-verified from Code/GameEngine/Source/Common/Audio/GameAudio.cpp over the same 6-byte range. The Code/gen_asm/d_00188e80.asm dump reproduces those bytes but carries no identity."
?d_001a44a0@@YAXXZ,0x001A44A0,"gen-dump placeholder superseded by the real identity of these bytes: ?dup_001a44a0@@YAXXZ, byte-verified from Code/GameEngine/Source/Common/Audio/GameAudio.cpp over the same 23-byte range. The Code/gen_asm/d_00188e80.asm dump reproduces those bytes but carries no identity."
?d_001a4540@@YAXXZ,0x001A4540,"gen-dump placeholder superseded by the real identity of these bytes: ?dup_001a4540@@YAXXZ, byte-verified from Code/GameEngine/Source/Common/Audio/GameAudio.cpp over the same 11-byte range. The Code/gen_asm/d_00188e80.asm dump reproduces those bytes but carries no identity."
?d_001a4550@@YAXXZ,0x001A4550,"gen-dump placeholder superseded by the real identity of these bytes: ?dup_001a4550@@YAXXZ, byte-verified from Code/GameEngine/Source/Common/Audio/GameAudio.cpp over the same 11-byte range. The Code/gen_asm/d_00188e80.asm dump reproduces those bytes but carries no identity."
?d_001a5c60@@YAXXZ,0x001A5C60,"gen-dump placeholder superseded by the real identity of these bytes: ?dup_001a5c60@@YAXXZ, byte-verified from Code/GameEngine/Source/Common/Audio/GameAudio.cpp over the same 19-byte range. The Code/gen_asm/d_00188e80.asm dump reproduces those bytes but carries no identity."
?d_001a6b80@@YAXXZ,0x001A6B80,"gen-dump placeholder superseded by the real identity of these bytes: ?dup_001a6b80@@YAXXZ, byte-verified from Code/GameEngine/Source/Common/Audio/GameAudio.cpp over the same 13-byte range. The Code/gen_asm/d_00188e80.asm dump reproduces those bytes but carries no identity."
?d_001a6bc0@@YAXXZ,0x001A6BC0,"gen-dump placeholder superseded by the real identity of these bytes: ?dup_001a6bc0@@YAXXZ, byte-verified from Code/GameEngine/Source/Common/Audio/GameAudio.cpp over the same 13-byte range. The Code/gen_asm/d_00188e80.asm dump reproduces those bytes but carries no identity."
?d_001a6c20@@YAXXZ,0x001A6C20,"gen-dump placeholder superseded by the real identity of these bytes: ?dup_001a6c20@@YAXXZ, byte-verified from Code/GameEngine/Source/Common/Audio/GameAudio.cpp over the same 11-byte range. The Code/gen_asm/d_00188e80.asm dump reproduces those bytes but carries no identity."
?d_001a6cb0@@YAXXZ,0x001A6CB0,"gen-dump placeholder superseded by the real identity of these bytes: ?dup_001a6cb0@@YAXXZ, byte-verified from Code/GameEngine/Source/Common/Audio/GameAudio.cpp over the same 11-byte range. The Code/gen_asm/d_00188e80.asm dump reproduces those bytes but carries no identity."
?d_001a6cc0@@YAXXZ,0x001A6CC0,"gen-dump placeholder superseded by the real identity of these bytes: ?dup_001a6cc0@@YAXXZ, byte-verified from Code/GameEngine/Source/Common/Audio/GameAudio.cpp over the same 11-byte range. The Code/gen_asm/d_00188e80.asm dump reproduces those bytes but carries no identity."
?d_001afdc0@@YAXXZ,0x001AFDC0,"gen-dump placeholder superseded by the real identity of these bytes: ?dup_001afdc0@@YAXXZ, byte-verified from Code/GameEngine/Source/Common/Audio/GameAudio.cpp over the same 18-byte range. The Code/gen_asm/d_001adb10.asm dump reproduces those bytes but carries no identity."
?d_001afde0@@YAXXZ,0x001AFDE0,"gen-dump placeholder superseded by the real identity of these bytes: ?dup_001afde0@@YAXXZ, byte-verified from Code/GameEngine/Source/Common/Audio/GameAudio.cpp over the same 18-byte range. The Code/gen_asm/d_001adb10.asm dump reproduces those bytes but carries no identity."
?d_001afe00@@YAXXZ,0x001AFE00,"gen-dump placeholder superseded by the real identity of these bytes: ?dup_001afe00@@YAXXZ, byte-verified from Code/GameEngine/Source/Common/Audio/GameAudio.cpp over the same 18-byte range. The Code/gen_asm/d_001adb10.asm dump reproduces those bytes but carries no identity."
?d_001aff20@@YAXXZ,0x001AFF20,"gen-dump placeholder superseded by the real identity of these bytes: ?dup_001aff20@@YAXXZ, byte-verified from Code/GameEngine/Source/Common/Audio/GameAudio.cpp over the same 11-byte range. The Code/gen_asm/d_001adb10.asm dump reproduces those bytes but carries no identity."
?d_001aff30@@YAXXZ,0x001AFF30,"gen-dump placeholder superseded by the real identity of these bytes: ?dup_001aff30@@YAXXZ, byte-verified from Code/GameEngine/Source/Common/Audio/GameAudio.cpp over the same 18-byte range. The Code/gen_asm/d_001adb10.asm dump reproduces those bytes but carries no identity."
?d_001aff50@@YAXXZ,0x001AFF50,"gen-dump placeholder superseded by the real identity of these bytes: ?dup_001aff50@@YAXXZ, byte-verified from Code/GameEngine/Source/Common/Audio/GameAudio.cpp over the same 18-byte range. The Code/gen_asm/d_001adb10.asm dump reproduces those bytes but carries no identity."
?d_001b00a0@@YAXXZ,0x001B00A0,"gen-dump placeholder superseded by the real identity of these bytes: ?dup_001b00a0@@YAXXZ, byte-verified from Code/GameEngine/Source/Common/Audio/GameAudio.cpp over the same 16-byte range. The Code/gen_asm/d_001adb10.asm dump reproduces those bytes but carries no identity."
?d_001b00c0@@YAXXZ,0x001B00C0,"gen-dump placeholder superseded by the real identity of these bytes: ?dup_001b00c0@@YAXXZ, byte-verified from Code/GameEngine/Source/Common/Audio/GameAudio.cpp over the same 16-byte range. The Code/gen_asm/d_001adb10.asm dump reproduces those bytes but carries no identity."
?d_001b0330@@YAXXZ,0x001B0330,"gen-dump placeholder superseded by the real identity of these bytes: ?dup_001b0330@@YAXXZ, byte-verified from Code/GameEngine/Source/Common/Audio/GameAudio.cpp over the same 16-byte range. The Code/gen_asm/d_001adb10.asm dump reproduces those bytes but carries no identity."
?d_001b0c80@@YAXXZ,0x001B0C80,"gen-dump placeholder superseded by the real identity of these bytes: ?dup_001b0c80@@YAXXZ, byte-verified from Code/GameEngine/Source/Common/Audio/GameAudio.cpp over the same 18-byte range. The Code/gen_asm/d_001adb10.asm dump reproduces those bytes but carries no identity."
?d_001b4c00@@YAXXZ,0x001B4C00,"gen-dump placeholder superseded by the real identity of these bytes: ?dup_001b4c00@@YAXXZ, byte-verified from Code/GameEngine/Source/Common/Audio/GameAudio.cpp over the same 13-byte range. The Code/gen_asm/d_001adb10.asm dump reproduces those bytes but carries no identity."
?d_001b4d40@@YAXXZ,0x001B4D40,"gen-dump placeholder superseded by the real identity of these bytes: ?dup_001b4d40@@YAXXZ, byte-verified from Code/GameEngine/Source/Common/Audio/GameAudio.cpp over the same 23-byte range. The Code/gen_asm/d_001adb10.asm dump reproduces those bytes but carries no identity."
?d_001b4d80@@YAXXZ,0x001B4D80,"gen-dump placeholder superseded by the real identity of these bytes: ?dup_001b4d80@@YAXXZ, byte-verified from Code/GameEngine/Source/Common/Audio/GameAudio.cpp over the same 6-byte range. The Code/gen_asm/d_001adb10.asm dump reproduces those bytes but carries no identity."
?d_001b4da0@@YAXXZ,0x001B4DA0,"gen-dump placeholder superseded by the real identity of these bytes: ?dup_001b4da0@@YAXXZ, byte-verified from Code/GameEngine/Source/Common/Audio/GameAudio.cpp over the same 7-byte range. The Code/gen_asm/d_001adb10.asm dump reproduces those bytes but carries no identity."
?d_001b4dc0@@YAXXZ,0x001B4DC0,"gen-dump placeholder superseded by the real identity of these bytes: ?dup_001b4dc0@@YAXXZ, byte-verified from Code/GameEngine/Source/Common/Audio/GameAudio.cpp over the same 11-byte range. The Code/gen_asm/d_001adb10.asm dump reproduces those bytes but carries no identity."
?d_001b4dd0@@YAXXZ,0x001B4DD0,"gen-dump placeholder superseded by the real identity of these bytes: ?dup_001b4dd0@@YAXXZ, byte-verified from Code/GameEngine/Source/Common/Audio/GameAudio.cpp over the same 11-byte range. The Code/gen_asm/d_001adb10.asm dump reproduces those bytes but carries no identity."
?d_001b4e60@@YAXXZ,0x001B4E60,"gen-dump placeholder superseded by the real identity of these bytes: ?dup_001b4e60@@YAXXZ, byte-verified from Code/GameEngine/Source/Common/Audio/GameAudio.cpp over the same 7-byte range. The Code/gen_asm/d_001adb10.asm dump reproduces those bytes but carries no identity."
?d_001b4e70@@YAXXZ,0x001B4E70,"gen-dump placeholder superseded by the real identity of these bytes: ?dup_001b4e70@@YAXXZ, byte-verified from Code/GameEngine/Source/Common/Audio/GameAudio.cpp over the same 11-byte range. The Code/gen_asm/d_001adb10.asm dump reproduces those bytes but carries no identity."
?d_001b4e80@@YAXXZ,0x001B4E80,"gen-dump placeholder superseded by the real identity of these bytes: ?dup_001b4e80@@YAXXZ, byte-verified from Code/GameEngine/Source/Common/Audio/GameAudio.cpp over the same 11-byte range. The Code/gen_asm/d_001adb10.asm dump reproduces those bytes but carries no identity."
?d_001b4e90@@YAXXZ,0x001B4E90,"gen-dump placeholder superseded by the real identity of these bytes: ?dup_001b4e90@@YAXXZ, byte-verified from Code/GameEngine/Source/Common/Audio/GameAudio.cpp over the same 13-byte range. The Code/gen_asm/d_001adb10.asm dump reproduces those bytes but carries no identity."
?d_001b4ec0@@YAXXZ,0x001B4EC0,"gen-dump placeholder superseded by the real identity of these bytes: ?dup_001b4ec0@@YAXXZ, byte-verified from Code/GameEngine/Source/Common/Audio/GameAudio.cpp over the same 29-byte range. The Code/gen_asm/d_001adb10.asm dump reproduces those bytes but carries no identity."
?d_001b5020@@YAXXZ,0x001B5020,"gen-dump placeholder superseded by the real identity of these bytes: ?dup_001b5020@@YAXXZ, byte-verified from Code/GameEngine/Source/Common/Audio/GameAudio.cpp over the same 19-byte range. The Code/gen_asm/d_001adb10.asm dump reproduces those bytes but carries no identity."
?d_001b5d60@@YAXXZ,0x001B5D60,"gen-dump placeholder superseded by the real identity of these bytes: ?dup_001b5d60@@YAXXZ, byte-verified from Code/GameEngine/Source/Common/Audio/GameAudio.cpp over the same 7-byte range. The Code/gen_asm/d_001adb10.asm dump reproduces those bytes but carries no identity."
?d_001b5d90@@YAXXZ,0x001B5D90,"gen-dump placeholder superseded by the real identity of these bytes: ?dup_001b5d90@@YAXXZ, byte-verified from Code/GameEngine/Source/Common/Audio/GameAudio.cpp over the same 11-byte range. The Code/gen_asm/d_001adb10.asm dump reproduces those bytes but carries no identity."
?d_001b5da0@@YAXXZ,0x001B5DA0,"gen-dump placeholder superseded by the real identity of these bytes: ?dup_001b5da0@@YAXXZ, byte-verified from Code/GameEngine/Source/Common/Audio/GameAudio.cpp over the same 11-byte range. The Code/gen_asm/d_001adb10.asm dump reproduces those bytes but carries no identity."
?d_001b5e40@@YAXXZ,0x001B5E40,"gen-dump placeholder superseded by the real identity of these bytes: ?dup_001b5e40@@YAXXZ, byte-verified from Code/GameEngine/Source/Common/Audio/GameAudio.cpp over the same 11-byte range. The Code/gen_asm/d_001adb10.asm dump reproduces those bytes but carries no identity."
?d_001b5ef0@@YAXXZ,0x001B5EF0,"gen-dump placeholder superseded by the real identity of these bytes: ?dup_001b5ef0@@YAXXZ, byte-verified from Code/GameEngine/Source/Common/Audio/GameAudio.cpp over the same 11-byte range. The Code/gen_asm/d_001adb10.asm dump reproduces those bytes but carries no identity."
?d_001b5f00@@YAXXZ,0x001B5F00,"gen-dump placeholder superseded by the real identity of these bytes: ?dup_001b5f00@@YAXXZ, byte-verified from Code/GameEngine/Source/Common/Audio/GameAudio.cpp over the same 11-byte range. The Code/gen_asm/d_001adb10.asm dump reproduces those bytes but carries no identity."
?d_001b6600@@YAXXZ,0x001B6600,"gen-dump placeholder superseded by the real identity of these bytes: ?dup_001b6600@@YAXXZ, byte-verified from Code/GameEngine/Source/Common/Audio/GameAudio.cpp over the same 11-byte range. The Code/gen_asm/d_001adb10.asm dump reproduces those bytes but carries no identity."
?d_001b6610@@YAXXZ,0x001B6610,"gen-dump placeholder superseded by the real identity of these bytes: ?dup_001b6610@@YAXXZ, byte-verified from Code/GameEngine/Source/Common/Audio/GameAudio.cpp over the same 11-byte range. The Code/gen_asm/d_001adb10.asm dump reproduces those bytes but carries no identity."
?d_001b69a0@@YAXXZ,0x001B69A0,"gen-dump placeholder superseded by the real identity of these bytes: ?dup_001b69a0@@YAXXZ, byte-verified from Code/GameEngine/Source/Common/Audio/GameAudio.cpp over the same 15-byte range. The Code/gen_asm/d_001adb10.asm dump reproduces those bytes but carries no identity."
?d_001b6b70@@YAXXZ,0x001B6B70,"gen-dump placeholder superseded by the real identity of these bytes: ?dup_001b6b70@@YAXXZ, byte-verified from Code/GameEngine/Source/Common/Audio/GameAudio.cpp over the same 15-byte range. The Code/gen_asm/d_001adb10.asm dump reproduces those bytes but carries no identity."
?d_001bd510@@YAXXZ,0x001BD510,"gen-dump placeholder superseded by the real identity of these bytes: ?dup_001bd510@@YAXXZ, byte-verified from Code/GameEngine/Source/Common/Audio/GameAudio.cpp over the same 16-byte range. The Code/gen_asm/d_001adb10.asm dump reproduces those bytes but carries no identity."
?d_001c0260@@YAXXZ,0x001C0260,"gen-dump placeholder superseded by the real identity of these bytes: ?dup_001c0260@@YAXXZ, byte-verified from Code/GameEngine/Source/Common/Audio/GameAudio.cpp over the same 13-byte range. The Code/gen_asm/d_001adb10.asm dump reproduces those bytes but carries no identity."
?d_001c02f0@@YAXXZ,0x001C02F0,"gen-dump placeholder superseded by the real identity of these bytes: ?dup_001c02f0@@YAXXZ, byte-verified from Code/GameEngine/Source/Common/Audio/GameAudio.cpp over the same 11-byte range. The Code/gen_asm/d_001adb10.asm dump reproduces those bytes but carries no identity."
?d_001c0520@@YAXXZ,0x001C0520,"gen-dump placeholder superseded by the real identity of these bytes: ?dup_001c0520@@YAXXZ, byte-verified from Code/GameEngine/Source/Common/Audio/GameAudio.cpp over the same 23-byte range. The Code/gen_asm/d_001adb10.asm dump reproduces those bytes but carries no identity."
?d_001c2760@@YAXXZ,0x001C2760,"gen-dump placeholder superseded by the real identity of these bytes: ?dup_001c2760@@YAXXZ, byte-verified from Code/GameEngine/Source/Common/Audio/GameAudio.cpp over the same 13-byte range. The Code/gen_asm/d_001adb10.asm dump reproduces those bytes but carries no identity."
?d_001c2780@@YAXXZ,0x001C2780,"gen-dump placeholder superseded by the real identity of these bytes: ?dup_001c2780@@YAXXZ, byte-verified from Code/GameEngine/Source/Common/Audio/GameAudio.cpp over the same 7-byte range. The Code/gen_asm/d_001adb10.asm dump reproduces those bytes but carries no identity."
?d_001c2a30@@YAXXZ,0x001C2A30,"gen-dump placeholder superseded by the real identity of these bytes: ?dup_001c2a30@@YAXXZ, byte-verified from Code/GameEngine/Source/Common/Audio/GameAudio.cpp over the same 11-byte range. The Code/gen_asm/d_001adb10.asm dump reproduces those bytes but carries no identity."
?d_001c4ad0@@YAXXZ,0x001C4AD0,"gen-dump placeholder superseded by the real identity of these bytes: ?dup_001c4ad0@@YAXXZ, byte-verified from Code/GameEngine/Source/Common/Audio/GameAudio.cpp over the same 15-byte range. The Code/gen_asm/d_001adb10.asm dump reproduces those bytes but carries no identity."
?d_001d6050@@YAXXZ,0x001D6050,"gen-dump placeholder superseded by the real identity of these bytes: ?dup_001d6050@@YAXXZ, byte-verified from Code/GameEngine/Source/Common/Audio/GameAudio.cpp over the same 13-byte range. The Code/gen_asm/d_001adb10.asm dump reproduces those bytes but carries no identity."
?d_001d60a0@@YAXXZ,0x001D60A0,"gen-dump placeholder superseded by the real identity of these bytes: ?dup_001d60a0@@YAXXZ, byte-verified from Code/GameEngine/Source/Common/Audio/GameAudio.cpp over the same 23-byte range. The Code/gen_asm/d_001adb10.asm dump reproduces those bytes but carries no identity."
?d_001d60d0@@YAXXZ,0x001D60D0,"gen-dump placeholder superseded by the real identity of these bytes: ?dup_001d60d0@@YAXXZ, byte-verified from Code/GameEngine/Source/Common/Audio/GameAudio.cpp over the same 6-byte range. The Code/gen_asm/d_001adb10.asm dump reproduces those bytes but carries no identity."
?d_001d60f0@@YAXXZ,0x001D60F0,"gen-dump placeholder superseded by the real identity of these bytes: ?dup_001d60f0@@YAXXZ, byte-verified from Code/GameEngine/Source/Common/Audio/GameAudio.cpp over the same 7-byte range. The Code/gen_asm/d_001adb10.asm dump reproduces those bytes but carries no identity."
?d_001d6110@@YAXXZ,0x001D6110,"gen-dump placeholder superseded by the real identity of these bytes: ?dup_001d6110@@YAXXZ, byte-verified from Code/GameEngine/Source/Common/Audio/GameAudio.cpp over the same 23-byte range. The Code/gen_asm/d_001adb10.asm dump reproduces those bytes but carries no identity."
?d_001d6130@@YAXXZ,0x001D6130,"gen-dump placeholder superseded by the real identity of these bytes: ?dup_001d6130@@YAXXZ, byte-verified from Code/GameEngine/Source/Common/Audio/GameAudio.cpp over the same 11-byte range. The Code/gen_asm/d_001adb10.asm dump reproduces those bytes but carries no identity."
?d_001d6170@@YAXXZ,0x001D6170,"gen-dump placeholder superseded by the real identity of these bytes: ?dup_001d6170@@YAXXZ, byte-verified from Code/GameEngine/Source/Common/Audio/GameAudio.cpp over the same 11-byte range. The Code/gen_asm/d_001adb10.asm dump reproduces those bytes but carries no identity."
?d_001d61c0@@YAXXZ,0x001D61C0,"gen-dump placeholder superseded by the real identity of these bytes: ?dup_001d61c0@@YAXXZ, byte-verified from Code/GameEngine/Source/Common/Audio/GameAudio.cpp over the same 7-byte range. The Code/gen_asm/d_001adb10.asm dump reproduces those bytes but carries no identity."
?d_001d61d0@@YAXXZ,0x001D61D0,"gen-dump placeholder superseded by the real identity of these bytes: ?dup_001d61d0@@YAXXZ, byte-verified from Code/GameEngine/Source/Common/Audio/GameAudio.cpp over the same 17-byte range. The Code/gen_asm/d_001adb10.asm dump reproduces those bytes but carries no identity."
?d_001d61f0@@YAXXZ,0x001D61F0,"gen-dump placeholder superseded by the real identity of these bytes: ?dup_001d61f0@@YAXXZ, byte-verified from Code/GameEngine/Source/Common/Audio/GameAudio.cpp over the same 29-byte range. The Code/gen_asm/d_001adb10.asm dump reproduces those bytes but carries no identity."
?d_001d68a0@@YAXXZ,0x001D68A0,"gen-dump placeholder superseded by the real identity of these bytes: ?dup_001d68a0@@YAXXZ, byte-verified from Code/GameEngine/Source/Common/Audio/GameAudio.cpp over the same 7-byte range. The Code/gen_asm/d_001adb10.asm dump reproduces those bytes but carries no identity."
?d_001d68b0@@YAXXZ,0x001D68B0,"gen-dump placeholder superseded by the real identity of these bytes: ?dup_001d68b0@@YAXXZ, byte-verified from Code/GameEngine/Source/Common/Audio/GameAudio.cpp over the same 11-byte range. The Code/gen_asm/d_001adb10.asm dump reproduces those bytes but carries no identity."
?d_001d6980@@YAXXZ,0x001D6980,"gen-dump placeholder superseded by the real identity of these bytes: ?dup_001d6980@@YAXXZ, byte-verified from Code/GameEngine/Source/Common/Audio/GameAudio.cpp over the same 11-byte range. The Code/gen_asm/d_001adb10.asm dump reproduces those bytes but carries no identity."
?d_001d6a50@@YAXXZ,0x001D6A50,"gen-dump placeholder superseded by the real identity of these bytes: ?dup_001d6a50@@YAXXZ, byte-verified from Code/GameEngine/Source/Common/Audio/GameAudio.cpp over the same 11-byte range. The Code/gen_asm/d_001adb10.asm dump reproduces those bytes but carries no identity."
?d_001d6e00@@YAXXZ,0x001D6E00,"gen-dump placeholder superseded by the real identity of these bytes: ?dup_001d6e00@@YAXXZ, byte-verified from Code/GameEngine/Source/Common/Audio/GameAudio.cpp over the same 11-byte range. The Code/gen_asm/d_001adb10.asm dump reproduces those bytes but carries no identity."
?d_001d6e80@@YAXXZ,0x001D6E80,"gen-dump placeholder superseded by the real identity of these bytes: ?dup_001d6e80@@YAXXZ, byte-verified from Code/GameEngine/Source/Common/Audio/GameAudio.cpp over the same 11-byte range. The Code/gen_asm/d_001adb10.asm dump reproduces those bytes but carries no identity."
?d_001d7130@@YAXXZ,0x001D7130,"gen-dump placeholder superseded by the real identity of these bytes: ?dup_001d7130@@YAXXZ, byte-verified from Code/GameEngine/Source/Common/Audio/GameAudio.cpp over the same 15-byte range. The Code/gen_asm/d_001adb10.asm dump reproduces those bytes but carries no identity."
?d_001d71b0@@YAXXZ,0x001D71B0,"gen-dump placeholder superseded by the real identity of these bytes: ?dup_001d71b0@@YAXXZ, byte-verified from Code/GameEngine/Source/Common/Audio/GameAudio.cpp over the same 15-byte range. The Code/gen_asm/d_001adb10.asm dump reproduces those bytes but carries no identity."
?d_001db5d0@@YAXXZ,0x001DB5D0,"gen-dump placeholder superseded by the real identity of these bytes: ?dup_001db5d0@@YAXXZ, byte-verified from Code/GameEngine/Source/Common/Audio/GameAudio.cpp over the same 23-byte range. The Code/gen_asm/d_001db160.asm dump reproduces those bytes but carries no identity."
?d_001db5f0@@YAXXZ,0x001DB5F0,"gen-dump placeholder superseded by the real identity of these bytes: ?dup_001db5f0@@YAXXZ, byte-verified from Code/GameEngine/Source/Common/Audio/GameAudio.cpp over the same 17-byte range. The Code/gen_asm/d_001db160.asm dump reproduces those bytes but carries no identity."
?d_001db610@@YAXXZ,0x001DB610,"gen-dump placeholder superseded by the real identity of these bytes: ?dup_001db610@@YAXXZ, byte-verified from Code/GameEngine/Source/Common/Audio/GameAudio.cpp over the same 29-byte range. The Code/gen_asm/d_001db160.asm dump reproduces those bytes but carries no identity."
?d_001db6b0@@YAXXZ,0x001DB6B0,"gen-dump placeholder superseded by the real identity of these bytes: ?dup_001db6b0@@YAXXZ, byte-verified from Code/GameEngine/Source/Common/Audio/GameAudio.cpp over the same 29-byte range. The Code/gen_asm/d_001db160.asm dump reproduces those bytes but carries no identity."
?d_001db800@@YAXXZ,0x001DB800,"gen-dump placeholder superseded by the real identity of these bytes: ?dup_001db800@@YAXXZ, byte-verified from Code/GameEngine/Source/Common/Audio/GameAudio.cpp over the same 29-byte range. The Code/gen_asm/d_001db160.asm dump reproduces those bytes but carries no identity."
?d_001de4a0@@YAXXZ,0x001DE4A0,"gen-dump placeholder superseded by the real identity of these bytes: ?dup_001de4a0@@YAXXZ, byte-verified from Code/GameEngine/Source/Common/Audio/GameAudio.cpp over the same 23-byte range. The Code/gen_asm/d_001db160.asm dump reproduces those bytes but carries no identity."
?d_001de740@@YAXXZ,0x001DE740,"gen-dump placeholder superseded by the real identity of these bytes: ?dup_001de740@@YAXXZ, byte-verified from Code/GameEngine/Source/Common/Audio/GameAudio.cpp over the same 11-byte range. The Code/gen_asm/d_001db160.asm dump reproduces those bytes but carries no identity."
?d_001df8a0@@YAXXZ,0x001DF8A0,"gen-dump placeholder superseded by the real identity of these bytes: ?dup_001df8a0@@YAXXZ, byte-verified from Code/GameEngine/Source/Common/Audio/GameAudio.cpp over the same 15-byte range. The Code/gen_asm/d_001db160.asm dump reproduces those bytes but carries no identity."
?d_001e1e50@@YAXXZ,0x001E1E50,"gen-dump placeholder superseded by the real identity of these bytes: ?dup_001e1e50@@YAXXZ, byte-verified from Code/GameEngine/Source/Common/Audio/GameAudio.cpp over the same 6-byte range. The Code/gen_asm/d_001db160.asm dump reproduces those bytes but carries no identity."
?d_001e1e60@@YAXXZ,0x001E1E60,"gen-dump placeholder superseded by the real identity of these bytes: ?dup_001e1e60@@YAXXZ, byte-verified from Code/GameEngine/Source/Common/Audio/GameAudio.cpp over the same 6-byte range. The Code/gen_asm/d_001db160.asm dump reproduces those bytes but carries no identity."
?d_001e1e70@@YAXXZ,0x001E1E70,"gen-dump placeholder superseded by the real identity of these bytes: ?dup_001e1e70@@YAXXZ, byte-verified from Code/GameEngine/Source/Common/Audio/GameAudio.cpp over the same 9-byte range. The Code/gen_asm/d_001db160.asm dump reproduces those bytes but carries no identity."
?d_001e1e80@@YAXXZ,0x001E1E80,"gen-dump placeholder superseded by the real identity of these bytes: ?dup_001e1e80@@YAXXZ, byte-verified from Code/GameEngine/Source/Common/Audio/GameAudio.cpp over the same 15-byte range. The Code/gen_asm/d_001db160.asm dump reproduces those bytes but carries no identity."
?d_001e1ed0@@YAXXZ,0x001E1ED0,"gen-dump placeholder superseded by the real identity of these bytes: ?dup_001e1ed0@@YAXXZ, byte-verified from Code/GameEngine/Source/Common/Audio/GameAudio.cpp over the same 11-byte range. The Code/gen_asm/d_001db160.asm dump reproduces those bytes but carries no identity."
?d_001e1ee0@@YAXXZ,0x001E1EE0,"gen-dump placeholder superseded by the real identity of these bytes: ?dup_001e1ee0@@YAXXZ, byte-verified from Code/GameEngine/Source/Common/Audio/GameAudio.cpp over the same 13-byte range. The Code/gen_asm/d_001db160.asm dump reproduces those bytes but carries no identity."
?d_001e1f40@@YAXXZ,0x001E1F40,"gen-dump placeholder superseded by the real identity of these bytes: ?dup_001e1f40@@YAXXZ, byte-verified from Code/GameEngine/Source/Common/Audio/GameAudio.cpp over the same 23-byte range. The Code/gen_asm/d_001db160.asm dump reproduces those bytes but carries no identity."
?d_001e1fe0@@YAXXZ,0x001E1FE0,"gen-dump placeholder superseded by the real identity of these bytes: ?dup_001e1fe0@@YAXXZ, byte-verified from Code/GameEngine/Source/Common/Audio/GameAudio.cpp over the same 23-byte range. The Code/gen_asm/d_001db160.asm dump reproduces those bytes but carries no identity."
?d_001e2110@@YAXXZ,0x001E2110,"gen-dump placeholder superseded by the real identity of these bytes: ?dup_001e2110@@YAXXZ, byte-verified from Code/GameEngine/Source/Common/Audio/GameAudio.cpp over the same 23-byte range. The Code/gen_asm/d_001db160.asm dump reproduces those bytes but carries no identity."
?d_001e2210@@YAXXZ,0x001E2210,"gen-dump placeholder superseded by the real identity of these bytes: ?dup_001e2210@@YAXXZ, byte-verified from Code/GameEngine/Source/Common/Audio/GameAudio.cpp over the same 17-byte range. The Code/gen_asm/d_001db160.asm dump reproduces those bytes but carries no identity."
?d_001e2310@@YAXXZ,0x001E2310,"gen-dump placeholder superseded by the real identity of these bytes: ?dup_001e2310@@YAXXZ, byte-verified from Code/GameEngine/Source/Common/Audio/GameAudio.cpp over the same 29-byte range. The Code/gen_asm/d_001db160.asm dump reproduces those bytes but carries no identity."
?d_001e2340@@YAXXZ,0x001E2340,"gen-dump placeholder superseded by the real identity of these bytes: ?dup_001e2340@@YAXXZ, byte-verified from Code/GameEngine/Source/Common/Audio/GameAudio.cpp over the same 17-byte range. The Code/gen_asm/d_001db160.asm dump reproduces those bytes but carries no identity."
?d_001e3980@@YAXXZ,0x001E3980,"gen-dump placeholder superseded by the real identity of these bytes: ?dup_001e3980@@YAXXZ, byte-verified from Code/GameEngine/Source/Common/Audio/GameAudio.cpp over the same 13-byte range. The Code/gen_asm/d_001db160.asm dump reproduces those bytes but carries no identity."
?d_001e39b0@@YAXXZ,0x001E39B0,"gen-dump placeholder superseded by the real identity of these bytes: ?dup_001e39b0@@YAXXZ, byte-verified from Code/GameEngine/Source/Common/Audio/GameAudio.cpp over the same 11-byte range. The Code/gen_asm/d_001db160.asm dump reproduces those bytes but carries no identity."
?d_001e3a10@@YAXXZ,0x001E3A10,"gen-dump placeholder superseded by the real identity of these bytes: ?dup_001e3a10@@YAXXZ, byte-verified from Code/GameEngine/Source/Common/Audio/GameAudio.cpp over the same 15-byte range. The Code/gen_asm/d_001db160.asm dump reproduces those bytes but carries no identity."
?d_001e3b30@@YAXXZ,0x001E3B30,"gen-dump placeholder superseded by the real identity of these bytes: ?dup_001e3b30@@YAXXZ, byte-verified from Code/GameEngine/Source/Common/Audio/GameAudio.cpp over the same 11-byte range. The Code/gen_asm/d_001db160.asm dump reproduces those bytes but carries no identity."
?d_001e3b70@@YAXXZ,0x001E3B70,"gen-dump placeholder superseded by the real identity of these bytes: ?dup_001e3b70@@YAXXZ, byte-verified from Code/GameEngine/Source/Common/Audio/GameAudio.cpp over the same 11-byte range. The Code/gen_asm/d_001db160.asm dump reproduces those bytes but carries no identity."
?d_001e3b80@@YAXXZ,0x001E3B80,"gen-dump placeholder superseded by the real identity of these bytes: ?dup_001e3b80@@YAXXZ, byte-verified from Code/GameEngine/Source/Common/Audio/GameAudio.cpp over the same 11-byte range. The Code/gen_asm/d_001db160.asm dump reproduces those bytes but carries no identity."
?d_001e5040@@YAXXZ,0x001E5040,"gen-dump placeholder superseded by the real identity of these bytes: ?dup_001e5040@@YAXXZ, byte-verified from Code/GameEngine/Source/Common/Audio/GameAudio.cpp over the same 15-byte range. The Code/gen_asm/d_001db160.asm dump reproduces those bytes but carries no identity."
?d_001e5060@@YAXXZ,0x001E5060,"gen-dump placeholder superseded by the real identity of these bytes: ?dup_001e5060@@YAXXZ, byte-verified from Code/GameEngine/Source/Common/Audio/GameAudio.cpp over the same 15-byte range. The Code/gen_asm/d_001db160.asm dump reproduces those bytes but carries no identity."
?d_001e5100@@YAXXZ,0x001E5100,"gen-dump placeholder superseded by the real identity of these bytes: ?dup_001e5100@@YAXXZ, byte-verified from Code/GameEngine/Source/Common/Audio/GameAudio.cpp over the same 15-byte range. The Code/gen_asm/d_001db160.asm dump reproduces those bytes but carries no identity."
?d_001f2190@@YAXXZ,0x001F2190,"gen-dump placeholder superseded by the real identity of these bytes: ?dup_001f2190@@YAXXZ, byte-verified from Code/GameEngine/Source/Common/Audio/GameAudio.cpp over the same 6-byte range. The Code/gen_asm/d_001db160.asm dump reproduces those bytes but carries no identity."
?d_001f21a0@@YAXXZ,0x001F21A0,"gen-dump placeholder superseded by the real identity of these bytes: ?dup_001f21a0@@YAXXZ, byte-verified from Code/GameEngine/Source/Common/Audio/GameAudio.cpp over the same 9-byte range. The Code/gen_asm/d_001db160.asm dump reproduces those bytes but carries no identity."
?d_001f21c0@@YAXXZ,0x001F21C0,"gen-dump placeholder superseded by the real identity of these bytes: ?dup_001f21c0@@YAXXZ, byte-verified from Code/GameEngine/Source/Common/Audio/GameAudio.cpp over the same 6-byte range. The Code/gen_asm/d_001db160.asm dump reproduces those bytes but carries no identity."
?d_001f21d0@@YAXXZ,0x001F21D0,"gen-dump placeholder superseded by the real identity of these bytes: ?dup_001f21d0@@YAXXZ, byte-verified from Code/GameEngine/Source/Common/Audio/GameAudio.cpp over the same 9-byte range. The Code/gen_asm/d_001db160.asm dump reproduces those bytes but carries no identity."
?d_001f21f0@@YAXXZ,0x001F21F0,"gen-dump placeholder superseded by the real identity of these bytes: ?dup_001f21f0@@YAXXZ, byte-verified from Code/GameEngine/Source/Common/Audio/GameAudio.cpp over the same 11-byte range. The Code/gen_asm/d_001db160.asm dump reproduces those bytes but carries no identity."
?d_001f2200@@YAXXZ,0x001F2200,"gen-dump placeholder superseded by the real identity of these bytes: ?dup_001f2200@@YAXXZ, byte-verified from Code/GameEngine/Source/Common/Audio/GameAudio.cpp over the same 11-byte range. The Code/gen_asm/d_001db160.asm dump reproduces those bytes but carries no identity."
?d_001f2230@@YAXXZ,0x001F2230,"gen-dump placeholder superseded by the real identity of these bytes: ?dup_001f2230@@YAXXZ, byte-verified from Code/GameEngine/Source/Common/Audio/GameAudio.cpp over the same 11-byte range. The Code/gen_asm/d_001db160.asm dump reproduces those bytes but carries no identity."
?d_001f2240@@YAXXZ,0x001F2240,"gen-dump placeholder superseded by the real identity of these bytes: ?dup_001f2240@@YAXXZ, byte-verified from Code/GameEngine/Source/Common/Audio/GameAudio.cpp over the same 11-byte range. The Code/gen_asm/d_001db160.asm dump reproduces those bytes but carries no identity."
?d_001f26b0@@YAXXZ,0x001F26B0,"gen-dump placeholder superseded by the real identity of these bytes: ?dup_001f26b0@@YAXXZ, byte-verified from Code/GameEngine/Source/Common/Audio/GameAudio.cpp over the same 13-byte range. The Code/gen_asm/d_001db160.asm dump reproduces those bytes but carries no identity."
?d_001f26d0@@YAXXZ,0x001F26D0,"gen-dump placeholder superseded by the real identity of these bytes: ?dup_001f26d0@@YAXXZ, byte-verified from Code/GameEngine/Source/Common/Audio/GameAudio.cpp over the same 13-byte range. The Code/gen_asm/d_001db160.asm dump reproduces those bytes but carries no identity."
?d_001f26f0@@YAXXZ,0x001F26F0,"gen-dump placeholder superseded by the real identity of these bytes: ?dup_001f26f0@@YAXXZ, byte-verified from Code/GameEngine/Source/Common/Audio/GameAudio.cpp over the same 11-byte range. The Code/gen_asm/d_001db160.asm dump reproduces those bytes but carries no identity."
?d_001f2700@@YAXXZ,0x001F2700,"gen-dump placeholder superseded by the real identity of these bytes: ?dup_001f2700@@YAXXZ, byte-verified from Code/GameEngine/Source/Common/Audio/GameAudio.cpp over the same 11-byte range. The Code/gen_asm/d_001db160.asm dump reproduces those bytes but carries no identity."
?d_001f8760@@YAXXZ,0x001F8760,"gen-dump placeholder superseded by the real identity of these bytes: ?dup_001f8760@@YAXXZ, byte-verified from Code/GameEngine/Source/Common/Audio/GameAudio.cpp over the same 23-byte range. The Code/gen_asm/d_001db160.asm dump reproduces those bytes but carries no identity."
?d_001f87a0@@YAXXZ,0x001F87A0,"gen-dump placeholder superseded by the real identity of these bytes: ?dup_001f87a0@@YAXXZ, byte-verified from Code/GameEngine/Source/Common/Audio/GameAudio.cpp over the same 23-byte range. The Code/gen_asm/d_001db160.asm dump reproduces those bytes but carries no identity."
?d_001f9010@@YAXXZ,0x001F9010,"gen-dump placeholder superseded by the real identity of these bytes: ?dup_001f9010@@YAXXZ, byte-verified from Code/GameEngine/Source/Common/Audio/GameAudio.cpp over the same 11-byte range. The Code/gen_asm/d_001db160.asm dump reproduces those bytes but carries no identity."
?d_001f90a0@@YAXXZ,0x001F90A0,"gen-dump placeholder superseded by the real identity of these bytes: ?dup_001f90a0@@YAXXZ, byte-verified from Code/GameEngine/Source/Common/Audio/GameAudio.cpp over the same 11-byte range. The Code/gen_asm/d_001db160.asm dump reproduces those bytes but carries no identity."
?d_001f9580@@YAXXZ,0x001F9580,"gen-dump placeholder superseded by the real identity of these bytes: ?dup_001f9580@@YAXXZ, byte-verified from Code/GameEngine/Source/Common/Audio/GameAudio.cpp over the same 15-byte range. The Code/gen_asm/d_001db160.asm dump reproduces those bytes but carries no identity."
?d_001f95a0@@YAXXZ,0x001F95A0,"gen-dump placeholder superseded by the real identity of these bytes: ?dup_001f95a0@@YAXXZ, byte-verified from Code/GameEngine/Source/Common/Audio/GameAudio.cpp over the same 15-byte range. The Code/gen_asm/d_001db160.asm dump reproduces those bytes but carries no identity."
?d_002009a0@@YAXXZ,0x002009A0,"gen-dump placeholder superseded by the real identity of these bytes: ?dup_002009a0@@YAXXZ, byte-verified from Code/GameEngine/Source/Common/Audio/GameAudio.cpp over the same 23-byte range. The Code/gen_asm/d_001fecd0.asm dump reproduces those bytes but carries no identity."
?d_002009c0@@YAXXZ,0x002009C0,"gen-dump placeholder superseded by the real identity of these bytes: ?dup_002009c0@@YAXXZ, byte-verified from Code/GameEngine/Source/Common/Audio/GameAudio.cpp over the same 23-byte range. The Code/gen_asm/d_001fecd0.asm dump reproduces those bytes but carries no identity."
?d_00200a00@@YAXXZ,0x00200A00,"gen-dump placeholder superseded by the real identity of these bytes: ?dup_00200a00@@YAXXZ, byte-verified from Code/GameEngine/Source/Common/Audio/GameAudio.cpp over the same 17-byte range. The Code/gen_asm/d_001fecd0.asm dump reproduces those bytes but carries no identity."
?d_00200a20@@YAXXZ,0x00200A20,"gen-dump placeholder superseded by the real identity of these bytes: ?dup_00200a20@@YAXXZ, byte-verified from Code/GameEngine/Source/Common/Audio/GameAudio.cpp over the same 17-byte range. The Code/gen_asm/d_001fecd0.asm dump reproduces those bytes but carries no identity."
?d_00200a40@@YAXXZ,0x00200A40,"gen-dump placeholder superseded by the real identity of these bytes: ?dup_00200a40@@YAXXZ, byte-verified from Code/GameEngine/Source/Common/Audio/GameAudio.cpp over the same 29-byte range. The Code/gen_asm/d_001fecd0.asm dump reproduces those bytes but carries no identity."
?d_00200a70@@YAXXZ,0x00200A70,"gen-dump placeholder superseded by the real identity of these bytes: ?dup_00200a70@@YAXXZ, byte-verified from Code/GameEngine/Source/Common/Audio/GameAudio.cpp over the same 29-byte range. The Code/gen_asm/d_001fecd0.asm dump reproduces those bytes but carries no identity."
?d_00200dc0@@YAXXZ,0x00200DC0,"gen-dump placeholder superseded by the real identity of these bytes: ?dup_00200dc0@@YAXXZ, byte-verified from Code/GameEngine/Source/Common/Audio/GameAudio.cpp over the same 11-byte range. The Code/gen_asm/d_001fecd0.asm dump reproduces those bytes but carries no identity."
?d_00200dd0@@YAXXZ,0x00200DD0,"gen-dump placeholder superseded by the real identity of these bytes: ?dup_00200dd0@@YAXXZ, byte-verified from Code/GameEngine/Source/Common/Audio/GameAudio.cpp over the same 11-byte range. The Code/gen_asm/d_001fecd0.asm dump reproduces those bytes but carries no identity."
?d_00205e90@@YAXXZ,0x00205E90,"gen-dump placeholder superseded by the real identity of these bytes: ?dup_00205e90@@YAXXZ, byte-verified from Code/GameEngine/Source/Common/Audio/GameAudio.cpp over the same 23-byte range. The Code/gen_asm/d_001fecd0.asm dump reproduces those bytes but carries no identity."
?d_00205ec0@@YAXXZ,0x00205EC0,"gen-dump placeholder superseded by the real identity of these bytes: ?dup_00205ec0@@YAXXZ, byte-verified from Code/GameEngine/Source/Common/Audio/GameAudio.cpp over the same 17-byte range. The Code/gen_asm/d_001fecd0.asm dump reproduces those bytes but carries no identity."
?d_00205ee0@@YAXXZ,0x00205EE0,"gen-dump placeholder superseded by the real identity of these bytes: ?dup_00205ee0@@YAXXZ, byte-verified from Code/GameEngine/Source/Common/Audio/GameAudio.cpp over the same 29-byte range. The Code/gen_asm/d_001fecd0.asm dump reproduces those bytes but carries no identity."
?d_00206050@@YAXXZ,0x00206050,"gen-dump placeholder superseded by the real identity of these bytes: ?dup_00206050@@YAXXZ, byte-verified from Code/GameEngine/Source/Common/Audio/GameAudio.cpp over the same 11-byte range. The Code/gen_asm/d_001fecd0.asm dump reproduces those bytes but carries no identity."
?d_002061d0@@YAXXZ,0x002061D0,"gen-dump placeholder superseded by the real identity of these bytes: ?dup_002061d0@@YAXXZ, byte-verified from Code/GameEngine/Source/Common/Audio/GameAudio.cpp over the same 15-byte range. The Code/gen_asm/d_001fecd0.asm dump reproduces those bytes but carries no identity."
?d_00207aa0@@YAXXZ,0x00207AA0,"gen-dump placeholder superseded by the real identity of these bytes: ?dup_00207aa0@@YAXXZ, byte-verified from Code/GameEngine/Source/Common/Audio/GameAudio.cpp over the same 23-byte range. The Code/gen_asm/d_001fecd0.asm dump reproduces those bytes but carries no identity."
?d_00207ad0@@YAXXZ,0x00207AD0,"gen-dump placeholder superseded by the real identity of these bytes: ?dup_00207ad0@@YAXXZ, byte-verified from Code/GameEngine/Source/Common/Audio/GameAudio.cpp over the same 17-byte range. The Code/gen_asm/d_001fecd0.asm dump reproduces those bytes but carries no identity."
?d_00207b00@@YAXXZ,0x00207B00,"gen-dump placeholder superseded by the real identity of these bytes: ?dup_00207b00@@YAXXZ, byte-verified from Code/GameEngine/Source/Common/Audio/GameAudio.cpp over the same 29-byte range. The Code/gen_asm/d_001fecd0.asm dump reproduces those bytes but carries no identity."
?d_00207f00@@YAXXZ,0x00207F00,"gen-dump placeholder superseded by the real identity of these bytes: ?dup_00207f00@@YAXXZ, byte-verified from Code/GameEngine/Source/Common/Audio/GameAudio.cpp over the same 11-byte range. The Code/gen_asm/d_001fecd0.asm dump reproduces those bytes but carries no identity."
?d_00208540@@YAXXZ,0x00208540,"gen-dump placeholder superseded by the real identity of these bytes: ?dup_00208540@@YAXXZ, byte-verified from Code/GameEngine/Source/Common/Audio/GameAudio.cpp over the same 15-byte range. The Code/gen_asm/d_001fecd0.asm dump reproduces those bytes but carries no identity."
?d_0020a820@@YAXXZ,0x0020A820,"gen-dump placeholder superseded by the real identity of these bytes: ?dup_0020a820@@YAXXZ, byte-verified from Code/GameEngine/Source/Common/Audio/GameAudio.cpp over the same 13-byte range. The Code/gen_asm/d_001fecd0.asm dump reproduces those bytes but carries no identity."
?d_0020a840@@YAXXZ,0x0020A840,"gen-dump placeholder superseded by the real identity of these bytes: ?dup_0020a840@@YAXXZ, byte-verified from Code/GameEngine/Source/Common/Audio/GameAudio.cpp over the same 15-byte range. The Code/gen_asm/d_001fecd0.asm dump reproduces those bytes but carries no identity."
?d_0020a860@@YAXXZ,0x0020A860,"gen-dump placeholder superseded by the real identity of these bytes: ?dup_0020a860@@YAXXZ, byte-verified from Code/GameEngine/Source/Common/Audio/GameAudio.cpp over the same 11-byte range. The Code/gen_asm/d_001fecd0.asm dump reproduces those bytes but carries no identity."
?d_0020a8c0@@YAXXZ,0x0020A8C0,"gen-dump placeholder superseded by the real identity of these bytes: ?dup_0020a8c0@@YAXXZ, byte-verified from Code/GameEngine/Source/Common/Audio/GameAudio.cpp over the same 9-byte range. The Code/gen_asm/d_001fecd0.asm dump reproduces those bytes but carries no identity."
?d_0020a8d0@@YAXXZ,0x0020A8D0,"gen-dump placeholder superseded by the real identity of these bytes: ?dup_0020a8d0@@YAXXZ, byte-verified from Code/GameEngine/Source/Common/Audio/GameAudio.cpp over the same 11-byte range. The Code/gen_asm/d_001fecd0.asm dump reproduces those bytes but carries no identity."
?d_0020a8e0@@YAXXZ,0x0020A8E0,"gen-dump placeholder superseded by the real identity of these bytes: ?dup_0020a8e0@@YAXXZ, byte-verified from Code/GameEngine/Source/Common/Audio/GameAudio.cpp over the same 9-byte range. The Code/gen_asm/d_001fecd0.asm dump reproduces those bytes but carries no identity."
?d_0020aa60@@YAXXZ,0x0020AA60,"gen-dump placeholder superseded by the real identity of these bytes: ?dup_0020aa60@@YAXXZ, byte-verified from Code/GameEngine/Source/Common/Audio/GameAudio.cpp over the same 13-byte range. The Code/gen_asm/d_001fecd0.asm dump reproduces those bytes but carries no identity."
?d_0020aad0@@YAXXZ,0x0020AAD0,"gen-dump placeholder superseded by the real identity of these bytes: ?dup_0020aad0@@YAXXZ, byte-verified from Code/GameEngine/Source/Common/Audio/GameAudio.cpp over the same 11-byte range. The Code/gen_asm/d_001fecd0.asm dump reproduces those bytes but carries no identity."
?d_0020ab60@@YAXXZ,0x0020AB60,"gen-dump placeholder superseded by the real identity of these bytes: ?dup_0020ab60@@YAXXZ, byte-verified from Code/GameEngine/Source/Common/Audio/GameAudio.cpp over the same 13-byte range. The Code/gen_asm/d_001fecd0.asm dump reproduces those bytes but carries no identity."
?d_0020dc80@@YAXXZ,0x0020DC80,"gen-dump placeholder superseded by the real identity of these bytes: ?dup_0020dc80@@YAXXZ, byte-verified from Code/GameEngine/Source/Common/Audio/GameAudio.cpp over the same 5-byte range. The Code/gen_asm/d_00200420.asm dump reproduces those bytes but carries no identity."
?d_0020dd20@@YAXXZ,0x0020DD20,"gen-dump placeholder superseded by the real identity of these bytes: ?dup_0020dd20@@YAXXZ, byte-verified from Code/GameEngine/Source/Common/Audio/GameAudio.cpp over the same 11-byte range. The Code/gen_asm/d_001fecd0.asm dump reproduces those bytes but carries no identity."
?d_0020e220@@YAXXZ,0x0020E220,"gen-dump placeholder superseded by the real identity of these bytes: ?dup_0020e220@@YAXXZ, byte-verified from Code/GameEngine/Source/Common/Audio/GameAudio.cpp over the same 23-byte range. The Code/gen_asm/d_001fecd0.asm dump reproduces those bytes but carries no identity."
?d_0020e890@@YAXXZ,0x0020E890,"gen-dump placeholder superseded by the real identity of these bytes: ?dup_0020e890@@YAXXZ, byte-verified from Code/GameEngine/Source/Common/Audio/GameAudio.cpp over the same 11-byte range. The Code/gen_asm/d_001fecd0.asm dump reproduces those bytes but carries no identity."
?d_0020efe0@@YAXXZ,0x0020EFE0,"gen-dump placeholder superseded by the real identity of these bytes: ?dup_0020efe0@@YAXXZ, byte-verified from Code/GameEngine/Source/Common/Audio/GameAudio.cpp over the same 15-byte range. The Code/gen_asm/d_001fecd0.asm dump reproduces those bytes but carries no identity."
?d_00216ab0@@YAXXZ,0x00216AB0,"gen-dump placeholder superseded by the real identity of these bytes: ?getObserverLookAtPlayer@ControlBar@@QAEPAVPlayer@@XZ, byte-verified from Code/GameEngine/Source/Common/Audio/GameAudio.cpp over the same 7-byte range. The Code/gen_asm/d_001fecd0.asm dump reproduces those bytes but carries no identity."
?d_00219500@@YAXXZ,0x00219500,"gen-dump placeholder superseded by the real identity of these bytes: ?dup_00219500@@YAXXZ, byte-verified from Code/GameEngine/Source/Common/Audio/GameAudio.cpp over the same 5-byte range. The Code/gen_asm/d_00218ee0.asm dump reproduces those bytes but carries no identity."
?d_00219a80@@YAXXZ,0x00219A80,"gen-dump placeholder superseded by the real identity of these bytes: ?dup_00219a80@@YAXXZ, byte-verified from Code/GameEngine/Source/Common/Audio/GameAudio.cpp over the same 15-byte range. The Code/gen_asm/d_00218ee0.asm dump reproduces those bytes but carries no identity."
?d_0021a370@@YAXXZ,0x0021A370,"gen-dump placeholder superseded by the real identity of these bytes: ?dup_0021a370@@YAXXZ, byte-verified from Code/GameEngine/Source/Common/Audio/GameAudio.cpp over the same 13-byte range. The Code/gen_asm/d_00218ee0.asm dump reproduces those bytes but carries no identity."
?d_0021a3d0@@YAXXZ,0x0021A3D0,"gen-dump placeholder superseded by the real identity of these bytes: ?dup_0021a3d0@@YAXXZ, byte-verified from Code/GameEngine/Source/Common/Audio/GameAudio.cpp over the same 13-byte range. The Code/gen_asm/d_00218ee0.asm dump reproduces those bytes but carries no identity."
?d_0021a400@@YAXXZ,0x0021A400,"gen-dump placeholder superseded by the real identity of these bytes: ?dup_0021a400@@YAXXZ, byte-verified from Code/GameEngine/Source/Common/Audio/GameAudio.cpp over the same 16-byte range. The Code/gen_asm/d_00218ee0.asm dump reproduces those bytes but carries no identity."
?d_0021a430@@YAXXZ,0x0021A430,"gen-dump placeholder superseded by the real identity of these bytes: ?dup_0021a430@@YAXXZ, byte-verified from Code/GameEngine/Source/Common/Audio/GameAudio.cpp over the same 13-byte range. The Code/gen_asm/d_00218ee0.asm dump reproduces those bytes but carries no identity."
?d_0021a4a0@@YAXXZ,0x0021A4A0,"gen-dump placeholder superseded by the real identity of these bytes: ?dup_0021a4a0@@YAXXZ, byte-verified from Code/GameEngine/Source/Common/Audio/GameAudio.cpp over the same 6-byte range. The Code/gen_asm/d_00218ee0.asm dump reproduces those bytes but carries no identity."
?d_0021a4b0@@YAXXZ,0x0021A4B0,"gen-dump placeholder superseded by the real identity of these bytes: ?dup_0021a4b0@@YAXXZ, byte-verified from Code/GameEngine/Source/Common/Audio/GameAudio.cpp over the same 11-byte range. The Code/gen_asm/d_00218ee0.asm dump reproduces those bytes but carries no identity."
?d_0021a4c0@@YAXXZ,0x0021A4C0,"gen-dump placeholder superseded by the real identity of these bytes: ?dup_0021a4c0@@YAXXZ, byte-verified from Code/GameEngine/Source/Common/Audio/GameAudio.cpp over the same 11-byte range. The Code/gen_asm/d_00218ee0.asm dump reproduces those bytes but carries no identity."
?d_0021a4d0@@YAXXZ,0x0021A4D0,"gen-dump placeholder superseded by the real identity of these bytes: ?dup_0021a4d0@@YAXXZ, byte-verified from Code/GameEngine/Source/Common/Audio/GameAudio.cpp over the same 6-byte range. The Code/gen_asm/d_00218ee0.asm dump reproduces those bytes but carries no identity."
?d_0021a4f0@@YAXXZ,0x0021A4F0,"gen-dump placeholder superseded by the real identity of these bytes: ?dup_0021a4f0@@YAXXZ, byte-verified from Code/GameEngine/Source/Common/Audio/GameAudio.cpp over the same 6-byte range. The Code/gen_asm/d_00218ee0.asm dump reproduces those bytes but carries no identity."
?d_0021a530@@YAXXZ,0x0021A530,"gen-dump placeholder superseded by the real identity of these bytes: ?dup_0021a530@@YAXXZ, byte-verified from Code/GameEngine/Source/Common/Audio/GameAudio.cpp over the same 11-byte range. The Code/gen_asm/d_00218ee0.asm dump reproduces those bytes but carries no identity."
?d_0021a540@@YAXXZ,0x0021A540,"gen-dump placeholder superseded by the real identity of these bytes: ?dup_0021a540@@YAXXZ, byte-verified from Code/GameEngine/Source/Common/Audio/GameAudio.cpp over the same 11-byte range. The Code/gen_asm/d_00218ee0.asm dump reproduces those bytes but carries no identity."
?d_0021a5f0@@YAXXZ,0x0021A5F0,"gen-dump placeholder superseded by the real identity of these bytes: ?dup_0021a5f0@@YAXXZ, byte-verified from Code/GameEngine/Source/Common/Audio/GameAudio.cpp over the same 19-byte range. The Code/gen_asm/d_00218ee0.asm dump reproduces those bytes but carries no identity."
?d_0021a620@@YAXXZ,0x0021A620,"gen-dump placeholder superseded by the real identity of these bytes: ?dup_0021a620@@YAXXZ, byte-verified from Code/GameEngine/Source/Common/Audio/GameAudio.cpp over the same 7-byte range. The Code/gen_asm/d_00218ee0.asm dump reproduces those bytes but carries no identity."
?d_0021a750@@YAXXZ,0x0021A750,"gen-dump placeholder superseded by the real identity of these bytes: ?dup_0021a750@@YAXXZ, byte-verified from Code/GameEngine/Source/Common/Audio/GameAudio.cpp over the same 13-byte range. The Code/gen_asm/d_00218ee0.asm dump reproduces those bytes but carries no identity."
?d_0021a770@@YAXXZ,0x0021A770,"gen-dump placeholder superseded by the real identity of these bytes: ?dup_0021a770@@YAXXZ, byte-verified from Code/GameEngine/Source/Common/Audio/GameAudio.cpp over the same 13-byte range. The Code/gen_asm/d_00218ee0.asm dump reproduces those bytes but carries no identity."
?d_0021a7b0@@YAXXZ,0x0021A7B0,"gen-dump placeholder superseded by the real identity of these bytes: ?dup_0021a7b0@@YAXXZ, byte-verified from Code/GameEngine/Source/Common/Audio/GameAudio.cpp over the same 6-byte range. The Code/gen_asm/d_00218ee0.asm dump reproduces those bytes but carries no identity."
?d_0021a7c0@@YAXXZ,0x0021A7C0,"gen-dump placeholder superseded by the real identity of these bytes: ?dup_0021a7c0@@YAXXZ, byte-verified from Code/GameEngine/Source/Common/Audio/GameAudio.cpp over the same 6-byte range. The Code/gen_asm/d_00218ee0.asm dump reproduces those bytes but carries no identity."
?d_0021a7f0@@YAXXZ,0x0021A7F0,"gen-dump placeholder superseded by the real identity of these bytes: ?dup_0021a7f0@@YAXXZ, byte-verified from Code/GameEngine/Source/Common/Audio/GameAudio.cpp over the same 11-byte range. The Code/gen_asm/d_00218ee0.asm dump reproduces those bytes but carries no identity."
?d_0021a800@@YAXXZ,0x0021A800,"gen-dump placeholder superseded by the real identity of these bytes: ?dup_0021a800@@YAXXZ, byte-verified from Code/GameEngine/Source/Common/Audio/GameAudio.cpp over the same 11-byte range. The Code/gen_asm/d_00218ee0.asm dump reproduces those bytes but carries no identity."
?d_0021a890@@YAXXZ,0x0021A890,"gen-dump placeholder superseded by the real identity of these bytes: ?dup_0021a890@@YAXXZ, byte-verified from Code/GameEngine/Source/Common/Audio/GameAudio.cpp over the same 11-byte range. The Code/gen_asm/d_00218ee0.asm dump reproduces those bytes but carries no identity."
?d_0021adc0@@YAXXZ,0x0021ADC0,"gen-dump placeholder superseded by the real identity of these bytes: ?dup_0021adc0@@YAXXZ, byte-verified from Code/GameEngine/Source/Common/Audio/GameAudio.cpp over the same 11-byte range. The Code/gen_asm/d_00218ee0.asm dump reproduces those bytes but carries no identity."
?d_0021add0@@YAXXZ,0x0021ADD0,"gen-dump placeholder superseded by the real identity of these bytes: ?dup_0021add0@@YAXXZ, byte-verified from Code/GameEngine/Source/Common/Audio/GameAudio.cpp over the same 11-byte range. The Code/gen_asm/d_00218ee0.asm dump reproduces those bytes but carries no identity."
?d_002208f0@@YAXXZ,0x002208F0,"gen-dump placeholder superseded by the real identity of these bytes: ?dup_002208f0@@YAXXZ, byte-verified from Code/GameEngine/Source/Common/Audio/GameAudio.cpp over the same 13-byte range. The Code/gen_asm/d_00218ee0.asm dump reproduces those bytes but carries no identity."
?d_00220990@@YAXXZ,0x00220990,"gen-dump placeholder superseded by the real identity of these bytes: ?dup_00220990@@YAXXZ, byte-verified from Code/GameEngine/Source/Common/Audio/GameAudio.cpp over the same 13-byte range. The Code/gen_asm/d_00218ee0.asm dump reproduces those bytes but carries no identity."
?d_002209d0@@YAXXZ,0x002209D0,"gen-dump placeholder superseded by the real identity of these bytes: ?dup_002209d0@@YAXXZ, byte-verified from Code/GameEngine/Source/Common/Audio/GameAudio.cpp over the same 9-byte range. The Code/gen_asm/d_00218ee0.asm dump reproduces those bytes but carries no identity."
?d_002209f0@@YAXXZ,0x002209F0,"gen-dump placeholder superseded by the real identity of these bytes: ?dup_002209f0@@YAXXZ, byte-verified from Code/GameEngine/Source/Common/Audio/GameAudio.cpp over the same 13-byte range. The Code/gen_asm/d_00218ee0.asm dump reproduces those bytes but carries no identity."
?d_00220b50@@YAXXZ,0x00220B50,"gen-dump placeholder superseded by the real identity of these bytes: ?dup_00220b50@@YAXXZ, byte-verified from Code/GameEngine/Source/Common/Audio/GameAudio.cpp over the same 13-byte range. The Code/gen_asm/d_00218ee0.asm dump reproduces those bytes but carries no identity."
?d_00220b80@@YAXXZ,0x00220B80,"gen-dump placeholder superseded by the real identity of these bytes: ?dup_00220b80@@YAXXZ, byte-verified from Code/GameEngine/Source/Common/Audio/GameAudio.cpp over the same 13-byte range. The Code/gen_asm/d_00218ee0.asm dump reproduces those bytes but carries no identity."
?d_00220c20@@YAXXZ,0x00220C20,"gen-dump placeholder superseded by the real identity of these bytes: ?dup_00220c20@@YAXXZ, byte-verified from Code/GameEngine/Source/Common/Audio/GameAudio.cpp over the same 6-byte range. The Code/gen_asm/d_00218ee0.asm dump reproduces those bytes but carries no identity."
?d_00220c40@@YAXXZ,0x00220C40,"gen-dump placeholder superseded by the real identity of these bytes: ?dup_00220c40@@YAXXZ, byte-verified from Code/GameEngine/Source/Common/Audio/GameAudio.cpp over the same 7-byte range. The Code/gen_asm/d_00218ee0.asm dump reproduces those bytes but carries no identity."
?d_00220c70@@YAXXZ,0x00220C70,"gen-dump placeholder superseded by the real identity of these bytes: ?dup_00220c70@@YAXXZ, byte-verified from Code/GameEngine/Source/Common/Audio/GameAudio.cpp over the same 6-byte range. The Code/gen_asm/d_00218ee0.asm dump reproduces those bytes but carries no identity."
?d_00220c90@@YAXXZ,0x00220C90,"gen-dump placeholder superseded by the real identity of these bytes: ?dup_00220c90@@YAXXZ, byte-verified from Code/GameEngine/Source/Common/Audio/GameAudio.cpp over the same 7-byte range. The Code/gen_asm/d_00218ee0.asm dump reproduces those bytes but carries no identity."
?d_00220cb0@@YAXXZ,0x00220CB0,"gen-dump placeholder superseded by the real identity of these bytes: ?dup_00220cb0@@YAXXZ, byte-verified from Code/GameEngine/Source/Common/Audio/GameAudio.cpp over the same 7-byte range. The Code/gen_asm/d_00218ee0.asm dump reproduces those bytes but carries no identity."
?d_00220cd0@@YAXXZ,0x00220CD0,"gen-dump placeholder superseded by the real identity of these bytes: ?dup_00220cd0@@YAXXZ, byte-verified from Code/GameEngine/Source/Common/Audio/GameAudio.cpp over the same 6-byte range. The Code/gen_asm/d_00218ee0.asm dump reproduces those bytes but carries no identity."
?d_00220cf0@@YAXXZ,0x00220CF0,"gen-dump placeholder superseded by the real identity of these bytes: ?dup_00220cf0@@YAXXZ, byte-verified from Code/GameEngine/Source/Common/Audio/GameAudio.cpp over the same 7-byte range. The Code/gen_asm/d_00218ee0.asm dump reproduces those bytes but carries no identity."
?d_00220d20@@YAXXZ,0x00220D20,"gen-dump placeholder superseded by the real identity of these bytes: ?dup_00220d20@@YAXXZ, byte-verified from Code/GameEngine/Source/Common/Audio/GameAudio.cpp over the same 6-byte range. The Code/gen_asm/d_00218ee0.asm dump reproduces those bytes but carries no identity."
?d_00220d40@@YAXXZ,0x00220D40,"gen-dump placeholder superseded by the real identity of these bytes: ?dup_00220d40@@YAXXZ, byte-verified from Code/GameEngine/Source/Common/Audio/GameAudio.cpp over the same 7-byte range. The Code/gen_asm/d_00218ee0.asm dump reproduces those bytes but carries no identity."
?d_00220d60@@YAXXZ,0x00220D60,"gen-dump placeholder superseded by the real identity of these bytes: ?dup_00220d60@@YAXXZ, byte-verified from Code/GameEngine/Source/Common/Audio/GameAudio.cpp over the same 11-byte range. The Code/gen_asm/d_00218ee0.asm dump reproduces those bytes but carries no identity."
?d_00220d70@@YAXXZ,0x00220D70,"gen-dump placeholder superseded by the real identity of these bytes: ?dup_00220d70@@YAXXZ, byte-verified from Code/GameEngine/Source/Common/Audio/GameAudio.cpp over the same 11-byte range. The Code/gen_asm/d_00218ee0.asm dump reproduces those bytes but carries no identity."
?d_00220d80@@YAXXZ,0x00220D80,"gen-dump placeholder superseded by the real identity of these bytes: ?dup_00220d80@@YAXXZ, byte-verified from Code/GameEngine/Source/Common/Audio/GameAudio.cpp over the same 11-byte range. The Code/gen_asm/d_00218ee0.asm dump reproduces those bytes but carries no identity."
?d_00220d90@@YAXXZ,0x00220D90,"gen-dump placeholder superseded by the real identity of these bytes: ?dup_00220d90@@YAXXZ, byte-verified from Code/GameEngine/Source/Common/Audio/GameAudio.cpp over the same 11-byte range. The Code/gen_asm/d_00218ee0.asm dump reproduces those bytes but carries no identity."
?d_00220da0@@YAXXZ,0x00220DA0,"gen-dump placeholder superseded by the real identity of these bytes: ?dup_00220da0@@YAXXZ, byte-verified from Code/GameEngine/Source/Common/Audio/GameAudio.cpp over the same 11-byte range. The Code/gen_asm/d_00218ee0.asm dump reproduces those bytes but carries no identity."
?d_00220db0@@YAXXZ,0x00220DB0,"gen-dump placeholder superseded by the real identity of these bytes: ?dup_00220db0@@YAXXZ, byte-verified from Code/GameEngine/Source/Common/Audio/GameAudio.cpp over the same 11-byte range. The Code/gen_asm/d_00218ee0.asm dump reproduces those bytes but carries no identity."
?d_00220dc0@@YAXXZ,0x00220DC0,"gen-dump placeholder superseded by the real identity of these bytes: ?dup_00220dc0@@YAXXZ, byte-verified from Code/GameEngine/Source/Common/Audio/GameAudio.cpp over the same 11-byte range. The Code/gen_asm/d_00218ee0.asm dump reproduces those bytes but carries no identity."
?d_00220e30@@YAXXZ,0x00220E30,"gen-dump placeholder superseded by the real identity of these bytes: ?dup_00220e30@@YAXXZ, byte-verified from Code/GameEngine/Source/Common/Audio/GameAudio.cpp over the same 11-byte range. The Code/gen_asm/d_00218ee0.asm dump reproduces those bytes but carries no identity."
?d_00220fa0@@YAXXZ,0x00220FA0,"gen-dump placeholder superseded by the real identity of these bytes: ?dup_00220fa0@@YAXXZ, byte-verified from Code/GameEngine/Source/Common/Audio/GameAudio.cpp over the same 7-byte range. The Code/gen_asm/d_00218ee0.asm dump reproduces those bytes but carries no identity."
?d_00220fb0@@YAXXZ,0x00220FB0,"gen-dump placeholder superseded by the real identity of these bytes: ?dup_00220fb0@@YAXXZ, byte-verified from Code/GameEngine/Source/Common/Audio/GameAudio.cpp over the same 7-byte range. The Code/gen_asm/d_00218ee0.asm dump reproduces those bytes but carries no identity."
?d_00220fc0@@YAXXZ,0x00220FC0,"gen-dump placeholder superseded by the real identity of these bytes: ?dup_00220fc0@@YAXXZ, byte-verified from Code/GameEngine/Source/Common/Audio/GameAudio.cpp over the same 7-byte range. The Code/gen_asm/d_00218ee0.asm dump reproduces those bytes but carries no identity."
?d_00220fd0@@YAXXZ,0x00220FD0,"gen-dump placeholder superseded by the real identity of these bytes: ?dup_00220fd0@@YAXXZ, byte-verified from Code/GameEngine/Source/Common/Audio/GameAudio.cpp over the same 7-byte range. The Code/gen_asm/d_00218ee0.asm dump reproduces those bytes but carries no identity."
?d_00220fe0@@YAXXZ,0x00220FE0,"gen-dump placeholder superseded by the real identity of these bytes: ?dup_00220fe0@@YAXXZ, byte-verified from Code/GameEngine/Source/Common/Audio/GameAudio.cpp over the same 7-byte range. The Code/gen_asm/d_00218ee0.asm dump reproduces those bytes but carries no identity."
?d_00220ff0@@YAXXZ,0x00220FF0,"gen-dump placeholder superseded by the real identity of these bytes: ?dup_00220ff0@@YAXXZ, byte-verified from Code/GameEngine/Source/Common/Audio/GameAudio.cpp over the same 19-byte range. The Code/gen_asm/d_00218ee0.asm dump reproduces those bytes but carries no identity."
?d_00221420@@YAXXZ,0x00221420,"gen-dump placeholder superseded by the real identity of these bytes: ?dup_00221420@@YAXXZ, byte-verified from Code/GameEngine/Source/Common/Audio/GameAudio.cpp over the same 19-byte range. The Code/gen_asm/d_00218ee0.asm dump reproduces those bytes but carries no identity."
?d_00221470@@YAXXZ,0x00221470,"gen-dump placeholder superseded by the real identity of these bytes: ?dup_00221470@@YAXXZ, byte-verified from Code/GameEngine/Source/Common/Audio/GameAudio.cpp over the same 19-byte range. The Code/gen_asm/d_00218ee0.asm dump reproduces those bytes but carries no identity."
?d_00221490@@YAXXZ,0x00221490,"gen-dump placeholder superseded by the real identity of these bytes: ?dup_00221490@@YAXXZ, byte-verified from Code/GameEngine/Source/Common/Audio/GameAudio.cpp over the same 19-byte range. The Code/gen_asm/d_00218ee0.asm dump reproduces those bytes but carries no identity."
?d_00221aa0@@YAXXZ,0x00221AA0,"gen-dump placeholder superseded by the real identity of these bytes: ?dup_00221aa0@@YAXXZ, byte-verified from Code/GameEngine/Source/Common/Audio/GameAudio.cpp over the same 11-byte range. The Code/gen_asm/d_00218ee0.asm dump reproduces those bytes but carries no identity."
?d_00221b70@@YAXXZ,0x00221B70,"gen-dump placeholder superseded by the real identity of these bytes: ?dup_00221b70@@YAXXZ, byte-verified from Code/GameEngine/Source/Common/Audio/GameAudio.cpp over the same 7-byte range. The Code/gen_asm/d_00218ee0.asm dump reproduces those bytes but carries no identity."
?d_00221ba0@@YAXXZ,0x00221BA0,"gen-dump placeholder superseded by the real identity of these bytes: ?dup_00221ba0@@YAXXZ, byte-verified from Code/GameEngine/Source/Common/Audio/GameAudio.cpp over the same 11-byte range. The Code/gen_asm/d_00218ee0.asm dump reproduces those bytes but carries no identity."
?d_00221bb0@@YAXXZ,0x00221BB0,"gen-dump placeholder superseded by the real identity of these bytes: ?dup_00221bb0@@YAXXZ, byte-verified from Code/GameEngine/Source/Common/Audio/GameAudio.cpp over the same 7-byte range. The Code/gen_asm/d_00218ee0.asm dump reproduces those bytes but carries no identity."
?d_00221be0@@YAXXZ,0x00221BE0,"gen-dump placeholder superseded by the real identity of these bytes: ?dup_00221be0@@YAXXZ, byte-verified from Code/GameEngine/Source/Common/Audio/GameAudio.cpp over the same 11-byte range. The Code/gen_asm/d_00218ee0.asm dump reproduces those bytes but carries no identity."
?d_00221bf0@@YAXXZ,0x00221BF0,"gen-dump placeholder superseded by the real identity of these bytes: ?dup_00221bf0@@YAXXZ, byte-verified from Code/GameEngine/Source/Common/Audio/GameAudio.cpp over the same 11-byte range. The Code/gen_asm/d_00218ee0.asm dump reproduces those bytes but carries no identity."
?d_00221c00@@YAXXZ,0x00221C00,"gen-dump placeholder superseded by the real identity of these bytes: ?dup_00221c00@@YAXXZ, byte-verified from Code/GameEngine/Source/Common/Audio/GameAudio.cpp over the same 7-byte range. The Code/gen_asm/d_00218ee0.asm dump reproduces those bytes but carries no identity."
?d_00221c10@@YAXXZ,0x00221C10,"gen-dump placeholder superseded by the real identity of these bytes: ?dup_00221c10@@YAXXZ, byte-verified from Code/GameEngine/Source/Common/Audio/GameAudio.cpp over the same 11-byte range. The Code/gen_asm/d_00218ee0.asm dump reproduces those bytes but carries no identity."
?d_00221c20@@YAXXZ,0x00221C20,"gen-dump placeholder superseded by the real identity of these bytes: ?dup_00221c20@@YAXXZ, byte-verified from Code/GameEngine/Source/Common/Audio/GameAudio.cpp over the same 7-byte range. The Code/gen_asm/d_00218ee0.asm dump reproduces those bytes but carries no identity."
?d_00221c50@@YAXXZ,0x00221C50,"gen-dump placeholder superseded by the real identity of these bytes: ?dup_00221c50@@YAXXZ, byte-verified from Code/GameEngine/Source/Common/Audio/GameAudio.cpp over the same 11-byte range. The Code/gen_asm/d_00218ee0.asm dump reproduces those bytes but carries no identity."
?d_00221c60@@YAXXZ,0x00221C60,"gen-dump placeholder superseded by the real identity of these bytes: ?dup_00221c60@@YAXXZ, byte-verified from Code/GameEngine/Source/Common/Audio/GameAudio.cpp over the same 7-byte range. The Code/gen_asm/d_00218ee0.asm dump reproduces those bytes but carries no identity."
?d_00221c90@@YAXXZ,0x00221C90,"gen-dump placeholder superseded by the real identity of these bytes: ?dup_00221c90@@YAXXZ, byte-verified from Code/GameEngine/Source/Common/Audio/GameAudio.cpp over the same 11-byte range. The Code/gen_asm/d_00218ee0.asm dump reproduces those bytes but carries no identity."
?d_00221ca0@@YAXXZ,0x00221CA0,"gen-dump placeholder superseded by the real identity of these bytes: ?dup_00221ca0@@YAXXZ, byte-verified from Code/GameEngine/Source/Common/Audio/GameAudio.cpp over the same 11-byte range. The Code/gen_asm/d_00218ee0.asm dump reproduces those bytes but carries no identity."
?d_00221de0@@YAXXZ,0x00221DE0,"gen-dump placeholder superseded by the real identity of these bytes: ?dup_00221de0@@YAXXZ, byte-verified from Code/GameEngine/Source/Common/Audio/GameAudio.cpp over the same 11-byte range. The Code/gen_asm/d_00218ee0.asm dump reproduces those bytes but carries no identity."
?d_00221e50@@YAXXZ,0x00221E50,"gen-dump placeholder superseded by the real identity of these bytes: ?dup_00221e50@@YAXXZ, byte-verified from Code/GameEngine/Source/Common/Audio/GameAudio.cpp over the same 11-byte range. The Code/gen_asm/d_00218ee0.asm dump reproduces those bytes but carries no identity."
?d_00221f20@@YAXXZ,0x00221F20,"gen-dump placeholder superseded by the real identity of these bytes: ?dup_00221f20@@YAXXZ, byte-verified from Code/GameEngine/Source/Common/Audio/GameAudio.cpp over the same 11-byte range. The Code/gen_asm/d_00218ee0.asm dump reproduces those bytes but carries no identity."
?d_00221fc0@@YAXXZ,0x00221FC0,"gen-dump placeholder superseded by the real identity of these bytes: ?dup_00221fc0@@YAXXZ, byte-verified from Code/GameEngine/Source/Common/Audio/GameAudio.cpp over the same 11-byte range. The Code/gen_asm/d_00218ee0.asm dump reproduces those bytes but carries no identity."
?d_00222010@@YAXXZ,0x00222010,"gen-dump placeholder superseded by the real identity of these bytes: ?dup_00222010@@YAXXZ, byte-verified from Code/GameEngine/Source/Common/Audio/GameAudio.cpp over the same 11-byte range. The Code/gen_asm/d_00218ee0.asm dump reproduces those bytes but carries no identity."
?d_00222060@@YAXXZ,0x00222060,"gen-dump placeholder superseded by the real identity of these bytes: ?dup_00222060@@YAXXZ, byte-verified from Code/GameEngine/Source/Common/Audio/GameAudio.cpp over the same 11-byte range. The Code/gen_asm/d_00218ee0.asm dump reproduces those bytes but carries no identity."
?d_002220b0@@YAXXZ,0x002220B0,"gen-dump placeholder superseded by the real identity of these bytes: ?dup_002220b0@@YAXXZ, byte-verified from Code/GameEngine/Source/Common/Audio/GameAudio.cpp over the same 11-byte range. The Code/gen_asm/d_00218ee0.asm dump reproduces those bytes but carries no identity."
?d_00222a90@@YAXXZ,0x00222A90,"gen-dump placeholder superseded by the real identity of these bytes: ?dup_00222a90@@YAXXZ, byte-verified from Code/GameEngine/Source/Common/Audio/GameAudio.cpp over the same 11-byte range. The Code/gen_asm/d_00218ee0.asm dump reproduces those bytes but carries no identity."
?d_00222ac0@@YAXXZ,0x00222AC0,"gen-dump placeholder superseded by the real identity of these bytes: ?dup_00222ac0@@YAXXZ, byte-verified from Code/GameEngine/Source/Common/Audio/GameAudio.cpp over the same 11-byte range. The Code/gen_asm/d_00218ee0.asm dump reproduces those bytes but carries no identity."
?d_00222ad0@@YAXXZ,0x00222AD0,"gen-dump placeholder superseded by the real identity of these bytes: ?dup_00222ad0@@YAXXZ, byte-verified from Code/GameEngine/Source/Common/Audio/GameAudio.cpp over the same 11-byte range. The Code/gen_asm/d_00218ee0.asm dump reproduces those bytes but carries no identity."
?d_00222b00@@YAXXZ,0x00222B00,"gen-dump placeholder superseded by the real identity of these bytes: ?dup_00222b00@@YAXXZ, byte-verified from Code/GameEngine/Source/Common/Audio/GameAudio.cpp over the same 11-byte range. The Code/gen_asm/d_00218ee0.asm dump reproduces those bytes but carries no identity."
?d_00222b30@@YAXXZ,0x00222B30,"gen-dump placeholder superseded by the real identity of these bytes: ?dup_00222b30@@YAXXZ, byte-verified from Code/GameEngine/Source/Common/Audio/GameAudio.cpp over the same 11-byte range. The Code/gen_asm/d_00218ee0.asm dump reproduces those bytes but carries no identity."
?d_00222b40@@YAXXZ,0x00222B40,"gen-dump placeholder superseded by the real identity of these bytes: ?dup_00222b40@@YAXXZ, byte-verified from Code/GameEngine/Source/Common/Audio/GameAudio.cpp over the same 11-byte range. The Code/gen_asm/d_00218ee0.asm dump reproduces those bytes but carries no identity."
?d_00222c10@@YAXXZ,0x00222C10,"gen-dump placeholder superseded by the real identity of these bytes: ?dup_00222c10@@YAXXZ, byte-verified from Code/GameEngine/Source/Common/Audio/GameAudio.cpp over the same 11-byte range. The Code/gen_asm/d_00218ee0.asm dump reproduces those bytes but carries no identity."
?d_0022b520@@YAXXZ,0x0022B520,"gen-dump placeholder superseded by the real identity of these bytes: ?dup_0022b520@@YAXXZ, byte-verified from Code/GameEngine/Source/Common/Audio/GameAudio.cpp over the same 16-byte range. The Code/gen_asm/d_00218ee0.asm dump reproduces those bytes but carries no identity."
?d_0022ce20@@YAXXZ,0x0022CE20,"gen-dump placeholder superseded by the real identity of these bytes: ?dup_0022ce20@@YAXXZ, byte-verified from Code/GameEngine/Source/Common/Audio/GameAudio.cpp over the same 13-byte range. The Code/gen_asm/d_00218ee0.asm dump reproduces those bytes but carries no identity."
?d_0022ce40@@YAXXZ,0x0022CE40,"gen-dump placeholder superseded by the real identity of these bytes: ?dup_0022ce40@@YAXXZ, byte-verified from Code/GameEngine/Source/Common/Audio/GameAudio.cpp over the same 6-byte range. The Code/gen_asm/d_00218ee0.asm dump reproduces those bytes but carries no identity."
?d_0022ce50@@YAXXZ,0x0022CE50,"gen-dump placeholder superseded by the real identity of these bytes: ?dup_0022ce50@@YAXXZ, byte-verified from Code/GameEngine/Source/Common/Audio/GameAudio.cpp over the same 9-byte range. The Code/gen_asm/d_00218ee0.asm dump reproduces those bytes but carries no identity."
?d_0022ce60@@YAXXZ,0x0022CE60,"gen-dump placeholder superseded by the real identity of these bytes: ?dup_0022ce60@@YAXXZ, byte-verified from Code/GameEngine/Source/Common/Audio/GameAudio.cpp over the same 15-byte range. The Code/gen_asm/d_00218ee0.asm dump reproduces those bytes but carries no identity."
?d_0022ce80@@YAXXZ,0x0022CE80,"gen-dump placeholder superseded by the real identity of these bytes: ?dup_0022ce80@@YAXXZ, byte-verified from Code/GameEngine/Source/Common/Audio/GameAudio.cpp over the same 11-byte range. The Code/gen_asm/d_00218ee0.asm dump reproduces those bytes but carries no identity."
?d_0022ce90@@YAXXZ,0x0022CE90,"gen-dump placeholder superseded by the real identity of these bytes: ?dup_0022ce90@@YAXXZ, byte-verified from Code/GameEngine/Source/Common/Audio/GameAudio.cpp over the same 11-byte range. The Code/gen_asm/d_00218ee0.asm dump reproduces those bytes but carries no identity."
?d_0022d190@@YAXXZ,0x0022D190,"gen-dump placeholder superseded by the real identity of these bytes: ?dup_0022d190@@YAXXZ, byte-verified from Code/GameEngine/Source/Common/Audio/GameAudio.cpp over the same 13-byte range. The Code/gen_asm/d_00218ee0.asm dump reproduces those bytes but carries no identity."
?d_0022d1c0@@YAXXZ,0x0022D1C0,"gen-dump placeholder superseded by the real identity of these bytes: ?dup_0022d1c0@@YAXXZ, byte-verified from Code/GameEngine/Source/Common/Audio/GameAudio.cpp over the same 11-byte range. The Code/gen_asm/d_00218ee0.asm dump reproduces those bytes but carries no identity."
?d_0022d1d0@@YAXXZ,0x0022D1D0,"gen-dump placeholder superseded by the real identity of these bytes: ?dup_0022d1d0@@YAXXZ, byte-verified from Code/GameEngine/Source/Common/Audio/GameAudio.cpp over the same 11-byte range. The Code/gen_asm/d_00218ee0.asm dump reproduces those bytes but carries no identity."
?d_0022fdb0@@YAXXZ,0x0022FDB0,"gen-dump placeholder superseded by the real identity of these bytes: ?dup_0022fdb0@@YAXXZ, byte-verified from Code/GameEngine/Source/Common/Audio/GameAudio.cpp over the same 23-byte range. The Code/gen_asm/d_00218ee0.asm dump reproduces those bytes but carries no identity."
?d_00230110@@YAXXZ,0x00230110,"gen-dump placeholder superseded by the real identity of these bytes: ?dup_00230110@@YAXXZ, byte-verified from Code/GameEngine/Source/Common/Audio/GameAudio.cpp over the same 11-byte range. The Code/gen_asm/d_00218ee0.asm dump reproduces those bytes but carries no identity."
?d_00230270@@YAXXZ,0x00230270,"gen-dump placeholder superseded by the real identity of these bytes: ?dup_00230270@@YAXXZ, byte-verified from Code/GameEngine/Source/Common/Audio/GameAudio.cpp over the same 15-byte range. The Code/gen_asm/d_00218ee0.asm dump reproduces those bytes but carries no identity."
?d_00230720@@YAXXZ,0x00230720,"gen-dump placeholder superseded by the real identity of these bytes: ?dup_00230720@@YAXXZ, byte-verified from Code/GameEngine/Source/Common/Audio/GameAudio.cpp over the same 5-byte range. The Code/gen_asm/d_00218ee0.asm dump reproduces those bytes but carries no identity."
?d_00232920@@YAXXZ,0x00232920,"gen-dump placeholder superseded by the real identity of these bytes: ?dup_00232920@@YAXXZ, byte-verified from Code/GameEngine/Source/Common/Audio/GameAudio.cpp over the same 6-byte range. The Code/gen_asm/d_00218ee0.asm dump reproduces those bytes but carries no identity."
?d_00232930@@YAXXZ,0x00232930,"gen-dump placeholder superseded by the real identity of these bytes: ?dup_00232930@@YAXXZ, byte-verified from Code/GameEngine/Source/Common/Audio/GameAudio.cpp over the same 15-byte range. The Code/gen_asm/d_00218ee0.asm dump reproduces those bytes but carries no identity."
?d_00232950@@YAXXZ,0x00232950,"gen-dump placeholder superseded by the real identity of these bytes: ?dup_00232950@@YAXXZ, byte-verified from Code/GameEngine/Source/Common/Audio/GameAudio.cpp over the same 13-byte range. The Code/gen_asm/d_00218ee0.asm dump reproduces those bytes but carries no identity."
?d_00232b10@@YAXXZ,0x00232B10,"gen-dump placeholder superseded by the real identity of these bytes: ?dup_00232b10@@YAXXZ, byte-verified from Code/GameEngine/Source/Common/Audio/GameAudio.cpp over the same 13-byte range. The Code/gen_asm/d_00218ee0.asm dump reproduces those bytes but carries no identity."
?d_00232bd0@@YAXXZ,0x00232BD0,"gen-dump placeholder superseded by the real identity of these bytes: ?dup_00232bd0@@YAXXZ, byte-verified from Code/GameEngine/Source/Common/Audio/GameAudio.cpp over the same 23-byte range. The Code/gen_asm/d_00218ee0.asm dump reproduces those bytes but carries no identity."
?d_00232c70@@YAXXZ,0x00232C70,"gen-dump placeholder superseded by the real identity of these bytes: ?dup_00232c70@@YAXXZ, byte-verified from Code/GameEngine/Source/Common/Audio/GameAudio.cpp over the same 23-byte range. The Code/gen_asm/d_00218ee0.asm dump reproduces those bytes but carries no identity."
?d_00232d10@@YAXXZ,0x00232D10,"gen-dump placeholder superseded by the real identity of these bytes: ?dup_00232d10@@YAXXZ, byte-verified from Code/GameEngine/Source/Common/Audio/GameAudio.cpp over the same 23-byte range. The Code/gen_asm/d_00218ee0.asm dump reproduces those bytes but carries no identity."
?d_00232dc0@@YAXXZ,0x00232DC0,"gen-dump placeholder superseded by the real identity of these bytes: ?dup_00232dc0@@YAXXZ, byte-verified from Code/GameEngine/Source/Common/Audio/GameAudio.cpp over the same 6-byte range. The Code/gen_asm/d_00218ee0.asm dump reproduces those bytes but carries no identity."
?d_00232e30@@YAXXZ,0x00232E30,"gen-dump placeholder superseded by the real identity of these bytes: ?dup_00232e30@@YAXXZ, byte-verified from Code/GameEngine/Source/Common/Audio/GameAudio.cpp over the same 23-byte range. The Code/gen_asm/d_00218ee0.asm dump reproduces those bytes but carries no identity."
?d_00232ed0@@YAXXZ,0x00232ED0,"gen-dump placeholder superseded by the real identity of these bytes: ?dup_00232ed0@@YAXXZ, byte-verified from Code/GameEngine/Source/Common/Audio/GameAudio.cpp over the same 23-byte range. The Code/gen_asm/d_00218ee0.asm dump reproduces those bytes but carries no identity."
?d_00232f80@@YAXXZ,0x00232F80,"gen-dump placeholder superseded by the real identity of these bytes: ?dup_00232f80@@YAXXZ, byte-verified from Code/GameEngine/Source/Common/Audio/GameAudio.cpp over the same 6-byte range. The Code/gen_asm/d_00218ee0.asm dump reproduces those bytes but carries no identity."
?d_00232fa0@@YAXXZ,0x00232FA0,"gen-dump placeholder superseded by the real identity of these bytes: ?dup_00232fa0@@YAXXZ, byte-verified from Code/GameEngine/Source/Common/Audio/GameAudio.cpp over the same 7-byte range. The Code/gen_asm/d_00218ee0.asm dump reproduces those bytes but carries no identity."
?d_00233000@@YAXXZ,0x00233000,"gen-dump placeholder superseded by the real identity of these bytes: ?dup_00233000@@YAXXZ, byte-verified from Code/GameEngine/Source/Common/Audio/GameAudio.cpp over the same 23-byte range. The Code/gen_asm/d_00218ee0.asm dump reproduces those bytes but carries no identity."
?d_002330b0@@YAXXZ,0x002330B0,"gen-dump placeholder superseded by the real identity of these bytes: ?dup_002330b0@@YAXXZ, byte-verified from Code/GameEngine/Source/Common/Audio/GameAudio.cpp over the same 23-byte range. The Code/gen_asm/d_00218ee0.asm dump reproduces those bytes but carries no identity."
?d_00233180@@YAXXZ,0x00233180,"gen-dump placeholder superseded by the real identity of these bytes: ?dup_00233180@@YAXXZ, byte-verified from Code/GameEngine/Source/Common/Audio/GameAudio.cpp over the same 11-byte range. The Code/gen_asm/d_00218ee0.asm dump reproduces those bytes but carries no identity."
?d_00233190@@YAXXZ,0x00233190,"gen-dump placeholder superseded by the real identity of these bytes: ?dup_00233190@@YAXXZ, byte-verified from Code/GameEngine/Source/Common/Audio/GameAudio.cpp over the same 11-byte range. The Code/gen_asm/d_00218ee0.asm dump reproduces those bytes but carries no identity."
?d_002331a0@@YAXXZ,0x002331A0,"gen-dump placeholder superseded by the real identity of these bytes: ?dup_002331a0@@YAXXZ, byte-verified from Code/GameEngine/Source/Common/Audio/GameAudio.cpp over the same 23-byte range. The Code/gen_asm/d_00218ee0.asm dump reproduces those bytes but carries no identity."
?d_00233400@@YAXXZ,0x00233400,"gen-dump placeholder superseded by the real identity of these bytes: ?dup_00233400@@YAXXZ, byte-verified from Code/GameEngine/Source/Common/Audio/GameAudio.cpp over the same 7-byte range. The Code/gen_asm/d_00218ee0.asm dump reproduces those bytes but carries no identity."
?d_00233410@@YAXXZ,0x00233410,"gen-dump placeholder superseded by the real identity of these bytes: ?dup_00233410@@YAXXZ, byte-verified from Code/GameEngine/Source/Common/Audio/GameAudio.cpp over the same 17-byte range. The Code/gen_asm/d_00218ee0.asm dump reproduces those bytes but carries no identity."
?d_00233430@@YAXXZ,0x00233430,"gen-dump placeholder superseded by the real identity of these bytes: ?dup_00233430@@YAXXZ, byte-verified from Code/GameEngine/Source/Common/Audio/GameAudio.cpp over the same 17-byte range. The Code/gen_asm/d_00218ee0.asm dump reproduces those bytes but carries no identity."
?d_00233450@@YAXXZ,0x00233450,"gen-dump placeholder superseded by the real identity of these bytes: ?dup_00233450@@YAXXZ, byte-verified from Code/GameEngine/Source/Common/Audio/GameAudio.cpp over the same 17-byte range. The Code/gen_asm/d_00218ee0.asm dump reproduces those bytes but carries no identity."
?d_00233470@@YAXXZ,0x00233470,"gen-dump placeholder superseded by the real identity of these bytes: ?dup_00233470@@YAXXZ, byte-verified from Code/GameEngine/Source/Common/Audio/GameAudio.cpp over the same 17-byte range. The Code/gen_asm/d_00218ee0.asm dump reproduces those bytes but carries no identity."
?d_002334c0@@YAXXZ,0x002334C0,"gen-dump placeholder superseded by the real identity of these bytes: ?dup_002334c0@@YAXXZ, byte-verified from Code/GameEngine/Source/Common/Audio/GameAudio.cpp over the same 17-byte range. The Code/gen_asm/d_00218ee0.asm dump reproduces those bytes but carries no identity."
?d_00233520@@YAXXZ,0x00233520,"gen-dump placeholder superseded by the real identity of these bytes: ?dup_00233520@@YAXXZ, byte-verified from Code/GameEngine/Source/Common/Audio/GameAudio.cpp over the same 29-byte range. The Code/gen_asm/d_00218ee0.asm dump reproduces those bytes but carries no identity."
?d_00233590@@YAXXZ,0x00233590,"gen-dump placeholder superseded by the real identity of these bytes: ?dup_00233590@@YAXXZ, byte-verified from Code/GameEngine/Source/Common/Audio/GameAudio.cpp over the same 29-byte range. The Code/gen_asm/d_00218ee0.asm dump reproduces those bytes but carries no identity."
?d_00233600@@YAXXZ,0x00233600,"gen-dump placeholder superseded by the real identity of these bytes: ?dup_00233600@@YAXXZ, byte-verified from Code/GameEngine/Source/Common/Audio/GameAudio.cpp over the same 29-byte range. The Code/gen_asm/d_00218ee0.asm dump reproduces those bytes but carries no identity."
?d_00233670@@YAXXZ,0x00233670,"gen-dump placeholder superseded by the real identity of these bytes: ?dup_00233670@@YAXXZ, byte-verified from Code/GameEngine/Source/Common/Audio/GameAudio.cpp over the same 29-byte range. The Code/gen_asm/d_00218ee0.asm dump reproduces those bytes but carries no identity."
?d_00233760@@YAXXZ,0x00233760,"gen-dump placeholder superseded by the real identity of these bytes: ?dup_00233760@@YAXXZ, byte-verified from Code/GameEngine/Source/Common/Audio/GameAudio.cpp over the same 29-byte range. The Code/gen_asm/d_00218ee0.asm dump reproduces those bytes but carries no identity."
?d_00233900@@YAXXZ,0x00233900,"gen-dump placeholder superseded by the real identity of these bytes: ?dup_00233900@@YAXXZ, byte-verified from Code/GameEngine/Source/Common/Audio/GameAudio.cpp over the same 11-byte range. The Code/gen_asm/d_00218ee0.asm dump reproduces those bytes but carries no identity."
?d_00233930@@YAXXZ,0x00233930,"gen-dump placeholder superseded by the real identity of these bytes: ?dup_00233930@@YAXXZ, byte-verified from Code/GameEngine/Source/Common/Audio/GameAudio.cpp over the same 7-byte range. The Code/gen_asm/d_00218ee0.asm dump reproduces those bytes but carries no identity."
?d_00233950@@YAXXZ,0x00233950,"gen-dump placeholder superseded by the real identity of these bytes: ?dup_00233950@@YAXXZ, byte-verified from Code/GameEngine/Source/Common/Audio/GameAudio.cpp over the same 13-byte range. The Code/gen_asm/d_00218ee0.asm dump reproduces those bytes but carries no identity."
?d_00234430@@YAXXZ,0x00234430,"gen-dump placeholder superseded by the real identity of these bytes: ?dup_00234430@@YAXXZ, byte-verified from Code/GameEngine/Source/Common/Audio/GameAudio.cpp over the same 11-byte range. The Code/gen_asm/d_00234360.asm dump reproduces those bytes but carries no identity."
?d_002344c0@@YAXXZ,0x002344C0,"gen-dump placeholder superseded by the real identity of these bytes: ?dup_002344c0@@YAXXZ, byte-verified from Code/GameEngine/Source/Common/Audio/GameAudio.cpp over the same 7-byte range. The Code/gen_asm/d_00234360.asm dump reproduces those bytes but carries no identity."
?d_002344d0@@YAXXZ,0x002344D0,"gen-dump placeholder superseded by the real identity of these bytes: ?dup_002344d0@@YAXXZ, byte-verified from Code/GameEngine/Source/Common/Audio/GameAudio.cpp over the same 11-byte range. The Code/gen_asm/d_00234360.asm dump reproduces those bytes but carries no identity."
?d_00234630@@YAXXZ,0x00234630,"gen-dump placeholder superseded by the real identity of these bytes: ?dup_00234630@@YAXXZ, byte-verified from Code/GameEngine/Source/Common/Audio/GameAudio.cpp over the same 11-byte range. The Code/gen_asm/d_00234360.asm dump reproduces those bytes but carries no identity."
?d_00234640@@YAXXZ,0x00234640,"gen-dump placeholder superseded by the real identity of these bytes: ?dup_00234640@@YAXXZ, byte-verified from Code/GameEngine/Source/Common/Audio/GameAudio.cpp over the same 11-byte range. The Code/gen_asm/d_00234360.asm dump reproduces those bytes but carries no identity."
?d_00234650@@YAXXZ,0x00234650,"gen-dump placeholder superseded by the real identity of these bytes: ?dup_00234650@@YAXXZ, byte-verified from Code/GameEngine/Source/Common/Audio/GameAudio.cpp over the same 11-byte range. The Code/gen_asm/d_00234360.asm dump reproduces those bytes but carries no identity."
?d_00234680@@YAXXZ,0x00234680,"gen-dump placeholder superseded by the real identity of these bytes: ?dup_00234680@@YAXXZ, byte-verified from Code/GameEngine/Source/Common/Audio/GameAudio.cpp over the same 11-byte range. The Code/gen_asm/d_00234360.asm dump reproduces those bytes but carries no identity."
?d_00234690@@YAXXZ,0x00234690,"gen-dump placeholder superseded by the real identity of these bytes: ?dup_00234690@@YAXXZ, byte-verified from Code/GameEngine/Source/Common/Audio/GameAudio.cpp over the same 11-byte range. The Code/gen_asm/d_00234360.asm dump reproduces those bytes but carries no identity."
?d_002346c0@@YAXXZ,0x002346C0,"gen-dump placeholder superseded by the real identity of these bytes: ?dup_002346c0@@YAXXZ, byte-verified from Code/GameEngine/Source/Common/Audio/GameAudio.cpp over the same 11-byte range. The Code/gen_asm/d_00234360.asm dump reproduces those bytes but carries no identity."
?d_002346d0@@YAXXZ,0x002346D0,"gen-dump placeholder superseded by the real identity of these bytes: ?dup_002346d0@@YAXXZ, byte-verified from Code/GameEngine/Source/Common/Audio/GameAudio.cpp over the same 11-byte range. The Code/gen_asm/d_00234360.asm dump reproduces those bytes but carries no identity."
?d_002346e0@@YAXXZ,0x002346E0,"gen-dump placeholder superseded by the real identity of these bytes: ?dup_002346e0@@YAXXZ, byte-verified from Code/GameEngine/Source/Common/Audio/GameAudio.cpp over the same 11-byte range. The Code/gen_asm/d_00234360.asm dump reproduces those bytes but carries no identity."
?d_00234700@@YAXXZ,0x00234700,"gen-dump placeholder superseded by the real identity of these bytes: ?dup_00234700@@YAXXZ, byte-verified from Code/GameEngine/Source/Common/Audio/GameAudio.cpp over the same 11-byte range. The Code/gen_asm/d_00234360.asm dump reproduces those bytes but carries no identity."
?d_00234cb0@@YAXXZ,0x00234CB0,"gen-dump placeholder superseded by the real identity of these bytes: ?dup_00234cb0@@YAXXZ, byte-verified from Code/GameEngine/Source/Common/Audio/GameAudio.cpp over the same 16-byte range. The Code/gen_asm/d_00234360.asm dump reproduces those bytes but carries no identity."
?d_002355e0@@YAXXZ,0x002355E0,"gen-dump placeholder superseded by the real identity of these bytes: ?dup_002355e0@@YAXXZ, byte-verified from Code/GameEngine/Source/Common/Audio/GameAudio.cpp over the same 11-byte range. The Code/gen_asm/d_00234360.asm dump reproduces those bytes but carries no identity."
?d_002355f0@@YAXXZ,0x002355F0,"gen-dump placeholder superseded by the real identity of these bytes: ?dup_002355f0@@YAXXZ, byte-verified from Code/GameEngine/Source/Common/Audio/GameAudio.cpp over the same 11-byte range. The Code/gen_asm/d_00234360.asm dump reproduces those bytes but carries no identity."
?d_00235ee0@@YAXXZ,0x00235EE0,"gen-dump placeholder superseded by the real identity of these bytes: ?dup_00235ee0@@YAXXZ, byte-verified from Code/GameEngine/Source/Common/Audio/GameAudio.cpp over the same 15-byte range. The Code/gen_asm/d_00234360.asm dump reproduces those bytes but carries no identity."
?d_00235f40@@YAXXZ,0x00235F40,"gen-dump placeholder superseded by the real identity of these bytes: ?dup_00235f40@@YAXXZ, byte-verified from Code/GameEngine/Source/Common/Audio/GameAudio.cpp over the same 15-byte range. The Code/gen_asm/d_00234360.asm dump reproduces those bytes but carries no identity."
?d_00235fa0@@YAXXZ,0x00235FA0,"gen-dump placeholder superseded by the real identity of these bytes: ?dup_00235fa0@@YAXXZ, byte-verified from Code/GameEngine/Source/Common/Audio/GameAudio.cpp over the same 15-byte range. The Code/gen_asm/d_00234360.asm dump reproduces those bytes but carries no identity."
?d_00236160@@YAXXZ,0x00236160,"gen-dump placeholder superseded by the real identity of these bytes: ?dup_00236160@@YAXXZ, byte-verified from Code/GameEngine/Source/Common/Audio/GameAudio.cpp over the same 15-byte range. The Code/gen_asm/d_00234360.asm dump reproduces those bytes but carries no identity."
?d_002361c0@@YAXXZ,0x002361C0,"gen-dump placeholder superseded by the real identity of these bytes: ?dup_002361c0@@YAXXZ, byte-verified from Code/GameEngine/Source/Common/Audio/GameAudio.cpp over the same 15-byte range. The Code/gen_asm/d_00234360.asm dump reproduces those bytes but carries no identity."
?d_00236200@@YAXXZ,0x00236200,"gen-dump placeholder superseded by the real identity of these bytes: ?dup_00236200@@YAXXZ, byte-verified from Code/GameEngine/Source/Common/Audio/GameAudio.cpp over the same 15-byte range. The Code/gen_asm/d_00234360.asm dump reproduces those bytes but carries no identity."
?d_00236260@@YAXXZ,0x00236260,"gen-dump placeholder superseded by the real identity of these bytes: ?dup_00236260@@YAXXZ, byte-verified from Code/GameEngine/Source/Common/Audio/GameAudio.cpp over the same 15-byte range. The Code/gen_asm/d_00234360.asm dump reproduces those bytes but carries no identity."
?d_00236280@@YAXXZ,0x00236280,"gen-dump placeholder superseded by the real identity of these bytes: ?dup_00236280@@YAXXZ, byte-verified from Code/GameEngine/Source/Common/Audio/GameAudio.cpp over the same 15-byte range. The Code/gen_asm/d_00234360.asm dump reproduces those bytes but carries no identity."
?d_00250af0@@YAXXZ,0x00250AF0,"gen-dump placeholder superseded by the real identity of these bytes: ?dup_00250af0@@YAXXZ, byte-verified from Code/GameEngine/Source/Common/Audio/GameAudio.cpp over the same 13-byte range. The Code/gen_asm/d_00234360.asm dump reproduces those bytes but carries no identity."
?d_00250b10@@YAXXZ,0x00250B10,"gen-dump placeholder superseded by the real identity of these bytes: ?dup_00250b10@@YAXXZ, byte-verified from Code/GameEngine/Source/Common/Audio/GameAudio.cpp over the same 9-byte range. The Code/gen_asm/d_00234360.asm dump reproduces those bytes but carries no identity."
?d_00250b20@@YAXXZ,0x00250B20,"gen-dump placeholder superseded by the real identity of these bytes: ?dup_00250b20@@YAXXZ, byte-verified from Code/GameEngine/Source/Common/Audio/GameAudio.cpp over the same 11-byte range. The Code/gen_asm/d_00234360.asm dump reproduces those bytes but carries no identity."
?d_00250cc0@@YAXXZ,0x00250CC0,"gen-dump placeholder superseded by the real identity of these bytes: ?dup_00250cc0@@YAXXZ, byte-verified from Code/GameEngine/Source/Common/Audio/GameAudio.cpp over the same 13-byte range. The Code/gen_asm/d_00234360.asm dump reproduces those bytes but carries no identity."
?d_00250d30@@YAXXZ,0x00250D30,"gen-dump placeholder superseded by the real identity of these bytes: ?dup_00250d30@@YAXXZ, byte-verified from Code/GameEngine/Source/Common/Audio/GameAudio.cpp over the same 11-byte range. The Code/gen_asm/d_00234360.asm dump reproduces those bytes but carries no identity."
?d_00251a80@@YAXXZ,0x00251A80,"gen-dump placeholder superseded by the real identity of these bytes: ?dup_00251a80@@YAXXZ, byte-verified from Code/GameEngine/Source/Common/Audio/GameAudio.cpp over the same 23-byte range. The Code/gen_asm/d_00234360.asm dump reproduces those bytes but carries no identity."
?d_00251cc0@@YAXXZ,0x00251CC0,"gen-dump placeholder superseded by the real identity of these bytes: ?dup_00251cc0@@YAXXZ, byte-verified from Code/GameEngine/Source/Common/Audio/GameAudio.cpp over the same 11-byte range. The Code/gen_asm/d_00234360.asm dump reproduces those bytes but carries no identity."
?d_002523c0@@YAXXZ,0x002523C0,"gen-dump placeholder superseded by the real identity of these bytes: ?dup_002523c0@@YAXXZ, byte-verified from Code/GameEngine/Source/Common/Audio/GameAudio.cpp over the same 15-byte range. The Code/gen_asm/d_00234360.asm dump reproduces those bytes but carries no identity."
?d_00253da0@@YAXXZ,0x00253DA0,"gen-dump placeholder superseded by the real identity of these bytes: ?dup_00253da0@@YAXXZ, byte-verified from Code/GameEngine/Source/Common/Audio/GameAudio.cpp over the same 5-byte range. The Code/gen_asm/d_00234360.asm dump reproduces those bytes but carries no identity."
?d_00253e00@@YAXXZ,0x00253E00,"gen-dump placeholder superseded by the real identity of these bytes: ?dup_00253e00@@YAXXZ, byte-verified from Code/GameEngine/Source/Common/Audio/GameAudio.cpp over the same 15-byte range. The Code/gen_asm/d_00234360.asm dump reproduces those bytes but carries no identity."
?d_00253e20@@YAXXZ,0x00253E20,"gen-dump placeholder superseded by the real identity of these bytes: ?dup_00253e20@@YAXXZ, byte-verified from Code/GameEngine/Source/Common/Audio/GameAudio.cpp over the same 6-byte range. The Code/gen_asm/d_00234360.asm dump reproduces those bytes but carries no identity."
?d_00253e30@@YAXXZ,0x00253E30,"gen-dump placeholder superseded by the real identity of these bytes: ?dup_00253e30@@YAXXZ, byte-verified from Code/GameEngine/Source/Common/Audio/GameAudio.cpp over the same 15-byte range. The Code/gen_asm/d_00234360.asm dump reproduces those bytes but carries no identity."
?d_00253e50@@YAXXZ,0x00253E50,"gen-dump placeholder superseded by the real identity of these bytes: ?dup_00253e50@@YAXXZ, byte-verified from Code/GameEngine/Source/Common/Audio/GameAudio.cpp over the same 11-byte range. The Code/gen_asm/d_00234360.asm dump reproduces those bytes but carries no identity."
?d_00253fd0@@YAXXZ,0x00253FD0,"gen-dump placeholder superseded by the real identity of these bytes: ?dup_00253fd0@@YAXXZ, byte-verified from Code/GameEngine/Source/Common/Audio/GameAudio.cpp over the same 13-byte range. The Code/gen_asm/d_00234360.asm dump reproduces those bytes but carries no identity."
?d_00256e80@@YAXXZ,0x00256E80,"gen-dump placeholder superseded by the real identity of these bytes: ?dup_00256e80@@YAXXZ, byte-verified from Code/GameEngine/Source/Common/Audio/GameAudio.cpp over the same 13-byte range. The Code/gen_asm/d_00234360.asm dump reproduces those bytes but carries no identity."
?d_00256ea0@@YAXXZ,0x00256EA0,"gen-dump placeholder superseded by the real identity of these bytes: ?dup_00256ea0@@YAXXZ, byte-verified from Code/GameEngine/Source/Common/Audio/GameAudio.cpp over the same 15-byte range. The Code/gen_asm/d_00234360.asm dump reproduces those bytes but carries no identity."
?d_00256ec0@@YAXXZ,0x00256EC0,"gen-dump placeholder superseded by the real identity of these bytes: ?dup_00256ec0@@YAXXZ, byte-verified from Code/GameEngine/Source/Common/Audio/GameAudio.cpp over the same 11-byte range. The Code/gen_asm/d_00234360.asm dump reproduces those bytes but carries no identity."
?d_00256ed0@@YAXXZ,0x00256ED0,"gen-dump placeholder superseded by the real identity of these bytes: ?dup_00256ed0@@YAXXZ, byte-verified from Code/GameEngine/Source/Common/Audio/GameAudio.cpp over the same 11-byte range. The Code/gen_asm/d_00234360.asm dump reproduces those bytes but carries no identity."
?d_00256f00@@YAXXZ,0x00256F00,"gen-dump placeholder superseded by the real identity of these bytes: ?dup_00256f00@@YAXXZ, byte-verified from Code/GameEngine/Source/Common/Audio/GameAudio.cpp over the same 9-byte range. The Code/gen_asm/d_00234360.asm dump reproduces those bytes but carries no identity."
?d_00256f10@@YAXXZ,0x00256F10,"gen-dump placeholder superseded by the real identity of these bytes: ?dup_00256f10@@YAXXZ, byte-verified from Code/GameEngine/Source/Common/Audio/GameAudio.cpp over the same 13-byte range. The Code/gen_asm/d_00234360.asm dump reproduces those bytes but carries no identity."
?d_00256f60@@YAXXZ,0x00256F60,"gen-dump placeholder superseded by the real identity of these bytes: ?dup_00256f60@@YAXXZ, byte-verified from Code/GameEngine/Source/Common/Audio/GameAudio.cpp over the same 13-byte range. The Code/gen_asm/d_00234360.asm dump reproduces those bytes but carries no identity."
?d_002583b0@@YAXXZ,0x002583B0,"gen-dump placeholder superseded by the real identity of these bytes: ?dup_002583b0@@YAXXZ, byte-verified from Code/GameEngine/Source/Common/Audio/GameAudio.cpp over the same 23-byte range. The Code/gen_asm/d_00234360.asm dump reproduces those bytes but carries no identity."
?d_002586c0@@YAXXZ,0x002586C0,"gen-dump placeholder superseded by the real identity of these bytes: ?dup_002586c0@@YAXXZ, byte-verified from Code/GameEngine/Source/Common/Audio/GameAudio.cpp over the same 11-byte range. The Code/gen_asm/d_00234360.asm dump reproduces those bytes but carries no identity."
?d_00258ab0@@YAXXZ,0x00258AB0,"gen-dump placeholder superseded by the real identity of these bytes: ?dup_00258ab0@@YAXXZ, byte-verified from Code/GameEngine/Source/Common/Audio/GameAudio.cpp over the same 15-byte range. The Code/gen_asm/d_00234360.asm dump reproduces those bytes but carries no identity."
?d_0025a2b0@@YAXXZ,0x0025A2B0,"gen-dump placeholder superseded by the real identity of these bytes: ?dup_0025a2b0@@YAXXZ, byte-verified from Code/GameEngine/Source/Common/Audio/GameAudio.cpp over the same 5-byte range. The Code/gen_asm/d_00259090.asm dump reproduces those bytes but carries no identity."
?d_0025a2c0@@YAXXZ,0x0025A2C0,"gen-dump placeholder superseded by the real identity of these bytes: ?dup_0025a2c0@@YAXXZ, byte-verified from Code/GameEngine/Source/Common/Audio/GameAudio.cpp over the same 5-byte range. The Code/gen_asm/d_00259090.asm dump reproduces those bytes but carries no identity."
?d_0025b3a0@@YAXXZ,0x0025B3A0,"gen-dump placeholder superseded by the real identity of these bytes: ?dup_0025b3a0@@YAXXZ, byte-verified from Code/GameEngine/Source/Common/Audio/GameAudio.cpp over the same 23-byte range. The Code/gen_asm/d_00259090.asm dump reproduces those bytes but carries no identity."
?d_0025b3d0@@YAXXZ,0x0025B3D0,"gen-dump placeholder superseded by the real identity of these bytes: ?dup_0025b3d0@@YAXXZ, byte-verified from Code/GameEngine/Source/Common/Audio/GameAudio.cpp over the same 6-byte range. The Code/gen_asm/d_00259090.asm dump reproduces those bytes but carries no identity."
?d_0025b400@@YAXXZ,0x0025B400,"gen-dump placeholder superseded by the real identity of these bytes: ?dup_0025b400@@YAXXZ, byte-verified from Code/GameEngine/Source/Common/Audio/GameAudio.cpp over the same 11-byte range. The Code/gen_asm/d_00259090.asm dump reproduces those bytes but carries no identity."
?d_0025b470@@YAXXZ,0x0025B470,"gen-dump placeholder superseded by the real identity of these bytes: ?dup_0025b470@@YAXXZ, byte-verified from Code/GameEngine/Source/Common/Audio/GameAudio.cpp over the same 19-byte range. The Code/gen_asm/d_00259090.asm dump reproduces those bytes but carries no identity."
?d_0025b490@@YAXXZ,0x0025B490,"gen-dump placeholder superseded by the real identity of these bytes: ?dup_0025b490@@YAXXZ, byte-verified from Code/GameEngine/Source/Common/Audio/GameAudio.cpp over the same 11-byte range. The Code/gen_asm/d_00259090.asm dump reproduces those bytes but carries no identity."
?d_0025b4c0@@YAXXZ,0x0025B4C0,"gen-dump placeholder superseded by the real identity of these bytes: ?dup_0025b4c0@@YAXXZ, byte-verified from Code/GameEngine/Source/Common/Audio/GameAudio.cpp over the same 7-byte range. The Code/gen_asm/d_00259090.asm dump reproduces those bytes but carries no identity."
?d_0025b4e0@@YAXXZ,0x0025B4E0,"gen-dump placeholder superseded by the real identity of these bytes: ?dup_0025b4e0@@YAXXZ, byte-verified from Code/GameEngine/Source/Common/Audio/GameAudio.cpp over the same 13-byte range. The Code/gen_asm/d_00259090.asm dump reproduces those bytes but carries no identity."
?d_0025b630@@YAXXZ,0x0025B630,"gen-dump placeholder superseded by the real identity of these bytes: ?dup_0025b630@@YAXXZ, byte-verified from Code/GameEngine/Source/Common/Audio/GameAudio.cpp over the same 11-byte range. The Code/gen_asm/d_00259090.asm dump reproduces those bytes but carries no identity."
?d_0025b6d0@@YAXXZ,0x0025B6D0,"gen-dump placeholder superseded by the real identity of these bytes: ?dup_0025b6d0@@YAXXZ, byte-verified from Code/GameEngine/Source/Common/Audio/GameAudio.cpp over the same 11-byte range. The Code/gen_asm/d_00259090.asm dump reproduces those bytes but carries no identity."
?d_0025b970@@YAXXZ,0x0025B970,"gen-dump placeholder superseded by the real identity of these bytes: ?dup_0025b970@@YAXXZ, byte-verified from Code/GameEngine/Source/Common/Audio/GameAudio.cpp over the same 11-byte range. The Code/gen_asm/d_00259090.asm dump reproduces those bytes but carries no identity."
?d_0025bc20@@YAXXZ,0x0025BC20,"gen-dump placeholder superseded by the real identity of these bytes: ?dup_0025bc20@@YAXXZ, byte-verified from Code/GameEngine/Source/Common/Audio/GameAudio.cpp over the same 15-byte range. The Code/gen_asm/d_00259090.asm dump reproduces those bytes but carries no identity."
?d_0025dc10@@YAXXZ,0x0025DC10,"gen-dump placeholder superseded by the real identity of these bytes: ?dup_0025dc10@@YAXXZ, byte-verified from Code/GameEngine/Source/Common/Audio/GameAudio.cpp over the same 11-byte range. The Code/gen_asm/d_00259090.asm dump reproduces those bytes but carries no identity."
?d_0025dc90@@YAXXZ,0x0025DC90,"gen-dump placeholder superseded by the real identity of these bytes: ?dup_0025dc90@@YAXXZ, byte-verified from Code/GameEngine/Source/Common/Audio/GameAudio.cpp over the same 15-byte range. The Code/gen_asm/d_00259090.asm dump reproduces those bytes but carries no identity."
?d_00260750@@YAXXZ,0x00260750,"gen-dump placeholder superseded by the real identity of these bytes: ?dup_00260750@@YAXXZ, byte-verified from Code/GameEngine/Source/Common/Audio/GameAudio.cpp over the same 23-byte range. The Code/gen_asm/d_00259090.asm dump reproduces those bytes but carries no identity."
?d_00260780@@YAXXZ,0x00260780,"gen-dump placeholder superseded by the real identity of these bytes: ?dup_00260780@@YAXXZ, byte-verified from Code/GameEngine/Source/Common/Audio/GameAudio.cpp over the same 23-byte range. The Code/gen_asm/d_00259090.asm dump reproduces those bytes but carries no identity."
?d_00260c60@@YAXXZ,0x00260C60,"gen-dump placeholder superseded by the real identity of these bytes: ?dup_00260c60@@YAXXZ, byte-verified from Code/GameEngine/Source/Common/Audio/GameAudio.cpp over the same 11-byte range. The Code/gen_asm/d_00259090.asm dump reproduces those bytes but carries no identity."
?d_00260cf0@@YAXXZ,0x00260CF0,"gen-dump placeholder superseded by the real identity of these bytes: ?dup_00260cf0@@YAXXZ, byte-verified from Code/GameEngine/Source/Common/Audio/GameAudio.cpp over the same 11-byte range. The Code/gen_asm/d_00259090.asm dump reproduces those bytes but carries no identity."
?d_002612c0@@YAXXZ,0x002612C0,"gen-dump placeholder superseded by the real identity of these bytes: ?dup_002612c0@@YAXXZ, byte-verified from Code/GameEngine/Source/Common/Audio/GameAudio.cpp over the same 15-byte range. The Code/gen_asm/d_00259090.asm dump reproduces those bytes but carries no identity."
?d_002612e0@@YAXXZ,0x002612E0,"gen-dump placeholder superseded by the real identity of these bytes: ?dup_002612e0@@YAXXZ, byte-verified from Code/GameEngine/Source/Common/Audio/GameAudio.cpp over the same 15-byte range. The Code/gen_asm/d_00259090.asm dump reproduces those bytes but carries no identity."
?d_002629e0@@YAXXZ,0x002629E0,"gen-dump placeholder superseded by the real identity of these bytes: ?dup_002629e0@@YAXXZ, byte-verified from Code/GameEngine/Source/Common/Audio/GameAudio.cpp over the same 23-byte range. The Code/gen_asm/d_00259090.asm dump reproduces those bytes but carries no identity."
?d_00262cf0@@YAXXZ,0x00262CF0,"gen-dump placeholder superseded by the real identity of these bytes: ?dup_00262cf0@@YAXXZ, byte-verified from Code/GameEngine/Source/Common/Audio/GameAudio.cpp over the same 11-byte range. The Code/gen_asm/d_00259090.asm dump reproduces those bytes but carries no identity."
?d_00262ea0@@YAXXZ,0x00262EA0,"gen-dump placeholder superseded by the real identity of these bytes: ?dup_00262ea0@@YAXXZ, byte-verified from Code/GameEngine/Source/Common/Audio/GameAudio.cpp over the same 15-byte range. The Code/gen_asm/d_00259090.asm dump reproduces those bytes but carries no identity."
?d_00271ce0@@YAXXZ,0x00271CE0,"gen-dump placeholder superseded by the real identity of these bytes: ?dup_00271ce0@@YAXXZ, byte-verified from Code/GameEngine/Source/Common/Audio/GameAudio.cpp over the same 11-byte range. The Code/gen_asm/d_00259090.asm dump reproduces those bytes but carries no identity."
?d_00272ea0@@YAXXZ,0x00272EA0,"gen-dump placeholder superseded by the real identity of these bytes: ?dup_00272ea0@@YAXXZ, byte-verified from Code/GameEngine/Source/Common/Audio/GameAudio.cpp over the same 15-byte range. The Code/gen_asm/d_00259090.asm dump reproduces those bytes but carries no identity."
?d_00281970@@YAXXZ,0x00281970,"gen-dump placeholder superseded by the real identity of these bytes: ?dup_00281970@@YAXXZ, byte-verified from Code/GameEngine/Source/Common/Audio/GameAudio.cpp over the same 23-byte range. The Code/gen_asm/d_00280010.asm dump reproduces those bytes but carries no identity."
?d_00281df0@@YAXXZ,0x00281DF0,"gen-dump placeholder superseded by the real identity of these bytes: ?dup_00281df0@@YAXXZ, byte-verified from Code/GameEngine/Source/Common/Audio/GameAudio.cpp over the same 11-byte range. The Code/gen_asm/d_00280010.asm dump reproduces those bytes but carries no identity."
?d_00281ec0@@YAXXZ,0x00281EC0,"gen-dump placeholder superseded by the real identity of these bytes: ?dup_00281ec0@@YAXXZ, byte-verified from Code/GameEngine/Source/Common/Audio/GameAudio.cpp over the same 15-byte range. The Code/gen_asm/d_00280010.asm dump reproduces those bytes but carries no identity."
?d_00283050@@YAXXZ,0x00283050,"gen-dump placeholder superseded by the real identity of these bytes: ?dup_00283050@@YAXXZ, byte-verified from Code/GameEngine/Source/Common/Audio/GameAudio.cpp over the same 23-byte range. The Code/gen_asm/d_00280010.asm dump reproduces those bytes but carries no identity."
?d_00283070@@YAXXZ,0x00283070,"gen-dump placeholder superseded by the real identity of these bytes: ?dup_00283070@@YAXXZ, byte-verified from Code/GameEngine/Source/Common/Audio/GameAudio.cpp over the same 23-byte range. The Code/gen_asm/d_00280010.asm dump reproduces those bytes but carries no identity."
?d_00283090@@YAXXZ,0x00283090,"gen-dump placeholder superseded by the real identity of these bytes: ?dup_00283090@@YAXXZ, byte-verified from Code/GameEngine/Source/Common/Audio/GameAudio.cpp over the same 23-byte range. The Code/gen_asm/d_00280010.asm dump reproduces those bytes but carries no identity."
?d_002830e0@@YAXXZ,0x002830E0,"gen-dump placeholder superseded by the real identity of these bytes: ?dup_002830e0@@YAXXZ, byte-verified from Code/GameEngine/Source/Common/Audio/GameAudio.cpp over the same 17-byte range. The Code/gen_asm/d_00280010.asm dump reproduces those bytes but carries no identity."
?d_00283100@@YAXXZ,0x00283100,"gen-dump placeholder superseded by the real identity of these bytes: ?dup_00283100@@YAXXZ, byte-verified from Code/GameEngine/Source/Common/Audio/GameAudio.cpp over the same 17-byte range. The Code/gen_asm/d_00280010.asm dump reproduces those bytes but carries no identity."
?d_00283120@@YAXXZ,0x00283120,"gen-dump placeholder superseded by the real identity of these bytes: ?dup_00283120@@YAXXZ, byte-verified from Code/GameEngine/Source/Common/Audio/GameAudio.cpp over the same 17-byte range. The Code/gen_asm/d_00280010.asm dump reproduces those bytes but carries no identity."
?d_00283140@@YAXXZ,0x00283140,"gen-dump placeholder superseded by the real identity of these bytes: ?dup_00283140@@YAXXZ, byte-verified from Code/GameEngine/Source/Common/Audio/GameAudio.cpp over the same 29-byte range. The Code/gen_asm/d_00280010.asm dump reproduces those bytes but carries no identity."
?d_002831b0@@YAXXZ,0x002831B0,"gen-dump placeholder superseded by the real identity of these bytes: ?dup_002831b0@@YAXXZ, byte-verified from Code/GameEngine/Source/Common/Audio/GameAudio.cpp over the same 29-byte range. The Code/gen_asm/d_00280010.asm dump reproduces those bytes but carries no identity."
?d_00283220@@YAXXZ,0x00283220,"gen-dump placeholder superseded by the real identity of these bytes: ?dup_00283220@@YAXXZ, byte-verified from Code/GameEngine/Source/Common/Audio/GameAudio.cpp over the same 29-byte range. The Code/gen_asm/d_00280010.asm dump reproduces those bytes but carries no identity."
?d_002835f0@@YAXXZ,0x002835F0,"gen-dump placeholder superseded by the real identity of these bytes: ?dup_002835f0@@YAXXZ, byte-verified from Code/GameEngine/Source/Common/Audio/GameAudio.cpp over the same 11-byte range. The Code/gen_asm/d_00280010.asm dump reproduces those bytes but carries no identity."
?d_00283680@@YAXXZ,0x00283680,"gen-dump placeholder superseded by the real identity of these bytes: ?dup_00283680@@YAXXZ, byte-verified from Code/GameEngine/Source/Common/Audio/GameAudio.cpp over the same 11-byte range. The Code/gen_asm/d_00280010.asm dump reproduces those bytes but carries no identity."
?d_00283710@@YAXXZ,0x00283710,"gen-dump placeholder superseded by the real identity of these bytes: ?dup_00283710@@YAXXZ, byte-verified from Code/GameEngine/Source/Common/Audio/GameAudio.cpp over the same 11-byte range. The Code/gen_asm/d_00280010.asm dump reproduces those bytes but carries no identity."
?d_00283b20@@YAXXZ,0x00283B20,"gen-dump placeholder superseded by the real identity of these bytes: ?dup_00283b20@@YAXXZ, byte-verified from Code/GameEngine/Source/Common/Audio/GameAudio.cpp over the same 15-byte range. The Code/gen_asm/d_00280010.asm dump reproduces those bytes but carries no identity."
?d_00283b80@@YAXXZ,0x00283B80,"gen-dump placeholder superseded by the real identity of these bytes: ?dup_00283b80@@YAXXZ, byte-verified from Code/GameEngine/Source/Common/Audio/GameAudio.cpp over the same 15-byte range. The Code/gen_asm/d_00280010.asm dump reproduces those bytes but carries no identity."
?d_00283be0@@YAXXZ,0x00283BE0,"gen-dump placeholder superseded by the real identity of these bytes: ?dup_00283be0@@YAXXZ, byte-verified from Code/GameEngine/Source/Common/Audio/GameAudio.cpp over the same 15-byte range. The Code/gen_asm/d_00280010.asm dump reproduces those bytes but carries no identity."
?d_002857d0@@YAXXZ,0x002857D0,"gen-dump placeholder superseded by the real identity of these bytes: ?dup_002857d0@@YAXXZ, byte-verified from Code/GameEngine/Source/Common/Audio/GameAudio.cpp over the same 5-byte range. The Code/gen_asm/d_00280010.asm dump reproduces those bytes but carries no identity."
?d_002878c0@@YAXXZ,0x002878C0,"gen-dump placeholder superseded by the real identity of these bytes: ?dup_002878c0@@YAXXZ, byte-verified from Code/GameEngine/Source/Common/Audio/GameAudio.cpp over the same 23-byte range. The Code/gen_asm/d_00280010.asm dump reproduces those bytes but carries no identity."
?d_002878f0@@YAXXZ,0x002878F0,"gen-dump placeholder superseded by the real identity of these bytes: ?dup_002878f0@@YAXXZ, byte-verified from Code/GameEngine/Source/Common/Audio/GameAudio.cpp over the same 17-byte range. The Code/gen_asm/d_00280010.asm dump reproduces those bytes but carries no identity."
?d_00288150@@YAXXZ,0x00288150,"gen-dump placeholder superseded by the real identity of these bytes: ?dup_00288150@@YAXXZ, byte-verified from Code/GameEngine/Source/Common/Audio/GameAudio.cpp over the same 11-byte range. The Code/gen_asm/d_00280010.asm dump reproduces those bytes but carries no identity."
?d_00288310@@YAXXZ,0x00288310,"gen-dump placeholder superseded by the real identity of these bytes: ?dup_00288310@@YAXXZ, byte-verified from Code/GameEngine/Source/Common/Audio/GameAudio.cpp over the same 15-byte range. The Code/gen_asm/d_00280010.asm dump reproduces those bytes but carries no identity."
?d_0028d490@@YAXXZ,0x0028D490,"gen-dump placeholder superseded by the real identity of these bytes: ?dup_0028d490@@YAXXZ, byte-verified from Code/GameEngine/Source/Common/Audio/GameAudio.cpp over the same 23-byte range. The Code/gen_asm/d_00280010.asm dump reproduces those bytes but carries no identity."
?d_0028d7c0@@YAXXZ,0x0028D7C0,"gen-dump placeholder superseded by the real identity of these bytes: ?dup_0028d7c0@@YAXXZ, byte-verified from Code/GameEngine/Source/Common/Audio/GameAudio.cpp over the same 11-byte range. The Code/gen_asm/d_00280010.asm dump reproduces those bytes but carries no identity."
?d_0028f100@@YAXXZ,0x0028F100,"gen-dump placeholder superseded by the real identity of these bytes: ?dup_0028f100@@YAXXZ, byte-verified from Code/GameEngine/Source/Common/Audio/GameAudio.cpp over the same 23-byte range. The Code/gen_asm/d_00280010.asm dump reproduces those bytes but carries no identity."
?d_0028f120@@YAXXZ,0x0028F120,"gen-dump placeholder superseded by the real identity of these bytes: ?dup_0028f120@@YAXXZ, byte-verified from Code/GameEngine/Source/Common/Audio/GameAudio.cpp over the same 23-byte range. The Code/gen_asm/d_00280010.asm dump reproduces those bytes but carries no identity."
?d_0028f160@@YAXXZ,0x0028F160,"gen-dump placeholder superseded by the real identity of these bytes: ?dup_0028f160@@YAXXZ, byte-verified from Code/GameEngine/Source/Common/Audio/GameAudio.cpp over the same 17-byte range. The Code/gen_asm/d_00280010.asm dump reproduces those bytes but carries no identity."
?d_0028f180@@YAXXZ,0x0028F180,"gen-dump placeholder superseded by the real identity of these bytes: ?dup_0028f180@@YAXXZ, byte-verified from Code/GameEngine/Source/Common/Audio/GameAudio.cpp over the same 17-byte range. The Code/gen_asm/d_00280010.asm dump reproduces those bytes but carries no identity."
?d_0028f1a0@@YAXXZ,0x0028F1A0,"gen-dump placeholder superseded by the real identity of these bytes: ?dup_0028f1a0@@YAXXZ, byte-verified from Code/GameEngine/Source/Common/Audio/GameAudio.cpp over the same 29-byte range. The Code/gen_asm/d_00280010.asm dump reproduces those bytes but carries no identity."
?d_0028f1d0@@YAXXZ,0x0028F1D0,"gen-dump placeholder superseded by the real identity of these bytes: ?dup_0028f1d0@@YAXXZ, byte-verified from Code/GameEngine/Source/Common/Audio/GameAudio.cpp over the same 29-byte range. The Code/gen_asm/d_00280010.asm dump reproduces those bytes but carries no identity."
?d_0028f5b0@@YAXXZ,0x0028F5B0,"gen-dump placeholder superseded by the real identity of these bytes: ?dup_0028f5b0@@YAXXZ, byte-verified from Code/GameEngine/Source/Common/Audio/GameAudio.cpp over the same 11-byte range. The Code/gen_asm/d_00280010.asm dump reproduces those bytes but carries no identity."
?d_0028f640@@YAXXZ,0x0028F640,"gen-dump placeholder superseded by the real identity of these bytes: ?dup_0028f640@@YAXXZ, byte-verified from Code/GameEngine/Source/Common/Audio/GameAudio.cpp over the same 11-byte range. The Code/gen_asm/d_00280010.asm dump reproduces those bytes but carries no identity."
?d_0028f780@@YAXXZ,0x0028F780,"gen-dump placeholder superseded by the real identity of these bytes: ?dup_0028f780@@YAXXZ, byte-verified from Code/GameEngine/Source/Common/Audio/GameAudio.cpp over the same 15-byte range. The Code/gen_asm/d_00280010.asm dump reproduces those bytes but carries no identity."
?d_0028f7e0@@YAXXZ,0x0028F7E0,"gen-dump placeholder superseded by the real identity of these bytes: ?dup_0028f7e0@@YAXXZ, byte-verified from Code/GameEngine/Source/Common/Audio/GameAudio.cpp over the same 15-byte range. The Code/gen_asm/d_00280010.asm dump reproduces those bytes but carries no identity."
?d_002931f0@@YAXXZ,0x002931F0,"gen-dump placeholder superseded by the real identity of these bytes: ?dup_002931f0@@YAXXZ, byte-verified from Code/GameEngine/Source/Common/Audio/GameAudio.cpp over the same 23-byte range. The Code/gen_asm/d_00280010.asm dump reproduces those bytes but carries no identity."
?d_00293630@@YAXXZ,0x00293630,"gen-dump placeholder superseded by the real identity of these bytes: ?dup_00293630@@YAXXZ, byte-verified from Code/GameEngine/Source/Common/Audio/GameAudio.cpp over the same 11-byte range. The Code/gen_asm/d_00280010.asm dump reproduces those bytes but carries no identity."
?d_00293910@@YAXXZ,0x00293910,"gen-dump placeholder superseded by the real identity of these bytes: ?dup_00293910@@YAXXZ, byte-verified from Code/GameEngine/Source/Common/Audio/GameAudio.cpp over the same 15-byte range. The Code/gen_asm/d_00280010.asm dump reproduces those bytes but carries no identity."
?d_00296030@@YAXXZ,0x00296030,"gen-dump placeholder superseded by the real identity of these bytes: ?dup_00296030@@YAXXZ, byte-verified from Code/GameEngine/Source/Common/Audio/GameAudio.cpp over the same 6-byte range. The Code/gen_asm/d_00280010.asm dump reproduces those bytes but carries no identity."
?d_00296060@@YAXXZ,0x00296060,"gen-dump placeholder superseded by the real identity of these bytes: ?dup_00296060@@YAXXZ, byte-verified from Code/GameEngine/Source/Common/Audio/GameAudio.cpp over the same 11-byte range. The Code/gen_asm/d_00280010.asm dump reproduces those bytes but carries no identity."
?d_00296070@@YAXXZ,0x00296070,"gen-dump placeholder superseded by the real identity of these bytes: ?dup_00296070@@YAXXZ, byte-verified from Code/GameEngine/Source/Common/Audio/GameAudio.cpp over the same 13-byte range. The Code/gen_asm/d_00280010.asm dump reproduces those bytes but carries no identity."
?d_002960f0@@YAXXZ,0x002960F0,"gen-dump placeholder superseded by the real identity of these bytes: ?dup_002960f0@@YAXXZ, byte-verified from Code/GameEngine/Source/Common/Audio/GameAudio.cpp over the same 11-byte range. The Code/gen_asm/d_00280010.asm dump reproduces those bytes but carries no identity."
?d_00296120@@YAXXZ,0x00296120,"gen-dump placeholder superseded by the real identity of these bytes: ?dup_00296120@@YAXXZ, byte-verified from Code/GameEngine/Source/Common/Audio/GameAudio.cpp over the same 19-byte range. The Code/gen_asm/d_00280010.asm dump reproduces those bytes but carries no identity."
?d_00296150@@YAXXZ,0x00296150,"gen-dump placeholder superseded by the real identity of these bytes: ?dup_00296150@@YAXXZ, byte-verified from Code/GameEngine/Source/Common/Audio/GameAudio.cpp over the same 7-byte range. The Code/gen_asm/d_00280010.asm dump reproduces those bytes but carries no identity."
?d_00296320@@YAXXZ,0x00296320,"gen-dump placeholder superseded by the real identity of these bytes: ?dup_00296320@@YAXXZ, byte-verified from Code/GameEngine/Source/Common/Audio/GameAudio.cpp over the same 11-byte range. The Code/gen_asm/d_00280010.asm dump reproduces those bytes but carries no identity."
?d_002963c0@@YAXXZ,0x002963C0,"gen-dump placeholder superseded by the real identity of these bytes: ?dup_002963c0@@YAXXZ, byte-verified from Code/GameEngine/Source/Common/Audio/GameAudio.cpp over the same 11-byte range. The Code/gen_asm/d_00280010.asm dump reproduces those bytes but carries no identity."
?d_00296510@@YAXXZ,0x00296510,"gen-dump placeholder superseded by the real identity of these bytes: ?dup_00296510@@YAXXZ, byte-verified from Code/GameEngine/Source/Common/Audio/GameAudio.cpp over the same 17-byte range. The Code/gen_asm/d_00280010.asm dump reproduces those bytes but carries no identity."
?d_002965b0@@YAXXZ,0x002965B0,"gen-dump placeholder superseded by the real identity of these bytes: ?dup_002965b0@@YAXXZ, byte-verified from Code/GameEngine/Source/Common/Audio/GameAudio.cpp over the same 11-byte range. The Code/gen_asm/d_00280010.asm dump reproduces those bytes but carries no identity."
?d_00299da0@@YAXXZ,0x00299DA0,"gen-dump placeholder superseded by the real identity of these bytes: ?dup_00299da0@@YAXXZ, byte-verified from Code/GameEngine/Source/Common/Audio/GameAudio.cpp over the same 15-byte range. The Code/gen_asm/d_00299d30.asm dump reproduces those bytes but carries no identity."
?d_0029c170@@YAXXZ,0x0029C170,"gen-dump placeholder superseded by the real identity of these bytes: ?dup_0029c170@@YAXXZ, byte-verified from Code/GameEngine/Source/Common/Audio/GameAudio.cpp over the same 23-byte range. The Code/gen_asm/d_00299d30.asm dump reproduces those bytes but carries no identity."
?d_0029c4f0@@YAXXZ,0x0029C4F0,"gen-dump placeholder superseded by the real identity of these bytes: ?dup_0029c4f0@@YAXXZ, byte-verified from Code/GameEngine/Source/Common/Audio/GameAudio.cpp over the same 11-byte range. The Code/gen_asm/d_00299d30.asm dump reproduces those bytes but carries no identity."
?d_0029c790@@YAXXZ,0x0029C790,"gen-dump placeholder superseded by the real identity of these bytes: ?dup_0029c790@@YAXXZ, byte-verified from Code/GameEngine/Source/Common/Audio/GameAudio.cpp over the same 15-byte range. The Code/gen_asm/d_00299d30.asm dump reproduces those bytes but carries no identity."
?d_002a11d0@@YAXXZ,0x002A11D0,"gen-dump placeholder superseded by the real identity of these bytes: ?dup_002a11d0@@YAXXZ, byte-verified from Code/GameEngine/Source/Common/Audio/GameAudio.cpp over the same 19-byte range. The Code/gen_asm/d_00299d30.asm dump reproduces those bytes but carries no identity."
?d_002a13b0@@YAXXZ,0x002A13B0,"gen-dump placeholder superseded by the real identity of these bytes: ?dup_002a13b0@@YAXXZ, byte-verified from Code/GameEngine/Source/Common/Audio/GameAudio.cpp over the same 6-byte range. The Code/gen_asm/d_00299d30.asm dump reproduces those bytes but carries no identity."
?d_002a13e0@@YAXXZ,0x002A13E0,"gen-dump placeholder superseded by the real identity of these bytes: ?dup_002a13e0@@YAXXZ, byte-verified from Code/GameEngine/Source/Common/Audio/GameAudio.cpp over the same 11-byte range. The Code/gen_asm/d_00299d30.asm dump reproduces those bytes but carries no identity."
?d_002a1440@@YAXXZ,0x002A1440,"gen-dump placeholder superseded by the real identity of these bytes: ?dup_002a1440@@YAXXZ, byte-verified from Code/GameEngine/Source/Common/Audio/GameAudio.cpp over the same 11-byte range. The Code/gen_asm/d_00299d30.asm dump reproduces those bytes but carries no identity."
?d_002a1470@@YAXXZ,0x002A1470,"gen-dump placeholder superseded by the real identity of these bytes: ?dup_002a1470@@YAXXZ, byte-verified from Code/GameEngine/Source/Common/Audio/GameAudio.cpp over the same 7-byte range. The Code/gen_asm/d_00299d30.asm dump reproduces those bytes but carries no identity."
?d_002a1490@@YAXXZ,0x002A1490,"gen-dump placeholder superseded by the real identity of these bytes: ?dup_002a1490@@YAXXZ, byte-verified from Code/GameEngine/Source/Common/Audio/GameAudio.cpp over the same 13-byte range. The Code/gen_asm/d_00299d30.asm dump reproduces those bytes but carries no identity."
?d_002a1860@@YAXXZ,0x002A1860,"gen-dump placeholder superseded by the real identity of these bytes: ?dup_002a1860@@YAXXZ, byte-verified from Code/GameEngine/Source/Common/Audio/GameAudio.cpp over the same 11-byte range. The Code/gen_asm/d_00299d30.asm dump reproduces those bytes but carries no identity."
?d_002a1b80@@YAXXZ,0x002A1B80,"gen-dump placeholder superseded by the real identity of these bytes: ?dup_002a1b80@@YAXXZ, byte-verified from Code/GameEngine/Source/Common/Audio/GameAudio.cpp over the same 11-byte range. The Code/gen_asm/d_00299d30.asm dump reproduces those bytes but carries no identity."
?d_002af100@@YAXXZ,0x002AF100,"gen-dump placeholder superseded by the real identity of these bytes: ?dup_002af100@@YAXXZ, byte-verified from Code/GameEngine/Source/Common/Audio/GameAudio.cpp over the same 23-byte range. The Code/gen_asm/d_00299d30.asm dump reproduces those bytes but carries no identity."
?d_002c4210@@YAXXZ,0x002C4210,"gen-dump placeholder superseded by the real identity of these bytes: ?dup_002c4210@@YAXXZ, byte-verified from Code/GameEngine/Source/Common/Audio/GameAudio.cpp over the same 5-byte range. The Code/gen_asm/d_002bbb80.asm dump reproduces those bytes but carries no identity."
?d_002ca7c0@@YAXXZ,0x002CA7C0,"gen-dump placeholder superseded by the real identity of these bytes: ?dup_002ca7c0@@YAXXZ, byte-verified from Code/GameEngine/Source/Common/Audio/GameAudio.cpp over the same 19-byte range. The Code/gen_asm/d_002bbb80.asm dump reproduces those bytes but carries no identity."
?d_002ca7e0@@YAXXZ,0x002CA7E0,"gen-dump placeholder superseded by the real identity of these bytes: ?dup_002ca7e0@@YAXXZ, byte-verified from Code/GameEngine/Source/Common/Audio/GameAudio.cpp over the same 19-byte range. The Code/gen_asm/d_002bbb80.asm dump reproduces those bytes but carries no identity."
?d_002ca8e0@@YAXXZ,0x002CA8E0,"gen-dump placeholder superseded by the real identity of these bytes: ?dup_002ca8e0@@YAXXZ, byte-verified from Code/GameEngine/Source/Common/Audio/GameAudio.cpp over the same 18-byte range. The Code/gen_asm/d_002bbb80.asm dump reproduces those bytes but carries no identity."
?d_002ca9f0@@YAXXZ,0x002CA9F0,"gen-dump placeholder superseded by the real identity of these bytes: ?dup_002ca9f0@@YAXXZ, byte-verified from Code/GameEngine/Source/Common/Audio/GameAudio.cpp over the same 16-byte range. The Code/gen_asm/d_002bbb80.asm dump reproduces those bytes but carries no identity."
?d_002caa10@@YAXXZ,0x002CAA10,"gen-dump placeholder superseded by the real identity of these bytes: ?dup_002caa10@@YAXXZ, byte-verified from Code/GameEngine/Source/Common/Audio/GameAudio.cpp over the same 18-byte range. The Code/gen_asm/d_002bbb80.asm dump reproduces those bytes but carries no identity."
?d_002cac80@@YAXXZ,0x002CAC80,"gen-dump placeholder superseded by the real identity of these bytes: ?dup_002cac80@@YAXXZ, byte-verified from Code/GameEngine/Source/Common/Audio/GameAudio.cpp over the same 18-byte range. The Code/gen_asm/d_002bbb80.asm dump reproduces those bytes but carries no identity."
?d_002caca0@@YAXXZ,0x002CACA0,"gen-dump placeholder superseded by the real identity of these bytes: ?dup_002caca0@@YAXXZ, byte-verified from Code/GameEngine/Source/Common/Audio/GameAudio.cpp over the same 16-byte range. The Code/gen_asm/d_002bbb80.asm dump reproduces those bytes but carries no identity."
?d_002cadb0@@YAXXZ,0x002CADB0,"gen-dump placeholder superseded by the real identity of these bytes: ?dup_002cadb0@@YAXXZ, byte-verified from Code/GameEngine/Source/Common/Audio/GameAudio.cpp over the same 18-byte range. The Code/gen_asm/d_002bbb80.asm dump reproduces those bytes but carries no identity."
?d_002d82c0@@YAXXZ,0x002D82C0,"gen-dump placeholder superseded by the real identity of these bytes: ?dup_002d82c0@@YAXXZ, byte-verified from Code/GameEngine/Source/Common/Audio/GameAudio.cpp over the same 23-byte range. The Code/gen_asm/d_002d3970.asm dump reproduces those bytes but carries no identity."
?d_002d82e0@@YAXXZ,0x002D82E0,"gen-dump placeholder superseded by the real identity of these bytes: ?dup_002d82e0@@YAXXZ, byte-verified from Code/GameEngine/Source/Common/Audio/GameAudio.cpp over the same 17-byte range. The Code/gen_asm/d_002d3970.asm dump reproduces those bytes but carries no identity."
?d_002d8300@@YAXXZ,0x002D8300,"gen-dump placeholder superseded by the real identity of these bytes: ?dup_002d8300@@YAXXZ, byte-verified from Code/GameEngine/Source/Common/Audio/GameAudio.cpp over the same 29-byte range. The Code/gen_asm/d_002d3970.asm dump reproduces those bytes but carries no identity."
?d_002db2d0@@YAXXZ,0x002DB2D0,"gen-dump placeholder superseded by the real identity of these bytes: ?dup_002db2d0@@YAXXZ, byte-verified from Code/GameEngine/Source/Common/Audio/GameAudio.cpp over the same 23-byte range. The Code/gen_asm/d_002d3970.asm dump reproduces those bytes but carries no identity."
?d_002db4c0@@YAXXZ,0x002DB4C0,"gen-dump placeholder superseded by the real identity of these bytes: ?dup_002db4c0@@YAXXZ, byte-verified from Code/GameEngine/Source/Common/Audio/GameAudio.cpp over the same 11-byte range. The Code/gen_asm/d_002d3970.asm dump reproduces those bytes but carries no identity."
?d_002db590@@YAXXZ,0x002DB590,"gen-dump placeholder superseded by the real identity of these bytes: ?dup_002db590@@YAXXZ, byte-verified from Code/GameEngine/Source/Common/Audio/GameAudio.cpp over the same 15-byte range. The Code/gen_asm/d_002d3970.asm dump reproduces those bytes but carries no identity."
?d_002df8c0@@YAXXZ,0x002DF8C0,"gen-dump placeholder superseded by the real identity of these bytes: ?dup_002df8c0@@YAXXZ, byte-verified from Code/GameEngine/Source/Common/Audio/GameAudio.cpp over the same 23-byte range. The Code/gen_asm/d_002d3970.asm dump reproduces those bytes but carries no identity."
?d_002df8e0@@YAXXZ,0x002DF8E0,"gen-dump placeholder superseded by the real identity of these bytes: ?dup_002df8e0@@YAXXZ, byte-verified from Code/GameEngine/Source/Common/Audio/GameAudio.cpp over the same 23-byte range. The Code/gen_asm/d_002d3970.asm dump reproduces those bytes but carries no identity."
?d_002dfb80@@YAXXZ,0x002DFB80,"gen-dump placeholder superseded by the real identity of these bytes: ?dup_002dfb80@@YAXXZ, byte-verified from Code/GameEngine/Source/Common/Audio/GameAudio.cpp over the same 7-byte range. The Code/gen_asm/d_002d3970.asm dump reproduces those bytes but carries no identity."
?d_002e0510@@YAXXZ,0x002E0510,"gen-dump placeholder superseded by the real identity of these bytes: ?dup_002e0510@@YAXXZ, byte-verified from Code/GameEngine/Source/Common/Audio/GameAudio.cpp over the same 15-byte range. The Code/gen_asm/d_002d3970.asm dump reproduces those bytes but carries no identity."
?d_002e2de0@@YAXXZ,0x002E2DE0,"gen-dump placeholder superseded by the real identity of these bytes: ?dup_002e2de0@@YAXXZ, byte-verified from Code/GameEngine/Source/Common/Audio/GameAudio.cpp over the same 23-byte range. The Code/gen_asm/d_002d3970.asm dump reproduces those bytes but carries no identity."
?d_002e2e20@@YAXXZ,0x002E2E20,"gen-dump placeholder superseded by the real identity of these bytes: ?dup_002e2e20@@YAXXZ, byte-verified from Code/GameEngine/Source/Common/Audio/GameAudio.cpp over the same 23-byte range. The Code/gen_asm/d_002d3970.asm dump reproduces those bytes but carries no identity."
?d_002e2e60@@YAXXZ,0x002E2E60,"gen-dump placeholder superseded by the real identity of these bytes: ?dup_002e2e60@@YAXXZ, byte-verified from Code/GameEngine/Source/Common/Audio/GameAudio.cpp over the same 23-byte range. The Code/gen_asm/d_002d3970.asm dump reproduces those bytes but carries no identity."
?d_002e2eb0@@YAXXZ,0x002E2EB0,"gen-dump placeholder superseded by the real identity of these bytes: ?dup_002e2eb0@@YAXXZ, byte-verified from Code/GameEngine/Source/Common/Audio/GameAudio.cpp over the same 23-byte range. The Code/gen_asm/d_002d3970.asm dump reproduces those bytes but carries no identity."
?d_002e2f10@@YAXXZ,0x002E2F10,"gen-dump placeholder superseded by the real identity of these bytes: ?dup_002e2f10@@YAXXZ, byte-verified from Code/GameEngine/Source/Common/Audio/GameAudio.cpp over the same 17-byte range. The Code/gen_asm/d_002d3970.asm dump reproduces those bytes but carries no identity."
?d_002e3c40@@YAXXZ,0x002E3C40,"gen-dump placeholder superseded by the real identity of these bytes: ?dup_002e3c40@@YAXXZ, byte-verified from Code/GameEngine/Source/Common/Audio/GameAudio.cpp over the same 11-byte range. The Code/gen_asm/d_002d3970.asm dump reproduces those bytes but carries no identity."
?d_002e3cd0@@YAXXZ,0x002E3CD0,"gen-dump placeholder superseded by the real identity of these bytes: ?dup_002e3cd0@@YAXXZ, byte-verified from Code/GameEngine/Source/Common/Audio/GameAudio.cpp over the same 11-byte range. The Code/gen_asm/d_002d3970.asm dump reproduces those bytes but carries no identity."
?d_002e3d60@@YAXXZ,0x002E3D60,"gen-dump placeholder superseded by the real identity of these bytes: ?dup_002e3d60@@YAXXZ, byte-verified from Code/GameEngine/Source/Common/Audio/GameAudio.cpp over the same 11-byte range. The Code/gen_asm/d_002d3970.asm dump reproduces those bytes but carries no identity."
?d_002e3df0@@YAXXZ,0x002E3DF0,"gen-dump placeholder superseded by the real identity of these bytes: ?dup_002e3df0@@YAXXZ, byte-verified from Code/GameEngine/Source/Common/Audio/GameAudio.cpp over the same 11-byte range. The Code/gen_asm/d_002d3970.asm dump reproduces those bytes but carries no identity."
?d_002e5690@@YAXXZ,0x002E5690,"gen-dump placeholder superseded by the real identity of these bytes: ?dup_002e5690@@YAXXZ, byte-verified from Code/GameEngine/Source/Common/Audio/GameAudio.cpp over the same 15-byte range. The Code/gen_asm/d_002d3970.asm dump reproduces those bytes but carries no identity."
?d_002e56b0@@YAXXZ,0x002E56B0,"gen-dump placeholder superseded by the real identity of these bytes: ?dup_002e56b0@@YAXXZ, byte-verified from Code/GameEngine/Source/Common/Audio/GameAudio.cpp over the same 15-byte range. The Code/gen_asm/d_002d3970.asm dump reproduces those bytes but carries no identity."
?d_002e56d0@@YAXXZ,0x002E56D0,"gen-dump placeholder superseded by the real identity of these bytes: ?dup_002e56d0@@YAXXZ, byte-verified from Code/GameEngine/Source/Common/Audio/GameAudio.cpp over the same 15-byte range. The Code/gen_asm/d_002d3970.asm dump reproduces those bytes but carries no identity."
?d_002e56f0@@YAXXZ,0x002E56F0,"gen-dump placeholder superseded by the real identity of these bytes: ?dup_002e56f0@@YAXXZ, byte-verified from Code/GameEngine/Source/Common/Audio/GameAudio.cpp over the same 15-byte range. The Code/gen_asm/d_002d3970.asm dump reproduces those bytes but carries no identity."
?d_002f1330@@YAXXZ,0x002F1330,"gen-dump placeholder superseded by the real identity of these bytes: ?dup_002f1330@@YAXXZ, byte-verified from Code/GameEngine/Source/Common/Audio/GameAudio.cpp over the same 23-byte range. The Code/gen_asm/d_002ed640.asm dump reproduces those bytes but carries no identity."
?d_002f1360@@YAXXZ,0x002F1360,"gen-dump placeholder superseded by the real identity of these bytes: ?dup_002f1360@@YAXXZ, byte-verified from Code/GameEngine/Source/Common/Audio/GameAudio.cpp over the same 19-byte range. The Code/gen_asm/d_002ed640.asm dump reproduces those bytes but carries no identity."
?d_002f89f0@@YAXXZ,0x002F89F0,"gen-dump placeholder superseded by the real identity of these bytes: ?dup_002f89f0@@YAXXZ, byte-verified from Code/GameEngine/Source/Common/Audio/GameAudio.cpp over the same 15-byte range. The Code/gen_asm/d_002ed640.asm dump reproduces those bytes but carries no identity."
?d_00324440@@YAXXZ,0x00324440,"gen-dump placeholder superseded by the real identity of these bytes: ?dup_00324440@@YAXXZ, byte-verified from Code/GameEngine/Source/Common/Audio/GameAudio.cpp over the same 9-byte range. The Code/gen_asm/d_002ed640.asm dump reproduces those bytes but carries no identity."
?d_00324560@@YAXXZ,0x00324560,"gen-dump placeholder superseded by the real identity of these bytes: ?dup_00324560@@YAXXZ, byte-verified from Code/GameEngine/Source/Common/Audio/GameAudio.cpp over the same 11-byte range. The Code/gen_asm/d_002ed640.asm dump reproduces those bytes but carries no identity."
?d_00337580@@YAXXZ,0x00337580,"gen-dump placeholder superseded by the real identity of these bytes: ?dup_00337580@@YAXXZ, byte-verified from Code/GameEngine/Source/Common/Audio/GameAudio.cpp over the same 13-byte range. The Code/gen_asm/d_002ed640.asm dump reproduces those bytes but carries no identity."
?d_003375b0@@YAXXZ,0x003375B0,"gen-dump placeholder superseded by the real identity of these bytes: ?dup_003375b0@@YAXXZ, byte-verified from Code/GameEngine/Source/Common/Audio/GameAudio.cpp over the same 13-byte range. The Code/gen_asm/d_002ed640.asm dump reproduces those bytes but carries no identity."
?d_003375e0@@YAXXZ,0x003375E0,"gen-dump placeholder superseded by the real identity of these bytes: ?dup_003375e0@@YAXXZ, byte-verified from Code/GameEngine/Source/Common/Audio/GameAudio.cpp over the same 13-byte range. The Code/gen_asm/d_002ed640.asm dump reproduces those bytes but carries no identity."
?d_00337610@@YAXXZ,0x00337610,"gen-dump placeholder superseded by the real identity of these bytes: ?dup_00337610@@YAXXZ, byte-verified from Code/GameEngine/Source/Common/Audio/GameAudio.cpp over the same 13-byte range. The Code/gen_asm/d_002ed640.asm dump reproduces those bytes but carries no identity."
?d_00337690@@YAXXZ,0x00337690,"gen-dump placeholder superseded by the real identity of these bytes: ?dup_00337690@@YAXXZ, byte-verified from Code/GameEngine/Source/Common/Audio/GameAudio.cpp over the same 13-byte range. The Code/gen_asm/d_002ed640.asm dump reproduces those bytes but carries no identity."
?d_003376c0@@YAXXZ,0x003376C0,"gen-dump placeholder superseded by the real identity of these bytes: ?dup_003376c0@@YAXXZ, byte-verified from Code/GameEngine/Source/Common/Audio/GameAudio.cpp over the same 13-byte range. The Code/gen_asm/d_002ed640.asm dump reproduces those bytes but carries no identity."
?d_00337700@@YAXXZ,0x00337700,"gen-dump placeholder superseded by the real identity of these bytes: ?dup_00337700@@YAXXZ, byte-verified from Code/GameEngine/Source/Common/Audio/GameAudio.cpp over the same 13-byte range. The Code/gen_asm/d_002ed640.asm dump reproduces those bytes but carries no identity."
?d_00337770@@YAXXZ,0x00337770,"gen-dump placeholder superseded by the real identity of these bytes: ?dup_00337770@@YAXXZ, byte-verified from Code/GameEngine/Source/Common/Audio/GameAudio.cpp over the same 13-byte range. The Code/gen_asm/d_002ed640.asm dump reproduces those bytes but carries no identity."
?d_00337980@@YAXXZ,0x00337980,"gen-dump placeholder superseded by the real identity of these bytes: ?dup_00337980@@YAXXZ, byte-verified from Code/GameEngine/Source/Common/Audio/GameAudio.cpp over the same 13-byte range. The Code/gen_asm/d_002ed640.asm dump reproduces those bytes but carries no identity."
?d_00337a10@@YAXXZ,0x00337A10,"gen-dump placeholder superseded by the real identity of these bytes: ?dup_00337a10@@YAXXZ, byte-verified from Code/GameEngine/Source/Common/Audio/GameAudio.cpp over the same 23-byte range. The Code/gen_asm/d_002ed640.asm dump reproduces those bytes but carries no identity."
?d_00337c90@@YAXXZ,0x00337C90,"gen-dump placeholder superseded by the real identity of these bytes: ?dup_00337c90@@YAXXZ, byte-verified from Code/GameEngine/Source/Common/Audio/GameAudio.cpp over the same 23-byte range. The Code/gen_asm/d_002ed640.asm dump reproduces those bytes but carries no identity."
?d_00337d30@@YAXXZ,0x00337D30,"gen-dump placeholder superseded by the real identity of these bytes: ?dup_00337d30@@YAXXZ, byte-verified from Code/GameEngine/Source/Common/Audio/GameAudio.cpp over the same 23-byte range. The Code/gen_asm/d_002ed640.asm dump reproduces those bytes but carries no identity."
?d_00337dd0@@YAXXZ,0x00337DD0,"gen-dump placeholder superseded by the real identity of these bytes: ?dup_00337dd0@@YAXXZ, byte-verified from Code/GameEngine/Source/Common/Audio/GameAudio.cpp over the same 23-byte range. The Code/gen_asm/d_002ed640.asm dump reproduces those bytes but carries no identity."
?d_00337e80@@YAXXZ,0x00337E80,"gen-dump placeholder superseded by the real identity of these bytes: ?dup_00337e80@@YAXXZ, byte-verified from Code/GameEngine/Source/Common/Audio/GameAudio.cpp over the same 6-byte range. The Code/gen_asm/d_002ed640.asm dump reproduces those bytes but carries no identity."
?d_00337f00@@YAXXZ,0x00337F00,"gen-dump placeholder superseded by the real identity of these bytes: ?dup_00337f00@@YAXXZ, byte-verified from Code/GameEngine/Source/Common/Audio/GameAudio.cpp over the same 6-byte range. The Code/gen_asm/d_002ed640.asm dump reproduces those bytes but carries no identity."
?d_00337f80@@YAXXZ,0x00337F80,"gen-dump placeholder superseded by the real identity of these bytes: ?dup_00337f80@@YAXXZ, byte-verified from Code/GameEngine/Source/Common/Audio/GameAudio.cpp over the same 6-byte range. The Code/gen_asm/d_002ed640.asm dump reproduces those bytes but carries no identity."
?d_00338000@@YAXXZ,0x00338000,"gen-dump placeholder superseded by the real identity of these bytes: ?dup_00338000@@YAXXZ, byte-verified from Code/GameEngine/Source/Common/Audio/GameAudio.cpp over the same 6-byte range. The Code/gen_asm/d_002ed640.asm dump reproduces those bytes but carries no identity."
?d_00338080@@YAXXZ,0x00338080,"gen-dump placeholder superseded by the real identity of these bytes: ?dup_00338080@@YAXXZ, byte-verified from Code/GameEngine/Source/Common/Audio/GameAudio.cpp over the same 6-byte range. The Code/gen_asm/d_002ed640.asm dump reproduces those bytes but carries no identity."
?d_003380a0@@YAXXZ,0x003380A0,"gen-dump placeholder superseded by the real identity of these bytes: ?dup_003380a0@@YAXXZ, byte-verified from Code/GameEngine/Source/Common/Audio/GameAudio.cpp over the same 7-byte range. The Code/gen_asm/d_002ed640.asm dump reproduces those bytes but carries no identity."
?d_00338110@@YAXXZ,0x00338110,"gen-dump placeholder superseded by the real identity of these bytes: ?dup_00338110@@YAXXZ, byte-verified from Code/GameEngine/Source/Common/Audio/GameAudio.cpp over the same 23-byte range. The Code/gen_asm/d_002ed640.asm dump reproduces those bytes but carries no identity."
?d_003381b0@@YAXXZ,0x003381B0,"gen-dump placeholder superseded by the real identity of these bytes: ?dup_003381b0@@YAXXZ, byte-verified from Code/GameEngine/Source/Common/Audio/GameAudio.cpp over the same 11-byte range. The Code/gen_asm/d_002ed640.asm dump reproduces those bytes but carries no identity."
?d_003381c0@@YAXXZ,0x003381C0,"gen-dump placeholder superseded by the real identity of these bytes: ?dup_003381c0@@YAXXZ, byte-verified from Code/GameEngine/Source/Common/Audio/GameAudio.cpp over the same 11-byte range. The Code/gen_asm/d_002ed640.asm dump reproduces those bytes but carries no identity."
?d_003381d0@@YAXXZ,0x003381D0,"gen-dump placeholder superseded by the real identity of these bytes: ?dup_003381d0@@YAXXZ, byte-verified from Code/GameEngine/Source/Common/Audio/GameAudio.cpp over the same 11-byte range. The Code/gen_asm/d_002ed640.asm dump reproduces those bytes but carries no identity."
?d_003381e0@@YAXXZ,0x003381E0,"gen-dump placeholder superseded by the real identity of these bytes: ?dup_003381e0@@YAXXZ, byte-verified from Code/GameEngine/Source/Common/Audio/GameAudio.cpp over the same 11-byte range. The Code/gen_asm/d_002ed640.asm dump reproduces those bytes but carries no identity."
?d_003381f0@@YAXXZ,0x003381F0,"gen-dump placeholder superseded by the real identity of these bytes: ?dup_003381f0@@YAXXZ, byte-verified from Code/GameEngine/Source/Common/Audio/GameAudio.cpp over the same 11-byte range. The Code/gen_asm/d_002ed640.asm dump reproduces those bytes but carries no identity."
?d_00338200@@YAXXZ,0x00338200,"gen-dump placeholder superseded by the real identity of these bytes: ?dup_00338200@@YAXXZ, byte-verified from Code/GameEngine/Source/Common/Audio/GameAudio.cpp over the same 11-byte range. The Code/gen_asm/d_002ed640.asm dump reproduces those bytes but carries no identity."
?d_00338220@@YAXXZ,0x00338220,"gen-dump placeholder superseded by the real identity of these bytes: ?dup_00338220@@YAXXZ, byte-verified from Code/GameEngine/Source/Common/Audio/GameAudio.cpp over the same 18-byte range. The Code/gen_asm/d_002ed640.asm dump reproduces those bytes but carries no identity."
?d_00338240@@YAXXZ,0x00338240,"gen-dump placeholder superseded by the real identity of these bytes: ?dup_00338240@@YAXXZ, byte-verified from Code/GameEngine/Source/Common/Audio/GameAudio.cpp over the same 18-byte range. The Code/gen_asm/d_002ed640.asm dump reproduces those bytes but carries no identity."
?d_00338460@@YAXXZ,0x00338460,"gen-dump placeholder superseded by the real identity of these bytes: ?dup_00338460@@YAXXZ, byte-verified from Code/GameEngine/Source/Common/Audio/GameAudio.cpp over the same 11-byte range. The Code/gen_asm/d_002ed640.asm dump reproduces those bytes but carries no identity."
?d_00338530@@YAXXZ,0x00338530,"gen-dump placeholder superseded by the real identity of these bytes: ?dup_00338530@@YAXXZ, byte-verified from Code/GameEngine/Source/Common/Audio/GameAudio.cpp over the same 22-byte range. The Code/gen_asm/d_002ed640.asm dump reproduces those bytes but carries no identity."
?d_00338550@@YAXXZ,0x00338550,"gen-dump placeholder superseded by the real identity of these bytes: ?dup_00338550@@YAXXZ, byte-verified from Code/GameEngine/Source/Common/Audio/GameAudio.cpp over the same 22-byte range. The Code/gen_asm/d_002ed640.asm dump reproduces those bytes but carries no identity."
?d_00338570@@YAXXZ,0x00338570,"gen-dump placeholder superseded by the real identity of these bytes: ?dup_00338570@@YAXXZ, byte-verified from Code/GameEngine/Source/Common/Audio/GameAudio.cpp over the same 17-byte range. The Code/gen_asm/d_002ed640.asm dump reproduces those bytes but carries no identity."
?d_003385e0@@YAXXZ,0x003385E0,"gen-dump placeholder superseded by the real identity of these bytes: ?dup_003385e0@@YAXXZ, byte-verified from Code/GameEngine/Source/Common/Audio/GameAudio.cpp over the same 17-byte range. The Code/gen_asm/d_002ed640.asm dump reproduces those bytes but carries no identity."
?d_00338650@@YAXXZ,0x00338650,"gen-dump placeholder superseded by the real identity of these bytes: ?dup_00338650@@YAXXZ, byte-verified from Code/GameEngine/Source/Common/Audio/GameAudio.cpp over the same 17-byte range. The Code/gen_asm/d_002ed640.asm dump reproduces those bytes but carries no identity."
?d_003386a0@@YAXXZ,0x003386A0,"gen-dump placeholder superseded by the real identity of these bytes: ?dup_003386a0@@YAXXZ, byte-verified from Code/GameEngine/Source/Common/Audio/GameAudio.cpp over the same 29-byte range. The Code/gen_asm/d_002ed640.asm dump reproduces those bytes but carries no identity."
?d_003386d0@@YAXXZ,0x003386D0,"gen-dump placeholder superseded by the real identity of these bytes: ?dup_003386d0@@YAXXZ, byte-verified from Code/GameEngine/Source/Common/Audio/GameAudio.cpp over the same 29-byte range. The Code/gen_asm/d_002ed640.asm dump reproduces those bytes but carries no identity."
?d_00338700@@YAXXZ,0x00338700,"gen-dump placeholder superseded by the real identity of these bytes: ?dup_00338700@@YAXXZ, byte-verified from Code/GameEngine/Source/Common/Audio/GameAudio.cpp over the same 29-byte range. The Code/gen_asm/d_002ed640.asm dump reproduces those bytes but carries no identity."
?d_00338780@@YAXXZ,0x00338780,"gen-dump placeholder superseded by the real identity of these bytes: ?dup_00338780@@YAXXZ, byte-verified from Code/GameEngine/Source/Common/Audio/GameAudio.cpp over the same 10-byte range. The Code/gen_asm/d_002ed640.asm dump reproduces those bytes but carries no identity."
?d_00338790@@YAXXZ,0x00338790,"gen-dump placeholder superseded by the real identity of these bytes: ?dup_00338790@@YAXXZ, byte-verified from Code/GameEngine/Source/Common/Audio/GameAudio.cpp over the same 10-byte range. The Code/gen_asm/d_002ed640.asm dump reproduces those bytes but carries no identity."
?d_003389f0@@YAXXZ,0x003389F0,"gen-dump placeholder superseded by the real identity of these bytes: ?dup_003389f0@@YAXXZ, byte-verified from Code/GameEngine/Source/Common/Audio/GameAudio.cpp over the same 7-byte range. The Code/gen_asm/d_002ed640.asm dump reproduces those bytes but carries no identity."
?d_00338a00@@YAXXZ,0x00338A00,"gen-dump placeholder superseded by the real identity of these bytes: ?dup_00338a00@@YAXXZ, byte-verified from Code/GameEngine/Source/Common/Audio/GameAudio.cpp over the same 7-byte range. The Code/gen_asm/d_002ed640.asm dump reproduces those bytes but carries no identity."
?d_00338a10@@YAXXZ,0x00338A10,"gen-dump placeholder superseded by the real identity of these bytes: ?dup_00338a10@@YAXXZ, byte-verified from Code/GameEngine/Source/Common/Audio/GameAudio.cpp over the same 7-byte range. The Code/gen_asm/d_002ed640.asm dump reproduces those bytes but carries no identity."
?d_00338a20@@YAXXZ,0x00338A20,"gen-dump placeholder superseded by the real identity of these bytes: ?dup_00338a20@@YAXXZ, byte-verified from Code/GameEngine/Source/Common/Audio/GameAudio.cpp over the same 7-byte range. The Code/gen_asm/d_002ed640.asm dump reproduces those bytes but carries no identity."
?d_00338a50@@YAXXZ,0x00338A50,"gen-dump placeholder superseded by the real identity of these bytes: ?dup_00338a50@@YAXXZ, byte-verified from Code/GameEngine/Source/Common/Audio/GameAudio.cpp over the same 6-byte range. The Code/gen_asm/d_002ed640.asm dump reproduces those bytes but carries no identity."
?d_00338a60@@YAXXZ,0x00338A60,"gen-dump placeholder superseded by the real identity of these bytes: ?dup_00338a60@@YAXXZ, byte-verified from Code/GameEngine/Source/Common/Audio/GameAudio.cpp over the same 9-byte range. The Code/gen_asm/d_002ed640.asm dump reproduces those bytes but carries no identity."
?d_00338a70@@YAXXZ,0x00338A70,"gen-dump placeholder superseded by the real identity of these bytes: ?dup_00338a70@@YAXXZ, byte-verified from Code/GameEngine/Source/Common/Audio/GameAudio.cpp over the same 6-byte range. The Code/gen_asm/d_002ed640.asm dump reproduces those bytes but carries no identity."
?d_00338a80@@YAXXZ,0x00338A80,"gen-dump placeholder superseded by the real identity of these bytes: ?dup_00338a80@@YAXXZ, byte-verified from Code/GameEngine/Source/Common/Audio/GameAudio.cpp over the same 9-byte range. The Code/gen_asm/d_002ed640.asm dump reproduces those bytes but carries no identity."
?d_00338a90@@YAXXZ,0x00338A90,"gen-dump placeholder superseded by the real identity of these bytes: ?dup_00338a90@@YAXXZ, byte-verified from Code/GameEngine/Source/Common/Audio/GameAudio.cpp over the same 7-byte range. The Code/gen_asm/d_002ed640.asm dump reproduces those bytes but carries no identity."
?d_00338aa0@@YAXXZ,0x00338AA0,"gen-dump placeholder superseded by the real identity of these bytes: ?dup_00338aa0@@YAXXZ, byte-verified from Code/GameEngine/Source/Common/Audio/GameAudio.cpp over the same 7-byte range. The Code/gen_asm/d_002ed640.asm dump reproduces those bytes but carries no identity."
?d_00338b00@@YAXXZ,0x00338B00,"gen-dump placeholder superseded by the real identity of these bytes: ?dup_00338b00@@YAXXZ, byte-verified from Code/GameEngine/Source/Common/Audio/GameAudio.cpp over the same 13-byte range. The Code/gen_asm/d_002ed640.asm dump reproduces those bytes but carries no identity."
?d_00338b20@@YAXXZ,0x00338B20,"gen-dump placeholder superseded by the real identity of these bytes: ?dup_00338b20@@YAXXZ, byte-verified from Code/GameEngine/Source/Common/Audio/GameAudio.cpp over the same 11-byte range. The Code/gen_asm/d_002ed640.asm dump reproduces those bytes but carries no identity."
?d_00338b50@@YAXXZ,0x00338B50,"gen-dump placeholder superseded by the real identity of these bytes: ?dup_00338b50@@YAXXZ, byte-verified from Code/GameEngine/Source/Common/Audio/GameAudio.cpp over the same 11-byte range. The Code/gen_asm/d_002ed640.asm dump reproduces those bytes but carries no identity."
?d_00338b60@@YAXXZ,0x00338B60,"gen-dump placeholder superseded by the real identity of these bytes: ?dup_00338b60@@YAXXZ, byte-verified from Code/GameEngine/Source/Common/Audio/GameAudio.cpp over the same 11-byte range. The Code/gen_asm/d_002ed640.asm dump reproduces those bytes but carries no identity."
?d_00338da0@@YAXXZ,0x00338DA0,"gen-dump placeholder superseded by the real identity of these bytes: ?dup_00338da0@@YAXXZ, byte-verified from Code/GameEngine/Source/Common/Audio/GameAudio.cpp over the same 6-byte range. The Code/gen_asm/d_002ed640.asm dump reproduces those bytes but carries no identity."
?d_00338db0@@YAXXZ,0x00338DB0,"gen-dump placeholder superseded by the real identity of these bytes: ?dup_00338db0@@YAXXZ, byte-verified from Code/GameEngine/Source/Common/Audio/GameAudio.cpp over the same 9-byte range. The Code/gen_asm/d_002ed640.asm dump reproduces those bytes but carries no identity."
?d_00338dc0@@YAXXZ,0x00338DC0,"gen-dump placeholder superseded by the real identity of these bytes: ?dup_00338dc0@@YAXXZ, byte-verified from Code/GameEngine/Source/Common/Audio/GameAudio.cpp over the same 11-byte range. The Code/gen_asm/d_002ed640.asm dump reproduces those bytes but carries no identity."
?d_00338dd0@@YAXXZ,0x00338DD0,"gen-dump placeholder superseded by the real identity of these bytes: ?dup_00338dd0@@YAXXZ, byte-verified from Code/GameEngine/Source/Common/Audio/GameAudio.cpp over the same 11-byte range. The Code/gen_asm/d_002ed640.asm dump reproduces those bytes but carries no identity."
?d_00338e40@@YAXXZ,0x00338E40,"gen-dump placeholder superseded by the real identity of these bytes: ?dup_00338e40@@YAXXZ, byte-verified from Code/GameEngine/Source/Common/Audio/GameAudio.cpp over the same 9-byte range. The Code/gen_asm/d_002ed640.asm dump reproduces those bytes but carries no identity."
?d_00338e50@@YAXXZ,0x00338E50,"gen-dump placeholder superseded by the real identity of these bytes: ?dup_00338e50@@YAXXZ, byte-verified from Code/GameEngine/Source/Common/Audio/GameAudio.cpp over the same 9-byte range. The Code/gen_asm/d_002ed640.asm dump reproduces those bytes but carries no identity."
?d_00338e60@@YAXXZ,0x00338E60,"gen-dump placeholder superseded by the real identity of these bytes: ?dup_00338e60@@YAXXZ, byte-verified from Code/GameEngine/Source/Common/Audio/GameAudio.cpp over the same 9-byte range. The Code/gen_asm/d_002ed640.asm dump reproduces those bytes but carries no identity."
?d_00339ea0@@YAXXZ,0x00339EA0,"gen-dump placeholder superseded by the real identity of these bytes: ?dup_00339ea0@@YAXXZ, byte-verified from Code/GameEngine/Source/Common/Audio/GameAudio.cpp over the same 16-byte range. The Code/gen_asm/d_002ed640.asm dump reproduces those bytes but carries no identity."
?d_00339f30@@YAXXZ,0x00339F30,"gen-dump placeholder superseded by the real identity of these bytes: ?dup_00339f30@@YAXXZ, byte-verified from Code/GameEngine/Source/Common/Audio/GameAudio.cpp over the same 6-byte range. The Code/gen_asm/d_002ed640.asm dump reproduces those bytes but carries no identity."
?d_00339f40@@YAXXZ,0x00339F40,"gen-dump placeholder superseded by the real identity of these bytes: ?dup_00339f40@@YAXXZ, byte-verified from Code/GameEngine/Source/Common/Audio/GameAudio.cpp over the same 6-byte range. The Code/gen_asm/d_002ed640.asm dump reproduces those bytes but carries no identity."
?d_00339f60@@YAXXZ,0x00339F60,"gen-dump placeholder superseded by the real identity of these bytes: ?dup_00339f60@@YAXXZ, byte-verified from Code/GameEngine/Source/Common/Audio/GameAudio.cpp over the same 16-byte range. The Code/gen_asm/d_002ed640.asm dump reproduces those bytes but carries no identity."
?d_0033a140@@YAXXZ,0x0033A140,"gen-dump placeholder superseded by the real identity of these bytes: ?dup_0033a140@@YAXXZ, byte-verified from Code/GameEngine/Source/Common/Audio/GameAudio.cpp over the same 11-byte range. The Code/gen_asm/d_002ed640.asm dump reproduces those bytes but carries no identity."
?d_0033a170@@YAXXZ,0x0033A170,"gen-dump placeholder superseded by the real identity of these bytes: ?dup_0033a170@@YAXXZ, byte-verified from Code/GameEngine/Source/Common/Audio/GameAudio.cpp over the same 11-byte range. The Code/gen_asm/d_002ed640.asm dump reproduces those bytes but carries no identity."
?d_0033a1a0@@YAXXZ,0x0033A1A0,"gen-dump placeholder superseded by the real identity of these bytes: ?dup_0033a1a0@@YAXXZ, byte-verified from Code/GameEngine/Source/Common/Audio/GameAudio.cpp over the same 11-byte range. The Code/gen_asm/d_002ed640.asm dump reproduces those bytes but carries no identity."
?d_0033a1d0@@YAXXZ,0x0033A1D0,"gen-dump placeholder superseded by the real identity of these bytes: ?dup_0033a1d0@@YAXXZ, byte-verified from Code/GameEngine/Source/Common/Audio/GameAudio.cpp over the same 11-byte range. The Code/gen_asm/d_002ed640.asm dump reproduces those bytes but carries no identity."
?d_0033a200@@YAXXZ,0x0033A200,"gen-dump placeholder superseded by the real identity of these bytes: ?dup_0033a200@@YAXXZ, byte-verified from Code/GameEngine/Source/Common/Audio/GameAudio.cpp over the same 11-byte range. The Code/gen_asm/d_002ed640.asm dump reproduces those bytes but carries no identity."
?d_0033a210@@YAXXZ,0x0033A210,"gen-dump placeholder superseded by the real identity of these bytes: ?dup_0033a210@@YAXXZ, byte-verified from Code/GameEngine/Source/Common/Audio/GameAudio.cpp over the same 7-byte range. The Code/gen_asm/d_002ed640.asm dump reproduces those bytes but carries no identity."
?d_0033a220@@YAXXZ,0x0033A220,"gen-dump placeholder superseded by the real identity of these bytes: ?dup_0033a220@@YAXXZ, byte-verified from Code/GameEngine/Source/Common/Audio/GameAudio.cpp over the same 11-byte range. The Code/gen_asm/d_002ed640.asm dump reproduces those bytes but carries no identity."
?d_0033a2f0@@YAXXZ,0x0033A2F0,"gen-dump placeholder superseded by the real identity of these bytes: ?dup_0033a2f0@@YAXXZ, byte-verified from Code/GameEngine/Source/Common/Audio/GameAudio.cpp over the same 11-byte range. The Code/gen_asm/d_002ed640.asm dump reproduces those bytes but carries no identity."
?d_0033a300@@YAXXZ,0x0033A300,"gen-dump placeholder superseded by the real identity of these bytes: ?dup_0033a300@@YAXXZ, byte-verified from Code/GameEngine/Source/Common/Audio/GameAudio.cpp over the same 18-byte range. The Code/gen_asm/d_002ed640.asm dump reproduces those bytes but carries no identity."
?d_0033a320@@YAXXZ,0x0033A320,"gen-dump placeholder superseded by the real identity of these bytes: ?dup_0033a320@@YAXXZ, byte-verified from Code/GameEngine/Source/Common/Audio/GameAudio.cpp over the same 18-byte range. The Code/gen_asm/d_002ed640.asm dump reproduces those bytes but carries no identity."
?d_0033a340@@YAXXZ,0x0033A340,"gen-dump placeholder superseded by the real identity of these bytes: ?dup_0033a340@@YAXXZ, byte-verified from Code/GameEngine/Source/Common/Audio/GameAudio.cpp over the same 11-byte range. The Code/gen_asm/d_002ed640.asm dump reproduces those bytes but carries no identity."
?d_0033a350@@YAXXZ,0x0033A350,"gen-dump placeholder superseded by the real identity of these bytes: ?dup_0033a350@@YAXXZ, byte-verified from Code/GameEngine/Source/Common/Audio/GameAudio.cpp over the same 11-byte range. The Code/gen_asm/d_002ed640.asm dump reproduces those bytes but carries no identity."
?d_0033a360@@YAXXZ,0x0033A360,"gen-dump placeholder superseded by the real identity of these bytes: ?dup_0033a360@@YAXXZ, byte-verified from Code/GameEngine/Source/Common/Audio/GameAudio.cpp over the same 11-byte range. The Code/gen_asm/d_002ed640.asm dump reproduces those bytes but carries no identity."
?d_0033a370@@YAXXZ,0x0033A370,"gen-dump placeholder superseded by the real identity of these bytes: ?dup_0033a370@@YAXXZ, byte-verified from Code/GameEngine/Source/Common/Audio/GameAudio.cpp over the same 11-byte range. The Code/gen_asm/d_002ed640.asm dump reproduces those bytes but carries no identity."
?d_0033a380@@YAXXZ,0x0033A380,"gen-dump placeholder superseded by the real identity of these bytes: ?dup_0033a380@@YAXXZ, byte-verified from Code/GameEngine/Source/Common/Audio/GameAudio.cpp over the same 11-byte range. The Code/gen_asm/d_002ed640.asm dump reproduces those bytes but carries no identity."
?d_0033a390@@YAXXZ,0x0033A390,"gen-dump placeholder superseded by the real identity of these bytes: ?dup_0033a390@@YAXXZ, byte-verified from Code/GameEngine/Source/Common/Audio/GameAudio.cpp over the same 11-byte range. The Code/gen_asm/d_002ed640.asm dump reproduces those bytes but carries no identity."
?d_0033a440@@YAXXZ,0x0033A440,"gen-dump placeholder superseded by the real identity of these bytes: ?dup_0033a440@@YAXXZ, byte-verified from Code/GameEngine/Source/Common/Audio/GameAudio.cpp over the same 11-byte range. The Code/gen_asm/d_002ed640.asm dump reproduces those bytes but carries no identity."
?d_0033a450@@YAXXZ,0x0033A450,"gen-dump placeholder superseded by the real identity of these bytes: ?dup_0033a450@@YAXXZ, byte-verified from Code/GameEngine/Source/Common/Audio/GameAudio.cpp over the same 11-byte range. The Code/gen_asm/d_002ed640.asm dump reproduces those bytes but carries no identity."
?d_0033a4a0@@YAXXZ,0x0033A4A0,"gen-dump placeholder superseded by the real identity of these bytes: ?dup_0033a4a0@@YAXXZ, byte-verified from Code/GameEngine/Source/Common/Audio/GameAudio.cpp over the same 11-byte range. The Code/gen_asm/d_002ed640.asm dump reproduces those bytes but carries no identity."
?d_0033a6d0@@YAXXZ,0x0033A6D0,"gen-dump placeholder superseded by the real identity of these bytes: ?dup_0033a6d0@@YAXXZ, byte-verified from Code/GameEngine/Source/Common/Audio/GameAudio.cpp over the same 13-byte range. The Code/gen_asm/d_002ed640.asm dump reproduces those bytes but carries no identity."
?d_0033a6f0@@YAXXZ,0x0033A6F0,"gen-dump placeholder superseded by the real identity of these bytes: ?dup_0033a6f0@@YAXXZ, byte-verified from Code/GameEngine/Source/Common/Audio/GameAudio.cpp over the same 13-byte range. The Code/gen_asm/d_002ed640.asm dump reproduces those bytes but carries no identity."
?d_0033a8c0@@YAXXZ,0x0033A8C0,"gen-dump placeholder superseded by the real identity of these bytes: ?dup_0033a8c0@@YAXXZ, byte-verified from Code/GameEngine/Source/Common/Audio/GameAudio.cpp over the same 16-byte range. The Code/gen_asm/d_002ed640.asm dump reproduces those bytes but carries no identity."
?d_0033a920@@YAXXZ,0x0033A920,"gen-dump placeholder superseded by the real identity of these bytes: ?dup_0033a920@@YAXXZ, byte-verified from Code/GameEngine/Source/Common/Audio/GameAudio.cpp over the same 13-byte range. The Code/gen_asm/d_002ed640.asm dump reproduces those bytes but carries no identity."
?d_0033a940@@YAXXZ,0x0033A940,"gen-dump placeholder superseded by the real identity of these bytes: ?dup_0033a940@@YAXXZ, byte-verified from Code/GameEngine/Source/Common/Audio/GameAudio.cpp over the same 13-byte range. The Code/gen_asm/d_002ed640.asm dump reproduces those bytes but carries no identity."
?d_0033aba0@@YAXXZ,0x0033ABA0,"gen-dump placeholder superseded by the real identity of these bytes: ?dup_0033aba0@@YAXXZ, byte-verified from Code/GameEngine/Source/Common/Audio/GameAudio.cpp over the same 13-byte range. The Code/gen_asm/d_002ed640.asm dump reproduces those bytes but carries no identity."
?d_0033abf0@@YAXXZ,0x0033ABF0,"gen-dump placeholder superseded by the real identity of these bytes: ?dup_0033abf0@@YAXXZ, byte-verified from Code/GameEngine/Source/Common/Audio/GameAudio.cpp over the same 16-byte range. The Code/gen_asm/d_002ed640.asm dump reproduces those bytes but carries no identity."
?d_0033ac40@@YAXXZ,0x0033AC40,"gen-dump placeholder superseded by the real identity of these bytes: ?dup_0033ac40@@YAXXZ, byte-verified from Code/GameEngine/Source/Common/Audio/GameAudio.cpp over the same 13-byte range. The Code/gen_asm/d_002ed640.asm dump reproduces those bytes but carries no identity."
?d_0033b390@@YAXXZ,0x0033B390,"gen-dump placeholder superseded by the real identity of these bytes: ?dup_0033b390@@YAXXZ, byte-verified from Code/GameEngine/Source/Common/Audio/GameAudio.cpp over the same 11-byte range. The Code/gen_asm/d_002ed640.asm dump reproduces those bytes but carries no identity."
?d_0033b3c0@@YAXXZ,0x0033B3C0,"gen-dump placeholder superseded by the real identity of these bytes: ?dup_0033b3c0@@YAXXZ, byte-verified from Code/GameEngine/Source/Common/Audio/GameAudio.cpp over the same 11-byte range. The Code/gen_asm/d_002ed640.asm dump reproduces those bytes but carries no identity."
?d_0033b3f0@@YAXXZ,0x0033B3F0,"gen-dump placeholder superseded by the real identity of these bytes: ?dup_0033b3f0@@YAXXZ, byte-verified from Code/GameEngine/Source/Common/Audio/GameAudio.cpp over the same 11-byte range. The Code/gen_asm/d_002ed640.asm dump reproduces those bytes but carries no identity."
?d_0033b420@@YAXXZ,0x0033B420,"gen-dump placeholder superseded by the real identity of these bytes: ?dup_0033b420@@YAXXZ, byte-verified from Code/GameEngine/Source/Common/Audio/GameAudio.cpp over the same 11-byte range. The Code/gen_asm/d_002ed640.asm dump reproduces those bytes but carries no identity."
?d_0033b450@@YAXXZ,0x0033B450,"gen-dump placeholder superseded by the real identity of these bytes: ?dup_0033b450@@YAXXZ, byte-verified from Code/GameEngine/Source/Common/Audio/GameAudio.cpp over the same 11-byte range. The Code/gen_asm/d_002ed640.asm dump reproduces those bytes but carries no identity."
?d_0033b460@@YAXXZ,0x0033B460,"gen-dump placeholder superseded by the real identity of these bytes: ?dup_0033b460@@YAXXZ, byte-verified from Code/GameEngine/Source/Common/Audio/GameAudio.cpp over the same 11-byte range. The Code/gen_asm/d_002ed640.asm dump reproduces those bytes but carries no identity."
?d_0033b4a0@@YAXXZ,0x0033B4A0,"gen-dump placeholder superseded by the real identity of these bytes: ?dup_0033b4a0@@YAXXZ, byte-verified from Code/GameEngine/Source/Common/Audio/GameAudio.cpp over the same 16-byte range. The Code/gen_asm/d_002ed640.asm dump reproduces those bytes but carries no identity."
?d_0033b4c0@@YAXXZ,0x0033B4C0,"gen-dump placeholder superseded by the real identity of these bytes: ?dup_0033b4c0@@YAXXZ, byte-verified from Code/GameEngine/Source/Common/Audio/GameAudio.cpp over the same 16-byte range. The Code/gen_asm/d_002ed640.asm dump reproduces those bytes but carries no identity."
?d_0033b6b0@@YAXXZ,0x0033B6B0,"gen-dump placeholder superseded by the real identity of these bytes: ?dup_0033b6b0@@YAXXZ, byte-verified from Code/GameEngine/Source/Common/Audio/GameAudio.cpp over the same 11-byte range. The Code/gen_asm/d_002ed640.asm dump reproduces those bytes but carries no identity."
?d_0033cb90@@YAXXZ,0x0033CB90,"gen-dump placeholder superseded by the real identity of these bytes: ?dup_0033cb90@@YAXXZ, byte-verified from Code/GameEngine/Source/Common/Audio/GameAudio.cpp over the same 15-byte range. The Code/gen_asm/d_002ed640.asm dump reproduces those bytes but carries no identity."
?d_0033cbb0@@YAXXZ,0x0033CBB0,"gen-dump placeholder superseded by the real identity of these bytes: ?dup_0033cbb0@@YAXXZ, byte-verified from Code/GameEngine/Source/Common/Audio/GameAudio.cpp over the same 16-byte range. The Code/gen_asm/d_002ed640.asm dump reproduces those bytes but carries no identity."
?d_0033cbd0@@YAXXZ,0x0033CBD0,"gen-dump placeholder superseded by the real identity of these bytes: ?dup_0033cbd0@@YAXXZ, byte-verified from Code/GameEngine/Source/Common/Audio/GameAudio.cpp over the same 16-byte range. The Code/gen_asm/d_002ed640.asm dump reproduces those bytes but carries no identity."
?d_0033cbf0@@YAXXZ,0x0033CBF0,"gen-dump placeholder superseded by the real identity of these bytes: ?dup_0033cbf0@@YAXXZ, byte-verified from Code/GameEngine/Source/Common/Audio/GameAudio.cpp over the same 15-byte range. The Code/gen_asm/d_002ed640.asm dump reproduces those bytes but carries no identity."
?d_0033cc50@@YAXXZ,0x0033CC50,"gen-dump placeholder superseded by the real identity of these bytes: ?dup_0033cc50@@YAXXZ, byte-verified from Code/GameEngine/Source/Common/Audio/GameAudio.cpp over the same 15-byte range. The Code/gen_asm/d_002ed640.asm dump reproduces those bytes but carries no identity."
?d_0033cc70@@YAXXZ,0x0033CC70,"gen-dump placeholder superseded by the real identity of these bytes: ?dup_0033cc70@@YAXXZ, byte-verified from Code/GameEngine/Source/Common/Audio/GameAudio.cpp over the same 15-byte range. The Code/gen_asm/d_002ed640.asm dump reproduces those bytes but carries no identity."
?d_0033ccd0@@YAXXZ,0x0033CCD0,"gen-dump placeholder superseded by the real identity of these bytes: ?dup_0033ccd0@@YAXXZ, byte-verified from Code/GameEngine/Source/Common/Audio/GameAudio.cpp over the same 15-byte range. The Code/gen_asm/d_002ed640.asm dump reproduces those bytes but carries no identity."
?d_0034c540@@YAXXZ,0x0034C540,"gen-dump placeholder superseded by the real identity of these bytes: ?dup_0034c540@@YAXXZ, byte-verified from Code/GameEngine/Source/Common/Audio/GameAudio.cpp over the same 13-byte range. The Code/gen_asm/d_002ed640.asm dump reproduces those bytes but carries no identity."
?d_0034c590@@YAXXZ,0x0034C590,"gen-dump placeholder superseded by the real identity of these bytes: ?dup_0034c590@@YAXXZ, byte-verified from Code/GameEngine/Source/Common/Audio/GameAudio.cpp over the same 13-byte range. The Code/gen_asm/d_002ed640.asm dump reproduces those bytes but carries no identity."
?d_0034c5c0@@YAXXZ,0x0034C5C0,"gen-dump placeholder superseded by the real identity of these bytes: ?dup_0034c5c0@@YAXXZ, byte-verified from Code/GameEngine/Source/Common/Audio/GameAudio.cpp over the same 13-byte range. The Code/gen_asm/d_002ed640.asm dump reproduces those bytes but carries no identity."
?d_0034c780@@YAXXZ,0x0034C780,"gen-dump placeholder superseded by the real identity of these bytes: ?dup_0034c780@@YAXXZ, byte-verified from Code/GameEngine/Source/Common/Audio/GameAudio.cpp over the same 6-byte range. The Code/gen_asm/d_002ed640.asm dump reproduces those bytes but carries no identity."
?d_0034c790@@YAXXZ,0x0034C790,"gen-dump placeholder superseded by the real identity of these bytes: ?dup_0034c790@@YAXXZ, byte-verified from Code/GameEngine/Source/Common/Audio/GameAudio.cpp over the same 6-byte range. The Code/gen_asm/d_002ed640.asm dump reproduces those bytes but carries no identity."
?d_0034f930@@YAXXZ,0x0034F930,"gen-dump placeholder superseded by the real identity of these bytes: ?dup_0034f930@@YAXXZ, byte-verified from Code/GameEngine/Source/Common/Audio/GameAudio.cpp over the same 16-byte range. The Code/gen_asm/d_002ed640.asm dump reproduces those bytes but carries no identity."
?d_00350520@@YAXXZ,0x00350520,"gen-dump placeholder superseded by the real identity of these bytes: ?dup_00350520@@YAXXZ, byte-verified from Code/GameEngine/Source/Common/Audio/GameAudio.cpp over the same 18-byte range. The Code/gen_asm/d_002ed640.asm dump reproduces those bytes but carries no identity."
?d_00350540@@YAXXZ,0x00350540,"gen-dump placeholder superseded by the real identity of these bytes: ?dup_00350540@@YAXXZ, byte-verified from Code/GameEngine/Source/Common/Audio/GameAudio.cpp over the same 17-byte range. The Code/gen_asm/d_002ed640.asm dump reproduces those bytes but carries no identity."
?d_00350570@@YAXXZ,0x00350570,"gen-dump placeholder superseded by the real identity of these bytes: ?dup_00350570@@YAXXZ, byte-verified from Code/GameEngine/Source/Common/Audio/GameAudio.cpp over the same 18-byte range. The Code/gen_asm/d_002ed640.asm dump reproduces those bytes but carries no identity."
?d_00350590@@YAXXZ,0x00350590,"gen-dump placeholder superseded by the real identity of these bytes: ?dup_00350590@@YAXXZ, byte-verified from Code/GameEngine/Source/Common/Audio/GameAudio.cpp over the same 17-byte range. The Code/gen_asm/d_002ed640.asm dump reproduces those bytes but carries no identity."
?d_00350680@@YAXXZ,0x00350680,"gen-dump placeholder superseded by the real identity of these bytes: ?dup_00350680@@YAXXZ, byte-verified from Code/GameEngine/Source/Common/Audio/GameAudio.cpp over the same 9-byte range. The Code/gen_asm/d_002ed640.asm dump reproduces those bytes but carries no identity."
?d_00350800@@YAXXZ,0x00350800,"gen-dump placeholder superseded by the real identity of these bytes: ?dup_00350800@@YAXXZ, byte-verified from Code/GameEngine/Source/Common/Audio/GameAudio.cpp over the same 23-byte range. The Code/gen_asm/d_002ed640.asm dump reproduces those bytes but carries no identity."
?d_00350820@@YAXXZ,0x00350820,"gen-dump placeholder superseded by the real identity of these bytes: ?dup_00350820@@YAXXZ, byte-verified from Code/GameEngine/Source/Common/Audio/GameAudio.cpp over the same 23-byte range. The Code/gen_asm/d_002ed640.asm dump reproduces those bytes but carries no identity."
?d_003509c0@@YAXXZ,0x003509C0,"gen-dump placeholder superseded by the real identity of these bytes: ?dup_003509c0@@YAXXZ, byte-verified from Code/GameEngine/Source/Common/Audio/GameAudio.cpp over the same 18-byte range. The Code/gen_asm/d_002ed640.asm dump reproduces those bytes but carries no identity."
?d_003509e0@@YAXXZ,0x003509E0,"gen-dump placeholder superseded by the real identity of these bytes: ?dup_003509e0@@YAXXZ, byte-verified from Code/GameEngine/Source/Common/Audio/GameAudio.cpp over the same 17-byte range. The Code/gen_asm/d_002ed640.asm dump reproduces those bytes but carries no identity."
?d_00350a10@@YAXXZ,0x00350A10,"gen-dump placeholder superseded by the real identity of these bytes: ?dup_00350a10@@YAXXZ, byte-verified from Code/GameEngine/Source/Common/Audio/GameAudio.cpp over the same 18-byte range. The Code/gen_asm/d_002ed640.asm dump reproduces those bytes but carries no identity."
?d_00350a30@@YAXXZ,0x00350A30,"gen-dump placeholder superseded by the real identity of these bytes: ?dup_00350a30@@YAXXZ, byte-verified from Code/GameEngine/Source/Common/Audio/GameAudio.cpp over the same 17-byte range. The Code/gen_asm/d_002ed640.asm dump reproduces those bytes but carries no identity."
?d_00351670@@YAXXZ,0x00351670,"gen-dump placeholder superseded by the real identity of these bytes: ?dup_00351670@@YAXXZ, byte-verified from Code/GameEngine/Source/Common/Audio/GameAudio.cpp over the same 11-byte range. The Code/gen_asm/d_002ed640.asm dump reproduces those bytes but carries no identity."
?d_003516c0@@YAXXZ,0x003516C0,"gen-dump placeholder superseded by the real identity of these bytes: ?dup_003516c0@@YAXXZ, byte-verified from Code/GameEngine/Source/Common/Audio/GameAudio.cpp over the same 11-byte range. The Code/gen_asm/d_002ed640.asm dump reproduces those bytes but carries no identity."
?d_003565f0@@YAXXZ,0x003565F0,"gen-dump placeholder superseded by the real identity of these bytes: ?dup_003565f0@@YAXXZ, byte-verified from Code/GameEngine/Source/Common/Audio/GameAudio.cpp over the same 15-byte range. The Code/gen_asm/d_003519c0.asm dump reproduces those bytes but carries no identity."
?d_00356610@@YAXXZ,0x00356610,"gen-dump placeholder superseded by the real identity of these bytes: ?dup_00356610@@YAXXZ, byte-verified from Code/GameEngine/Source/Common/Audio/GameAudio.cpp over the same 15-byte range. The Code/gen_asm/d_003519c0.asm dump reproduces those bytes but carries no identity."
?d_00360c10@@YAXXZ,0x00360C10,"gen-dump placeholder superseded by the real identity of these bytes: ?dup_00360c10@@YAXXZ, byte-verified from Code/GameEngine/Source/Common/Audio/GameAudio.cpp over the same 23-byte range. The Code/gen_asm/d_003519c0.asm dump reproduces those bytes but carries no identity."
?d_00360c30@@YAXXZ,0x00360C30,"gen-dump placeholder superseded by the real identity of these bytes: ?dup_00360c30@@YAXXZ, byte-verified from Code/GameEngine/Source/Common/Audio/GameAudio.cpp over the same 23-byte range. The Code/gen_asm/d_003519c0.asm dump reproduces those bytes but carries no identity."
?d_00360c60@@YAXXZ,0x00360C60,"gen-dump placeholder superseded by the real identity of these bytes: ?dup_00360c60@@YAXXZ, byte-verified from Code/GameEngine/Source/Common/Audio/GameAudio.cpp over the same 23-byte range. The Code/gen_asm/d_003519c0.asm dump reproduces those bytes but carries no identity."
?d_00360cd0@@YAXXZ,0x00360CD0,"gen-dump placeholder superseded by the real identity of these bytes: ?dup_00360cd0@@YAXXZ, byte-verified from Code/GameEngine/Source/Common/Audio/GameAudio.cpp over the same 17-byte range. The Code/gen_asm/d_003519c0.asm dump reproduces those bytes but carries no identity."
?d_00360cf0@@YAXXZ,0x00360CF0,"gen-dump placeholder superseded by the real identity of these bytes: ?dup_00360cf0@@YAXXZ, byte-verified from Code/GameEngine/Source/Common/Audio/GameAudio.cpp over the same 29-byte range. The Code/gen_asm/d_003519c0.asm dump reproduces those bytes but carries no identity."
?d_00361730@@YAXXZ,0x00361730,"gen-dump placeholder superseded by the real identity of these bytes: ?dup_00361730@@YAXXZ, byte-verified from Code/GameEngine/Source/Common/Audio/GameAudio.cpp over the same 11-byte range. The Code/gen_asm/d_003519c0.asm dump reproduces those bytes but carries no identity."
?d_003627b0@@YAXXZ,0x003627B0,"gen-dump placeholder superseded by the real identity of these bytes: ?dup_003627b0@@YAXXZ, byte-verified from Code/GameEngine/Source/Common/Audio/GameAudio.cpp over the same 15-byte range. The Code/gen_asm/d_003519c0.asm dump reproduces those bytes but carries no identity."
?d_003628b0@@YAXXZ,0x003628B0,"gen-dump placeholder superseded by the real identity of these bytes: ?dup_003628b0@@YAXXZ, byte-verified from Code/GameEngine/Source/Common/Audio/GameAudio.cpp over the same 15-byte range. The Code/gen_asm/d_003519c0.asm dump reproduces those bytes but carries no identity."
?d_003628d0@@YAXXZ,0x003628D0,"gen-dump placeholder superseded by the real identity of these bytes: ?dup_003628d0@@YAXXZ, byte-verified from Code/GameEngine/Source/Common/Audio/GameAudio.cpp over the same 15-byte range. The Code/gen_asm/d_003519c0.asm dump reproduces those bytes but carries no identity."
?d_00367b00@@YAXXZ,0x00367B00,"gen-dump placeholder superseded by the real identity of these bytes: ?dup_00367b00@@YAXXZ, byte-verified from Code/GameEngine/Source/Common/Audio/GameAudio.cpp over the same 23-byte range. The Code/gen_asm/d_003519c0.asm dump reproduces those bytes but carries no identity."
?d_00367b20@@YAXXZ,0x00367B20,"gen-dump placeholder superseded by the real identity of these bytes: ?dup_00367b20@@YAXXZ, byte-verified from Code/GameEngine/Source/Common/Audio/GameAudio.cpp over the same 23-byte range. The Code/gen_asm/d_003519c0.asm dump reproduces those bytes but carries no identity."
?d_00367c50@@YAXXZ,0x00367C50,"gen-dump placeholder superseded by the real identity of these bytes: ?dup_00367c50@@YAXXZ, byte-verified from Code/GameEngine/Source/Common/Audio/GameAudio.cpp over the same 18-byte range. The Code/gen_asm/d_003519c0.asm dump reproduces those bytes but carries no identity."
?d_00367fb0@@YAXXZ,0x00367FB0,"gen-dump placeholder superseded by the real identity of these bytes: ?dup_00367fb0@@YAXXZ, byte-verified from Code/GameEngine/Source/Common/Audio/GameAudio.cpp over the same 11-byte range. The Code/gen_asm/d_003519c0.asm dump reproduces those bytes but carries no identity."
?d_00368790@@YAXXZ,0x00368790,"gen-dump placeholder superseded by the real identity of these bytes: ?dup_00368790@@YAXXZ, byte-verified from Code/GameEngine/Source/Common/Audio/GameAudio.cpp over the same 15-byte range. The Code/gen_asm/d_003519c0.asm dump reproduces those bytes but carries no identity."
?d_0036ae50@@YAXXZ,0x0036AE50,"gen-dump placeholder superseded by the real identity of these bytes: ?dup_0036ae50@@YAXXZ, byte-verified from Code/GameEngine/Source/Common/Audio/GameAudio.cpp over the same 23-byte range. The Code/gen_asm/d_003519c0.asm dump reproduces those bytes but carries no identity."
?d_0036ae80@@YAXXZ,0x0036AE80,"gen-dump placeholder superseded by the real identity of these bytes: ?dup_0036ae80@@YAXXZ, byte-verified from Code/GameEngine/Source/Common/Audio/GameAudio.cpp over the same 17-byte range. The Code/gen_asm/d_003519c0.asm dump reproduces those bytes but carries no identity."
?d_0036aea0@@YAXXZ,0x0036AEA0,"gen-dump placeholder superseded by the real identity of these bytes: ?dup_0036aea0@@YAXXZ, byte-verified from Code/GameEngine/Source/Common/Audio/GameAudio.cpp over the same 29-byte range. The Code/gen_asm/d_003519c0.asm dump reproduces those bytes but carries no identity."
?d_0036af10@@YAXXZ,0x0036AF10,"gen-dump placeholder superseded by the real identity of these bytes: ?dup_0036af10@@YAXXZ, byte-verified from Code/GameEngine/Source/Common/Audio/GameAudio.cpp over the same 16-byte range. The Code/gen_asm/d_003519c0.asm dump reproduces those bytes but carries no identity."
?d_0036b0d0@@YAXXZ,0x0036B0D0,"gen-dump placeholder superseded by the real identity of these bytes: ?dup_0036b0d0@@YAXXZ, byte-verified from Code/GameEngine/Source/Common/Audio/GameAudio.cpp over the same 11-byte range. The Code/gen_asm/d_003519c0.asm dump reproduces those bytes but carries no identity."
?d_0036b1a0@@YAXXZ,0x0036B1A0,"gen-dump placeholder superseded by the real identity of these bytes: ?dup_0036b1a0@@YAXXZ, byte-verified from Code/GameEngine/Source/Common/Audio/GameAudio.cpp over the same 15-byte range. The Code/gen_asm/d_003519c0.asm dump reproduces those bytes but carries no identity."
?d_0036bef0@@YAXXZ,0x0036BEF0,"gen-dump placeholder superseded by the real identity of these bytes: ?dup_0036bef0@@YAXXZ, byte-verified from Code/GameEngine/Source/Common/Audio/GameAudio.cpp over the same 13-byte range. The Code/gen_asm/d_003519c0.asm dump reproduces those bytes but carries no identity."
?d_0036c160@@YAXXZ,0x0036C160,"gen-dump placeholder superseded by the real identity of these bytes: ?dup_0036c160@@YAXXZ, byte-verified from Code/GameEngine/Source/Common/Audio/GameAudio.cpp over the same 6-byte range. The Code/gen_asm/d_003519c0.asm dump reproduces those bytes but carries no identity."
?d_0036c1d0@@YAXXZ,0x0036C1D0,"gen-dump placeholder superseded by the real identity of these bytes: ?dup_0036c1d0@@YAXXZ, byte-verified from Code/GameEngine/Source/Common/Audio/GameAudio.cpp over the same 23-byte range. The Code/gen_asm/d_003519c0.asm dump reproduces those bytes but carries no identity."
?d_0036c270@@YAXXZ,0x0036C270,"gen-dump placeholder superseded by the real identity of these bytes: ?dup_0036c270@@YAXXZ, byte-verified from Code/GameEngine/Source/Common/Audio/GameAudio.cpp over the same 23-byte range. The Code/gen_asm/d_003519c0.asm dump reproduces those bytes but carries no identity."
?d_0036c320@@YAXXZ,0x0036C320,"gen-dump placeholder superseded by the real identity of these bytes: ?dup_0036c320@@YAXXZ, byte-verified from Code/GameEngine/Source/Common/Audio/GameAudio.cpp over the same 6-byte range. The Code/gen_asm/d_003519c0.asm dump reproduces those bytes but carries no identity."
?d_0036c390@@YAXXZ,0x0036C390,"gen-dump placeholder superseded by the real identity of these bytes: ?dup_0036c390@@YAXXZ, byte-verified from Code/GameEngine/Source/Common/Audio/GameAudio.cpp over the same 23-byte range. The Code/gen_asm/d_003519c0.asm dump reproduces those bytes but carries no identity."
?d_0036c430@@YAXXZ,0x0036C430,"gen-dump placeholder superseded by the real identity of these bytes: ?dup_0036c430@@YAXXZ, byte-verified from Code/GameEngine/Source/Common/Audio/GameAudio.cpp over the same 11-byte range. The Code/gen_asm/d_003519c0.asm dump reproduces those bytes but carries no identity."
?d_0036c440@@YAXXZ,0x0036C440,"gen-dump placeholder superseded by the real identity of these bytes: ?dup_0036c440@@YAXXZ, byte-verified from Code/GameEngine/Source/Common/Audio/GameAudio.cpp over the same 11-byte range. The Code/gen_asm/d_003519c0.asm dump reproduces those bytes but carries no identity."
?d_0036c490@@YAXXZ,0x0036C490,"gen-dump placeholder superseded by the real identity of these bytes: ?dup_0036c490@@YAXXZ, byte-verified from Code/GameEngine/Source/Common/Audio/GameAudio.cpp over the same 11-byte range. The Code/gen_asm/d_003519c0.asm dump reproduces those bytes but carries no identity."
?d_0036c4a0@@YAXXZ,0x0036C4A0,"gen-dump placeholder superseded by the real identity of these bytes: ?dup_0036c4a0@@YAXXZ, byte-verified from Code/GameEngine/Source/Common/Audio/GameAudio.cpp over the same 11-byte range. The Code/gen_asm/d_003519c0.asm dump reproduces those bytes but carries no identity."
?d_0036c4c0@@YAXXZ,0x0036C4C0,"gen-dump placeholder superseded by the real identity of these bytes: ?dup_0036c4c0@@YAXXZ, byte-verified from Code/GameEngine/Source/Common/Audio/GameAudio.cpp over the same 6-byte range. The Code/gen_asm/d_003519c0.asm dump reproduces those bytes but carries no identity."
?d_0036c530@@YAXXZ,0x0036C530,"gen-dump placeholder superseded by the real identity of these bytes: ?dup_0036c530@@YAXXZ, byte-verified from Code/GameEngine/Source/Common/Audio/GameAudio.cpp over the same 11-byte range. The Code/gen_asm/d_003519c0.asm dump reproduces those bytes but carries no identity."
?d_0036c6c0@@YAXXZ,0x0036C6C0,"gen-dump placeholder superseded by the real identity of these bytes: ?dup_0036c6c0@@YAXXZ, byte-verified from Code/GameEngine/Source/Common/Audio/GameAudio.cpp over the same 17-byte range. The Code/gen_asm/d_003519c0.asm dump reproduces those bytes but carries no identity."
?d_0036c6e0@@YAXXZ,0x0036C6E0,"gen-dump placeholder superseded by the real identity of these bytes: ?dup_0036c6e0@@YAXXZ, byte-verified from Code/GameEngine/Source/Common/Audio/GameAudio.cpp over the same 29-byte range. The Code/gen_asm/d_003519c0.asm dump reproduces those bytes but carries no identity."
?d_0036dcc0@@YAXXZ,0x0036DCC0,"gen-dump placeholder superseded by the real identity of these bytes: ?dup_0036dcc0@@YAXXZ, byte-verified from Code/GameEngine/Source/Common/Audio/GameAudio.cpp over the same 11-byte range. The Code/gen_asm/d_0036dcc0.asm dump reproduces those bytes but carries no identity."
?d_0036e940@@YAXXZ,0x0036E940,"gen-dump placeholder superseded by the real identity of these bytes: ?dup_0036e940@@YAXXZ, byte-verified from Code/GameEngine/Source/Common/Audio/GameAudio.cpp over the same 15-byte range. The Code/gen_asm/d_0036dcc0.asm dump reproduces those bytes but carries no identity."
?d_0036e960@@YAXXZ,0x0036E960,"gen-dump placeholder superseded by the real identity of these bytes: ?dup_0036e960@@YAXXZ, byte-verified from Code/GameEngine/Source/Common/Audio/GameAudio.cpp over the same 15-byte range. The Code/gen_asm/d_0036dcc0.asm dump reproduces those bytes but carries no identity."
?d_0036e9a0@@YAXXZ,0x0036E9A0,"gen-dump placeholder superseded by the real identity of these bytes: ?dup_0036e9a0@@YAXXZ, byte-verified from Code/GameEngine/Source/Common/Audio/GameAudio.cpp over the same 15-byte range. The Code/gen_asm/d_0036dcc0.asm dump reproduces those bytes but carries no identity."
?d_0036ea60@@YAXXZ,0x0036EA60,"gen-dump placeholder superseded by the real identity of these bytes: ?dup_0036ea60@@YAXXZ, byte-verified from Code/GameEngine/Source/Common/Audio/GameAudio.cpp over the same 15-byte range. The Code/gen_asm/d_0036dcc0.asm dump reproduces those bytes but carries no identity."
?d_00378260@@YAXXZ,0x00378260,"gen-dump placeholder superseded by the real identity of these bytes: ?dup_00378260@@YAXXZ, byte-verified from Code/GameEngine/Source/Common/Audio/GameAudio.cpp over the same 23-byte range. The Code/gen_asm/d_0036dcc0.asm dump reproduces those bytes but carries no identity."
?d_00378290@@YAXXZ,0x00378290,"gen-dump placeholder superseded by the real identity of these bytes: ?dup_00378290@@YAXXZ, byte-verified from Code/GameEngine/Source/Common/Audio/GameAudio.cpp over the same 29-byte range. The Code/gen_asm/d_0036dcc0.asm dump reproduces those bytes but carries no identity."
?d_003783f0@@YAXXZ,0x003783F0,"gen-dump placeholder superseded by the real identity of these bytes: ?dup_003783f0@@YAXXZ, byte-verified from Code/GameEngine/Source/Common/Audio/GameAudio.cpp over the same 11-byte range. The Code/gen_asm/d_0036dcc0.asm dump reproduces those bytes but carries no identity."
?d_00378400@@YAXXZ,0x00378400,"gen-dump placeholder superseded by the real identity of these bytes: ?dup_00378400@@YAXXZ, byte-verified from Code/GameEngine/Source/Common/Audio/GameAudio.cpp over the same 17-byte range. The Code/gen_asm/d_0036dcc0.asm dump reproduces those bytes but carries no identity."
?d_003784f0@@YAXXZ,0x003784F0,"gen-dump placeholder superseded by the real identity of these bytes: ?dup_003784f0@@YAXXZ, byte-verified from Code/GameEngine/Source/Common/Audio/GameAudio.cpp over the same 15-byte range. The Code/gen_asm/d_0036dcc0.asm dump reproduces those bytes but carries no identity."
?d_00378cf0@@YAXXZ,0x00378CF0,"gen-dump placeholder superseded by the real identity of these bytes: ?dup_00378cf0@@YAXXZ, byte-verified from Code/GameEngine/Source/Common/Audio/GameAudio.cpp over the same 23-byte range. The Code/gen_asm/d_0036dcc0.asm dump reproduces those bytes but carries no identity."
?d_00378d30@@YAXXZ,0x00378D30,"gen-dump placeholder superseded by the real identity of these bytes: ?dup_00378d30@@YAXXZ, byte-verified from Code/GameEngine/Source/Common/Audio/GameAudio.cpp over the same 11-byte range. The Code/gen_asm/d_0036dcc0.asm dump reproduces those bytes but carries no identity."
?d_00378d60@@YAXXZ,0x00378D60,"gen-dump placeholder superseded by the real identity of these bytes: ?dup_00378d60@@YAXXZ, byte-verified from Code/GameEngine/Source/Common/Audio/GameAudio.cpp over the same 29-byte range. The Code/gen_asm/d_0036dcc0.asm dump reproduces those bytes but carries no identity."
?d_00378d90@@YAXXZ,0x00378D90,"gen-dump placeholder superseded by the real identity of these bytes: ?dup_00378d90@@YAXXZ, byte-verified from Code/GameEngine/Source/Common/Audio/GameAudio.cpp over the same 6-byte range. The Code/gen_asm/d_0036dcc0.asm dump reproduces those bytes but carries no identity."
?d_00378dd0@@YAXXZ,0x00378DD0,"gen-dump placeholder superseded by the real identity of these bytes: ?dup_00378dd0@@YAXXZ, byte-verified from Code/GameEngine/Source/Common/Audio/GameAudio.cpp over the same 11-byte range. The Code/gen_asm/d_0036dcc0.asm dump reproduces those bytes but carries no identity."
?d_00378ee0@@YAXXZ,0x00378EE0,"gen-dump placeholder superseded by the real identity of these bytes: ?dup_00378ee0@@YAXXZ, byte-verified from Code/GameEngine/Source/Common/Audio/GameAudio.cpp over the same 11-byte range. The Code/gen_asm/d_0036dcc0.asm dump reproduces those bytes but carries no identity."
?d_00378ef0@@YAXXZ,0x00378EF0,"gen-dump placeholder superseded by the real identity of these bytes: ?dup_00378ef0@@YAXXZ, byte-verified from Code/GameEngine/Source/Common/Audio/GameAudio.cpp over the same 11-byte range. The Code/gen_asm/d_0036dcc0.asm dump reproduces those bytes but carries no identity."
?d_00378f00@@YAXXZ,0x00378F00,"gen-dump placeholder superseded by the real identity of these bytes: ?dup_00378f00@@YAXXZ, byte-verified from Code/GameEngine/Source/Common/Audio/GameAudio.cpp over the same 17-byte range. The Code/gen_asm/d_0036dcc0.asm dump reproduces those bytes but carries no identity."
?d_00378f90@@YAXXZ,0x00378F90,"gen-dump placeholder superseded by the real identity of these bytes: ?dup_00378f90@@YAXXZ, byte-verified from Code/GameEngine/Source/Common/Audio/GameAudio.cpp over the same 13-byte range. The Code/gen_asm/d_0036dcc0.asm dump reproduces those bytes but carries no identity."
?d_00379000@@YAXXZ,0x00379000,"gen-dump placeholder superseded by the real identity of these bytes: ?dup_00379000@@YAXXZ, byte-verified from Code/GameEngine/Source/Common/Audio/GameAudio.cpp over the same 9-byte range. The Code/gen_asm/d_0036dcc0.asm dump reproduces those bytes but carries no identity."
?d_00379100@@YAXXZ,0x00379100,"gen-dump placeholder superseded by the real identity of these bytes: ?dup_00379100@@YAXXZ, byte-verified from Code/GameEngine/Source/Common/Audio/GameAudio.cpp over the same 11-byte range. The Code/gen_asm/d_0036dcc0.asm dump reproduces those bytes but carries no identity."
?d_003792d0@@YAXXZ,0x003792D0,"gen-dump placeholder superseded by the real identity of these bytes: ?dup_003792d0@@YAXXZ, byte-verified from Code/GameEngine/Source/Common/Audio/GameAudio.cpp over the same 15-byte range. The Code/gen_asm/d_0036dcc0.asm dump reproduces those bytes but carries no identity."
?d_0037aaa0@@YAXXZ,0x0037AAA0,"gen-dump placeholder superseded by the real identity of these bytes: ?dup_0037aaa0@@YAXXZ, byte-verified from Code/GameEngine/Source/Common/Audio/GameAudio.cpp over the same 13-byte range. The Code/gen_asm/d_0036dcc0.asm dump reproduces those bytes but carries no identity."
?d_0037ab80@@YAXXZ,0x0037AB80,"gen-dump placeholder superseded by the real identity of these bytes: ?dup_0037ab80@@YAXXZ, byte-verified from Code/GameEngine/Source/Common/Audio/GameAudio.cpp over the same 6-byte range. The Code/gen_asm/d_0036dcc0.asm dump reproduces those bytes but carries no identity."
?d_0037aba0@@YAXXZ,0x0037ABA0,"gen-dump placeholder superseded by the real identity of these bytes: ?dup_0037aba0@@YAXXZ, byte-verified from Code/GameEngine/Source/Common/Audio/GameAudio.cpp over the same 7-byte range. The Code/gen_asm/d_0036dcc0.asm dump reproduces those bytes but carries no identity."
?d_0037abc0@@YAXXZ,0x0037ABC0,"gen-dump placeholder superseded by the real identity of these bytes: ?dup_0037abc0@@YAXXZ, byte-verified from Code/GameEngine/Source/Common/Audio/GameAudio.cpp over the same 11-byte range. The Code/gen_asm/d_0036dcc0.asm dump reproduces those bytes but carries no identity."
?d_0037ac20@@YAXXZ,0x0037AC20,"gen-dump placeholder superseded by the real identity of these bytes: ?dup_0037ac20@@YAXXZ, byte-verified from Code/GameEngine/Source/Common/Audio/GameAudio.cpp over the same 7-byte range. The Code/gen_asm/d_0036dcc0.asm dump reproduces those bytes but carries no identity."
?d_0037af00@@YAXXZ,0x0037AF00,"gen-dump placeholder superseded by the real identity of these bytes: ?dup_0037af00@@YAXXZ, byte-verified from Code/GameEngine/Source/Common/Audio/GameAudio.cpp over the same 7-byte range. The Code/gen_asm/d_0036dcc0.asm dump reproduces those bytes but carries no identity."
?d_0037af30@@YAXXZ,0x0037AF30,"gen-dump placeholder superseded by the real identity of these bytes: ?dup_0037af30@@YAXXZ, byte-verified from Code/GameEngine/Source/Common/Audio/GameAudio.cpp over the same 11-byte range. The Code/gen_asm/d_0036dcc0.asm dump reproduces those bytes but carries no identity."
?d_0037afb0@@YAXXZ,0x0037AFB0,"gen-dump placeholder superseded by the real identity of these bytes: ?dup_0037afb0@@YAXXZ, byte-verified from Code/GameEngine/Source/Common/Audio/GameAudio.cpp over the same 11-byte range. The Code/gen_asm/d_0036dcc0.asm dump reproduces those bytes but carries no identity."
?d_0037b2f0@@YAXXZ,0x0037B2F0,"gen-dump placeholder superseded by the real identity of these bytes: ?dup_0037b2f0@@YAXXZ, byte-verified from Code/GameEngine/Source/Common/Audio/GameAudio.cpp over the same 11-byte range. The Code/gen_asm/d_0036dcc0.asm dump reproduces those bytes but carries no identity."
?d_0037d210@@YAXXZ,0x0037D210,"gen-dump placeholder superseded by the real identity of these bytes: ?dup_0037d210@@YAXXZ, byte-verified from Code/GameEngine/Source/Common/Audio/GameAudio.cpp over the same 6-byte range. The Code/gen_asm/d_0036dcc0.asm dump reproduces those bytes but carries no identity."
?d_0037d220@@YAXXZ,0x0037D220,"gen-dump placeholder superseded by the real identity of these bytes: ?dup_0037d220@@YAXXZ, byte-verified from Code/GameEngine/Source/Common/Audio/GameAudio.cpp over the same 6-byte range. The Code/gen_asm/d_0036dcc0.asm dump reproduces those bytes but carries no identity."
?d_0037d2c0@@YAXXZ,0x0037D2C0,"gen-dump placeholder superseded by the real identity of these bytes: ?dup_0037d2c0@@YAXXZ, byte-verified from Code/GameEngine/Source/Common/Audio/GameAudio.cpp over the same 6-byte range. The Code/gen_asm/d_0036dcc0.asm dump reproduces those bytes but carries no identity."
?d_0037d360@@YAXXZ,0x0037D360,"gen-dump placeholder superseded by the real identity of these bytes: ?dup_0037d360@@YAXXZ, byte-verified from Code/GameEngine/Source/Common/Audio/GameAudio.cpp over the same 19-byte range. The Code/gen_asm/d_0036dcc0.asm dump reproduces those bytes but carries no identity."
?d_0037d390@@YAXXZ,0x0037D390,"gen-dump placeholder superseded by the real identity of these bytes: ?dup_0037d390@@YAXXZ, byte-verified from Code/GameEngine/Source/Common/Audio/GameAudio.cpp over the same 6-byte range. The Code/gen_asm/d_0036dcc0.asm dump reproduces those bytes but carries no identity."
?d_0037d3c0@@YAXXZ,0x0037D3C0,"gen-dump placeholder superseded by the real identity of these bytes: ?dup_0037d3c0@@YAXXZ, byte-verified from Code/GameEngine/Source/Common/Audio/GameAudio.cpp over the same 23-byte range. The Code/gen_asm/d_0036dcc0.asm dump reproduces those bytes but carries no identity."
?d_0037d400@@YAXXZ,0x0037D400,"gen-dump placeholder superseded by the real identity of these bytes: ?dup_0037d400@@YAXXZ, byte-verified from Code/GameEngine/Source/Common/Audio/GameAudio.cpp over the same 23-byte range. The Code/gen_asm/d_0036dcc0.asm dump reproduces those bytes but carries no identity."
?d_0037d470@@YAXXZ,0x0037D470,"gen-dump placeholder superseded by the real identity of these bytes: ?dup_0037d470@@YAXXZ, byte-verified from Code/GameEngine/Source/Common/Audio/GameAudio.cpp over the same 18-byte range. The Code/gen_asm/d_0036dcc0.asm dump reproduces those bytes but carries no identity."
?d_0037d490@@YAXXZ,0x0037D490,"gen-dump placeholder superseded by the real identity of these bytes: ?dup_0037d490@@YAXXZ, byte-verified from Code/GameEngine/Source/Common/Audio/GameAudio.cpp over the same 18-byte range. The Code/gen_asm/d_0036dcc0.asm dump reproduces those bytes but carries no identity."
?d_0037d4b0@@YAXXZ,0x0037D4B0,"gen-dump placeholder superseded by the real identity of these bytes: ?dup_0037d4b0@@YAXXZ, byte-verified from Code/GameEngine/Source/Common/Audio/GameAudio.cpp over the same 22-byte range. The Code/gen_asm/d_0036dcc0.asm dump reproduces those bytes but carries no identity."
?d_0037d4e0@@YAXXZ,0x0037D4E0,"gen-dump placeholder superseded by the real identity of these bytes: ?dup_0037d4e0@@YAXXZ, byte-verified from Code/GameEngine/Source/Common/Audio/GameAudio.cpp over the same 17-byte range. The Code/gen_asm/d_0036dcc0.asm dump reproduces those bytes but carries no identity."
?d_0037d580@@YAXXZ,0x0037D580,"gen-dump placeholder superseded by the real identity of these bytes: ?dup_0037d580@@YAXXZ, byte-verified from Code/GameEngine/Source/Common/Audio/GameAudio.cpp over the same 29-byte range. The Code/gen_asm/d_0036dcc0.asm dump reproduces those bytes but carries no identity."
?d_0037d650@@YAXXZ,0x0037D650,"gen-dump placeholder superseded by the real identity of these bytes: ?dup_0037d650@@YAXXZ, byte-verified from Code/GameEngine/Source/Common/Audio/GameAudio.cpp over the same 10-byte range. The Code/gen_asm/d_0036dcc0.asm dump reproduces those bytes but carries no identity."
?d_0037d660@@YAXXZ,0x0037D660,"gen-dump placeholder superseded by the real identity of these bytes: ?dup_0037d660@@YAXXZ, byte-verified from Code/GameEngine/Source/Common/Audio/GameAudio.cpp over the same 7-byte range. The Code/gen_asm/d_0036dcc0.asm dump reproduces those bytes but carries no identity."
?d_0037d6d0@@YAXXZ,0x0037D6D0,"gen-dump placeholder superseded by the real identity of these bytes: ?dup_0037d6d0@@YAXXZ, byte-verified from Code/GameEngine/Source/Common/Audio/GameAudio.cpp over the same 13-byte range. The Code/gen_asm/d_0036dcc0.asm dump reproduces those bytes but carries no identity."
?d_0037d700@@YAXXZ,0x0037D700,"gen-dump placeholder superseded by the real identity of these bytes: ?dup_0037d700@@YAXXZ, byte-verified from Code/GameEngine/Source/Common/Audio/GameAudio.cpp over the same 9-byte range. The Code/gen_asm/d_0036dcc0.asm dump reproduces those bytes but carries no identity."
?d_0037d890@@YAXXZ,0x0037D890,"gen-dump placeholder superseded by the real identity of these bytes: ?dup_0037d890@@YAXXZ, byte-verified from Code/GameEngine/Source/Common/Audio/GameAudio.cpp over the same 13-byte range. The Code/gen_asm/d_0036dcc0.asm dump reproduces those bytes but carries no identity."
?d_0037d8b0@@YAXXZ,0x0037D8B0,"gen-dump placeholder superseded by the real identity of these bytes: ?dup_0037d8b0@@YAXXZ, byte-verified from Code/GameEngine/Source/Common/Audio/GameAudio.cpp over the same 15-byte range. The Code/gen_asm/d_0036dcc0.asm dump reproduces those bytes but carries no identity."
?d_0037d920@@YAXXZ,0x0037D920,"gen-dump placeholder superseded by the real identity of these bytes: ?dup_0037d920@@YAXXZ, byte-verified from Code/GameEngine/Source/Common/Audio/GameAudio.cpp over the same 6-byte range. The Code/gen_asm/d_0036dcc0.asm dump reproduces those bytes but carries no identity."
?d_0037d930@@YAXXZ,0x0037D930,"gen-dump placeholder superseded by the real identity of these bytes: ?dup_0037d930@@YAXXZ, byte-verified from Code/GameEngine/Source/Common/Audio/GameAudio.cpp over the same 15-byte range. The Code/gen_asm/d_0036dcc0.asm dump reproduces those bytes but carries no identity."
?d_0037d960@@YAXXZ,0x0037D960,"gen-dump placeholder superseded by the real identity of these bytes: ?dup_0037d960@@YAXXZ, byte-verified from Code/GameEngine/Source/Common/Audio/GameAudio.cpp over the same 13-byte range. The Code/gen_asm/d_0036dcc0.asm dump reproduces those bytes but carries no identity."
?d_0037d980@@YAXXZ,0x0037D980,"gen-dump placeholder superseded by the real identity of these bytes: ?dup_0037d980@@YAXXZ, byte-verified from Code/GameEngine/Source/Common/Audio/GameAudio.cpp over the same 15-byte range. The Code/gen_asm/d_0036dcc0.asm dump reproduces those bytes but carries no identity."
?d_0037d9b0@@YAXXZ,0x0037D9B0,"gen-dump placeholder superseded by the real identity of these bytes: ?dup_0037d9b0@@YAXXZ, byte-verified from Code/GameEngine/Source/Common/Audio/GameAudio.cpp over the same 11-byte range. The Code/gen_asm/d_0036dcc0.asm dump reproduces those bytes but carries no identity."
?d_0037da00@@YAXXZ,0x0037DA00,"gen-dump placeholder superseded by the real identity of these bytes: ?dup_0037da00@@YAXXZ, byte-verified from Code/GameEngine/Source/Common/Audio/GameAudio.cpp over the same 11-byte range. The Code/gen_asm/d_0036dcc0.asm dump reproduces those bytes but carries no identity."
?d_0037da10@@YAXXZ,0x0037DA10,"gen-dump placeholder superseded by the real identity of these bytes: ?dup_0037da10@@YAXXZ, byte-verified from Code/GameEngine/Source/Common/Audio/GameAudio.cpp over the same 11-byte range. The Code/gen_asm/d_0036dcc0.asm dump reproduces those bytes but carries no identity."
?d_0037dac0@@YAXXZ,0x0037DAC0,"gen-dump placeholder superseded by the real identity of these bytes: ?dup_0037dac0@@YAXXZ, byte-verified from Code/GameEngine/Source/Common/Audio/GameAudio.cpp over the same 11-byte range. The Code/gen_asm/d_0036dcc0.asm dump reproduces those bytes but carries no identity."
?d_0037dad0@@YAXXZ,0x0037DAD0,"gen-dump placeholder superseded by the real identity of these bytes: ?dup_0037dad0@@YAXXZ, byte-verified from Code/GameEngine/Source/Common/Audio/GameAudio.cpp over the same 11-byte range. The Code/gen_asm/d_0036dcc0.asm dump reproduces those bytes but carries no identity."
?d_0037db60@@YAXXZ,0x0037DB60,"gen-dump placeholder superseded by the real identity of these bytes: ?dup_0037db60@@YAXXZ, byte-verified from Code/GameEngine/Source/Common/Audio/GameAudio.cpp over the same 11-byte range. The Code/gen_asm/d_0036dcc0.asm dump reproduces those bytes but carries no identity."
?d_0037dc40@@YAXXZ,0x0037DC40,"gen-dump placeholder superseded by the real identity of these bytes: ?dup_0037dc40@@YAXXZ, byte-verified from Code/GameEngine/Source/Common/Audio/GameAudio.cpp over the same 11-byte range. The Code/gen_asm/d_0036dcc0.asm dump reproduces those bytes but carries no identity."
?d_0037dc50@@YAXXZ,0x0037DC50,"gen-dump placeholder superseded by the real identity of these bytes: ?dup_0037dc50@@YAXXZ, byte-verified from Code/GameEngine/Source/Common/Audio/GameAudio.cpp over the same 18-byte range. The Code/gen_asm/d_0036dcc0.asm dump reproduces those bytes but carries no identity."
?d_0037dc70@@YAXXZ,0x0037DC70,"gen-dump placeholder superseded by the real identity of these bytes: ?dup_0037dc70@@YAXXZ, byte-verified from Code/GameEngine/Source/Common/Audio/GameAudio.cpp over the same 18-byte range. The Code/gen_asm/d_0036dcc0.asm dump reproduces those bytes but carries no identity."
?d_0037dc90@@YAXXZ,0x0037DC90,"gen-dump placeholder superseded by the real identity of these bytes: ?dup_0037dc90@@YAXXZ, byte-verified from Code/GameEngine/Source/Common/Audio/GameAudio.cpp over the same 7-byte range. The Code/gen_asm/d_0036dcc0.asm dump reproduces those bytes but carries no identity."
?d_0037df90@@YAXXZ,0x0037DF90,"gen-dump placeholder superseded by the real identity of these bytes: ?dup_0037df90@@YAXXZ, byte-verified from Code/GameEngine/Source/Common/Audio/GameAudio.cpp over the same 18-byte range. The Code/gen_asm/d_0036dcc0.asm dump reproduces those bytes but carries no identity."
?d_0037dfb0@@YAXXZ,0x0037DFB0,"gen-dump placeholder superseded by the real identity of these bytes: ?dup_0037dfb0@@YAXXZ, byte-verified from Code/GameEngine/Source/Common/Audio/GameAudio.cpp over the same 19-byte range. The Code/gen_asm/d_0036dcc0.asm dump reproduces those bytes but carries no identity."
?d_0037e1b0@@YAXXZ,0x0037E1B0,"gen-dump placeholder superseded by the real identity of these bytes: ?dup_0037e1b0@@YAXXZ, byte-verified from Code/GameEngine/Source/Common/Audio/GameAudio.cpp over the same 13-byte range. The Code/gen_asm/d_0036dcc0.asm dump reproduces those bytes but carries no identity."
?d_0037e1e0@@YAXXZ,0x0037E1E0,"gen-dump placeholder superseded by the real identity of these bytes: ?dup_0037e1e0@@YAXXZ, byte-verified from Code/GameEngine/Source/Common/Audio/GameAudio.cpp over the same 11-byte range. The Code/gen_asm/d_0036dcc0.asm dump reproduces those bytes but carries no identity."
?d_0037e1f0@@YAXXZ,0x0037E1F0,"gen-dump placeholder superseded by the real identity of these bytes: ?dup_0037e1f0@@YAXXZ, byte-verified from Code/GameEngine/Source/Common/Audio/GameAudio.cpp over the same 13-byte range. The Code/gen_asm/d_0036dcc0.asm dump reproduces those bytes but carries no identity."
?d_0037e310@@YAXXZ,0x0037E310,"gen-dump placeholder superseded by the real identity of these bytes: ?dup_0037e310@@YAXXZ, byte-verified from Code/GameEngine/Source/Common/Audio/GameAudio.cpp over the same 16-byte range. The Code/gen_asm/d_0036dcc0.asm dump reproduces those bytes but carries no identity."
?d_0037e330@@YAXXZ,0x0037E330,"gen-dump placeholder superseded by the real identity of these bytes: ?dup_0037e330@@YAXXZ, byte-verified from Code/GameEngine/Source/Common/Audio/GameAudio.cpp over the same 16-byte range. The Code/gen_asm/d_0036dcc0.asm dump reproduces those bytes but carries no identity."
?d_0037e8d0@@YAXXZ,0x0037E8D0,"gen-dump placeholder superseded by the real identity of these bytes: ?dup_0037e8d0@@YAXXZ, byte-verified from Code/GameEngine/Source/Common/Audio/GameAudio.cpp over the same 15-byte range. The Code/gen_asm/d_0036dcc0.asm dump reproduces those bytes but carries no identity."
?d_0037e940@@YAXXZ,0x0037E940,"gen-dump placeholder superseded by the real identity of these bytes: ?dup_0037e940@@YAXXZ, byte-verified from Code/GameEngine/Source/Common/Audio/GameAudio.cpp over the same 16-byte range. The Code/gen_asm/d_0036dcc0.asm dump reproduces those bytes but carries no identity."
?d_0037e960@@YAXXZ,0x0037E960,"gen-dump placeholder superseded by the real identity of these bytes: ?dup_0037e960@@YAXXZ, byte-verified from Code/GameEngine/Source/Common/Audio/GameAudio.cpp over the same 16-byte range. The Code/gen_asm/d_0036dcc0.asm dump reproduces those bytes but carries no identity."
?d_0037ea60@@YAXXZ,0x0037EA60,"gen-dump placeholder superseded by the real identity of these bytes: ?dup_0037ea60@@YAXXZ, byte-verified from Code/GameEngine/Source/Common/Audio/GameAudio.cpp over the same 15-byte range. The Code/gen_asm/d_0036dcc0.asm dump reproduces those bytes but carries no identity."
?d_00383c90@@YAXXZ,0x00383C90,"gen-dump placeholder superseded by the real identity of these bytes: ?dup_00383c90@@YAXXZ, byte-verified from Code/GameEngine/Source/Common/Audio/GameAudio.cpp over the same 13-byte range. The Code/gen_asm/d_0036dcc0.asm dump reproduces those bytes but carries no identity."
?d_00383cb0@@YAXXZ,0x00383CB0,"gen-dump placeholder superseded by the real identity of these bytes: ?dup_00383cb0@@YAXXZ, byte-verified from Code/GameEngine/Source/Common/Audio/GameAudio.cpp over the same 15-byte range. The Code/gen_asm/d_0036dcc0.asm dump reproduces those bytes but carries no identity."
?d_00383da0@@YAXXZ,0x00383DA0,"gen-dump placeholder superseded by the real identity of these bytes: ?dup_00383da0@@YAXXZ, byte-verified from Code/GameEngine/Source/Common/Audio/GameAudio.cpp over the same 16-byte range. The Code/gen_asm/d_0036dcc0.asm dump reproduces those bytes but carries no identity."
?d_00383dc0@@YAXXZ,0x00383DC0,"gen-dump placeholder superseded by the real identity of these bytes: ?dup_00383dc0@@YAXXZ, byte-verified from Code/GameEngine/Source/Common/Audio/GameAudio.cpp over the same 19-byte range. The Code/gen_asm/d_0036dcc0.asm dump reproduces those bytes but carries no identity."
?d_00383de0@@YAXXZ,0x00383DE0,"gen-dump placeholder superseded by the real identity of these bytes: ?dup_00383de0@@YAXXZ, byte-verified from Code/GameEngine/Source/Common/Audio/GameAudio.cpp over the same 19-byte range. The Code/gen_asm/d_0036dcc0.asm dump reproduces those bytes but carries no identity."
?d_00383e10@@YAXXZ,0x00383E10,"gen-dump placeholder superseded by the real identity of these bytes: ?dup_00383e10@@YAXXZ, byte-verified from Code/GameEngine/Source/Common/Audio/GameAudio.cpp over the same 6-byte range. The Code/gen_asm/d_0036dcc0.asm dump reproduces those bytes but carries no identity."
?d_00383e20@@YAXXZ,0x00383E20,"gen-dump placeholder superseded by the real identity of these bytes: ?dup_00383e20@@YAXXZ, byte-verified from Code/GameEngine/Source/Common/Audio/GameAudio.cpp over the same 9-byte range. The Code/gen_asm/d_0036dcc0.asm dump reproduces those bytes but carries no identity."
?d_00383f40@@YAXXZ,0x00383F40,"gen-dump placeholder superseded by the real identity of these bytes: ?dup_00383f40@@YAXXZ, byte-verified from Code/GameEngine/Source/Common/Audio/GameAudio.cpp over the same 11-byte range. The Code/gen_asm/d_0036dcc0.asm dump reproduces those bytes but carries no identity."
?d_00383f50@@YAXXZ,0x00383F50,"gen-dump placeholder superseded by the real identity of these bytes: ?dup_00383f50@@YAXXZ, byte-verified from Code/GameEngine/Source/Common/Audio/GameAudio.cpp over the same 11-byte range. The Code/gen_asm/d_0036dcc0.asm dump reproduces those bytes but carries no identity."
?d_00384040@@YAXXZ,0x00384040,"gen-dump placeholder superseded by the real identity of these bytes: ?dup_00384040@@YAXXZ, byte-verified from Code/GameEngine/Source/Common/Audio/GameAudio.cpp over the same 11-byte range. The Code/gen_asm/d_0036dcc0.asm dump reproduces those bytes but carries no identity."
?d_00384050@@YAXXZ,0x00384050,"gen-dump placeholder superseded by the real identity of these bytes: ?dup_00384050@@YAXXZ, byte-verified from Code/GameEngine/Source/Common/Audio/GameAudio.cpp over the same 23-byte range. The Code/gen_asm/d_0036dcc0.asm dump reproduces those bytes but carries no identity."
?d_00384180@@YAXXZ,0x00384180,"gen-dump placeholder superseded by the real identity of these bytes: ?dup_00384180@@YAXXZ, byte-verified from Code/GameEngine/Source/Common/Audio/GameAudio.cpp over the same 11-byte range. The Code/gen_asm/d_0036dcc0.asm dump reproduces those bytes but carries no identity."
?d_003841a0@@YAXXZ,0x003841A0,"gen-dump placeholder superseded by the real identity of these bytes: ?dup_003841a0@@YAXXZ, byte-verified from Code/GameEngine/Source/Common/Audio/GameAudio.cpp over the same 23-byte range. The Code/gen_asm/d_0036dcc0.asm dump reproduces those bytes but carries no identity."
?d_003842d0@@YAXXZ,0x003842D0,"gen-dump placeholder superseded by the real identity of these bytes: ?dup_003842d0@@YAXXZ, byte-verified from Code/GameEngine/Source/Common/Audio/GameAudio.cpp over the same 18-byte range. The Code/gen_asm/d_0036dcc0.asm dump reproduces those bytes but carries no identity."
?d_003842f0@@YAXXZ,0x003842F0,"gen-dump placeholder superseded by the real identity of these bytes: ?dup_003842f0@@YAXXZ, byte-verified from Code/GameEngine/Source/Common/Audio/GameAudio.cpp over the same 18-byte range. The Code/gen_asm/d_0036dcc0.asm dump reproduces those bytes but carries no identity."
?d_00384be0@@YAXXZ,0x00384BE0,"gen-dump placeholder superseded by the real identity of these bytes: ?dup_00384be0@@YAXXZ, byte-verified from Code/GameEngine/Source/Common/Audio/GameAudio.cpp over the same 11-byte range. The Code/gen_asm/d_0036dcc0.asm dump reproduces those bytes but carries no identity."
?d_00384c00@@YAXXZ,0x00384C00,"gen-dump placeholder superseded by the real identity of these bytes: ?dup_00384c00@@YAXXZ, byte-verified from Code/GameEngine/Source/Common/Audio/GameAudio.cpp over the same 22-byte range. The Code/gen_asm/d_0036dcc0.asm dump reproduces those bytes but carries no identity."
?d_00384c20@@YAXXZ,0x00384C20,"gen-dump placeholder superseded by the real identity of these bytes: ?dup_00384c20@@YAXXZ, byte-verified from Code/GameEngine/Source/Common/Audio/GameAudio.cpp over the same 22-byte range. The Code/gen_asm/d_0036dcc0.asm dump reproduces those bytes but carries no identity."
?d_00384c40@@YAXXZ,0x00384C40,"gen-dump placeholder superseded by the real identity of these bytes: ?dup_00384c40@@YAXXZ, byte-verified from Code/GameEngine/Source/Common/Audio/GameAudio.cpp over the same 18-byte range. The Code/gen_asm/d_0036dcc0.asm dump reproduces those bytes but carries no identity."
?d_00384c60@@YAXXZ,0x00384C60,"gen-dump placeholder superseded by the real identity of these bytes: ?dup_00384c60@@YAXXZ, byte-verified from Code/GameEngine/Source/Common/Audio/GameAudio.cpp over the same 18-byte range. The Code/gen_asm/d_0036dcc0.asm dump reproduces those bytes but carries no identity."
?d_00384c80@@YAXXZ,0x00384C80,"gen-dump placeholder superseded by the real identity of these bytes: ?dup_00384c80@@YAXXZ, byte-verified from Code/GameEngine/Source/Common/Audio/GameAudio.cpp over the same 17-byte range. The Code/gen_asm/d_0036dcc0.asm dump reproduces those bytes but carries no identity."
?d_00384d30@@YAXXZ,0x00384D30,"gen-dump placeholder superseded by the real identity of these bytes: ?dup_00384d30@@YAXXZ, byte-verified from Code/GameEngine/Source/Common/Audio/GameAudio.cpp over the same 29-byte range. The Code/gen_asm/d_0036dcc0.asm dump reproduces those bytes but carries no identity."
?d_00384db0@@YAXXZ,0x00384DB0,"gen-dump placeholder superseded by the real identity of these bytes: ?dup_00384db0@@YAXXZ, byte-verified from Code/GameEngine/Source/Common/Audio/GameAudio.cpp over the same 17-byte range. The Code/gen_asm/d_0036dcc0.asm dump reproduces those bytes but carries no identity."
?d_00384dd0@@YAXXZ,0x00384DD0,"gen-dump placeholder superseded by the real identity of these bytes: ?dup_00384dd0@@YAXXZ, byte-verified from Code/GameEngine/Source/Common/Audio/GameAudio.cpp over the same 10-byte range. The Code/gen_asm/d_0036dcc0.asm dump reproduces those bytes but carries no identity."
?d_00384de0@@YAXXZ,0x00384DE0,"gen-dump placeholder superseded by the real identity of these bytes: ?dup_00384de0@@YAXXZ, byte-verified from Code/GameEngine/Source/Common/Audio/GameAudio.cpp over the same 10-byte range. The Code/gen_asm/d_0036dcc0.asm dump reproduces those bytes but carries no identity."
?d_00384df0@@YAXXZ,0x00384DF0,"gen-dump placeholder superseded by the real identity of these bytes: ?dup_00384df0@@YAXXZ, byte-verified from Code/GameEngine/Source/Common/Audio/GameAudio.cpp over the same 19-byte range. The Code/gen_asm/d_0036dcc0.asm dump reproduces those bytes but carries no identity."
?d_00384e10@@YAXXZ,0x00384E10,"gen-dump placeholder superseded by the real identity of these bytes: ?dup_00384e10@@YAXXZ, byte-verified from Code/GameEngine/Source/Common/Audio/GameAudio.cpp over the same 7-byte range. The Code/gen_asm/d_0036dcc0.asm dump reproduces those bytes but carries no identity."
?d_00384ea0@@YAXXZ,0x00384EA0,"gen-dump placeholder superseded by the real identity of these bytes: ?dup_00384ea0@@YAXXZ, byte-verified from Code/GameEngine/Source/Common/Audio/GameAudio.cpp over the same 7-byte range. The Code/gen_asm/d_0036dcc0.asm dump reproduces those bytes but carries no identity."
?d_00385080@@YAXXZ,0x00385080,"gen-dump placeholder superseded by the real identity of these bytes: ?dup_00385080@@YAXXZ, byte-verified from Code/GameEngine/Source/Common/Audio/GameAudio.cpp over the same 9-byte range. The Code/gen_asm/d_0036dcc0.asm dump reproduces those bytes but carries no identity."
?d_00385090@@YAXXZ,0x00385090,"gen-dump placeholder superseded by the real identity of these bytes: ?dup_00385090@@YAXXZ, byte-verified from Code/GameEngine/Source/Common/Audio/GameAudio.cpp over the same 19-byte range. The Code/gen_asm/d_0036dcc0.asm dump reproduces those bytes but carries no identity."
?d_00385690@@YAXXZ,0x00385690,"gen-dump placeholder superseded by the real identity of these bytes: ?dup_00385690@@YAXXZ, byte-verified from Code/GameEngine/Source/Common/Audio/GameAudio.cpp over the same 13-byte range. The Code/gen_asm/d_0036dcc0.asm dump reproduces those bytes but carries no identity."
?d_003856c0@@YAXXZ,0x003856C0,"gen-dump placeholder superseded by the real identity of these bytes: ?dup_003856c0@@YAXXZ, byte-verified from Code/GameEngine/Source/Common/Audio/GameAudio.cpp over the same 13-byte range. The Code/gen_asm/d_0036dcc0.asm dump reproduces those bytes but carries no identity."
?d_00385770@@YAXXZ,0x00385770,"gen-dump placeholder superseded by the real identity of these bytes: ?dup_00385770@@YAXXZ, byte-verified from Code/GameEngine/Source/Common/Audio/GameAudio.cpp over the same 13-byte range. The Code/gen_asm/d_0036dcc0.asm dump reproduces those bytes but carries no identity."
?d_00385800@@YAXXZ,0x00385800,"gen-dump placeholder superseded by the real identity of these bytes: ?dup_00385800@@YAXXZ, byte-verified from Code/GameEngine/Source/Common/Audio/GameAudio.cpp over the same 11-byte range. The Code/gen_asm/d_0036dcc0.asm dump reproduces those bytes but carries no identity."
?d_00385810@@YAXXZ,0x00385810,"gen-dump placeholder superseded by the real identity of these bytes: ?dup_00385810@@YAXXZ, byte-verified from Code/GameEngine/Source/Common/Audio/GameAudio.cpp over the same 11-byte range. The Code/gen_asm/d_0036dcc0.asm dump reproduces those bytes but carries no identity."
?d_00385890@@YAXXZ,0x00385890,"gen-dump placeholder superseded by the real identity of these bytes: ?dup_00385890@@YAXXZ, byte-verified from Code/GameEngine/Source/Common/Audio/GameAudio.cpp over the same 11-byte range. The Code/gen_asm/d_0036dcc0.asm dump reproduces those bytes but carries no identity."
?d_003858a0@@YAXXZ,0x003858A0,"gen-dump placeholder superseded by the real identity of these bytes: ?dup_003858a0@@YAXXZ, byte-verified from Code/GameEngine/Source/Common/Audio/GameAudio.cpp over the same 11-byte range. The Code/gen_asm/d_0036dcc0.asm dump reproduces those bytes but carries no identity."
?d_003858e0@@YAXXZ,0x003858E0,"gen-dump placeholder superseded by the real identity of these bytes: ?dup_003858e0@@YAXXZ, byte-verified from Code/GameEngine/Source/Common/Audio/GameAudio.cpp over the same 11-byte range. The Code/gen_asm/d_0036dcc0.asm dump reproduces those bytes but carries no identity."
?d_003858f0@@YAXXZ,0x003858F0,"gen-dump placeholder superseded by the real identity of these bytes: ?dup_003858f0@@YAXXZ, byte-verified from Code/GameEngine/Source/Common/Audio/GameAudio.cpp over the same 11-byte range. The Code/gen_asm/d_0036dcc0.asm dump reproduces those bytes but carries no identity."
?d_00385900@@YAXXZ,0x00385900,"gen-dump placeholder superseded by the real identity of these bytes: ?dup_00385900@@YAXXZ, byte-verified from Code/GameEngine/Source/Common/Audio/GameAudio.cpp over the same 11-byte range. The Code/gen_asm/d_0036dcc0.asm dump reproduces those bytes but carries no identity."
?d_00385910@@YAXXZ,0x00385910,"gen-dump placeholder superseded by the real identity of these bytes: ?dup_00385910@@YAXXZ, byte-verified from Code/GameEngine/Source/Common/Audio/GameAudio.cpp over the same 11-byte range. The Code/gen_asm/d_0036dcc0.asm dump reproduces those bytes but carries no identity."
?d_00385920@@YAXXZ,0x00385920,"gen-dump placeholder superseded by the real identity of these bytes: ?dup_00385920@@YAXXZ, byte-verified from Code/GameEngine/Source/Common/Audio/GameAudio.cpp over the same 11-byte range. The Code/gen_asm/d_0036dcc0.asm dump reproduces those bytes but carries no identity."
?d_00385930@@YAXXZ,0x00385930,"gen-dump placeholder superseded by the real identity of these bytes: ?dup_00385930@@YAXXZ, byte-verified from Code/GameEngine/Source/Common/Audio/GameAudio.cpp over the same 18-byte range. The Code/gen_asm/d_0036dcc0.asm dump reproduces those bytes but carries no identity."
?d_00385950@@YAXXZ,0x00385950,"gen-dump placeholder superseded by the real identity of these bytes: ?dup_00385950@@YAXXZ, byte-verified from Code/GameEngine/Source/Common/Audio/GameAudio.cpp over the same 18-byte range. The Code/gen_asm/d_0036dcc0.asm dump reproduces those bytes but carries no identity."
?d_00385970@@YAXXZ,0x00385970,"gen-dump placeholder superseded by the real identity of these bytes: ?dup_00385970@@YAXXZ, byte-verified from Code/GameEngine/Source/Common/Audio/GameAudio.cpp over the same 18-byte range. The Code/gen_asm/d_0036dcc0.asm dump reproduces those bytes but carries no identity."
?d_00385990@@YAXXZ,0x00385990,"gen-dump placeholder superseded by the real identity of these bytes: ?dup_00385990@@YAXXZ, byte-verified from Code/GameEngine/Source/Common/Audio/GameAudio.cpp over the same 18-byte range. The Code/gen_asm/d_0036dcc0.asm dump reproduces those bytes but carries no identity."
?d_003872d0@@YAXXZ,0x003872D0,"gen-dump placeholder superseded by the real identity of these bytes: ?dup_003872d0@@YAXXZ, byte-verified from Code/GameEngine/Source/Common/Audio/GameAudio.cpp over the same 11-byte range. The Code/gen_asm/d_0036dcc0.asm dump reproduces those bytes but carries no identity."
?d_003872e0@@YAXXZ,0x003872E0,"gen-dump placeholder superseded by the real identity of these bytes: ?dup_003872e0@@YAXXZ, byte-verified from Code/GameEngine/Source/Common/Audio/GameAudio.cpp over the same 11-byte range. The Code/gen_asm/d_0036dcc0.asm dump reproduces those bytes but carries no identity."
?d_00387310@@YAXXZ,0x00387310,"gen-dump placeholder superseded by the real identity of these bytes: ?dup_00387310@@YAXXZ, byte-verified from Code/GameEngine/Source/Common/Audio/GameAudio.cpp over the same 16-byte range. The Code/gen_asm/d_0036dcc0.asm dump reproduces those bytes but carries no identity."
?d_00387330@@YAXXZ,0x00387330,"gen-dump placeholder superseded by the real identity of these bytes: ?dup_00387330@@YAXXZ, byte-verified from Code/GameEngine/Source/Common/Audio/GameAudio.cpp over the same 16-byte range. The Code/gen_asm/d_0036dcc0.asm dump reproduces those bytes but carries no identity."
?d_00387380@@YAXXZ,0x00387380,"gen-dump placeholder superseded by the real identity of these bytes: ?dup_00387380@@YAXXZ, byte-verified from Code/GameEngine/Source/Common/Audio/GameAudio.cpp over the same 16-byte range. The Code/gen_asm/d_0036dcc0.asm dump reproduces those bytes but carries no identity."
?d_003873a0@@YAXXZ,0x003873A0,"gen-dump placeholder superseded by the real identity of these bytes: ?dup_003873a0@@YAXXZ, byte-verified from Code/GameEngine/Source/Common/Audio/GameAudio.cpp over the same 16-byte range. The Code/gen_asm/d_0036dcc0.asm dump reproduces those bytes but carries no identity."
?d_00387e50@@YAXXZ,0x00387E50,"gen-dump placeholder superseded by the real identity of these bytes: ?dup_00387e50@@YAXXZ, byte-verified from Code/GameEngine/Source/Common/Audio/GameAudio.cpp over the same 16-byte range. The Code/gen_asm/d_0036dcc0.asm dump reproduces those bytes but carries no identity."
?d_00387e70@@YAXXZ,0x00387E70,"gen-dump placeholder superseded by the real identity of these bytes: ?dup_00387e70@@YAXXZ, byte-verified from Code/GameEngine/Source/Common/Audio/GameAudio.cpp over the same 16-byte range. The Code/gen_asm/d_0036dcc0.asm dump reproduces those bytes but carries no identity."
?d_00387e90@@YAXXZ,0x00387E90,"gen-dump placeholder superseded by the real identity of these bytes: ?dup_00387e90@@YAXXZ, byte-verified from Code/GameEngine/Source/Common/Audio/GameAudio.cpp over the same 16-byte range. The Code/gen_asm/d_0036dcc0.asm dump reproduces those bytes but carries no identity."
?d_00387eb0@@YAXXZ,0x00387EB0,"gen-dump placeholder superseded by the real identity of these bytes: ?dup_00387eb0@@YAXXZ, byte-verified from Code/GameEngine/Source/Common/Audio/GameAudio.cpp over the same 16-byte range. The Code/gen_asm/d_0036dcc0.asm dump reproduces those bytes but carries no identity."
?d_00387ff0@@YAXXZ,0x00387FF0,"gen-dump placeholder superseded by the real identity of these bytes: ?dup_00387ff0@@YAXXZ, byte-verified from Code/GameEngine/Source/Common/Audio/GameAudio.cpp over the same 15-byte range. The Code/gen_asm/d_0036dcc0.asm dump reproduces those bytes but carries no identity."
?d_0039b900@@YAXXZ,0x0039B900,"gen-dump placeholder superseded by the real identity of these bytes: ?dup_0039b900@@YAXXZ, byte-verified from Code/GameEngine/Source/Common/Audio/GameAudio.cpp over the same 23-byte range. The Code/gen_asm/d_0036dcc0.asm dump reproduces those bytes but carries no identity."
?d_0039b930@@YAXXZ,0x0039B930,"gen-dump placeholder superseded by the real identity of these bytes: ?dup_0039b930@@YAXXZ, byte-verified from Code/GameEngine/Source/Common/Audio/GameAudio.cpp over the same 29-byte range. The Code/gen_asm/d_0036dcc0.asm dump reproduces those bytes but carries no identity."
?d_0039b960@@YAXXZ,0x0039B960,"gen-dump placeholder superseded by the real identity of these bytes: ?dup_0039b960@@YAXXZ, byte-verified from Code/GameEngine/Source/Common/Audio/GameAudio.cpp over the same 9-byte range. The Code/gen_asm/d_0036dcc0.asm dump reproduces those bytes but carries no identity."
?d_0039bad0@@YAXXZ,0x0039BAD0,"gen-dump placeholder superseded by the real identity of these bytes: ?dup_0039bad0@@YAXXZ, byte-verified from Code/GameEngine/Source/Common/Audio/GameAudio.cpp over the same 11-byte range. The Code/gen_asm/d_0036dcc0.asm dump reproduces those bytes but carries no identity."
?d_0039bae0@@YAXXZ,0x0039BAE0,"gen-dump placeholder superseded by the real identity of these bytes: ?dup_0039bae0@@YAXXZ, byte-verified from Code/GameEngine/Source/Common/Audio/GameAudio.cpp over the same 17-byte range. The Code/gen_asm/d_0036dcc0.asm dump reproduces those bytes but carries no identity."
?d_0039bea0@@YAXXZ,0x0039BEA0,"gen-dump placeholder superseded by the real identity of these bytes: ?dup_0039bea0@@YAXXZ, byte-verified from Code/GameEngine/Source/Common/Audio/GameAudio.cpp over the same 15-byte range. The Code/gen_asm/d_0036dcc0.asm dump reproduces those bytes but carries no identity."
?d_0039bf00@@YAXXZ,0x0039BF00,"gen-dump placeholder superseded by the real identity of these bytes: ?dup_0039bf00@@YAXXZ, byte-verified from Code/GameEngine/Source/Common/Audio/GameAudio.cpp over the same 15-byte range. The Code/gen_asm/d_0036dcc0.asm dump reproduces those bytes but carries no identity."
?d_0039cec0@@YAXXZ,0x0039CEC0,"gen-dump placeholder superseded by the real identity of these bytes: ?dup_0039cec0@@YAXXZ, byte-verified from Code/GameEngine/Source/Common/Audio/GameAudio.cpp over the same 5-byte range. The Code/gen_asm/d_0036dcc0.asm dump reproduces those bytes but carries no identity."
?d_0039cf70@@YAXXZ,0x0039CF70,"gen-dump placeholder superseded by the real identity of these bytes: ?dup_0039cf70@@YAXXZ, byte-verified from Code/GameEngine/Source/Common/Audio/GameAudio.cpp over the same 23-byte range. The Code/gen_asm/d_0036dcc0.asm dump reproduces those bytes but carries no identity."
?d_0039d070@@YAXXZ,0x0039D070,"gen-dump placeholder superseded by the real identity of these bytes: ?dup_0039d070@@YAXXZ, byte-verified from Code/GameEngine/Source/Common/Audio/GameAudio.cpp over the same 9-byte range. The Code/gen_asm/d_0036dcc0.asm dump reproduces those bytes but carries no identity."
?d_0039d1c0@@YAXXZ,0x0039D1C0,"gen-dump placeholder superseded by the real identity of these bytes: ?dup_0039d1c0@@YAXXZ, byte-verified from Code/GameEngine/Source/Common/Audio/GameAudio.cpp over the same 11-byte range. The Code/gen_asm/d_0036dcc0.asm dump reproduces those bytes but carries no identity."
?d_003a0550@@YAXXZ,0x003A0550,"gen-dump placeholder superseded by the real identity of these bytes: ?dup_003a0550@@YAXXZ, byte-verified from Code/GameEngine/Source/Common/Audio/GameAudio.cpp over the same 23-byte range. The Code/gen_asm/d_0039d230.asm dump reproduces those bytes but carries no identity."
?d_003a0570@@YAXXZ,0x003A0570,"gen-dump placeholder superseded by the real identity of these bytes: ?dup_003a0570@@YAXXZ, byte-verified from Code/GameEngine/Source/Common/Audio/GameAudio.cpp over the same 17-byte range. The Code/gen_asm/d_0039d230.asm dump reproduces those bytes but carries no identity."
?d_003a05e0@@YAXXZ,0x003A05E0,"gen-dump placeholder superseded by the real identity of these bytes: ?dup_003a05e0@@YAXXZ, byte-verified from Code/GameEngine/Source/Common/Audio/GameAudio.cpp over the same 29-byte range. The Code/gen_asm/d_0039d230.asm dump reproduces those bytes but carries no identity."
?d_003a1380@@YAXXZ,0x003A1380,"gen-dump placeholder superseded by the real identity of these bytes: ?dup_003a1380@@YAXXZ, byte-verified from Code/GameEngine/Source/Common/Audio/GameAudio.cpp over the same 23-byte range. The Code/gen_asm/d_0039d230.asm dump reproduces those bytes but carries no identity."
?d_003a2450@@YAXXZ,0x003A2450,"gen-dump placeholder superseded by the real identity of these bytes: ?dup_003a2450@@YAXXZ, byte-verified from Code/GameEngine/Source/Common/Audio/GameAudio.cpp over the same 11-byte range. The Code/gen_asm/d_0039d230.asm dump reproduces those bytes but carries no identity."
?d_003a3260@@YAXXZ,0x003A3260,"gen-dump placeholder superseded by the real identity of these bytes: ?dup_003a3260@@YAXXZ, byte-verified from Code/GameEngine/Source/Common/Audio/GameAudio.cpp over the same 15-byte range. The Code/gen_asm/d_0039d230.asm dump reproduces those bytes but carries no identity."
?d_003a4000@@YAXXZ,0x003A4000,"gen-dump placeholder superseded by the real identity of these bytes: ?dup_003a4000@@YAXXZ, byte-verified from Code/GameEngine/Source/Common/Audio/GameAudio.cpp over the same 23-byte range. The Code/gen_asm/d_0039d230.asm dump reproduces those bytes but carries no identity."
?d_003a4210@@YAXXZ,0x003A4210,"gen-dump placeholder superseded by the real identity of these bytes: ?dup_003a4210@@YAXXZ, byte-verified from Code/GameEngine/Source/Common/Audio/GameAudio.cpp over the same 11-byte range. The Code/gen_asm/d_0039d230.asm dump reproduces those bytes but carries no identity."
?d_003a4260@@YAXXZ,0x003A4260,"gen-dump placeholder superseded by the real identity of these bytes: ?dup_003a4260@@YAXXZ, byte-verified from Code/GameEngine/Source/Common/Audio/GameAudio.cpp over the same 11-byte range. The Code/gen_asm/d_0039d230.asm dump reproduces those bytes but carries no identity."
?d_003a47f0@@YAXXZ,0x003A47F0,"gen-dump placeholder superseded by the real identity of these bytes: ?dup_003a47f0@@YAXXZ, byte-verified from Code/GameEngine/Source/Common/Audio/GameAudio.cpp over the same 15-byte range. The Code/gen_asm/d_0039d230.asm dump reproduces those bytes but carries no identity."
?d_003a4810@@YAXXZ,0x003A4810,"gen-dump placeholder superseded by the real identity of these bytes: ?dup_003a4810@@YAXXZ, byte-verified from Code/GameEngine/Source/Common/Audio/GameAudio.cpp over the same 15-byte range. The Code/gen_asm/d_0039d230.asm dump reproduces those bytes but carries no identity."
?d_003a5dc0@@YAXXZ,0x003A5DC0,"gen-dump placeholder superseded by the real identity of these bytes: ?dup_003a5dc0@@YAXXZ, byte-verified from Code/GameEngine/Source/Common/Audio/GameAudio.cpp over the same 23-byte range. The Code/gen_asm/d_0039d230.asm dump reproduces those bytes but carries no identity."
?d_003a6690@@YAXXZ,0x003A6690,"gen-dump placeholder superseded by the real identity of these bytes: ?dup_003a6690@@YAXXZ, byte-verified from Code/GameEngine/Source/Common/Audio/GameAudio.cpp over the same 11-byte range. The Code/gen_asm/d_0039d230.asm dump reproduces those bytes but carries no identity."
?d_003a7070@@YAXXZ,0x003A7070,"gen-dump placeholder superseded by the real identity of these bytes: ?dup_003a7070@@YAXXZ, byte-verified from Code/GameEngine/Source/Common/Audio/GameAudio.cpp over the same 7-byte range. The Code/gen_asm/d_0039d230.asm dump reproduces those bytes but carries no identity."
?d_003a8da0@@YAXXZ,0x003A8DA0,"gen-dump placeholder superseded by the real identity of these bytes: ?dup_003a8da0@@YAXXZ, byte-verified from Code/GameEngine/Source/Common/Audio/GameAudio.cpp over the same 15-byte range. The Code/gen_asm/d_0039d230.asm dump reproduces those bytes but carries no identity."
?d_003ac7a0@@YAXXZ,0x003AC7A0,"gen-dump placeholder superseded by the real identity of these bytes: ?dup_003ac7a0@@YAXXZ, byte-verified from Code/GameEngine/Source/Common/Audio/GameAudio.cpp over the same 23-byte range. The Code/gen_asm/d_0039d230.asm dump reproduces those bytes but carries no identity."
?d_003ac7c0@@YAXXZ,0x003AC7C0,"gen-dump placeholder superseded by the real identity of these bytes: ?dup_003ac7c0@@YAXXZ, byte-verified from Code/GameEngine/Source/Common/Audio/GameAudio.cpp over the same 23-byte range. The Code/gen_asm/d_0039d230.asm dump reproduces those bytes but carries no identity."
?d_003ac7e0@@YAXXZ,0x003AC7E0,"gen-dump placeholder superseded by the real identity of these bytes: ?dup_003ac7e0@@YAXXZ, byte-verified from Code/GameEngine/Source/Common/Audio/GameAudio.cpp over the same 23-byte range. The Code/gen_asm/d_0039d230.asm dump reproduces those bytes but carries no identity."
?d_003ac800@@YAXXZ,0x003AC800,"gen-dump placeholder superseded by the real identity of these bytes: ?dup_003ac800@@YAXXZ, byte-verified from Code/GameEngine/Source/Common/Audio/GameAudio.cpp over the same 23-byte range. The Code/gen_asm/d_0039d230.asm dump reproduces those bytes but carries no identity."
?d_003ac820@@YAXXZ,0x003AC820,"gen-dump placeholder superseded by the real identity of these bytes: ?dup_003ac820@@YAXXZ, byte-verified from Code/GameEngine/Source/Common/Audio/GameAudio.cpp over the same 23-byte range. The Code/gen_asm/d_0039d230.asm dump reproduces those bytes but carries no identity."
?d_003ac840@@YAXXZ,0x003AC840,"gen-dump placeholder superseded by the real identity of these bytes: ?dup_003ac840@@YAXXZ, byte-verified from Code/GameEngine/Source/Common/Audio/GameAudio.cpp over the same 23-byte range. The Code/gen_asm/d_0039d230.asm dump reproduces those bytes but carries no identity."
?d_003ac860@@YAXXZ,0x003AC860,"gen-dump placeholder superseded by the real identity of these bytes: ?dup_003ac860@@YAXXZ, byte-verified from Code/GameEngine/Source/Common/Audio/GameAudio.cpp over the same 23-byte range. The Code/gen_asm/d_0039d230.asm dump reproduces those bytes but carries no identity."
?d_003ac880@@YAXXZ,0x003AC880,"gen-dump placeholder superseded by the real identity of these bytes: ?dup_003ac880@@YAXXZ, byte-verified from Code/GameEngine/Source/Common/Audio/GameAudio.cpp over the same 23-byte range. The Code/gen_asm/d_0039d230.asm dump reproduces those bytes but carries no identity."
?d_003ac8a0@@YAXXZ,0x003AC8A0,"gen-dump placeholder superseded by the real identity of these bytes: ?dup_003ac8a0@@YAXXZ, byte-verified from Code/GameEngine/Source/Common/Audio/GameAudio.cpp over the same 23-byte range. The Code/gen_asm/d_0039d230.asm dump reproduces those bytes but carries no identity."
?d_003ac8c0@@YAXXZ,0x003AC8C0,"gen-dump placeholder superseded by the real identity of these bytes: ?dup_003ac8c0@@YAXXZ, byte-verified from Code/GameEngine/Source/Common/Audio/GameAudio.cpp over the same 23-byte range. The Code/gen_asm/d_0039d230.asm dump reproduces those bytes but carries no identity."
?d_003ac8e0@@YAXXZ,0x003AC8E0,"gen-dump placeholder superseded by the real identity of these bytes: ?dup_003ac8e0@@YAXXZ, byte-verified from Code/GameEngine/Source/Common/Audio/GameAudio.cpp over the same 23-byte range. The Code/gen_asm/d_0039d230.asm dump reproduces those bytes but carries no identity."
?d_003ac900@@YAXXZ,0x003AC900,"gen-dump placeholder superseded by the real identity of these bytes: ?dup_003ac900@@YAXXZ, byte-verified from Code/GameEngine/Source/Common/Audio/GameAudio.cpp over the same 23-byte range. The Code/gen_asm/d_0039d230.asm dump reproduces those bytes but carries no identity."
?d_003ac920@@YAXXZ,0x003AC920,"gen-dump placeholder superseded by the real identity of these bytes: ?dup_003ac920@@YAXXZ, byte-verified from Code/GameEngine/Source/Common/Audio/GameAudio.cpp over the same 23-byte range. The Code/gen_asm/d_0039d230.asm dump reproduces those bytes but carries no identity."
?d_003ac940@@YAXXZ,0x003AC940,"gen-dump placeholder superseded by the real identity of these bytes: ?dup_003ac940@@YAXXZ, byte-verified from Code/GameEngine/Source/Common/Audio/GameAudio.cpp over the same 23-byte range. The Code/gen_asm/d_0039d230.asm dump reproduces those bytes but carries no identity."
?d_003ac960@@YAXXZ,0x003AC960,"gen-dump placeholder superseded by the real identity of these bytes: ?dup_003ac960@@YAXXZ, byte-verified from Code/GameEngine/Source/Common/Audio/GameAudio.cpp over the same 23-byte range. The Code/gen_asm/d_0039d230.asm dump reproduces those bytes but carries no identity."
?d_003aeff0@@YAXXZ,0x003AEFF0,"gen-dump placeholder superseded by the real identity of these bytes: ?dup_003aeff0@@YAXXZ, byte-verified from Code/GameEngine/Source/Common/Audio/GameAudio.cpp over the same 15-byte range. The Code/gen_asm/d_0039d230.asm dump reproduces those bytes but carries no identity."
?d_003af010@@YAXXZ,0x003AF010,"gen-dump placeholder superseded by the real identity of these bytes: ?dup_003af010@@YAXXZ, byte-verified from Code/GameEngine/Source/Common/Audio/GameAudio.cpp over the same 15-byte range. The Code/gen_asm/d_0039d230.asm dump reproduces those bytes but carries no identity."
?d_003af030@@YAXXZ,0x003AF030,"gen-dump placeholder superseded by the real identity of these bytes: ?dup_003af030@@YAXXZ, byte-verified from Code/GameEngine/Source/Common/Audio/GameAudio.cpp over the same 15-byte range. The Code/gen_asm/d_0039d230.asm dump reproduces those bytes but carries no identity."
?d_003af050@@YAXXZ,0x003AF050,"gen-dump placeholder superseded by the real identity of these bytes: ?dup_003af050@@YAXXZ, byte-verified from Code/GameEngine/Source/Common/Audio/GameAudio.cpp over the same 15-byte range. The Code/gen_asm/d_0039d230.asm dump reproduces those bytes but carries no identity."
?d_003af070@@YAXXZ,0x003AF070,"gen-dump placeholder superseded by the real identity of these bytes: ?dup_003af070@@YAXXZ, byte-verified from Code/GameEngine/Source/Common/Audio/GameAudio.cpp over the same 15-byte range. The Code/gen_asm/d_0039d230.asm dump reproduces those bytes but carries no identity."
?d_003af090@@YAXXZ,0x003AF090,"gen-dump placeholder superseded by the real identity of these bytes: ?dup_003af090@@YAXXZ, byte-verified from Code/GameEngine/Source/Common/Audio/GameAudio.cpp over the same 15-byte range. The Code/gen_asm/d_0039d230.asm dump reproduces those bytes but carries no identity."
?d_003af0b0@@YAXXZ,0x003AF0B0,"gen-dump placeholder superseded by the real identity of these bytes: ?dup_003af0b0@@YAXXZ, byte-verified from Code/GameEngine/Source/Common/Audio/GameAudio.cpp over the same 15-byte range. The Code/gen_asm/d_0039d230.asm dump reproduces those bytes but carries no identity."
?d_003af0d0@@YAXXZ,0x003AF0D0,"gen-dump placeholder superseded by the real identity of these bytes: ?dup_003af0d0@@YAXXZ, byte-verified from Code/GameEngine/Source/Common/Audio/GameAudio.cpp over the same 15-byte range. The Code/gen_asm/d_0039d230.asm dump reproduces those bytes but carries no identity."
?d_003af0f0@@YAXXZ,0x003AF0F0,"gen-dump placeholder superseded by the real identity of these bytes: ?dup_003af0f0@@YAXXZ, byte-verified from Code/GameEngine/Source/Common/Audio/GameAudio.cpp over the same 15-byte range. The Code/gen_asm/d_0039d230.asm dump reproduces those bytes but carries no identity."
?d_003af110@@YAXXZ,0x003AF110,"gen-dump placeholder superseded by the real identity of these bytes: ?dup_003af110@@YAXXZ, byte-verified from Code/GameEngine/Source/Common/Audio/GameAudio.cpp over the same 15-byte range. The Code/gen_asm/d_0039d230.asm dump reproduces those bytes but carries no identity."
?d_003af130@@YAXXZ,0x003AF130,"gen-dump placeholder superseded by the real identity of these bytes: ?dup_003af130@@YAXXZ, byte-verified from Code/GameEngine/Source/Common/Audio/GameAudio.cpp over the same 15-byte range. The Code/gen_asm/d_0039d230.asm dump reproduces those bytes but carries no identity."
?d_003af150@@YAXXZ,0x003AF150,"gen-dump placeholder superseded by the real identity of these bytes: ?dup_003af150@@YAXXZ, byte-verified from Code/GameEngine/Source/Common/Audio/GameAudio.cpp over the same 15-byte range. The Code/gen_asm/d_0039d230.asm dump reproduces those bytes but carries no identity."
?d_003af170@@YAXXZ,0x003AF170,"gen-dump placeholder superseded by the real identity of these bytes: ?dup_003af170@@YAXXZ, byte-verified from Code/GameEngine/Source/Common/Audio/GameAudio.cpp over the same 15-byte range. The Code/gen_asm/d_0039d230.asm dump reproduces those bytes but carries no identity."
?d_003af190@@YAXXZ,0x003AF190,"gen-dump placeholder superseded by the real identity of these bytes: ?dup_003af190@@YAXXZ, byte-verified from Code/GameEngine/Source/Common/Audio/GameAudio.cpp over the same 15-byte range. The Code/gen_asm/d_0039d230.asm dump reproduces those bytes but carries no identity."
?d_003af1b0@@YAXXZ,0x003AF1B0,"gen-dump placeholder superseded by the real identity of these bytes: ?dup_003af1b0@@YAXXZ, byte-verified from Code/GameEngine/Source/Common/Audio/GameAudio.cpp over the same 15-byte range. The Code/gen_asm/d_0039d230.asm dump reproduces those bytes but carries no identity."
?d_003b2e20@@YAXXZ,0x003B2E20,"gen-dump placeholder superseded by the real identity of these bytes: ?dup_003b2e20@@YAXXZ, byte-verified from Code/GameEngine/Source/Common/Audio/GameAudio.cpp over the same 23-byte range. The Code/gen_asm/d_0039d230.asm dump reproduces those bytes but carries no identity."
?d_003b3200@@YAXXZ,0x003B3200,"gen-dump placeholder superseded by the real identity of these bytes: ?dup_003b3200@@YAXXZ, byte-verified from Code/GameEngine/Source/Common/Audio/GameAudio.cpp over the same 11-byte range. The Code/gen_asm/d_0039d230.asm dump reproduces those bytes but carries no identity."
?d_003b3fa0@@YAXXZ,0x003B3FA0,"gen-dump placeholder superseded by the real identity of these bytes: ?dup_003b3fa0@@YAXXZ, byte-verified from Code/GameEngine/Source/Common/Audio/GameAudio.cpp over the same 15-byte range. The Code/gen_asm/d_0039d230.asm dump reproduces those bytes but carries no identity."
?d_003b7370@@YAXXZ,0x003B7370,"gen-dump placeholder superseded by the real identity of these bytes: ?dup_003b7370@@YAXXZ, byte-verified from Code/GameEngine/Source/Common/Audio/GameAudio.cpp over the same 13-byte range. The Code/gen_asm/d_0039d230.asm dump reproduces those bytes but carries no identity."
?d_003b73a0@@YAXXZ,0x003B73A0,"gen-dump placeholder superseded by the real identity of these bytes: ?dup_003b73a0@@YAXXZ, byte-verified from Code/GameEngine/Source/Common/Audio/GameAudio.cpp over the same 23-byte range. The Code/gen_asm/d_0039d230.asm dump reproduces those bytes but carries no identity."
?d_003b73d0@@YAXXZ,0x003B73D0,"gen-dump placeholder superseded by the real identity of these bytes: ?dup_003b73d0@@YAXXZ, byte-verified from Code/GameEngine/Source/Common/Audio/GameAudio.cpp over the same 6-byte range. The Code/gen_asm/d_0039d230.asm dump reproduces those bytes but carries no identity."
?d_003b73f0@@YAXXZ,0x003B73F0,"gen-dump placeholder superseded by the real identity of these bytes: ?dup_003b73f0@@YAXXZ, byte-verified from Code/GameEngine/Source/Common/Audio/GameAudio.cpp over the same 7-byte range. The Code/gen_asm/d_0039d230.asm dump reproduces those bytes but carries no identity."
?d_003b7410@@YAXXZ,0x003B7410,"gen-dump placeholder superseded by the real identity of these bytes: ?dup_003b7410@@YAXXZ, byte-verified from Code/GameEngine/Source/Common/Audio/GameAudio.cpp over the same 11-byte range. The Code/gen_asm/d_0039d230.asm dump reproduces those bytes but carries no identity."
?d_003b7480@@YAXXZ,0x003B7480,"gen-dump placeholder superseded by the real identity of these bytes: ?dup_003b7480@@YAXXZ, byte-verified from Code/GameEngine/Source/Common/Audio/GameAudio.cpp over the same 7-byte range. The Code/gen_asm/d_0039d230.asm dump reproduces those bytes but carries no identity."
?d_003b78b0@@YAXXZ,0x003B78B0,"gen-dump placeholder superseded by the real identity of these bytes: ?dup_003b78b0@@YAXXZ, byte-verified from Code/GameEngine/Source/Common/Audio/GameAudio.cpp over the same 7-byte range. The Code/gen_asm/d_003b74b0.asm dump reproduces those bytes but carries no identity."
?d_003b78e0@@YAXXZ,0x003B78E0,"gen-dump placeholder superseded by the real identity of these bytes: ?dup_003b78e0@@YAXXZ, byte-verified from Code/GameEngine/Source/Common/Audio/GameAudio.cpp over the same 11-byte range. The Code/gen_asm/d_003b74b0.asm dump reproduces those bytes but carries no identity."
?d_003b7980@@YAXXZ,0x003B7980,"gen-dump placeholder superseded by the real identity of these bytes: ?dup_003b7980@@YAXXZ, byte-verified from Code/GameEngine/Source/Common/Audio/GameAudio.cpp over the same 11-byte range. The Code/gen_asm/d_003b74b0.asm dump reproduces those bytes but carries no identity."
?d_003b79f0@@YAXXZ,0x003B79F0,"gen-dump placeholder superseded by the real identity of these bytes: ?dup_003b79f0@@YAXXZ, byte-verified from Code/GameEngine/Source/Common/Audio/GameAudio.cpp over the same 11-byte range. The Code/gen_asm/d_003b74b0.asm dump reproduces those bytes but carries no identity."
?d_003b7ae0@@YAXXZ,0x003B7AE0,"gen-dump placeholder superseded by the real identity of these bytes: ?dup_003b7ae0@@YAXXZ, byte-verified from Code/GameEngine/Source/Common/Audio/GameAudio.cpp over the same 7-byte range. The Code/gen_asm/d_003b74b0.asm dump reproduces those bytes but carries no identity."
?d_003b8a00@@YAXXZ,0x003B8A00,"gen-dump placeholder superseded by the real identity of these bytes: ?dup_003b8a00@@YAXXZ, byte-verified from Code/GameEngine/Source/Common/Audio/GameAudio.cpp over the same 11-byte range. The Code/gen_asm/d_003b74b0.asm dump reproduces those bytes but carries no identity."
?d_003b8ec0@@YAXXZ,0x003B8EC0,"gen-dump placeholder superseded by the real identity of these bytes: ?dup_003b8ec0@@YAXXZ, byte-verified from Code/GameEngine/Source/Common/Audio/GameAudio.cpp over the same 15-byte range. The Code/gen_asm/d_003b74b0.asm dump reproduces those bytes but carries no identity."
?d_003bcf50@@YAXXZ,0x003BCF50,"gen-dump placeholder superseded by the real identity of these bytes: ?dup_003bcf50@@YAXXZ, byte-verified from Code/GameEngine/Source/Common/Audio/GameAudio.cpp over the same 6-byte range. The Code/gen_asm/d_003b74b0.asm dump reproduces those bytes but carries no identity."
?d_003bcf60@@YAXXZ,0x003BCF60,"gen-dump placeholder superseded by the real identity of these bytes: ?dup_003bcf60@@YAXXZ, byte-verified from Code/GameEngine/Source/Common/Audio/GameAudio.cpp over the same 9-byte range. The Code/gen_asm/d_003b74b0.asm dump reproduces those bytes but carries no identity."
?d_003bd000@@YAXXZ,0x003BD000,"gen-dump placeholder superseded by the real identity of these bytes: ?dup_003bd000@@YAXXZ, byte-verified from Code/GameEngine/Source/Common/Audio/GameAudio.cpp over the same 11-byte range. The Code/gen_asm/d_003b74b0.asm dump reproduces those bytes but carries no identity."
?d_003bd050@@YAXXZ,0x003BD050,"gen-dump placeholder superseded by the real identity of these bytes: ?dup_003bd050@@YAXXZ, byte-verified from Code/GameEngine/Source/Common/Audio/GameAudio.cpp over the same 23-byte range. The Code/gen_asm/d_003b74b0.asm dump reproduces those bytes but carries no identity."
?d_003bd070@@YAXXZ,0x003BD070,"gen-dump placeholder superseded by the real identity of these bytes: ?dup_003bd070@@YAXXZ, byte-verified from Code/GameEngine/Source/Common/Audio/GameAudio.cpp over the same 23-byte range. The Code/gen_asm/d_003b74b0.asm dump reproduces those bytes but carries no identity."
?d_003bd090@@YAXXZ,0x003BD090,"gen-dump placeholder superseded by the real identity of these bytes: ?dup_003bd090@@YAXXZ, byte-verified from Code/GameEngine/Source/Common/Audio/GameAudio.cpp over the same 23-byte range. The Code/gen_asm/d_003b74b0.asm dump reproduces those bytes but carries no identity."
?d_003bd0b0@@YAXXZ,0x003BD0B0,"gen-dump placeholder superseded by the real identity of these bytes: ?dup_003bd0b0@@YAXXZ, byte-verified from Code/GameEngine/Source/Common/Audio/GameAudio.cpp over the same 23-byte range. The Code/gen_asm/d_003b74b0.asm dump reproduces those bytes but carries no identity."
?d_003bd0e0@@YAXXZ,0x003BD0E0,"gen-dump placeholder superseded by the real identity of these bytes: ?dup_003bd0e0@@YAXXZ, byte-verified from Code/GameEngine/Source/Common/Audio/GameAudio.cpp over the same 13-byte range. The Code/gen_asm/d_003b74b0.asm dump reproduces those bytes but carries no identity."
?d_003bd180@@YAXXZ,0x003BD180,"gen-dump placeholder superseded by the real identity of these bytes: ?dup_003bd180@@YAXXZ, byte-verified from Code/GameEngine/Source/Common/Audio/GameAudio.cpp over the same 17-byte range. The Code/gen_asm/d_003b74b0.asm dump reproduces those bytes but carries no identity."
?d_003bd1f0@@YAXXZ,0x003BD1F0,"gen-dump placeholder superseded by the real identity of these bytes: ?dup_003bd1f0@@YAXXZ, byte-verified from Code/GameEngine/Source/Common/Audio/GameAudio.cpp over the same 17-byte range. The Code/gen_asm/d_003b74b0.asm dump reproduces those bytes but carries no identity."
?d_003bd260@@YAXXZ,0x003BD260,"gen-dump placeholder superseded by the real identity of these bytes: ?dup_003bd260@@YAXXZ, byte-verified from Code/GameEngine/Source/Common/Audio/GameAudio.cpp over the same 17-byte range. The Code/gen_asm/d_003b74b0.asm dump reproduces those bytes but carries no identity."
?d_003bd310@@YAXXZ,0x003BD310,"gen-dump placeholder superseded by the real identity of these bytes: ?dup_003bd310@@YAXXZ, byte-verified from Code/GameEngine/Source/Common/Audio/GameAudio.cpp over the same 29-byte range. The Code/gen_asm/d_003b74b0.asm dump reproduces those bytes but carries no identity."
?d_003bd340@@YAXXZ,0x003BD340,"gen-dump placeholder superseded by the real identity of these bytes: ?dup_003bd340@@YAXXZ, byte-verified from Code/GameEngine/Source/Common/Audio/GameAudio.cpp over the same 29-byte range. The Code/gen_asm/d_003b74b0.asm dump reproduces those bytes but carries no identity."
?d_003bd370@@YAXXZ,0x003BD370,"gen-dump placeholder superseded by the real identity of these bytes: ?dup_003bd370@@YAXXZ, byte-verified from Code/GameEngine/Source/Common/Audio/GameAudio.cpp over the same 29-byte range. The Code/gen_asm/d_003b74b0.asm dump reproduces those bytes but carries no identity."
?d_003bd570@@YAXXZ,0x003BD570,"gen-dump placeholder superseded by the real identity of these bytes: ?dup_003bd570@@YAXXZ, byte-verified from Code/GameEngine/Source/Common/Audio/GameAudio.cpp over the same 9-byte range. The Code/gen_asm/d_003b74b0.asm dump reproduces those bytes but carries no identity."
?d_003be3f0@@YAXXZ,0x003BE3F0,"gen-dump placeholder superseded by the real identity of these bytes: ?dup_003be3f0@@YAXXZ, byte-verified from Code/GameEngine/Source/Common/Audio/GameAudio.cpp over the same 13-byte range. The Code/gen_asm/d_003b74b0.asm dump reproduces those bytes but carries no identity."
?d_003be410@@YAXXZ,0x003BE410,"gen-dump placeholder superseded by the real identity of these bytes: ?dup_003be410@@YAXXZ, byte-verified from Code/GameEngine/Source/Common/Audio/GameAudio.cpp over the same 13-byte range. The Code/gen_asm/d_003b74b0.asm dump reproduces those bytes but carries no identity."
?d_003be4c0@@YAXXZ,0x003BE4C0,"gen-dump placeholder superseded by the real identity of these bytes: ?dup_003be4c0@@YAXXZ, byte-verified from Code/GameEngine/Source/Common/Audio/GameAudio.cpp over the same 11-byte range. The Code/gen_asm/d_003b74b0.asm dump reproduces those bytes but carries no identity."
?d_003be550@@YAXXZ,0x003BE550,"gen-dump placeholder superseded by the real identity of these bytes: ?dup_003be550@@YAXXZ, byte-verified from Code/GameEngine/Source/Common/Audio/GameAudio.cpp over the same 11-byte range. The Code/gen_asm/d_003b74b0.asm dump reproduces those bytes but carries no identity."
?d_003be5e0@@YAXXZ,0x003BE5E0,"gen-dump placeholder superseded by the real identity of these bytes: ?dup_003be5e0@@YAXXZ, byte-verified from Code/GameEngine/Source/Common/Audio/GameAudio.cpp over the same 11-byte range. The Code/gen_asm/d_003b74b0.asm dump reproduces those bytes but carries no identity."
?d_003be670@@YAXXZ,0x003BE670,"gen-dump placeholder superseded by the real identity of these bytes: ?dup_003be670@@YAXXZ, byte-verified from Code/GameEngine/Source/Common/Audio/GameAudio.cpp over the same 11-byte range. The Code/gen_asm/d_003b74b0.asm dump reproduces those bytes but carries no identity."
?d_003bfca0@@YAXXZ,0x003BFCA0,"gen-dump placeholder superseded by the real identity of these bytes: ?dup_003bfca0@@YAXXZ, byte-verified from Code/GameEngine/Source/Common/Audio/GameAudio.cpp over the same 15-byte range. The Code/gen_asm/d_003b74b0.asm dump reproduces those bytes but carries no identity."
?d_003bfd00@@YAXXZ,0x003BFD00,"gen-dump placeholder superseded by the real identity of these bytes: ?dup_003bfd00@@YAXXZ, byte-verified from Code/GameEngine/Source/Common/Audio/GameAudio.cpp over the same 15-byte range. The Code/gen_asm/d_003b74b0.asm dump reproduces those bytes but carries no identity."
?d_003bfd60@@YAXXZ,0x003BFD60,"gen-dump placeholder superseded by the real identity of these bytes: ?dup_003bfd60@@YAXXZ, byte-verified from Code/GameEngine/Source/Common/Audio/GameAudio.cpp over the same 15-byte range. The Code/gen_asm/d_003b74b0.asm dump reproduces those bytes but carries no identity."
?d_003bfdc0@@YAXXZ,0x003BFDC0,"gen-dump placeholder superseded by the real identity of these bytes: ?dup_003bfdc0@@YAXXZ, byte-verified from Code/GameEngine/Source/Common/Audio/GameAudio.cpp over the same 15-byte range. The Code/gen_asm/d_003b74b0.asm dump reproduces those bytes but carries no identity."
?d_003c4c30@@YAXXZ,0x003C4C30,"gen-dump placeholder superseded by the real identity of these bytes: ?dup_003c4c30@@YAXXZ, byte-verified from Code/GameEngine/Source/Common/Audio/GameAudio.cpp over the same 23-byte range. The Code/gen_asm/d_003b74b0.asm dump reproduces those bytes but carries no identity."
?d_003c4c70@@YAXXZ,0x003C4C70,"gen-dump placeholder superseded by the real identity of these bytes: ?dup_003c4c70@@YAXXZ, byte-verified from Code/GameEngine/Source/Common/Audio/GameAudio.cpp over the same 29-byte range. The Code/gen_asm/d_003b74b0.asm dump reproduces those bytes but carries no identity."
?d_003c4e00@@YAXXZ,0x003C4E00,"gen-dump placeholder superseded by the real identity of these bytes: ?dup_003c4e00@@YAXXZ, byte-verified from Code/GameEngine/Source/Common/Audio/GameAudio.cpp over the same 11-byte range. The Code/gen_asm/d_003b74b0.asm dump reproduces those bytes but carries no identity."
?d_003c4e10@@YAXXZ,0x003C4E10,"gen-dump placeholder superseded by the real identity of these bytes: ?dup_003c4e10@@YAXXZ, byte-verified from Code/GameEngine/Source/Common/Audio/GameAudio.cpp over the same 17-byte range. The Code/gen_asm/d_003b74b0.asm dump reproduces those bytes but carries no identity."
?d_003c5070@@YAXXZ,0x003C5070,"gen-dump placeholder superseded by the real identity of these bytes: ?dup_003c5070@@YAXXZ, byte-verified from Code/GameEngine/Source/Common/Audio/GameAudio.cpp over the same 15-byte range. The Code/gen_asm/d_003b74b0.asm dump reproduces those bytes but carries no identity."
?d_003c64d0@@YAXXZ,0x003C64D0,"gen-dump placeholder superseded by the real identity of these bytes: ?dup_003c64d0@@YAXXZ, byte-verified from Code/GameEngine/Source/Common/Audio/GameAudio.cpp over the same 23-byte range. The Code/gen_asm/d_003b74b0.asm dump reproduces those bytes but carries no identity."
?d_003c64f0@@YAXXZ,0x003C64F0,"gen-dump placeholder superseded by the real identity of these bytes: ?dup_003c64f0@@YAXXZ, byte-verified from Code/GameEngine/Source/Common/Audio/GameAudio.cpp over the same 23-byte range. The Code/gen_asm/d_003b74b0.asm dump reproduces those bytes but carries no identity."
?d_003c6e10@@YAXXZ,0x003C6E10,"gen-dump placeholder superseded by the real identity of these bytes: ?dup_003c6e10@@YAXXZ, byte-verified from Code/GameEngine/Source/Common/Audio/GameAudio.cpp over the same 17-byte range. The Code/gen_asm/d_003b74b0.asm dump reproduces those bytes but carries no identity."
?d_003c6e80@@YAXXZ,0x003C6E80,"gen-dump placeholder superseded by the real identity of these bytes: ?dup_003c6e80@@YAXXZ, byte-verified from Code/GameEngine/Source/Common/Audio/GameAudio.cpp over the same 17-byte range. The Code/gen_asm/d_003b74b0.asm dump reproduces those bytes but carries no identity."
?d_003c6ea0@@YAXXZ,0x003C6EA0,"gen-dump placeholder superseded by the real identity of these bytes: ?dup_003c6ea0@@YAXXZ, byte-verified from Code/GameEngine/Source/Common/Audio/GameAudio.cpp over the same 29-byte range. The Code/gen_asm/d_003b74b0.asm dump reproduces those bytes but carries no identity."
?d_003c6ed0@@YAXXZ,0x003C6ED0,"gen-dump placeholder superseded by the real identity of these bytes: ?dup_003c6ed0@@YAXXZ, byte-verified from Code/GameEngine/Source/Common/Audio/GameAudio.cpp over the same 29-byte range. The Code/gen_asm/d_003b74b0.asm dump reproduces those bytes but carries no identity."
?d_003c76e0@@YAXXZ,0x003C76E0,"gen-dump placeholder superseded by the real identity of these bytes: ?dup_003c76e0@@YAXXZ, byte-verified from Code/GameEngine/Source/Common/Audio/GameAudio.cpp over the same 11-byte range. The Code/gen_asm/d_003b74b0.asm dump reproduces those bytes but carries no identity."
?d_003c7770@@YAXXZ,0x003C7770,"gen-dump placeholder superseded by the real identity of these bytes: ?dup_003c7770@@YAXXZ, byte-verified from Code/GameEngine/Source/Common/Audio/GameAudio.cpp over the same 11-byte range. The Code/gen_asm/d_003b74b0.asm dump reproduces those bytes but carries no identity."
?d_003c84e0@@YAXXZ,0x003C84E0,"gen-dump placeholder superseded by the real identity of these bytes: ?dup_003c84e0@@YAXXZ, byte-verified from Code/GameEngine/Source/Common/Audio/GameAudio.cpp over the same 15-byte range. The Code/gen_asm/d_003b74b0.asm dump reproduces those bytes but carries no identity."
?d_003c8540@@YAXXZ,0x003C8540,"gen-dump placeholder superseded by the real identity of these bytes: ?dup_003c8540@@YAXXZ, byte-verified from Code/GameEngine/Source/Common/Audio/GameAudio.cpp over the same 15-byte range. The Code/gen_asm/d_003b74b0.asm dump reproduces those bytes but carries no identity."
?d_003cbf00@@YAXXZ,0x003CBF00,"gen-dump placeholder superseded by the real identity of these bytes: ?dup_003cbf00@@YAXXZ, byte-verified from Code/GameEngine/Source/Common/Audio/GameAudio.cpp over the same 23-byte range. The Code/gen_asm/d_003b74b0.asm dump reproduces those bytes but carries no identity."
?d_003cbf20@@YAXXZ,0x003CBF20,"gen-dump placeholder superseded by the real identity of these bytes: ?dup_003cbf20@@YAXXZ, byte-verified from Code/GameEngine/Source/Common/Audio/GameAudio.cpp over the same 23-byte range. The Code/gen_asm/d_003b74b0.asm dump reproduces those bytes but carries no identity."
?d_003cbf40@@YAXXZ,0x003CBF40,"gen-dump placeholder superseded by the real identity of these bytes: ?dup_003cbf40@@YAXXZ, byte-verified from Code/GameEngine/Source/Common/Audio/GameAudio.cpp over the same 23-byte range. The Code/gen_asm/d_003b74b0.asm dump reproduces those bytes but carries no identity."
?d_003cbf60@@YAXXZ,0x003CBF60,"gen-dump placeholder superseded by the real identity of these bytes: ?dup_003cbf60@@YAXXZ, byte-verified from Code/GameEngine/Source/Common/Audio/GameAudio.cpp over the same 23-byte range. The Code/gen_asm/d_003b74b0.asm dump reproduces those bytes but carries no identity."
?d_003cbf90@@YAXXZ,0x003CBF90,"gen-dump placeholder superseded by the real identity of these bytes: ?dup_003cbf90@@YAXXZ, byte-verified from Code/GameEngine/Source/Common/Audio/GameAudio.cpp over the same 23-byte range. The Code/gen_asm/d_003b74b0.asm dump reproduces those bytes but carries no identity."
?d_003cc000@@YAXXZ,0x003CC000,"gen-dump placeholder superseded by the real identity of these bytes: ?dup_003cc000@@YAXXZ, byte-verified from Code/GameEngine/Source/Common/Audio/GameAudio.cpp over the same 17-byte range. The Code/gen_asm/d_003b74b0.asm dump reproduces those bytes but carries no identity."
?d_003cc020@@YAXXZ,0x003CC020,"gen-dump placeholder superseded by the real identity of these bytes: ?dup_003cc020@@YAXXZ, byte-verified from Code/GameEngine/Source/Common/Audio/GameAudio.cpp over the same 17-byte range. The Code/gen_asm/d_003b74b0.asm dump reproduces those bytes but carries no identity."
?d_003cc0c0@@YAXXZ,0x003CC0C0,"gen-dump placeholder superseded by the real identity of these bytes: ?dup_003cc0c0@@YAXXZ, byte-verified from Code/GameEngine/Source/Common/Audio/GameAudio.cpp over the same 17-byte range. The Code/gen_asm/d_003b74b0.asm dump reproduces those bytes but carries no identity."
?d_003cc100@@YAXXZ,0x003CC100,"gen-dump placeholder superseded by the real identity of these bytes: ?dup_003cc100@@YAXXZ, byte-verified from Code/GameEngine/Source/Common/Audio/GameAudio.cpp over the same 29-byte range. The Code/gen_asm/d_003b74b0.asm dump reproduces those bytes but carries no identity."
?d_003cc170@@YAXXZ,0x003CC170,"gen-dump placeholder superseded by the real identity of these bytes: ?dup_003cc170@@YAXXZ, byte-verified from Code/GameEngine/Source/Common/Audio/GameAudio.cpp over the same 29-byte range. The Code/gen_asm/d_003b74b0.asm dump reproduces those bytes but carries no identity."
?d_003cc1a0@@YAXXZ,0x003CC1A0,"gen-dump placeholder superseded by the real identity of these bytes: ?dup_003cc1a0@@YAXXZ, byte-verified from Code/GameEngine/Source/Common/Audio/GameAudio.cpp over the same 29-byte range. The Code/gen_asm/d_003b74b0.asm dump reproduces those bytes but carries no identity."
?d_003cc280@@YAXXZ,0x003CC280,"gen-dump placeholder superseded by the real identity of these bytes: ?dup_003cc280@@YAXXZ, byte-verified from Code/GameEngine/Source/Common/Audio/GameAudio.cpp over the same 9-byte range. The Code/gen_asm/d_003b74b0.asm dump reproduces those bytes but carries no identity."
?d_003cc2c0@@YAXXZ,0x003CC2C0,"gen-dump placeholder superseded by the real identity of these bytes: ?dup_003cc2c0@@YAXXZ, byte-verified from Code/GameEngine/Source/Common/Audio/GameAudio.cpp over the same 9-byte range. The Code/gen_asm/d_003b74b0.asm dump reproduces those bytes but carries no identity."
?d_003cc2d0@@YAXXZ,0x003CC2D0,"gen-dump placeholder superseded by the real identity of these bytes: ?dup_003cc2d0@@YAXXZ, byte-verified from Code/GameEngine/Source/Common/Audio/GameAudio.cpp over the same 9-byte range. The Code/gen_asm/d_003b74b0.asm dump reproduces those bytes but carries no identity."
?d_003cc4c0@@YAXXZ,0x003CC4C0,"gen-dump placeholder superseded by the real identity of these bytes: ?dup_003cc4c0@@YAXXZ, byte-verified from Code/GameEngine/Source/Common/Audio/GameAudio.cpp over the same 16-byte range. The Code/gen_asm/d_003b74b0.asm dump reproduces those bytes but carries no identity."
?d_003cc4e0@@YAXXZ,0x003CC4E0,"gen-dump placeholder superseded by the real identity of these bytes: ?dup_003cc4e0@@YAXXZ, byte-verified from Code/GameEngine/Source/Common/Audio/GameAudio.cpp over the same 18-byte range. The Code/gen_asm/d_003b74b0.asm dump reproduces those bytes but carries no identity."
?d_003cd6d0@@YAXXZ,0x003CD6D0,"gen-dump placeholder superseded by the real identity of these bytes: ?dup_003cd6d0@@YAXXZ, byte-verified from Code/GameEngine/Source/Common/Audio/GameAudio.cpp over the same 11-byte range. The Code/gen_asm/d_003b74b0.asm dump reproduces those bytes but carries no identity."
?d_003cd760@@YAXXZ,0x003CD760,"gen-dump placeholder superseded by the real identity of these bytes: ?dup_003cd760@@YAXXZ, byte-verified from Code/GameEngine/Source/Common/Audio/GameAudio.cpp over the same 11-byte range. The Code/gen_asm/d_003b74b0.asm dump reproduces those bytes but carries no identity."
?d_003cd7f0@@YAXXZ,0x003CD7F0,"gen-dump placeholder superseded by the real identity of these bytes: ?dup_003cd7f0@@YAXXZ, byte-verified from Code/GameEngine/Source/Common/Audio/GameAudio.cpp over the same 11-byte range. The Code/gen_asm/d_003b74b0.asm dump reproduces those bytes but carries no identity."
?d_003cd880@@YAXXZ,0x003CD880,"gen-dump placeholder superseded by the real identity of these bytes: ?dup_003cd880@@YAXXZ, byte-verified from Code/GameEngine/Source/Common/Audio/GameAudio.cpp over the same 11-byte range. The Code/gen_asm/d_003b74b0.asm dump reproduces those bytes but carries no identity."
?d_003cd910@@YAXXZ,0x003CD910,"gen-dump placeholder superseded by the real identity of these bytes: ?dup_003cd910@@YAXXZ, byte-verified from Code/GameEngine/Source/Common/Audio/GameAudio.cpp over the same 11-byte range. The Code/gen_asm/d_003b74b0.asm dump reproduces those bytes but carries no identity."
?d_003cdb70@@YAXXZ,0x003CDB70,"gen-dump placeholder superseded by the real identity of these bytes: ?dup_003cdb70@@YAXXZ, byte-verified from Code/GameEngine/Source/Common/Audio/GameAudio.cpp over the same 16-byte range. The Code/gen_asm/d_003b74b0.asm dump reproduces those bytes but carries no identity."
?d_003cdb90@@YAXXZ,0x003CDB90,"gen-dump placeholder superseded by the real identity of these bytes: ?dup_003cdb90@@YAXXZ, byte-verified from Code/GameEngine/Source/Common/Audio/GameAudio.cpp over the same 18-byte range. The Code/gen_asm/d_003b74b0.asm dump reproduces those bytes but carries no identity."
?d_003ce5c0@@YAXXZ,0x003CE5C0,"gen-dump placeholder superseded by the real identity of these bytes: ?dup_003ce5c0@@YAXXZ, byte-verified from Code/GameEngine/Source/Common/Audio/GameAudio.cpp over the same 15-byte range. The Code/gen_asm/d_003b74b0.asm dump reproduces those bytes but carries no identity."
?d_003ce7f0@@YAXXZ,0x003CE7F0,"gen-dump placeholder superseded by the real identity of these bytes: ?dup_003ce7f0@@YAXXZ, byte-verified from Code/GameEngine/Source/Common/Audio/GameAudio.cpp over the same 15-byte range. The Code/gen_asm/d_003b74b0.asm dump reproduces those bytes but carries no identity."
?d_003ce810@@YAXXZ,0x003CE810,"gen-dump placeholder superseded by the real identity of these bytes: ?dup_003ce810@@YAXXZ, byte-verified from Code/GameEngine/Source/Common/Audio/GameAudio.cpp over the same 15-byte range. The Code/gen_asm/d_003b74b0.asm dump reproduces those bytes but carries no identity."
?d_003ce870@@YAXXZ,0x003CE870,"gen-dump placeholder superseded by the real identity of these bytes: ?dup_003ce870@@YAXXZ, byte-verified from Code/GameEngine/Source/Common/Audio/GameAudio.cpp over the same 15-byte range. The Code/gen_asm/d_003b74b0.asm dump reproduces those bytes but carries no identity."
?d_003ce8d0@@YAXXZ,0x003CE8D0,"gen-dump placeholder superseded by the real identity of these bytes: ?dup_003ce8d0@@YAXXZ, byte-verified from Code/GameEngine/Source/Common/Audio/GameAudio.cpp over the same 15-byte range. The Code/gen_asm/d_003b74b0.asm dump reproduces those bytes but carries no identity."
?d_003d2f80@@YAXXZ,0x003D2F80,"gen-dump placeholder superseded by the real identity of these bytes: ?dup_003d2f80@@YAXXZ, byte-verified from Code/GameEngine/Source/Common/Audio/GameAudio.cpp over the same 16-byte range. The Code/gen_asm/d_003b74b0.asm dump reproduces those bytes but carries no identity."
?d_003d2fb0@@YAXXZ,0x003D2FB0,"gen-dump placeholder superseded by the real identity of these bytes: ?dup_003d2fb0@@YAXXZ, byte-verified from Code/GameEngine/Source/Common/Audio/GameAudio.cpp over the same 13-byte range. The Code/gen_asm/d_003b74b0.asm dump reproduces those bytes but carries no identity."
?d_003d3020@@YAXXZ,0x003D3020,"gen-dump placeholder superseded by the real identity of these bytes: ?dup_003d3020@@YAXXZ, byte-verified from Code/GameEngine/Source/Common/Audio/GameAudio.cpp over the same 13-byte range. The Code/gen_asm/d_003b74b0.asm dump reproduces those bytes but carries no identity."
?d_003d30b0@@YAXXZ,0x003D30B0,"gen-dump placeholder superseded by the real identity of these bytes: ?dup_003d30b0@@YAXXZ, byte-verified from Code/GameEngine/Source/Common/Audio/GameAudio.cpp over the same 6-byte range. The Code/gen_asm/d_003b74b0.asm dump reproduces those bytes but carries no identity."
?d_003d30e0@@YAXXZ,0x003D30E0,"gen-dump placeholder superseded by the real identity of these bytes: ?dup_003d30e0@@YAXXZ, byte-verified from Code/GameEngine/Source/Common/Audio/GameAudio.cpp over the same 11-byte range. The Code/gen_asm/d_003b74b0.asm dump reproduces those bytes but carries no identity."
?d_003d3180@@YAXXZ,0x003D3180,"gen-dump placeholder superseded by the real identity of these bytes: ?dup_003d3180@@YAXXZ, byte-verified from Code/GameEngine/Source/Common/Audio/GameAudio.cpp over the same 7-byte range. The Code/gen_asm/d_003b74b0.asm dump reproduces those bytes but carries no identity."
?d_003d31f0@@YAXXZ,0x003D31F0,"gen-dump placeholder superseded by the real identity of these bytes: ?dup_003d31f0@@YAXXZ, byte-verified from Code/GameEngine/Source/Common/Audio/GameAudio.cpp over the same 29-byte range. The Code/gen_asm/d_003b74b0.asm dump reproduces those bytes but carries no identity."
?d_003d3300@@YAXXZ,0x003D3300,"gen-dump placeholder superseded by the real identity of these bytes: ?dup_003d3300@@YAXXZ, byte-verified from Code/GameEngine/Source/Common/Audio/GameAudio.cpp over the same 11-byte range. The Code/gen_asm/d_003b74b0.asm dump reproduces those bytes but carries no identity."
?d_003d3460@@YAXXZ,0x003D3460,"gen-dump placeholder superseded by the real identity of these bytes: ?dup_003d3460@@YAXXZ, byte-verified from Code/GameEngine/Source/Common/Audio/GameAudio.cpp over the same 29-byte range. The Code/gen_asm/d_003b74b0.asm dump reproduces those bytes but carries no identity."
?d_003d3500@@YAXXZ,0x003D3500,"gen-dump placeholder superseded by the real identity of these bytes: ?dup_003d3500@@YAXXZ, byte-verified from Code/GameEngine/Source/Common/Audio/GameAudio.cpp over the same 11-byte range. The Code/gen_asm/d_003b74b0.asm dump reproduces those bytes but carries no identity."
?d_003d59b0@@YAXXZ,0x003D59B0,"gen-dump placeholder superseded by the real identity of these bytes: ?dup_003d59b0@@YAXXZ, byte-verified from Code/GameEngine/Source/Common/Audio/GameAudio.cpp over the same 11-byte range. The Code/gen_asm/d_003d5070.asm dump reproduces those bytes but carries no identity."
?d_003d5ab0@@YAXXZ,0x003D5AB0,"gen-dump placeholder superseded by the real identity of these bytes: ?dup_003d5ab0@@YAXXZ, byte-verified from Code/GameEngine/Source/Common/Audio/GameAudio.cpp over the same 18-byte range. The Code/gen_asm/d_003d5070.asm dump reproduces those bytes but carries no identity."
?d_003d5ad0@@YAXXZ,0x003D5AD0,"gen-dump placeholder superseded by the real identity of these bytes: ?dup_003d5ad0@@YAXXZ, byte-verified from Code/GameEngine/Source/Common/Audio/GameAudio.cpp over the same 11-byte range. The Code/gen_asm/d_003d5070.asm dump reproduces those bytes but carries no identity."
?d_003d5b60@@YAXXZ,0x003D5B60,"gen-dump placeholder superseded by the real identity of these bytes: ?dup_003d5b60@@YAXXZ, byte-verified from Code/GameEngine/Source/Common/Audio/GameAudio.cpp over the same 11-byte range. The Code/gen_asm/d_003d5070.asm dump reproduces those bytes but carries no identity."
?d_003d5d60@@YAXXZ,0x003D5D60,"gen-dump placeholder superseded by the real identity of these bytes: ?dup_003d5d60@@YAXXZ, byte-verified from Code/GameEngine/Source/Common/Audio/GameAudio.cpp over the same 18-byte range. The Code/gen_asm/d_003d5070.asm dump reproduces those bytes but carries no identity."
?d_003d6800@@YAXXZ,0x003D6800,"gen-dump placeholder superseded by the real identity of these bytes: ?dup_003d6800@@YAXXZ, byte-verified from Code/GameEngine/Source/Common/Audio/GameAudio.cpp over the same 13-byte range. The Code/gen_asm/d_003d5070.asm dump reproduces those bytes but carries no identity."
?d_003d68d0@@YAXXZ,0x003D68D0,"gen-dump placeholder superseded by the real identity of these bytes: ?dup_003d68d0@@YAXXZ, byte-verified from Code/GameEngine/Source/Common/Audio/GameAudio.cpp over the same 19-byte range. The Code/gen_asm/d_003d5070.asm dump reproduces those bytes but carries no identity."
?d_003d6910@@YAXXZ,0x003D6910,"gen-dump placeholder superseded by the real identity of these bytes: ?dup_003d6910@@YAXXZ, byte-verified from Code/GameEngine/Source/Common/Audio/GameAudio.cpp over the same 13-byte range. The Code/gen_asm/d_003d5070.asm dump reproduces those bytes but carries no identity."
?d_003d6950@@YAXXZ,0x003D6950,"gen-dump placeholder superseded by the real identity of these bytes: ?dup_003d6950@@YAXXZ, byte-verified from Code/GameEngine/Source/Common/Audio/GameAudio.cpp over the same 11-byte range. The Code/gen_asm/d_003d5070.asm dump reproduces those bytes but carries no identity."
?d_003d6980@@YAXXZ,0x003D6980,"gen-dump placeholder superseded by the real identity of these bytes: ?dup_003d6980@@YAXXZ, byte-verified from Code/GameEngine/Source/Common/Audio/GameAudio.cpp over the same 23-byte range. The Code/gen_asm/d_003d5070.asm dump reproduces those bytes but carries no identity."
?d_003d6a30@@YAXXZ,0x003D6A30,"gen-dump placeholder superseded by the real identity of these bytes: ?dup_003d6a30@@YAXXZ, byte-verified from Code/GameEngine/Source/Common/Audio/GameAudio.cpp over the same 6-byte range. The Code/gen_asm/d_003d5070.asm dump reproduces those bytes but carries no identity."
?d_003d6ab0@@YAXXZ,0x003D6AB0,"gen-dump placeholder superseded by the real identity of these bytes: ?dup_003d6ab0@@YAXXZ, byte-verified from Code/GameEngine/Source/Common/Audio/GameAudio.cpp over the same 6-byte range. The Code/gen_asm/d_003d5070.asm dump reproduces those bytes but carries no identity."
?d_003d6ad0@@YAXXZ,0x003D6AD0,"gen-dump placeholder superseded by the real identity of these bytes: ?dup_003d6ad0@@YAXXZ, byte-verified from Code/GameEngine/Source/Common/Audio/GameAudio.cpp over the same 7-byte range. The Code/gen_asm/d_003d5070.asm dump reproduces those bytes but carries no identity."
?d_003d6b30@@YAXXZ,0x003D6B30,"gen-dump placeholder superseded by the real identity of these bytes: ?dup_003d6b30@@YAXXZ, byte-verified from Code/GameEngine/Source/Common/Audio/GameAudio.cpp over the same 11-byte range. The Code/gen_asm/d_003d5070.asm dump reproduces those bytes but carries no identity."
?d_003d6bf0@@YAXXZ,0x003D6BF0,"gen-dump placeholder superseded by the real identity of these bytes: ?dup_003d6bf0@@YAXXZ, byte-verified from Code/GameEngine/Source/Common/Audio/GameAudio.cpp over the same 11-byte range. The Code/gen_asm/d_003d5070.asm dump reproduces those bytes but carries no identity."
?d_003d6c00@@YAXXZ,0x003D6C00,"gen-dump placeholder superseded by the real identity of these bytes: ?dup_003d6c00@@YAXXZ, byte-verified from Code/GameEngine/Source/Common/Audio/GameAudio.cpp over the same 13-byte range. The Code/gen_asm/d_003d5070.asm dump reproduces those bytes but carries no identity."
?d_003d6c90@@YAXXZ,0x003D6C90,"gen-dump placeholder superseded by the real identity of these bytes: ?dup_003d6c90@@YAXXZ, byte-verified from Code/GameEngine/Source/Common/Audio/GameAudio.cpp over the same 7-byte range. The Code/gen_asm/d_003d5070.asm dump reproduces those bytes but carries no identity."
?d_003d6ca0@@YAXXZ,0x003D6CA0,"gen-dump placeholder superseded by the real identity of these bytes: ?dup_003d6ca0@@YAXXZ, byte-verified from Code/GameEngine/Source/Common/Audio/GameAudio.cpp over the same 7-byte range. The Code/gen_asm/d_003d5070.asm dump reproduces those bytes but carries no identity."
?d_003d7280@@YAXXZ,0x003D7280,"gen-dump placeholder superseded by the real identity of these bytes: ?dup_003d7280@@YAXXZ, byte-verified from Code/GameEngine/Source/Common/Audio/GameAudio.cpp over the same 19-byte range. The Code/gen_asm/d_003d5070.asm dump reproduces those bytes but carries no identity."
?d_003d73f0@@YAXXZ,0x003D73F0,"gen-dump placeholder superseded by the real identity of these bytes: ?dup_003d73f0@@YAXXZ, byte-verified from Code/GameEngine/Source/Common/Audio/GameAudio.cpp over the same 13-byte range. The Code/gen_asm/d_003d5070.asm dump reproduces those bytes but carries no identity."
?d_003d7d70@@YAXXZ,0x003D7D70,"gen-dump placeholder superseded by the real identity of these bytes: ?dup_003d7d70@@YAXXZ, byte-verified from Code/GameEngine/Source/Common/Audio/GameAudio.cpp over the same 19-byte range. The Code/gen_asm/d_003d5070.asm dump reproduces those bytes but carries no identity."
?d_003d7d90@@YAXXZ,0x003D7D90,"gen-dump placeholder superseded by the real identity of these bytes: ?dup_003d7d90@@YAXXZ, byte-verified from Code/GameEngine/Source/Common/Audio/GameAudio.cpp over the same 19-byte range. The Code/gen_asm/d_003d5070.asm dump reproduces those bytes but carries no identity."
?d_003d9d00@@YAXXZ,0x003D9D00,"gen-dump placeholder superseded by the real identity of these bytes: ?dup_003d9d00@@YAXXZ, byte-verified from Code/GameEngine/Source/Common/Audio/GameAudio.cpp over the same 11-byte range. The Code/gen_asm/d_003d5070.asm dump reproduces those bytes but carries no identity."
?d_003d9db0@@YAXXZ,0x003D9DB0,"gen-dump placeholder superseded by the real identity of these bytes: ?dup_003d9db0@@YAXXZ, byte-verified from Code/GameEngine/Source/Common/Audio/GameAudio.cpp over the same 7-byte range. The Code/gen_asm/d_003d5070.asm dump reproduces those bytes but carries no identity."
?d_003d9dc0@@YAXXZ,0x003D9DC0,"gen-dump placeholder superseded by the real identity of these bytes: ?dup_003d9dc0@@YAXXZ, byte-verified from Code/GameEngine/Source/Common/Audio/GameAudio.cpp over the same 11-byte range. The Code/gen_asm/d_003d5070.asm dump reproduces those bytes but carries no identity."
?d_003d9df0@@YAXXZ,0x003D9DF0,"gen-dump placeholder superseded by the real identity of these bytes: ?dup_003d9df0@@YAXXZ, byte-verified from Code/GameEngine/Source/Common/Audio/GameAudio.cpp over the same 11-byte range. The Code/gen_asm/d_003d5070.asm dump reproduces those bytes but carries no identity."
?d_003d9e60@@YAXXZ,0x003D9E60,"gen-dump placeholder superseded by the real identity of these bytes: ?dup_003d9e60@@YAXXZ, byte-verified from Code/GameEngine/Source/Common/Audio/GameAudio.cpp over the same 11-byte range. The Code/gen_asm/d_003d5070.asm dump reproduces those bytes but carries no identity."
?d_003d9e70@@YAXXZ,0x003D9E70,"gen-dump placeholder superseded by the real identity of these bytes: ?dup_003d9e70@@YAXXZ, byte-verified from Code/GameEngine/Source/Common/Audio/GameAudio.cpp over the same 11-byte range. The Code/gen_asm/d_003d5070.asm dump reproduces those bytes but carries no identity."
?d_003da980@@YAXXZ,0x003DA980,"gen-dump placeholder superseded by the real identity of these bytes: ?dup_003da980@@YAXXZ, byte-verified from Code/GameEngine/Source/Common/Audio/GameAudio.cpp over the same 19-byte range. The Code/gen_asm/d_003d5070.asm dump reproduces those bytes but carries no identity."
?d_003daa90@@YAXXZ,0x003DAA90,"gen-dump placeholder superseded by the real identity of these bytes: ?dup_003daa90@@YAXXZ, byte-verified from Code/GameEngine/Source/Common/Audio/GameAudio.cpp over the same 18-byte range. The Code/gen_asm/d_003d5070.asm dump reproduces those bytes but carries no identity."
?d_003db1e0@@YAXXZ,0x003DB1E0,"gen-dump placeholder superseded by the real identity of these bytes: ?dup_003db1e0@@YAXXZ, byte-verified from Code/GameEngine/Source/Common/Audio/GameAudio.cpp over the same 11-byte range. The Code/gen_asm/d_003d5070.asm dump reproduces those bytes but carries no identity."
?d_003db3d0@@YAXXZ,0x003DB3D0,"gen-dump placeholder superseded by the real identity of these bytes: ?dup_003db3d0@@YAXXZ, byte-verified from Code/GameEngine/Source/Common/Audio/GameAudio.cpp over the same 22-byte range. The Code/gen_asm/d_003d5070.asm dump reproduces those bytes but carries no identity."
?d_003dba00@@YAXXZ,0x003DBA00,"gen-dump placeholder superseded by the real identity of these bytes: ?dup_003dba00@@YAXXZ, byte-verified from Code/GameEngine/Source/Common/Audio/GameAudio.cpp over the same 15-byte range. The Code/gen_asm/d_003d5070.asm dump reproduces those bytes but carries no identity."
?d_003f79e0@@YAXXZ,0x003F79E0,"gen-dump placeholder superseded by the real identity of these bytes: ?dup_003f79e0@@YAXXZ, byte-verified from Code/GameEngine/Source/Common/Audio/GameAudio.cpp over the same 23-byte range. The Code/gen_asm/d_003d5070.asm dump reproduces those bytes but carries no identity."
?d_003fd120@@YAXXZ,0x003FD120,"gen-dump placeholder superseded by the real identity of these bytes: ?dup_003fd120@@YAXXZ, byte-verified from Code/GameEngine/Source/Common/Audio/GameAudio.cpp over the same 19-byte range. The Code/gen_asm/d_003d5070.asm dump reproduces those bytes but carries no identity."
?d_003fd160@@YAXXZ,0x003FD160,"gen-dump placeholder superseded by the real identity of these bytes: ?dup_003fd160@@YAXXZ, byte-verified from Code/GameEngine/Source/Common/Audio/GameAudio.cpp over the same 13-byte range. The Code/gen_asm/d_003d5070.asm dump reproduces those bytes but carries no identity."
?d_003fd1a0@@YAXXZ,0x003FD1A0,"gen-dump placeholder superseded by the real identity of these bytes: ?dup_003fd1a0@@YAXXZ, byte-verified from Code/GameEngine/Source/Common/Audio/GameAudio.cpp over the same 13-byte range. The Code/gen_asm/d_003d5070.asm dump reproduces those bytes but carries no identity."
?d_003fd1f0@@YAXXZ,0x003FD1F0,"gen-dump placeholder superseded by the real identity of these bytes: ?dup_003fd1f0@@YAXXZ, byte-verified from Code/GameEngine/Source/Common/Audio/GameAudio.cpp over the same 23-byte range. The Code/gen_asm/d_003d5070.asm dump reproduces those bytes but carries no identity."
?d_003fd220@@YAXXZ,0x003FD220,"gen-dump placeholder superseded by the real identity of these bytes: ?dup_003fd220@@YAXXZ, byte-verified from Code/GameEngine/Source/Common/Audio/GameAudio.cpp over the same 6-byte range. The Code/gen_asm/d_003d5070.asm dump reproduces those bytes but carries no identity."
?d_003fd240@@YAXXZ,0x003FD240,"gen-dump placeholder superseded by the real identity of these bytes: ?dup_003fd240@@YAXXZ, byte-verified from Code/GameEngine/Source/Common/Audio/GameAudio.cpp over the same 7-byte range. The Code/gen_asm/d_003d5070.asm dump reproduces those bytes but carries no identity."
?d_003fd270@@YAXXZ,0x003FD270,"gen-dump placeholder superseded by the real identity of these bytes: ?dup_003fd270@@YAXXZ, byte-verified from Code/GameEngine/Source/Common/Audio/GameAudio.cpp over the same 6-byte range. The Code/gen_asm/d_003d5070.asm dump reproduces those bytes but carries no identity."
?d_003fd290@@YAXXZ,0x003FD290,"gen-dump placeholder superseded by the real identity of these bytes: ?dup_003fd290@@YAXXZ, byte-verified from Code/GameEngine/Source/Common/Audio/GameAudio.cpp over the same 7-byte range. The Code/gen_asm/d_003d5070.asm dump reproduces those bytes but carries no identity."
?d_003fd2b0@@YAXXZ,0x003FD2B0,"gen-dump placeholder superseded by the real identity of these bytes: ?dup_003fd2b0@@YAXXZ, byte-verified from Code/GameEngine/Source/Common/Audio/GameAudio.cpp over the same 11-byte range. The Code/gen_asm/d_003d5070.asm dump reproduces those bytes but carries no identity."
?d_003fd2e0@@YAXXZ,0x003FD2E0,"gen-dump placeholder superseded by the real identity of these bytes: ?dup_003fd2e0@@YAXXZ, byte-verified from Code/GameEngine/Source/Common/Audio/GameAudio.cpp over the same 11-byte range. The Code/gen_asm/d_003d5070.asm dump reproduces those bytes but carries no identity."
?d_003fd370@@YAXXZ,0x003FD370,"gen-dump placeholder superseded by the real identity of these bytes: ?dup_003fd370@@YAXXZ, byte-verified from Code/GameEngine/Source/Common/Audio/GameAudio.cpp over the same 7-byte range. The Code/gen_asm/d_003d5070.asm dump reproduces those bytes but carries no identity."
?d_003fd380@@YAXXZ,0x003FD380,"gen-dump placeholder superseded by the real identity of these bytes: ?dup_003fd380@@YAXXZ, byte-verified from Code/GameEngine/Source/Common/Audio/GameAudio.cpp over the same 7-byte range. The Code/gen_asm/d_003d5070.asm dump reproduces those bytes but carries no identity."
?d_003fd3b0@@YAXXZ,0x003FD3B0,"gen-dump placeholder superseded by the real identity of these bytes: ?dup_003fd3b0@@YAXXZ, byte-verified from Code/GameEngine/Source/Common/Audio/GameAudio.cpp over the same 17-byte range. The Code/gen_asm/d_003d5070.asm dump reproduces those bytes but carries no identity."
?d_003fd5f0@@YAXXZ,0x003FD5F0,"gen-dump placeholder superseded by the real identity of these bytes: ?dup_003fd5f0@@YAXXZ, byte-verified from Code/GameEngine/Source/Common/Audio/GameAudio.cpp over the same 19-byte range. The Code/gen_asm/d_003d5070.asm dump reproduces those bytes but carries no identity."
?d_003fd610@@YAXXZ,0x003FD610,"gen-dump placeholder superseded by the real identity of these bytes: ?dup_003fd610@@YAXXZ, byte-verified from Code/GameEngine/Source/Common/Audio/GameAudio.cpp over the same 19-byte range. The Code/gen_asm/d_003d5070.asm dump reproduces those bytes but carries no identity."
?d_003fe3f0@@YAXXZ,0x003FE3F0,"gen-dump placeholder superseded by the real identity of these bytes: ?dup_003fe3f0@@YAXXZ, byte-verified from Code/GameEngine/Source/Common/Audio/GameAudio.cpp over the same 7-byte range. The Code/gen_asm/d_003d5070.asm dump reproduces those bytes but carries no identity."
?d_003fe400@@YAXXZ,0x003FE400,"gen-dump placeholder superseded by the real identity of these bytes: ?dup_003fe400@@YAXXZ, byte-verified from Code/GameEngine/Source/Common/Audio/GameAudio.cpp over the same 7-byte range. The Code/gen_asm/d_003d5070.asm dump reproduces those bytes but carries no identity."
?d_003fe410@@YAXXZ,0x003FE410,"gen-dump placeholder superseded by the real identity of these bytes: ?dup_003fe410@@YAXXZ, byte-verified from Code/GameEngine/Source/Common/Audio/GameAudio.cpp over the same 11-byte range. The Code/gen_asm/d_003d5070.asm dump reproduces those bytes but carries no identity."
?d_003fe4a0@@YAXXZ,0x003FE4A0,"gen-dump placeholder superseded by the real identity of these bytes: ?dup_003fe4a0@@YAXXZ, byte-verified from Code/GameEngine/Source/Common/Audio/GameAudio.cpp over the same 11-byte range. The Code/gen_asm/d_003d5070.asm dump reproduces those bytes but carries no identity."
?d_003fe550@@YAXXZ,0x003FE550,"gen-dump placeholder superseded by the real identity of these bytes: ?dup_003fe550@@YAXXZ, byte-verified from Code/GameEngine/Source/Common/Audio/GameAudio.cpp over the same 11-byte range. The Code/gen_asm/d_003d5070.asm dump reproduces those bytes but carries no identity."
?d_003fe5a0@@YAXXZ,0x003FE5A0,"gen-dump placeholder superseded by the real identity of these bytes: ?dup_003fe5a0@@YAXXZ, byte-verified from Code/GameEngine/Source/Common/Audio/GameAudio.cpp over the same 11-byte range. The Code/gen_asm/d_003d5070.asm dump reproduces those bytes but carries no identity."
?d_003fe890@@YAXXZ,0x003FE890,"gen-dump placeholder superseded by the real identity of these bytes: ?dup_003fe890@@YAXXZ, byte-verified from Code/GameEngine/Source/Common/Audio/GameAudio.cpp over the same 11-byte range. The Code/gen_asm/d_003d5070.asm dump reproduces those bytes but carries no identity."
?d_003fe8a0@@YAXXZ,0x003FE8A0,"gen-dump placeholder superseded by the real identity of these bytes: ?dup_003fe8a0@@YAXXZ, byte-verified from Code/GameEngine/Source/Common/Audio/GameAudio.cpp over the same 11-byte range. The Code/gen_asm/d_003d5070.asm dump reproduces those bytes but carries no identity."
?d_00403880@@YAXXZ,0x00403880,"gen-dump placeholder superseded by the real identity of these bytes: ?dup_00403880@@YAXXZ, byte-verified from Code/GameEngine/Source/Common/Audio/GameAudio.cpp over the same 13-byte range. The Code/gen_asm/d_003d5070.asm dump reproduces those bytes but carries no identity."
?d_004039a0@@YAXXZ,0x004039A0,"gen-dump placeholder superseded by the real identity of these bytes: ?dup_004039a0@@YAXXZ, byte-verified from Code/GameEngine/Source/Common/Audio/GameAudio.cpp over the same 6-byte range. The Code/gen_asm/d_003d5070.asm dump reproduces those bytes but carries no identity."
?d_004039c0@@YAXXZ,0x004039C0,"gen-dump placeholder superseded by the real identity of these bytes: ?dup_004039c0@@YAXXZ, byte-verified from Code/GameEngine/Source/Common/Audio/GameAudio.cpp over the same 7-byte range. The Code/gen_asm/d_003d5070.asm dump reproduces those bytes but carries no identity."
?d_004039e0@@YAXXZ,0x004039E0,"gen-dump placeholder superseded by the real identity of these bytes: ?dup_004039e0@@YAXXZ, byte-verified from Code/GameEngine/Source/Common/Audio/GameAudio.cpp over the same 11-byte range. The Code/gen_asm/d_003d5070.asm dump reproduces those bytes but carries no identity."
?d_00403a50@@YAXXZ,0x00403A50,"gen-dump placeholder superseded by the real identity of these bytes: ?dup_00403a50@@YAXXZ, byte-verified from Code/GameEngine/Source/Common/Audio/GameAudio.cpp over the same 7-byte range. The Code/gen_asm/d_003d5070.asm dump reproduces those bytes but carries no identity."
?d_00404050@@YAXXZ,0x00404050,"gen-dump placeholder superseded by the real identity of these bytes: ?dup_00404050@@YAXXZ, byte-verified from Code/GameEngine/Source/Common/Audio/GameAudio.cpp over the same 7-byte range. The Code/gen_asm/d_003d5070.asm dump reproduces those bytes but carries no identity."
?d_00404080@@YAXXZ,0x00404080,"gen-dump placeholder superseded by the real identity of these bytes: ?dup_00404080@@YAXXZ, byte-verified from Code/GameEngine/Source/Common/Audio/GameAudio.cpp over the same 11-byte range. The Code/gen_asm/d_003d5070.asm dump reproduces those bytes but carries no identity."
?d_00404140@@YAXXZ,0x00404140,"gen-dump placeholder superseded by the real identity of these bytes: ?dup_00404140@@YAXXZ, byte-verified from Code/GameEngine/Source/Common/Audio/GameAudio.cpp over the same 11-byte range. The Code/gen_asm/d_003d5070.asm dump reproduces those bytes but carries no identity."
?d_00404150@@YAXXZ,0x00404150,"gen-dump placeholder superseded by the real identity of these bytes: ?dup_00404150@@YAXXZ, byte-verified from Code/GameEngine/Source/Common/Audio/GameAudio.cpp over the same 11-byte range. The Code/gen_asm/d_003d5070.asm dump reproduces those bytes but carries no identity."
?d_004048e0@@YAXXZ,0x004048E0,"gen-dump placeholder superseded by the real identity of these bytes: ?dup_004048e0@@YAXXZ, byte-verified from Code/GameEngine/Source/Common/Audio/GameAudio.cpp over the same 11-byte range. The Code/gen_asm/d_003d5070.asm dump reproduces those bytes but carries no identity."
?d_00405c10@@YAXXZ,0x00405C10,"gen-dump placeholder superseded by the real identity of these bytes: ?dup_00405c10@@YAXXZ, byte-verified from Code/GameEngine/Source/Common/Audio/GameAudio.cpp over the same 15-byte range. The Code/gen_asm/d_003d5070.asm dump reproduces those bytes but carries no identity."
?d_00409b50@@YAXXZ,0x00409B50,"gen-dump placeholder superseded by the real identity of these bytes: ?dup_00409b50@@YAXXZ, byte-verified from Code/GameEngine/Source/Common/Audio/GameAudio.cpp over the same 6-byte range. The Code/gen_asm/d_003d5070.asm dump reproduces those bytes but carries no identity."
?d_00409b80@@YAXXZ,0x00409B80,"gen-dump placeholder superseded by the real identity of these bytes: ?dup_00409b80@@YAXXZ, byte-verified from Code/GameEngine/Source/Common/Audio/GameAudio.cpp over the same 11-byte range. The Code/gen_asm/d_003d5070.asm dump reproduces those bytes but carries no identity."
?d_00409b90@@YAXXZ,0x00409B90,"gen-dump placeholder superseded by the real identity of these bytes: ?dup_00409b90@@YAXXZ, byte-verified from Code/GameEngine/Source/Common/Audio/GameAudio.cpp over the same 13-byte range. The Code/gen_asm/d_003d5070.asm dump reproduces those bytes but carries no identity."
?d_00409c60@@YAXXZ,0x00409C60,"gen-dump placeholder superseded by the real identity of these bytes: ?dup_00409c60@@YAXXZ, byte-verified from Code/GameEngine/Source/Common/Audio/GameAudio.cpp over the same 7-byte range. The Code/gen_asm/d_003d5070.asm dump reproduces those bytes but carries no identity."
?d_00409c70@@YAXXZ,0x00409C70,"gen-dump placeholder superseded by the real identity of these bytes: ?dup_00409c70@@YAXXZ, byte-verified from Code/GameEngine/Source/Common/Audio/GameAudio.cpp over the same 19-byte range. The Code/gen_asm/d_003d5070.asm dump reproduces those bytes but carries no identity."
?d_00409d90@@YAXXZ,0x00409D90,"gen-dump placeholder superseded by the real identity of these bytes: ?dup_00409d90@@YAXXZ, byte-verified from Code/GameEngine/Source/Common/Audio/GameAudio.cpp over the same 19-byte range. The Code/gen_asm/d_003d5070.asm dump reproduces those bytes but carries no identity."
?d_00409ff0@@YAXXZ,0x00409FF0,"gen-dump placeholder superseded by the real identity of these bytes: ?dup_00409ff0@@YAXXZ, byte-verified from Code/GameEngine/Source/Common/Audio/GameAudio.cpp over the same 11-byte range. The Code/gen_asm/d_003d5070.asm dump reproduces those bytes but carries no identity."
?d_0040a0c0@@YAXXZ,0x0040A0C0,"gen-dump placeholder superseded by the real identity of these bytes: ?dup_0040a0c0@@YAXXZ, byte-verified from Code/GameEngine/Source/Common/Audio/GameAudio.cpp over the same 11-byte range. The Code/gen_asm/d_003d5070.asm dump reproduces those bytes but carries no identity."
?d_0040a500@@YAXXZ,0x0040A500,"gen-dump placeholder superseded by the real identity of these bytes: ?dup_0040a500@@YAXXZ, byte-verified from Code/GameEngine/Source/Common/Audio/GameAudio.cpp over the same 11-byte range. The Code/gen_asm/d_003d5070.asm dump reproduces those bytes but carries no identity."
?d_0040c000@@YAXXZ,0x0040C000,"gen-dump placeholder superseded by the real identity of these bytes: ?dup_0040c000@@YAXXZ, byte-verified from Code/GameEngine/Source/Common/Audio/GameAudio.cpp over the same 6-byte range. The Code/gen_asm/d_003d5070.asm dump reproduces those bytes but carries no identity."
?d_0040c060@@YAXXZ,0x0040C060,"gen-dump placeholder superseded by the real identity of these bytes: ?dup_0040c060@@YAXXZ, byte-verified from Code/GameEngine/Source/Common/Audio/GameAudio.cpp over the same 13-byte range. The Code/gen_asm/d_003d5070.asm dump reproduces those bytes but carries no identity."
?d_0040c0d0@@YAXXZ,0x0040C0D0,"gen-dump placeholder superseded by the real identity of these bytes: ?dup_0040c0d0@@YAXXZ, byte-verified from Code/GameEngine/Source/Common/Audio/GameAudio.cpp over the same 11-byte range. The Code/gen_asm/d_003d5070.asm dump reproduces those bytes but carries no identity."
?d_0040c0f0@@YAXXZ,0x0040C0F0,"gen-dump placeholder superseded by the real identity of these bytes: ?dup_0040c0f0@@YAXXZ, byte-verified from Code/GameEngine/Source/Common/Audio/GameAudio.cpp over the same 11-byte range. The Code/gen_asm/d_003d5070.asm dump reproduces those bytes but carries no identity."
?d_0040c110@@YAXXZ,0x0040C110,"gen-dump placeholder superseded by the real identity of these bytes: ?dup_0040c110@@YAXXZ, byte-verified from Code/GameEngine/Source/Common/Audio/GameAudio.cpp over the same 11-byte range. The Code/gen_asm/d_003d5070.asm dump reproduces those bytes but carries no identity."
?d_0040c160@@YAXXZ,0x0040C160,"gen-dump placeholder superseded by the real identity of these bytes: ?dup_0040c160@@YAXXZ, byte-verified from Code/GameEngine/Source/Common/Audio/GameAudio.cpp over the same 11-byte range. The Code/gen_asm/d_003d5070.asm dump reproduces those bytes but carries no identity."
?d_0040c1b0@@YAXXZ,0x0040C1B0,"gen-dump placeholder superseded by the real identity of these bytes: ?dup_0040c1b0@@YAXXZ, byte-verified from Code/GameEngine/Source/Common/Audio/GameAudio.cpp over the same 17-byte range. The Code/gen_asm/d_003d5070.asm dump reproduces those bytes but carries no identity."
?d_0040c1d0@@YAXXZ,0x0040C1D0,"gen-dump placeholder superseded by the real identity of these bytes: ?dup_0040c1d0@@YAXXZ, byte-verified from Code/GameEngine/Source/Common/Audio/GameAudio.cpp over the same 11-byte range. The Code/gen_asm/d_003d5070.asm dump reproduces those bytes but carries no identity."
?d_0040c1e0@@YAXXZ,0x0040C1E0,"gen-dump placeholder superseded by the real identity of these bytes: ?dup_0040c1e0@@YAXXZ, byte-verified from Code/GameEngine/Source/Common/Audio/GameAudio.cpp over the same 9-byte range. The Code/gen_asm/d_003d5070.asm dump reproduces those bytes but carries no identity."
?d_0040c430@@YAXXZ,0x0040C430,"gen-dump placeholder superseded by the real identity of these bytes: ?dup_0040c430@@YAXXZ, byte-verified from Code/GameEngine/Source/Common/Audio/GameAudio.cpp over the same 13-byte range. The Code/gen_asm/d_003d5070.asm dump reproduces those bytes but carries no identity."
?d_0040c450@@YAXXZ,0x0040C450,"gen-dump placeholder superseded by the real identity of these bytes: ?dup_0040c450@@YAXXZ, byte-verified from Code/GameEngine/Source/Common/Audio/GameAudio.cpp over the same 11-byte range. The Code/gen_asm/d_003d5070.asm dump reproduces those bytes but carries no identity."
?d_0040c460@@YAXXZ,0x0040C460,"gen-dump placeholder superseded by the real identity of these bytes: ?dup_0040c460@@YAXXZ, byte-verified from Code/GameEngine/Source/Common/Audio/GameAudio.cpp over the same 13-byte range. The Code/gen_asm/d_003d5070.asm dump reproduces those bytes but carries no identity."
?d_0040c4b0@@YAXXZ,0x0040C4B0,"gen-dump placeholder superseded by the real identity of these bytes: ?dup_0040c4b0@@YAXXZ, byte-verified from Code/GameEngine/Source/Common/Audio/GameAudio.cpp over the same 13-byte range. The Code/gen_asm/d_003d5070.asm dump reproduces those bytes but carries no identity."
?d_0040c5a0@@YAXXZ,0x0040C5A0,"gen-dump placeholder superseded by the real identity of these bytes: ?dup_0040c5a0@@YAXXZ, byte-verified from Code/GameEngine/Source/Common/Audio/GameAudio.cpp over the same 18-byte range. The Code/gen_asm/d_003d5070.asm dump reproduces those bytes but carries no identity."
?d_004126a0@@YAXXZ,0x004126A0,"gen-dump placeholder superseded by the real identity of these bytes: ?dup_004126a0@@YAXXZ, byte-verified from Code/GameEngine/Source/Common/Audio/GameAudio.cpp over the same 23-byte range. The Code/gen_asm/d_003d5070.asm dump reproduces those bytes but carries no identity."
?d_00412e70@@YAXXZ,0x00412E70,"gen-dump placeholder superseded by the real identity of these bytes: ?dup_00412e70@@YAXXZ, byte-verified from Code/GameEngine/Source/Common/Audio/GameAudio.cpp over the same 22-byte range. The Code/gen_asm/d_003d5070.asm dump reproduces those bytes but carries no identity."
?d_00412e90@@YAXXZ,0x00412E90,"gen-dump placeholder superseded by the real identity of these bytes: ?dup_00412e90@@YAXXZ, byte-verified from Code/GameEngine/Source/Common/Audio/GameAudio.cpp over the same 18-byte range. The Code/gen_asm/d_003d5070.asm dump reproduces those bytes but carries no identity."
?d_00412eb0@@YAXXZ,0x00412EB0,"gen-dump placeholder superseded by the real identity of these bytes: ?dup_00412eb0@@YAXXZ, byte-verified from Code/GameEngine/Source/Common/Audio/GameAudio.cpp over the same 17-byte range. The Code/gen_asm/d_003d5070.asm dump reproduces those bytes but carries no identity."
?d_00412ed0@@YAXXZ,0x00412ED0,"gen-dump placeholder superseded by the real identity of these bytes: ?dup_00412ed0@@YAXXZ, byte-verified from Code/GameEngine/Source/Common/Audio/GameAudio.cpp over the same 29-byte range. The Code/gen_asm/d_003d5070.asm dump reproduces those bytes but carries no identity."
?d_004180c0@@YAXXZ,0x004180C0,"gen-dump placeholder superseded by the real identity of these bytes: ?dup_004180c0@@YAXXZ, byte-verified from Code/GameEngine/Source/Common/Audio/GameAudio.cpp over the same 15-byte range. The Code/gen_asm/d_004171c0.asm dump reproduces those bytes but carries no identity."
?d_00422020@@YAXXZ,0x00422020,"gen-dump placeholder superseded by the real identity of these bytes: ?dup_00422020@@YAXXZ, byte-verified from Code/GameEngine/Source/Common/Audio/GameAudio.cpp over the same 11-byte range. The Code/gen_asm/d_004171c0.asm dump reproduces those bytes but carries no identity."
?d_004226f0@@YAXXZ,0x004226F0,"gen-dump placeholder superseded by the real identity of these bytes: ?dup_004226f0@@YAXXZ, byte-verified from Code/GameEngine/Source/Common/Audio/GameAudio.cpp over the same 6-byte range. The Code/gen_asm/d_004171c0.asm dump reproduces those bytes but carries no identity."
?d_00422730@@YAXXZ,0x00422730,"gen-dump placeholder superseded by the real identity of these bytes: ?dup_00422730@@YAXXZ, byte-verified from Code/GameEngine/Source/Common/Audio/GameAudio.cpp over the same 23-byte range. The Code/gen_asm/d_004171c0.asm dump reproduces those bytes but carries no identity."
?d_00422750@@YAXXZ,0x00422750,"gen-dump placeholder superseded by the real identity of these bytes: ?dup_00422750@@YAXXZ, byte-verified from Code/GameEngine/Source/Common/Audio/GameAudio.cpp over the same 23-byte range. The Code/gen_asm/d_004171c0.asm dump reproduces those bytes but carries no identity."
?d_00422770@@YAXXZ,0x00422770,"gen-dump placeholder superseded by the real identity of these bytes: ?dup_00422770@@YAXXZ, byte-verified from Code/GameEngine/Source/Common/Audio/GameAudio.cpp over the same 11-byte range. The Code/gen_asm/d_004171c0.asm dump reproduces those bytes but carries no identity."
?d_004227c0@@YAXXZ,0x004227C0,"gen-dump placeholder superseded by the real identity of these bytes: ?dup_004227c0@@YAXXZ, byte-verified from Code/GameEngine/Source/Common/Audio/GameAudio.cpp over the same 18-byte range. The Code/gen_asm/d_004171c0.asm dump reproduces those bytes but carries no identity."
?d_004227f0@@YAXXZ,0x004227F0,"gen-dump placeholder superseded by the real identity of these bytes: ?dup_004227f0@@YAXXZ, byte-verified from Code/GameEngine/Source/Common/Audio/GameAudio.cpp over the same 18-byte range. The Code/gen_asm/d_004171c0.asm dump reproduces those bytes but carries no identity."
?d_00422810@@YAXXZ,0x00422810,"gen-dump placeholder superseded by the real identity of these bytes: ?dup_00422810@@YAXXZ, byte-verified from Code/GameEngine/Source/Common/Audio/GameAudio.cpp over the same 22-byte range. The Code/gen_asm/d_004171c0.asm dump reproduces those bytes but carries no identity."
?d_00422840@@YAXXZ,0x00422840,"gen-dump placeholder superseded by the real identity of these bytes: ?dup_00422840@@YAXXZ, byte-verified from Code/GameEngine/Source/Common/Audio/GameAudio.cpp over the same 18-byte range. The Code/gen_asm/d_004171c0.asm dump reproduces those bytes but carries no identity."
?d_00422920@@YAXXZ,0x00422920,"gen-dump placeholder superseded by the real identity of these bytes: ?dup_00422920@@YAXXZ, byte-verified from Code/GameEngine/Source/Common/Audio/GameAudio.cpp over the same 10-byte range. The Code/gen_asm/d_004171c0.asm dump reproduces those bytes but carries no identity."
?d_00422930@@YAXXZ,0x00422930,"gen-dump placeholder superseded by the real identity of these bytes: ?dup_00422930@@YAXXZ, byte-verified from Code/GameEngine/Source/Common/Audio/GameAudio.cpp over the same 7-byte range. The Code/gen_asm/d_004171c0.asm dump reproduces those bytes but carries no identity."
?d_00422940@@YAXXZ,0x00422940,"gen-dump placeholder superseded by the real identity of these bytes: ?dup_00422940@@YAXXZ, byte-verified from Code/GameEngine/Source/Common/Audio/GameAudio.cpp over the same 11-byte range. The Code/gen_asm/d_004171c0.asm dump reproduces those bytes but carries no identity."
?d_00422970@@YAXXZ,0x00422970,"gen-dump placeholder superseded by the real identity of these bytes: ?dup_00422970@@YAXXZ, byte-verified from Code/GameEngine/Source/Common/Audio/GameAudio.cpp over the same 7-byte range. The Code/gen_asm/d_004171c0.asm dump reproduces those bytes but carries no identity."
?d_00422990@@YAXXZ,0x00422990,"gen-dump placeholder superseded by the real identity of these bytes: ?dup_00422990@@YAXXZ, byte-verified from Code/GameEngine/Source/Common/Audio/GameAudio.cpp over the same 19-byte range. The Code/gen_asm/d_004171c0.asm dump reproduces those bytes but carries no identity."
?d_004229b0@@YAXXZ,0x004229B0,"gen-dump placeholder superseded by the real identity of these bytes: ?dup_004229b0@@YAXXZ, byte-verified from Code/GameEngine/Source/Common/Audio/GameAudio.cpp over the same 13-byte range. The Code/gen_asm/d_004171c0.asm dump reproduces those bytes but carries no identity."
?d_00422d40@@YAXXZ,0x00422D40,"gen-dump placeholder superseded by the real identity of these bytes: ?dup_00422d40@@YAXXZ, byte-verified from Code/GameEngine/Source/Common/Audio/GameAudio.cpp over the same 11-byte range. The Code/gen_asm/d_004171c0.asm dump reproduces those bytes but carries no identity."
?d_00422e40@@YAXXZ,0x00422E40,"gen-dump placeholder superseded by the real identity of these bytes: ?dup_00422e40@@YAXXZ, byte-verified from Code/GameEngine/Source/Common/Audio/GameAudio.cpp over the same 11-byte range. The Code/gen_asm/d_004171c0.asm dump reproduces those bytes but carries no identity."
?d_00422e50@@YAXXZ,0x00422E50,"gen-dump placeholder superseded by the real identity of these bytes: ?dup_00422e50@@YAXXZ, byte-verified from Code/GameEngine/Source/Common/Audio/GameAudio.cpp over the same 11-byte range. The Code/gen_asm/d_004171c0.asm dump reproduces those bytes but carries no identity."
?d_00422ee0@@YAXXZ,0x00422EE0,"gen-dump placeholder superseded by the real identity of these bytes: ?dup_00422ee0@@YAXXZ, byte-verified from Code/GameEngine/Source/Common/Audio/GameAudio.cpp over the same 11-byte range. The Code/gen_asm/d_004171c0.asm dump reproduces those bytes but carries no identity."
?d_00422ef0@@YAXXZ,0x00422EF0,"gen-dump placeholder superseded by the real identity of these bytes: ?dup_00422ef0@@YAXXZ, byte-verified from Code/GameEngine/Source/Common/Audio/GameAudio.cpp over the same 18-byte range. The Code/gen_asm/d_004171c0.asm dump reproduces those bytes but carries no identity."
?d_00422f10@@YAXXZ,0x00422F10,"gen-dump placeholder superseded by the real identity of these bytes: ?dup_00422f10@@YAXXZ, byte-verified from Code/GameEngine/Source/Common/Audio/GameAudio.cpp over the same 18-byte range. The Code/gen_asm/d_004171c0.asm dump reproduces those bytes but carries no identity."
?d_00422f30@@YAXXZ,0x00422F30,"gen-dump placeholder superseded by the real identity of these bytes: ?dup_00422f30@@YAXXZ, byte-verified from Code/GameEngine/Source/Common/Audio/GameAudio.cpp over the same 11-byte range. The Code/gen_asm/d_004171c0.asm dump reproduces those bytes but carries no identity."
?d_004231c0@@YAXXZ,0x004231C0,"gen-dump placeholder superseded by the real identity of these bytes: ?dup_004231c0@@YAXXZ, byte-verified from Code/GameEngine/Source/Common/Audio/GameAudio.cpp over the same 7-byte range. The Code/gen_asm/d_004171c0.asm dump reproduces those bytes but carries no identity."
?d_00423260@@YAXXZ,0x00423260,"gen-dump placeholder superseded by the real identity of these bytes: ?dup_00423260@@YAXXZ, byte-verified from Code/GameEngine/Source/Common/Audio/GameAudio.cpp over the same 16-byte range. The Code/gen_asm/d_004171c0.asm dump reproduces those bytes but carries no identity."
?d_00423520@@YAXXZ,0x00423520,"gen-dump placeholder superseded by the real identity of these bytes: ?dup_00423520@@YAXXZ, byte-verified from Code/GameEngine/Source/Common/Audio/GameAudio.cpp over the same 11-byte range. The Code/gen_asm/d_004171c0.asm dump reproduces those bytes but carries no identity."
?d_00423600@@YAXXZ,0x00423600,"gen-dump placeholder superseded by the real identity of these bytes: ?dup_00423600@@YAXXZ, byte-verified from Code/GameEngine/Source/Common/Audio/GameAudio.cpp over the same 16-byte range. The Code/gen_asm/d_004171c0.asm dump reproduces those bytes but carries no identity."
?d_00423620@@YAXXZ,0x00423620,"gen-dump placeholder superseded by the real identity of these bytes: ?dup_00423620@@YAXXZ, byte-verified from Code/GameEngine/Source/Common/Audio/GameAudio.cpp over the same 16-byte range. The Code/gen_asm/d_004171c0.asm dump reproduces those bytes but carries no identity."
?d_00423c30@@YAXXZ,0x00423C30,"gen-dump placeholder superseded by the real identity of these bytes: ?dup_00423c30@@YAXXZ, byte-verified from Code/GameEngine/Source/Common/Audio/GameAudio.cpp over the same 15-byte range. The Code/gen_asm/d_004171c0.asm dump reproduces those bytes but carries no identity."
?d_00423c50@@YAXXZ,0x00423C50,"gen-dump placeholder superseded by the real identity of these bytes: ?dup_00423c50@@YAXXZ, byte-verified from Code/GameEngine/Source/Common/Audio/GameAudio.cpp over the same 16-byte range. The Code/gen_asm/d_004171c0.asm dump reproduces those bytes but carries no identity."
?d_00423c70@@YAXXZ,0x00423C70,"gen-dump placeholder superseded by the real identity of these bytes: ?dup_00423c70@@YAXXZ, byte-verified from Code/GameEngine/Source/Common/Audio/GameAudio.cpp over the same 16-byte range. The Code/gen_asm/d_004171c0.asm dump reproduces those bytes but carries no identity."
?d_00423c90@@YAXXZ,0x00423C90,"gen-dump placeholder superseded by the real identity of these bytes: ?dup_00423c90@@YAXXZ, byte-verified from Code/GameEngine/Source/Common/Audio/GameAudio.cpp over the same 15-byte range. The Code/gen_asm/d_004171c0.asm dump reproduces those bytes but carries no identity."
?d_00427a00@@YAXXZ,0x00427A00,"gen-dump placeholder superseded by the real identity of these bytes: ?dup_00427a00@@YAXXZ, byte-verified from Code/GameEngine/Source/Common/Audio/GameAudio.cpp over the same 6-byte range. The Code/gen_asm/d_004171c0.asm dump reproduces those bytes but carries no identity."
?d_00427a10@@YAXXZ,0x00427A10,"gen-dump placeholder superseded by the real identity of these bytes: ?dup_00427a10@@YAXXZ, byte-verified from Code/GameEngine/Source/Common/Audio/GameAudio.cpp over the same 9-byte range. The Code/gen_asm/d_004171c0.asm dump reproduces those bytes but carries no identity."
?d_00427a20@@YAXXZ,0x00427A20,"gen-dump placeholder superseded by the real identity of these bytes: ?dup_00427a20@@YAXXZ, byte-verified from Code/GameEngine/Source/Common/Audio/GameAudio.cpp over the same 6-byte range. The Code/gen_asm/d_004171c0.asm dump reproduces those bytes but carries no identity."
?d_00427a30@@YAXXZ,0x00427A30,"gen-dump placeholder superseded by the real identity of these bytes: ?dup_00427a30@@YAXXZ, byte-verified from Code/GameEngine/Source/Common/Audio/GameAudio.cpp over the same 9-byte range. The Code/gen_asm/d_004171c0.asm dump reproduces those bytes but carries no identity."
?d_00427a40@@YAXXZ,0x00427A40,"gen-dump placeholder superseded by the real identity of these bytes: ?dup_00427a40@@YAXXZ, byte-verified from Code/GameEngine/Source/Common/Audio/GameAudio.cpp over the same 13-byte range. The Code/gen_asm/d_004171c0.asm dump reproduces those bytes but carries no identity."
?d_00427ad0@@YAXXZ,0x00427AD0,"gen-dump placeholder superseded by the real identity of these bytes: ?dup_00427ad0@@YAXXZ, byte-verified from Code/GameEngine/Source/Common/Audio/GameAudio.cpp over the same 11-byte range. The Code/gen_asm/d_004171c0.asm dump reproduces those bytes but carries no identity."
?d_00427ae0@@YAXXZ,0x00427AE0,"gen-dump placeholder superseded by the real identity of these bytes: ?dup_00427ae0@@YAXXZ, byte-verified from Code/GameEngine/Source/Common/Audio/GameAudio.cpp over the same 11-byte range. The Code/gen_asm/d_004171c0.asm dump reproduces those bytes but carries no identity."
?d_00427b10@@YAXXZ,0x00427B10,"gen-dump placeholder superseded by the real identity of these bytes: ?dup_00427b10@@YAXXZ, byte-verified from Code/GameEngine/Source/Common/Audio/GameAudio.cpp over the same 11-byte range. The Code/gen_asm/d_004171c0.asm dump reproduces those bytes but carries no identity."
?d_00427b80@@YAXXZ,0x00427B80,"gen-dump placeholder superseded by the real identity of these bytes: ?dup_00427b80@@YAXXZ, byte-verified from Code/GameEngine/Source/Common/Audio/GameAudio.cpp over the same 17-byte range. The Code/gen_asm/d_004171c0.asm dump reproduces those bytes but carries no identity."
?d_00427ba0@@YAXXZ,0x00427BA0,"gen-dump placeholder superseded by the real identity of these bytes: ?dup_00427ba0@@YAXXZ, byte-verified from Code/GameEngine/Source/Common/Audio/GameAudio.cpp over the same 13-byte range. The Code/gen_asm/d_004171c0.asm dump reproduces those bytes but carries no identity."
?d_00427bd0@@YAXXZ,0x00427BD0,"gen-dump placeholder superseded by the real identity of these bytes: ?dup_00427bd0@@YAXXZ, byte-verified from Code/GameEngine/Source/Common/Audio/GameAudio.cpp over the same 19-byte range. The Code/gen_asm/d_004171c0.asm dump reproduces those bytes but carries no identity."
?d_00427c10@@YAXXZ,0x00427C10,"gen-dump placeholder superseded by the real identity of these bytes: ?dup_00427c10@@YAXXZ, byte-verified from Code/GameEngine/Source/Common/Audio/GameAudio.cpp over the same 9-byte range. The Code/gen_asm/d_004171c0.asm dump reproduces those bytes but carries no identity."
?d_00427c20@@YAXXZ,0x00427C20,"gen-dump placeholder superseded by the real identity of these bytes: ?dup_00427c20@@YAXXZ, byte-verified from Code/GameEngine/Source/Common/Audio/GameAudio.cpp over the same 6-byte range. The Code/gen_asm/d_004171c0.asm dump reproduces those bytes but carries no identity."
?d_00427d60@@YAXXZ,0x00427D60,"gen-dump placeholder superseded by the real identity of these bytes: ?dup_00427d60@@YAXXZ, byte-verified from Code/GameEngine/Source/Common/Audio/GameAudio.cpp over the same 13-byte range. The Code/gen_asm/d_004171c0.asm dump reproduces those bytes but carries no identity."
?d_00427d90@@YAXXZ,0x00427D90,"gen-dump placeholder superseded by the real identity of these bytes: ?dup_00427d90@@YAXXZ, byte-verified from Code/GameEngine/Source/Common/Audio/GameAudio.cpp over the same 11-byte range. The Code/gen_asm/d_004171c0.asm dump reproduces those bytes but carries no identity."
?d_00427dc0@@YAXXZ,0x00427DC0,"gen-dump placeholder superseded by the real identity of these bytes: ?dup_00427dc0@@YAXXZ, byte-verified from Code/GameEngine/Source/Common/Audio/GameAudio.cpp over the same 7-byte range. The Code/gen_asm/d_004171c0.asm dump reproduces those bytes but carries no identity."
?d_00427dd0@@YAXXZ,0x00427DD0,"gen-dump placeholder superseded by the real identity of these bytes: ?dup_00427dd0@@YAXXZ, byte-verified from Code/GameEngine/Source/Common/Audio/GameAudio.cpp over the same 13-byte range. The Code/gen_asm/d_004171c0.asm dump reproduces those bytes but carries no identity."
?d_00427e00@@YAXXZ,0x00427E00,"gen-dump placeholder superseded by the real identity of these bytes: ?dup_00427e00@@YAXXZ, byte-verified from Code/GameEngine/Source/Common/Audio/GameAudio.cpp over the same 11-byte range. The Code/gen_asm/d_004171c0.asm dump reproduces those bytes but carries no identity."
?d_00427e90@@YAXXZ,0x00427E90,"gen-dump placeholder superseded by the real identity of these bytes: ?dup_00427e90@@YAXXZ, byte-verified from Code/GameEngine/Source/Common/Audio/GameAudio.cpp over the same 11-byte range. The Code/gen_asm/d_004171c0.asm dump reproduces those bytes but carries no identity."
?d_00427f30@@YAXXZ,0x00427F30,"gen-dump placeholder superseded by the real identity of these bytes: ?dup_00427f30@@YAXXZ, byte-verified from Code/GameEngine/Source/Common/Audio/GameAudio.cpp over the same 7-byte range. The Code/gen_asm/d_004171c0.asm dump reproduces those bytes but carries no identity."
?d_0042e370@@YAXXZ,0x0042E370,"gen-dump placeholder superseded by the real identity of these bytes: ?dup_0042e370@@YAXXZ, byte-verified from Code/GameEngine/Source/Common/Audio/GameAudio.cpp over the same 7-byte range. The Code/gen_asm/d_004171c0.asm dump reproduces those bytes but carries no identity."
?d_0042e8c0@@YAXXZ,0x0042E8C0,"gen-dump placeholder superseded by the real identity of these bytes: ?dup_0042e8c0@@YAXXZ, byte-verified from Code/GameEngine/Source/Common/Audio/GameAudio.cpp over the same 6-byte range. The Code/gen_asm/d_004171c0.asm dump reproduces those bytes but carries no identity."
?d_0042e8d0@@YAXXZ,0x0042E8D0,"gen-dump placeholder superseded by the real identity of these bytes: ?dup_0042e8d0@@YAXXZ, byte-verified from Code/GameEngine/Source/Common/Audio/GameAudio.cpp over the same 9-byte range. The Code/gen_asm/d_004171c0.asm dump reproduces those bytes but carries no identity."
?d_0042e900@@YAXXZ,0x0042E900,"gen-dump placeholder superseded by the real identity of these bytes: ?dup_0042e900@@YAXXZ, byte-verified from Code/GameEngine/Source/Common/Audio/GameAudio.cpp over the same 6-byte range. The Code/gen_asm/d_004171c0.asm dump reproduces those bytes but carries no identity."
?d_0042e910@@YAXXZ,0x0042E910,"gen-dump placeholder superseded by the real identity of these bytes: ?dup_0042e910@@YAXXZ, byte-verified from Code/GameEngine/Source/Common/Audio/GameAudio.cpp over the same 9-byte range. The Code/gen_asm/d_004171c0.asm dump reproduces those bytes but carries no identity."
?d_0042e920@@YAXXZ,0x0042E920,"gen-dump placeholder superseded by the real identity of these bytes: ?dup_0042e920@@YAXXZ, byte-verified from Code/GameEngine/Source/Common/Audio/GameAudio.cpp over the same 13-byte range. The Code/gen_asm/d_004171c0.asm dump reproduces those bytes but carries no identity."
?d_0042e980@@YAXXZ,0x0042E980,"gen-dump placeholder superseded by the real identity of these bytes: ?dup_0042e980@@YAXXZ, byte-verified from Code/GameEngine/Source/Common/Audio/GameAudio.cpp over the same 13-byte range. The Code/gen_asm/d_004171c0.asm dump reproduces those bytes but carries no identity."
?d_0042e9c0@@YAXXZ,0x0042E9C0,"gen-dump placeholder superseded by the real identity of these bytes: ?dup_0042e9c0@@YAXXZ, byte-verified from Code/GameEngine/Source/Common/Audio/GameAudio.cpp over the same 23-byte range. The Code/gen_asm/d_004171c0.asm dump reproduces those bytes but carries no identity."
?d_0042ea20@@YAXXZ,0x0042EA20,"gen-dump placeholder superseded by the real identity of these bytes: ?dup_0042ea20@@YAXXZ, byte-verified from Code/GameEngine/Source/Common/Audio/GameAudio.cpp over the same 18-byte range. The Code/gen_asm/d_004171c0.asm dump reproduces those bytes but carries no identity."
?d_0042ea40@@YAXXZ,0x0042EA40,"gen-dump placeholder superseded by the real identity of these bytes: ?dup_0042ea40@@YAXXZ, byte-verified from Code/GameEngine/Source/Common/Audio/GameAudio.cpp over the same 18-byte range. The Code/gen_asm/d_004171c0.asm dump reproduces those bytes but carries no identity."
?d_0042ea60@@YAXXZ,0x0042EA60,"gen-dump placeholder superseded by the real identity of these bytes: ?dup_0042ea60@@YAXXZ, byte-verified from Code/GameEngine/Source/Common/Audio/GameAudio.cpp over the same 17-byte range. The Code/gen_asm/d_004171c0.asm dump reproduces those bytes but carries no identity."
?d_0042eaf0@@YAXXZ,0x0042EAF0,"gen-dump placeholder superseded by the real identity of these bytes: ?dup_0042eaf0@@YAXXZ, byte-verified from Code/GameEngine/Source/Common/Audio/GameAudio.cpp over the same 29-byte range. The Code/gen_asm/d_004171c0.asm dump reproduces those bytes but carries no identity."
?d_0042eb50@@YAXXZ,0x0042EB50,"gen-dump placeholder superseded by the real identity of these bytes: ?dup_0042eb50@@YAXXZ, byte-verified from Code/GameEngine/Source/Common/Audio/GameAudio.cpp over the same 7-byte range. The Code/gen_asm/d_004171c0.asm dump reproduces those bytes but carries no identity."
?d_0042ec30@@YAXXZ,0x0042EC30,"gen-dump placeholder superseded by the real identity of these bytes: ?dup_0042ec30@@YAXXZ, byte-verified from Code/GameEngine/Source/Common/Audio/GameAudio.cpp over the same 19-byte range. The Code/gen_asm/d_004171c0.asm dump reproduces those bytes but carries no identity."
?d_0042f1e0@@YAXXZ,0x0042F1E0,"gen-dump placeholder superseded by the real identity of these bytes: ?dup_0042f1e0@@YAXXZ, byte-verified from Code/GameEngine/Source/Common/Audio/GameAudio.cpp over the same 13-byte range. The Code/gen_asm/d_004171c0.asm dump reproduces those bytes but carries no identity."
?d_0042f230@@YAXXZ,0x0042F230,"gen-dump placeholder superseded by the real identity of these bytes: ?dup_0042f230@@YAXXZ, byte-verified from Code/GameEngine/Source/Common/Audio/GameAudio.cpp over the same 13-byte range. The Code/gen_asm/d_004171c0.asm dump reproduces those bytes but carries no identity."
?d_0042f250@@YAXXZ,0x0042F250,"gen-dump placeholder superseded by the real identity of these bytes: ?dup_0042f250@@YAXXZ, byte-verified from Code/GameEngine/Source/Common/Audio/GameAudio.cpp over the same 15-byte range. The Code/gen_asm/d_004171c0.asm dump reproduces those bytes but carries no identity."
?d_0042f290@@YAXXZ,0x0042F290,"gen-dump placeholder superseded by the real identity of these bytes: ?dup_0042f290@@YAXXZ, byte-verified from Code/GameEngine/Source/Common/Audio/GameAudio.cpp over the same 11-byte range. The Code/gen_asm/d_004171c0.asm dump reproduces those bytes but carries no identity."
?d_0042f320@@YAXXZ,0x0042F320,"gen-dump placeholder superseded by the real identity of these bytes: ?dup_0042f320@@YAXXZ, byte-verified from Code/GameEngine/Source/Common/Audio/GameAudio.cpp over the same 11-byte range. The Code/gen_asm/d_004171c0.asm dump reproduces those bytes but carries no identity."
?d_0042f330@@YAXXZ,0x0042F330,"gen-dump placeholder superseded by the real identity of these bytes: ?dup_0042f330@@YAXXZ, byte-verified from Code/GameEngine/Source/Common/Audio/GameAudio.cpp over the same 11-byte range. The Code/gen_asm/d_004171c0.asm dump reproduces those bytes but carries no identity."
?d_0042f3c0@@YAXXZ,0x0042F3C0,"gen-dump placeholder superseded by the real identity of these bytes: ?dup_0042f3c0@@YAXXZ, byte-verified from Code/GameEngine/Source/Common/Audio/GameAudio.cpp over the same 18-byte range. The Code/gen_asm/d_004171c0.asm dump reproduces those bytes but carries no identity."
?d_004305e0@@YAXXZ,0x004305E0,"gen-dump placeholder superseded by the real identity of these bytes: ?dup_004305e0@@YAXXZ, byte-verified from Code/GameEngine/Source/Common/Audio/GameAudio.cpp over the same 16-byte range. The Code/gen_asm/d_004171c0.asm dump reproduces those bytes but carries no identity."
?d_004308f0@@YAXXZ,0x004308F0,"gen-dump placeholder superseded by the real identity of these bytes: ?dup_004308f0@@YAXXZ, byte-verified from Code/GameEngine/Source/Common/Audio/GameAudio.cpp over the same 16-byte range. The Code/gen_asm/d_004171c0.asm dump reproduces those bytes but carries no identity."
?d_00430980@@YAXXZ,0x00430980,"gen-dump placeholder superseded by the real identity of these bytes: ?dup_00430980@@YAXXZ, byte-verified from Code/GameEngine/Source/Common/Audio/GameAudio.cpp over the same 15-byte range. The Code/gen_asm/d_004171c0.asm dump reproduces those bytes but carries no identity."
?d_00433c50@@YAXXZ,0x00433C50,"gen-dump placeholder superseded by the real identity of these bytes: ?dup_00433c50@@YAXXZ, byte-verified from Code/GameEngine/Source/Common/Audio/GameAudio.cpp over the same 23-byte range. The Code/gen_asm/d_004171c0.asm dump reproduces those bytes but carries no identity."
?d_00433c70@@YAXXZ,0x00433C70,"gen-dump placeholder superseded by the real identity of these bytes: ?dup_00433c70@@YAXXZ, byte-verified from Code/GameEngine/Source/Common/Audio/GameAudio.cpp over the same 23-byte range. The Code/gen_asm/d_004171c0.asm dump reproduces those bytes but carries no identity."
?d_00433cc0@@YAXXZ,0x00433CC0,"gen-dump placeholder superseded by the real identity of these bytes: ?dup_00433cc0@@YAXXZ, byte-verified from Code/GameEngine/Source/Common/Audio/GameAudio.cpp over the same 29-byte range. The Code/gen_asm/d_004171c0.asm dump reproduces those bytes but carries no identity."
?d_004344a0@@YAXXZ,0x004344A0,"gen-dump placeholder superseded by the real identity of these bytes: ?dup_004344a0@@YAXXZ, byte-verified from Code/GameEngine/Source/Common/Audio/GameAudio.cpp over the same 11-byte range. The Code/gen_asm/d_004171c0.asm dump reproduces those bytes but carries no identity."
?d_00434530@@YAXXZ,0x00434530,"gen-dump placeholder superseded by the real identity of these bytes: ?dup_00434530@@YAXXZ, byte-verified from Code/GameEngine/Source/Common/Audio/GameAudio.cpp over the same 11-byte range. The Code/gen_asm/d_004171c0.asm dump reproduces those bytes but carries no identity."
?d_00434570@@YAXXZ,0x00434570,"gen-dump placeholder superseded by the real identity of these bytes: ?dup_00434570@@YAXXZ, byte-verified from Code/GameEngine/Source/Common/Audio/GameAudio.cpp over the same 17-byte range. The Code/gen_asm/d_004171c0.asm dump reproduces those bytes but carries no identity."
?d_00434de0@@YAXXZ,0x00434DE0,"gen-dump placeholder superseded by the real identity of these bytes: ?dup_00434de0@@YAXXZ, byte-verified from Code/GameEngine/Source/Common/Audio/GameAudio.cpp over the same 15-byte range. The Code/gen_asm/d_004171c0.asm dump reproduces those bytes but carries no identity."
?d_004368d0@@YAXXZ,0x004368D0,"gen-dump placeholder superseded by the real identity of these bytes: ?dup_004368d0@@YAXXZ, byte-verified from Code/GameEngine/Source/Common/Audio/GameAudio.cpp over the same 16-byte range. The Code/gen_asm/d_00436850.asm dump reproduces those bytes but carries no identity."
?d_00438fc0@@YAXXZ,0x00438FC0,"gen-dump placeholder superseded by the real identity of these bytes: ?dup_00438fc0@@YAXXZ, byte-verified from Code/GameEngine/Source/Common/Audio/GameAudio.cpp over the same 6-byte range. The Code/gen_asm/d_00436850.asm dump reproduces those bytes but carries no identity."
?d_00439050@@YAXXZ,0x00439050,"gen-dump placeholder superseded by the real identity of these bytes: ?dup_00439050@@YAXXZ, byte-verified from Code/GameEngine/Source/Common/Audio/GameAudio.cpp over the same 6-byte range. The Code/gen_asm/d_00436850.asm dump reproduces those bytes but carries no identity."
?d_00439060@@YAXXZ,0x00439060,"gen-dump placeholder superseded by the real identity of these bytes: ?dup_00439060@@YAXXZ, byte-verified from Code/GameEngine/Source/Common/Audio/GameAudio.cpp over the same 9-byte range. The Code/gen_asm/d_00436850.asm dump reproduces those bytes but carries no identity."
?d_00439070@@YAXXZ,0x00439070,"gen-dump placeholder superseded by the real identity of these bytes: ?dup_00439070@@YAXXZ, byte-verified from Code/GameEngine/Source/Common/Audio/GameAudio.cpp over the same 11-byte range. The Code/gen_asm/d_00436850.asm dump reproduces those bytes but carries no identity."
?d_00439090@@YAXXZ,0x00439090,"gen-dump placeholder superseded by the real identity of these bytes: ?dup_00439090@@YAXXZ, byte-verified from Code/GameEngine/Source/Common/Audio/GameAudio.cpp over the same 11-byte range. The Code/gen_asm/d_00436850.asm dump reproduces those bytes but carries no identity."
?d_00439120@@YAXXZ,0x00439120,"gen-dump placeholder superseded by the real identity of these bytes: ?dup_00439120@@YAXXZ, byte-verified from Code/GameEngine/Source/Common/Audio/GameAudio.cpp over the same 11-byte range. The Code/gen_asm/d_00436850.asm dump reproduces those bytes but carries no identity."
?d_00439130@@YAXXZ,0x00439130,"gen-dump placeholder superseded by the real identity of these bytes: ?dup_00439130@@YAXXZ, byte-verified from Code/GameEngine/Source/Common/Audio/GameAudio.cpp over the same 9-byte range. The Code/gen_asm/d_00436850.asm dump reproduces those bytes but carries no identity."
?d_00439200@@YAXXZ,0x00439200,"gen-dump placeholder superseded by the real identity of these bytes: ?dup_00439200@@YAXXZ, byte-verified from Code/GameEngine/Source/Common/Audio/GameAudio.cpp over the same 16-byte range. The Code/gen_asm/d_00436850.asm dump reproduces those bytes but carries no identity."
?d_004392f0@@YAXXZ,0x004392F0,"gen-dump placeholder superseded by the real identity of these bytes: ?dup_004392f0@@YAXXZ, byte-verified from Code/GameEngine/Source/Common/Audio/GameAudio.cpp over the same 13-byte range. The Code/gen_asm/d_00436850.asm dump reproduces those bytes but carries no identity."
?d_00439310@@YAXXZ,0x00439310,"gen-dump placeholder superseded by the real identity of these bytes: ?dup_00439310@@YAXXZ, byte-verified from Code/GameEngine/Source/Common/Audio/GameAudio.cpp over the same 13-byte range. The Code/gen_asm/d_00436850.asm dump reproduces those bytes but carries no identity."
?d_0043bd30@@YAXXZ,0x0043BD30,"gen-dump placeholder superseded by the real identity of these bytes: ?dup_0043bd30@@YAXXZ, byte-verified from Code/GameEngine/Source/Common/Audio/GameAudio.cpp over the same 13-byte range. The Code/gen_asm/d_00436850.asm dump reproduces those bytes but carries no identity."
?d_0043bd60@@YAXXZ,0x0043BD60,"gen-dump placeholder superseded by the real identity of these bytes: ?dup_0043bd60@@YAXXZ, byte-verified from Code/GameEngine/Source/Common/Audio/GameAudio.cpp over the same 13-byte range. The Code/gen_asm/d_00436850.asm dump reproduces those bytes but carries no identity."
?d_0043bd90@@YAXXZ,0x0043BD90,"gen-dump placeholder superseded by the real identity of these bytes: ?dup_0043bd90@@YAXXZ, byte-verified from Code/GameEngine/Source/Common/Audio/GameAudio.cpp over the same 13-byte range. The Code/gen_asm/d_00436850.asm dump reproduces those bytes but carries no identity."
?d_0043bdb0@@YAXXZ,0x0043BDB0,"gen-dump placeholder superseded by the real identity of these bytes: ?dup_0043bdb0@@YAXXZ, byte-verified from Code/GameEngine/Source/Common/Audio/GameAudio.cpp over the same 9-byte range. The Code/gen_asm/d_00436850.asm dump reproduces those bytes but carries no identity."
?d_0043bdc0@@YAXXZ,0x0043BDC0,"gen-dump placeholder superseded by the real identity of these bytes: ?dup_0043bdc0@@YAXXZ, byte-verified from Code/GameEngine/Source/Common/Audio/GameAudio.cpp over the same 13-byte range. The Code/gen_asm/d_00436850.asm dump reproduces those bytes but carries no identity."
?d_0043bdf0@@YAXXZ,0x0043BDF0,"gen-dump placeholder superseded by the real identity of these bytes: ?dup_0043bdf0@@YAXXZ, byte-verified from Code/GameEngine/Source/Common/Audio/GameAudio.cpp over the same 13-byte range. The Code/gen_asm/d_00436850.asm dump reproduces those bytes but carries no identity."
?d_0043be10@@YAXXZ,0x0043BE10,"gen-dump placeholder superseded by the real identity of these bytes: ?dup_0043be10@@YAXXZ, byte-verified from Code/GameEngine/Source/Common/Audio/GameAudio.cpp over the same 9-byte range. The Code/gen_asm/d_00436850.asm dump reproduces those bytes but carries no identity."
?d_0043be20@@YAXXZ,0x0043BE20,"gen-dump placeholder superseded by the real identity of these bytes: ?dup_0043be20@@YAXXZ, byte-verified from Code/GameEngine/Source/Common/Audio/GameAudio.cpp over the same 13-byte range. The Code/gen_asm/d_00436850.asm dump reproduces those bytes but carries no identity."
?d_0043be40@@YAXXZ,0x0043BE40,"gen-dump placeholder superseded by the real identity of these bytes: ?dup_0043be40@@YAXXZ, byte-verified from Code/GameEngine/Source/Common/Audio/GameAudio.cpp over the same 9-byte range. The Code/gen_asm/d_00436850.asm dump reproduces those bytes but carries no identity."
?d_0043be50@@YAXXZ,0x0043BE50,"gen-dump placeholder superseded by the real identity of these bytes: ?dup_0043be50@@YAXXZ, byte-verified from Code/GameEngine/Source/Common/Audio/GameAudio.cpp over the same 15-byte range. The Code/gen_asm/d_00436850.asm dump reproduces those bytes but carries no identity."
?d_0043beb0@@YAXXZ,0x0043BEB0,"gen-dump placeholder superseded by the real identity of these bytes: ?dup_0043beb0@@YAXXZ, byte-verified from Code/GameEngine/Source/Common/Audio/GameAudio.cpp over the same 13-byte range. The Code/gen_asm/d_00436850.asm dump reproduces those bytes but carries no identity."
?d_0043bed0@@YAXXZ,0x0043BED0,"gen-dump placeholder superseded by the real identity of these bytes: ?dup_0043bed0@@YAXXZ, byte-verified from Code/GameEngine/Source/Common/Audio/GameAudio.cpp over the same 9-byte range. The Code/gen_asm/d_00436850.asm dump reproduces those bytes but carries no identity."
?d_0043bee0@@YAXXZ,0x0043BEE0,"gen-dump placeholder superseded by the real identity of these bytes: ?dup_0043bee0@@YAXXZ, byte-verified from Code/GameEngine/Source/Common/Audio/GameAudio.cpp over the same 13-byte range. The Code/gen_asm/d_00436850.asm dump reproduces those bytes but carries no identity."
?d_0043bf00@@YAXXZ,0x0043BF00,"gen-dump placeholder superseded by the real identity of these bytes: ?dup_0043bf00@@YAXXZ, byte-verified from Code/GameEngine/Source/Common/Audio/GameAudio.cpp over the same 9-byte range. The Code/gen_asm/d_00436850.asm dump reproduces those bytes but carries no identity."
?d_0043bf20@@YAXXZ,0x0043BF20,"gen-dump placeholder superseded by the real identity of these bytes: ?dup_0043bf20@@YAXXZ, byte-verified from Code/GameEngine/Source/Common/Audio/GameAudio.cpp over the same 13-byte range. The Code/gen_asm/d_00436850.asm dump reproduces those bytes but carries no identity."
?d_0043bf40@@YAXXZ,0x0043BF40,"gen-dump placeholder superseded by the real identity of these bytes: ?dup_0043bf40@@YAXXZ, byte-verified from Code/GameEngine/Source/Common/Audio/GameAudio.cpp over the same 13-byte range. The Code/gen_asm/d_00436850.asm dump reproduces those bytes but carries no identity."
?d_0043bf60@@YAXXZ,0x0043BF60,"gen-dump placeholder superseded by the real identity of these bytes: ?dup_0043bf60@@YAXXZ, byte-verified from Code/GameEngine/Source/Common/Audio/GameAudio.cpp over the same 9-byte range. The Code/gen_asm/d_00436850.asm dump reproduces those bytes but carries no identity."
?d_0043c1b0@@YAXXZ,0x0043C1B0,"gen-dump placeholder superseded by the real identity of these bytes: ?dup_0043c1b0@@YAXXZ, byte-verified from Code/GameEngine/Source/Common/Audio/GameAudio.cpp over the same 11-byte range. The Code/gen_asm/d_00436850.asm dump reproduces those bytes but carries no identity."
?d_0043c1c0@@YAXXZ,0x0043C1C0,"gen-dump placeholder superseded by the real identity of these bytes: ?dup_0043c1c0@@YAXXZ, byte-verified from Code/GameEngine/Source/Common/Audio/GameAudio.cpp over the same 11-byte range. The Code/gen_asm/d_00436850.asm dump reproduces those bytes but carries no identity."
?d_0043c1d0@@YAXXZ,0x0043C1D0,"gen-dump placeholder superseded by the real identity of these bytes: ?dup_0043c1d0@@YAXXZ, byte-verified from Code/GameEngine/Source/Common/Audio/GameAudio.cpp over the same 11-byte range. The Code/gen_asm/d_00436850.asm dump reproduces those bytes but carries no identity."
?d_0043c220@@YAXXZ,0x0043C220,"gen-dump placeholder superseded by the real identity of these bytes: ?dup_0043c220@@YAXXZ, byte-verified from Code/GameEngine/Source/Common/Audio/GameAudio.cpp over the same 11-byte range. The Code/gen_asm/d_00436850.asm dump reproduces those bytes but carries no identity."
?d_0043c230@@YAXXZ,0x0043C230,"gen-dump placeholder superseded by the real identity of these bytes: ?dup_0043c230@@YAXXZ, byte-verified from Code/GameEngine/Source/Common/Audio/GameAudio.cpp over the same 11-byte range. The Code/gen_asm/d_00436850.asm dump reproduces those bytes but carries no identity."
?d_0043c240@@YAXXZ,0x0043C240,"gen-dump placeholder superseded by the real identity of these bytes: ?dup_0043c240@@YAXXZ, byte-verified from Code/GameEngine/Source/Common/Audio/GameAudio.cpp over the same 11-byte range. The Code/gen_asm/d_00436850.asm dump reproduces those bytes but carries no identity."
?d_0043c250@@YAXXZ,0x0043C250,"gen-dump placeholder superseded by the real identity of these bytes: ?dup_0043c250@@YAXXZ, byte-verified from Code/GameEngine/Source/Common/Audio/GameAudio.cpp over the same 6-byte range. The Code/gen_asm/d_00436850.asm dump reproduces those bytes but carries no identity."
?d_0043c260@@YAXXZ,0x0043C260,"gen-dump placeholder superseded by the real identity of these bytes: ?dup_0043c260@@YAXXZ, byte-verified from Code/GameEngine/Source/Common/Audio/GameAudio.cpp over the same 11-byte range. The Code/gen_asm/d_00436850.asm dump reproduces those bytes but carries no identity."
?d_0043c280@@YAXXZ,0x0043C280,"gen-dump placeholder superseded by the real identity of these bytes: ?dup_0043c280@@YAXXZ, byte-verified from Code/GameEngine/Source/Common/Audio/GameAudio.cpp over the same 6-byte range. The Code/gen_asm/d_00436850.asm dump reproduces those bytes but carries no identity."
?d_0043c2a0@@YAXXZ,0x0043C2A0,"gen-dump placeholder superseded by the real identity of these bytes: ?dup_0043c2a0@@YAXXZ, byte-verified from Code/GameEngine/Source/Common/Audio/GameAudio.cpp over the same 7-byte range. The Code/gen_asm/d_00436850.asm dump reproduces those bytes but carries no identity."
?d_0043c4a0@@YAXXZ,0x0043C4A0,"gen-dump placeholder superseded by the real identity of these bytes: ?dup_0043c4a0@@YAXXZ, byte-verified from Code/GameEngine/Source/Common/Audio/GameAudio.cpp over the same 6-byte range. The Code/gen_asm/d_00436850.asm dump reproduces those bytes but carries no identity."
?d_0043c4c0@@YAXXZ,0x0043C4C0,"gen-dump placeholder superseded by the real identity of these bytes: ?dup_0043c4c0@@YAXXZ, byte-verified from Code/GameEngine/Source/Common/Audio/GameAudio.cpp over the same 7-byte range. The Code/gen_asm/d_00436850.asm dump reproduces those bytes but carries no identity."
?d_0043c5b0@@YAXXZ,0x0043C5B0,"gen-dump placeholder superseded by the real identity of these bytes: ?dup_0043c5b0@@YAXXZ, byte-verified from Code/GameEngine/Source/Common/Audio/GameAudio.cpp over the same 11-byte range. The Code/gen_asm/d_00436850.asm dump reproduces those bytes but carries no identity."
?d_0043c5c0@@YAXXZ,0x0043C5C0,"gen-dump placeholder superseded by the real identity of these bytes: ?dup_0043c5c0@@YAXXZ, byte-verified from Code/GameEngine/Source/Common/Audio/GameAudio.cpp over the same 11-byte range. The Code/gen_asm/d_00436850.asm dump reproduces those bytes but carries no identity."
?d_0043c5e0@@YAXXZ,0x0043C5E0,"gen-dump placeholder superseded by the real identity of these bytes: ?dup_0043c5e0@@YAXXZ, byte-verified from Code/GameEngine/Source/Common/Audio/GameAudio.cpp over the same 6-byte range. The Code/gen_asm/d_00436850.asm dump reproduces those bytes but carries no identity."
?d_0043c650@@YAXXZ,0x0043C650,"gen-dump placeholder superseded by the real identity of these bytes: ?dup_0043c650@@YAXXZ, byte-verified from Code/GameEngine/Source/Common/Audio/GameAudio.cpp over the same 11-byte range. The Code/gen_asm/d_00436850.asm dump reproduces those bytes but carries no identity."
?d_0043c660@@YAXXZ,0x0043C660,"gen-dump placeholder superseded by the real identity of these bytes: ?dup_0043c660@@YAXXZ, byte-verified from Code/GameEngine/Source/Common/Audio/GameAudio.cpp over the same 11-byte range. The Code/gen_asm/d_00436850.asm dump reproduces those bytes but carries no identity."
?d_0043c670@@YAXXZ,0x0043C670,"gen-dump placeholder superseded by the real identity of these bytes: ?dup_0043c670@@YAXXZ, byte-verified from Code/GameEngine/Source/Common/Audio/GameAudio.cpp over the same 11-byte range. The Code/gen_asm/d_00436850.asm dump reproduces those bytes but carries no identity."
?d_0043c680@@YAXXZ,0x0043C680,"gen-dump placeholder superseded by the real identity of these bytes: ?dup_0043c680@@YAXXZ, byte-verified from Code/GameEngine/Source/Common/Audio/GameAudio.cpp over the same 11-byte range. The Code/gen_asm/d_00436850.asm dump reproduces those bytes but carries no identity."
?d_0043c8d0@@YAXXZ,0x0043C8D0,"gen-dump placeholder superseded by the real identity of these bytes: ?dup_0043c8d0@@YAXXZ, byte-verified from Code/GameEngine/Source/Common/Audio/GameAudio.cpp over the same 7-byte range. The Code/gen_asm/d_00436850.asm dump reproduces those bytes but carries no identity."
?d_0043c8e0@@YAXXZ,0x0043C8E0,"gen-dump placeholder superseded by the real identity of these bytes: ?dup_0043c8e0@@YAXXZ, byte-verified from Code/GameEngine/Source/Common/Audio/GameAudio.cpp over the same 7-byte range. The Code/gen_asm/d_00436850.asm dump reproduces those bytes but carries no identity."
?d_0043c9b0@@YAXXZ,0x0043C9B0,"gen-dump placeholder superseded by the real identity of these bytes: ?dup_0043c9b0@@YAXXZ, byte-verified from Code/GameEngine/Source/Common/Audio/GameAudio.cpp over the same 17-byte range. The Code/gen_asm/d_00436850.asm dump reproduces those bytes but carries no identity."
?d_0043c9d0@@YAXXZ,0x0043C9D0,"gen-dump placeholder superseded by the real identity of these bytes: ?dup_0043c9d0@@YAXXZ, byte-verified from Code/GameEngine/Source/Common/Audio/GameAudio.cpp over the same 17-byte range. The Code/gen_asm/d_00436850.asm dump reproduces those bytes but carries no identity."
?d_0043c9f0@@YAXXZ,0x0043C9F0,"gen-dump placeholder superseded by the real identity of these bytes: ?dup_0043c9f0@@YAXXZ, byte-verified from Code/GameEngine/Source/Common/Audio/GameAudio.cpp over the same 17-byte range. The Code/gen_asm/d_00436850.asm dump reproduces those bytes but carries no identity."
?d_0043ca10@@YAXXZ,0x0043CA10,"gen-dump placeholder superseded by the real identity of these bytes: ?dup_0043ca10@@YAXXZ, byte-verified from Code/GameEngine/Source/Common/Audio/GameAudio.cpp over the same 17-byte range. The Code/gen_asm/d_00436850.asm dump reproduces those bytes but carries no identity."
?d_0043ca40@@YAXXZ,0x0043CA40,"gen-dump placeholder superseded by the real identity of these bytes: ?dup_0043ca40@@YAXXZ, byte-verified from Code/GameEngine/Source/Common/Audio/GameAudio.cpp over the same 17-byte range. The Code/gen_asm/d_00436850.asm dump reproduces those bytes but carries no identity."
?d_0043cb40@@YAXXZ,0x0043CB40,"gen-dump placeholder superseded by the real identity of these bytes: ?dup_0043cb40@@YAXXZ, byte-verified from Code/GameEngine/Source/Common/Audio/GameAudio.cpp over the same 11-byte range. The Code/gen_asm/d_00436850.asm dump reproduces those bytes but carries no identity."
?d_0043cb70@@YAXXZ,0x0043CB70,"gen-dump placeholder superseded by the real identity of these bytes: ?dup_0043cb70@@YAXXZ, byte-verified from Code/GameEngine/Source/Common/Audio/GameAudio.cpp over the same 7-byte range. The Code/gen_asm/d_00436850.asm dump reproduces those bytes but carries no identity."
?d_0043cb90@@YAXXZ,0x0043CB90,"gen-dump placeholder superseded by the real identity of these bytes: ?dup_0043cb90@@YAXXZ, byte-verified from Code/GameEngine/Source/Common/Audio/GameAudio.cpp over the same 13-byte range. The Code/gen_asm/d_00436850.asm dump reproduces those bytes but carries no identity."
?d_0043cc00@@YAXXZ,0x0043CC00,"gen-dump placeholder superseded by the real identity of these bytes: ?dup_0043cc00@@YAXXZ, byte-verified from Code/GameEngine/Source/Common/Audio/GameAudio.cpp over the same 9-byte range. The Code/gen_asm/d_00436850.asm dump reproduces those bytes but carries no identity."
?d_0043cc10@@YAXXZ,0x0043CC10,"gen-dump placeholder superseded by the real identity of these bytes: ?dup_0043cc10@@YAXXZ, byte-verified from Code/GameEngine/Source/Common/Audio/GameAudio.cpp over the same 9-byte range. The Code/gen_asm/d_00436850.asm dump reproduces those bytes but carries no identity."
?d_0043cc20@@YAXXZ,0x0043CC20,"gen-dump placeholder superseded by the real identity of these bytes: ?dup_0043cc20@@YAXXZ, byte-verified from Code/GameEngine/Source/Common/Audio/GameAudio.cpp over the same 6-byte range. The Code/gen_asm/d_00436850.asm dump reproduces those bytes but carries no identity."
?d_0043cc30@@YAXXZ,0x0043CC30,"gen-dump placeholder superseded by the real identity of these bytes: ?dup_0043cc30@@YAXXZ, byte-verified from Code/GameEngine/Source/Common/Audio/GameAudio.cpp over the same 9-byte range. The Code/gen_asm/d_00436850.asm dump reproduces those bytes but carries no identity."
?d_0043cf70@@YAXXZ,0x0043CF70,"gen-dump placeholder superseded by the real identity of these bytes: ?dup_0043cf70@@YAXXZ, byte-verified from Code/GameEngine/Source/Common/Audio/GameAudio.cpp over the same 13-byte range. The Code/gen_asm/d_00436850.asm dump reproduces those bytes but carries no identity."
?d_0043cfc0@@YAXXZ,0x0043CFC0,"gen-dump placeholder superseded by the real identity of these bytes: ?dup_0043cfc0@@YAXXZ, byte-verified from Code/GameEngine/Source/Common/Audio/GameAudio.cpp over the same 13-byte range. The Code/gen_asm/d_00436850.asm dump reproduces those bytes but carries no identity."
?d_0043d010@@YAXXZ,0x0043D010,"gen-dump placeholder superseded by the real identity of these bytes: ?dup_0043d010@@YAXXZ, byte-verified from Code/GameEngine/Source/Common/Audio/GameAudio.cpp over the same 13-byte range. The Code/gen_asm/d_00436850.asm dump reproduces those bytes but carries no identity."
?d_0043d060@@YAXXZ,0x0043D060,"gen-dump placeholder superseded by the real identity of these bytes: ?dup_0043d060@@YAXXZ, byte-verified from Code/GameEngine/Source/Common/Audio/GameAudio.cpp over the same 13-byte range. The Code/gen_asm/d_00436850.asm dump reproduces those bytes but carries no identity."
?d_0043d080@@YAXXZ,0x0043D080,"gen-dump placeholder superseded by the real identity of these bytes: ?dup_0043d080@@YAXXZ, byte-verified from Code/GameEngine/Source/Common/Audio/GameAudio.cpp over the same 13-byte range. The Code/gen_asm/d_00436850.asm dump reproduces those bytes but carries no identity."
?d_0043d0d0@@YAXXZ,0x0043D0D0,"gen-dump placeholder superseded by the real identity of these bytes: ?dup_0043d0d0@@YAXXZ, byte-verified from Code/GameEngine/Source/Common/Audio/GameAudio.cpp over the same 13-byte range. The Code/gen_asm/d_00436850.asm dump reproduces those bytes but carries no identity."
?d_0043d120@@YAXXZ,0x0043D120,"gen-dump placeholder superseded by the real identity of these bytes: ?dup_0043d120@@YAXXZ, byte-verified from Code/GameEngine/Source/Common/Audio/GameAudio.cpp over the same 13-byte range. The Code/gen_asm/d_00436850.asm dump reproduces those bytes but carries no identity."
?d_0043d180@@YAXXZ,0x0043D180,"gen-dump placeholder superseded by the real identity of these bytes: ?dup_0043d180@@YAXXZ, byte-verified from Code/GameEngine/Source/Common/Audio/GameAudio.cpp over the same 6-byte range. The Code/gen_asm/d_00436850.asm dump reproduces those bytes but carries no identity."
?d_0043d190@@YAXXZ,0x0043D190,"gen-dump placeholder superseded by the real identity of these bytes: ?dup_0043d190@@YAXXZ, byte-verified from Code/GameEngine/Source/Common/Audio/GameAudio.cpp over the same 7-byte range. The Code/gen_asm/d_00436850.asm dump reproduces those bytes but carries no identity."
?d_0043d1c0@@YAXXZ,0x0043D1C0,"gen-dump placeholder superseded by the real identity of these bytes: ?dup_0043d1c0@@YAXXZ, byte-verified from Code/GameEngine/Source/Common/Audio/GameAudio.cpp over the same 11-byte range. The Code/gen_asm/d_00436850.asm dump reproduces those bytes but carries no identity."
?d_0043d1d0@@YAXXZ,0x0043D1D0,"gen-dump placeholder superseded by the real identity of these bytes: ?dup_0043d1d0@@YAXXZ, byte-verified from Code/GameEngine/Source/Common/Audio/GameAudio.cpp over the same 13-byte range. The Code/gen_asm/d_00436850.asm dump reproduces those bytes but carries no identity."
?d_0043d1f0@@YAXXZ,0x0043D1F0,"gen-dump placeholder superseded by the real identity of these bytes: ?dup_0043d1f0@@YAXXZ, byte-verified from Code/GameEngine/Source/Common/Audio/GameAudio.cpp over the same 7-byte range. The Code/gen_asm/d_00436850.asm dump reproduces those bytes but carries no identity."
?d_0043d220@@YAXXZ,0x0043D220,"gen-dump placeholder superseded by the real identity of these bytes: ?dup_0043d220@@YAXXZ, byte-verified from Code/GameEngine/Source/Common/Audio/GameAudio.cpp over the same 11-byte range. The Code/gen_asm/d_00436850.asm dump reproduces those bytes but carries no identity."
?d_0043d230@@YAXXZ,0x0043D230,"gen-dump placeholder superseded by the real identity of these bytes: ?dup_0043d230@@YAXXZ, byte-verified from Code/GameEngine/Source/Common/Audio/GameAudio.cpp over the same 13-byte range. The Code/gen_asm/d_00436850.asm dump reproduces those bytes but carries no identity."
?d_0043d250@@YAXXZ,0x0043D250,"gen-dump placeholder superseded by the real identity of these bytes: ?dup_0043d250@@YAXXZ, byte-verified from Code/GameEngine/Source/Common/Audio/GameAudio.cpp over the same 13-byte range. The Code/gen_asm/d_00436850.asm dump reproduces those bytes but carries no identity."
?d_0043d290@@YAXXZ,0x0043D290,"gen-dump placeholder superseded by the real identity of these bytes: ?dup_0043d290@@YAXXZ, byte-verified from Code/GameEngine/Source/Common/Audio/GameAudio.cpp over the same 11-byte range. The Code/gen_asm/d_00436850.asm dump reproduces those bytes but carries no identity."
?d_0043d380@@YAXXZ,0x0043D380,"gen-dump placeholder superseded by the real identity of these bytes: ?dup_0043d380@@YAXXZ, byte-verified from Code/GameEngine/Source/Common/Audio/GameAudio.cpp over the same 11-byte range. The Code/gen_asm/d_00436850.asm dump reproduces those bytes but carries no identity."
?d_0043d3c0@@YAXXZ,0x0043D3C0,"gen-dump placeholder superseded by the real identity of these bytes: ?dup_0043d3c0@@YAXXZ, byte-verified from Code/GameEngine/Source/Common/Audio/GameAudio.cpp over the same 11-byte range. The Code/gen_asm/d_00436850.asm dump reproduces those bytes but carries no identity."
?d_0043d400@@YAXXZ,0x0043D400,"gen-dump placeholder superseded by the real identity of these bytes: ?dup_0043d400@@YAXXZ, byte-verified from Code/GameEngine/Source/Common/Audio/GameAudio.cpp over the same 11-byte range. The Code/gen_asm/d_00436850.asm dump reproduces those bytes but carries no identity."
?d_0043d410@@YAXXZ,0x0043D410,"gen-dump placeholder superseded by the real identity of these bytes: ?dup_0043d410@@YAXXZ, byte-verified from Code/GameEngine/Source/Common/Audio/GameAudio.cpp over the same 11-byte range. The Code/gen_asm/d_00436850.asm dump reproduces those bytes but carries no identity."
?d_0043d450@@YAXXZ,0x0043D450,"gen-dump placeholder superseded by the real identity of these bytes: ?dup_0043d450@@YAXXZ, byte-verified from Code/GameEngine/Source/Common/Audio/GameAudio.cpp over the same 11-byte range. The Code/gen_asm/d_00436850.asm dump reproduces those bytes but carries no identity."
?d_0043d4b0@@YAXXZ,0x0043D4B0,"gen-dump placeholder superseded by the real identity of these bytes: ?dup_0043d4b0@@YAXXZ, byte-verified from Code/GameEngine/Source/Common/Audio/GameAudio.cpp over the same 11-byte range. The Code/gen_asm/d_00436850.asm dump reproduces those bytes but carries no identity."
?d_0043d520@@YAXXZ,0x0043D520,"gen-dump placeholder superseded by the real identity of these bytes: ?dup_0043d520@@YAXXZ, byte-verified from Code/GameEngine/Source/Common/Audio/GameAudio.cpp over the same 11-byte range. The Code/gen_asm/d_00436850.asm dump reproduces those bytes but carries no identity."
?d_0043d530@@YAXXZ,0x0043D530,"gen-dump placeholder superseded by the real identity of these bytes: ?dup_0043d530@@YAXXZ, byte-verified from Code/GameEngine/Source/Common/Audio/GameAudio.cpp over the same 11-byte range. The Code/gen_asm/d_00436850.asm dump reproduces those bytes but carries no identity."
?d_0043d540@@YAXXZ,0x0043D540,"gen-dump placeholder superseded by the real identity of these bytes: ?dup_0043d540@@YAXXZ, byte-verified from Code/GameEngine/Source/Common/Audio/GameAudio.cpp over the same 7-byte range. The Code/gen_asm/d_00436850.asm dump reproduces those bytes but carries no identity."
?d_0043d550@@YAXXZ,0x0043D550,"gen-dump placeholder superseded by the real identity of these bytes: ?dup_0043d550@@YAXXZ, byte-verified from Code/GameEngine/Source/Common/Audio/GameAudio.cpp over the same 11-byte range. The Code/gen_asm/d_00436850.asm dump reproduces those bytes but carries no identity."
?d_0043d560@@YAXXZ,0x0043D560,"gen-dump placeholder superseded by the real identity of these bytes: ?dup_0043d560@@YAXXZ, byte-verified from Code/GameEngine/Source/Common/Audio/GameAudio.cpp over the same 11-byte range. The Code/gen_asm/d_00436850.asm dump reproduces those bytes but carries no identity."
?d_0043ffc0@@YAXXZ,0x0043FFC0,"gen-dump placeholder superseded by the real identity of these bytes: ?dup_0043ffc0@@YAXXZ, byte-verified from Code/GameEngine/Source/Common/Audio/GameAudio.cpp over the same 11-byte range. The Code/gen_asm/d_00436850.asm dump reproduces those bytes but carries no identity."
?d_0043fff0@@YAXXZ,0x0043FFF0,"gen-dump placeholder superseded by the real identity of these bytes: ?dup_0043fff0@@YAXXZ, byte-verified from Code/GameEngine/Source/Common/Audio/GameAudio.cpp over the same 11-byte range. The Code/gen_asm/d_00436850.asm dump reproduces those bytes but carries no identity."
?d_00440020@@YAXXZ,0x00440020,"gen-dump placeholder superseded by the real identity of these bytes: ?dup_00440020@@YAXXZ, byte-verified from Code/GameEngine/Source/Common/Audio/GameAudio.cpp over the same 11-byte range. The Code/gen_asm/d_00436850.asm dump reproduces those bytes but carries no identity."
?d_0044cc30@@YAXXZ,0x0044CC30,"gen-dump placeholder superseded by the real identity of these bytes: ?dup_0044cc30@@YAXXZ, byte-verified from Code/GameEngine/Source/Common/Audio/GameAudio.cpp over the same 13-byte range. The Code/gen_asm/d_00436850.asm dump reproduces those bytes but carries no identity."
?d_0044cc60@@YAXXZ,0x0044CC60,"gen-dump placeholder superseded by the real identity of these bytes: ?dup_0044cc60@@YAXXZ, byte-verified from Code/GameEngine/Source/Common/Audio/GameAudio.cpp over the same 6-byte range. The Code/gen_asm/d_00436850.asm dump reproduces those bytes but carries no identity."
?d_0044cc80@@YAXXZ,0x0044CC80,"gen-dump placeholder superseded by the real identity of these bytes: ?dup_0044cc80@@YAXXZ, byte-verified from Code/GameEngine/Source/Common/Audio/GameAudio.cpp over the same 7-byte range. The Code/gen_asm/d_00436850.asm dump reproduces those bytes but carries no identity."
?d_0044cca0@@YAXXZ,0x0044CCA0,"gen-dump placeholder superseded by the real identity of these bytes: ?dup_0044cca0@@YAXXZ, byte-verified from Code/GameEngine/Source/Common/Audio/GameAudio.cpp over the same 11-byte range. The Code/gen_asm/d_00436850.asm dump reproduces those bytes but carries no identity."
?d_0044cd00@@YAXXZ,0x0044CD00,"gen-dump placeholder superseded by the real identity of these bytes: ?dup_0044cd00@@YAXXZ, byte-verified from Code/GameEngine/Source/Common/Audio/GameAudio.cpp over the same 7-byte range. The Code/gen_asm/d_00436850.asm dump reproduces those bytes but carries no identity."
?d_0044cde0@@YAXXZ,0x0044CDE0,"gen-dump placeholder superseded by the real identity of these bytes: ?dup_0044cde0@@YAXXZ, byte-verified from Code/GameEngine/Source/Common/Audio/GameAudio.cpp over the same 7-byte range. The Code/gen_asm/d_00436850.asm dump reproduces those bytes but carries no identity."
?d_0044cdf0@@YAXXZ,0x0044CDF0,"gen-dump placeholder superseded by the real identity of these bytes: ?dup_0044cdf0@@YAXXZ, byte-verified from Code/GameEngine/Source/Common/Audio/GameAudio.cpp over the same 11-byte range. The Code/gen_asm/d_00436850.asm dump reproduces those bytes but carries no identity."
?d_0044ce70@@YAXXZ,0x0044CE70,"gen-dump placeholder superseded by the real identity of these bytes: ?dup_0044ce70@@YAXXZ, byte-verified from Code/GameEngine/Source/Common/Audio/GameAudio.cpp over the same 11-byte range. The Code/gen_asm/d_00436850.asm dump reproduces those bytes but carries no identity."
?d_0044d1a0@@YAXXZ,0x0044D1A0,"gen-dump placeholder superseded by the real identity of these bytes: ?dup_0044d1a0@@YAXXZ, byte-verified from Code/GameEngine/Source/Common/Audio/GameAudio.cpp over the same 11-byte range. The Code/gen_asm/d_00436850.asm dump reproduces those bytes but carries no identity."
?d_0044f620@@YAXXZ,0x0044F620,"gen-dump placeholder superseded by the real identity of these bytes: ?dup_0044f620@@YAXXZ, byte-verified from Code/GameEngine/Source/Common/Audio/GameAudio.cpp over the same 11-byte range. The Code/gen_asm/d_00436850.asm dump reproduces those bytes but carries no identity."
?d_0044fc50@@YAXXZ,0x0044FC50,"gen-dump placeholder superseded by the real identity of these bytes: ?dup_0044fc50@@YAXXZ, byte-verified from Code/GameEngine/Source/Common/Audio/GameAudio.cpp over the same 13-byte range. The Code/gen_asm/d_00436850.asm dump reproduces those bytes but carries no identity."
?d_0044fcd0@@YAXXZ,0x0044FCD0,"gen-dump placeholder superseded by the real identity of these bytes: ?dup_0044fcd0@@YAXXZ, byte-verified from Code/GameEngine/Source/Common/Audio/GameAudio.cpp over the same 7-byte range. The Code/gen_asm/d_00436850.asm dump reproduces those bytes but carries no identity."
?d_0044fce0@@YAXXZ,0x0044FCE0,"gen-dump placeholder superseded by the real identity of these bytes: ?dup_0044fce0@@YAXXZ, byte-verified from Code/GameEngine/Source/Common/Audio/GameAudio.cpp over the same 23-byte range. The Code/gen_asm/d_00436850.asm dump reproduces those bytes but carries no identity."
?d_0044fd60@@YAXXZ,0x0044FD60,"gen-dump placeholder superseded by the real identity of these bytes: ?dup_0044fd60@@YAXXZ, byte-verified from Code/GameEngine/Source/Common/Audio/GameAudio.cpp over the same 17-byte range. The Code/gen_asm/d_00436850.asm dump reproduces those bytes but carries no identity."
?d_0044fd80@@YAXXZ,0x0044FD80,"gen-dump placeholder superseded by the real identity of these bytes: ?dup_0044fd80@@YAXXZ, byte-verified from Code/GameEngine/Source/Common/Audio/GameAudio.cpp over the same 29-byte range. The Code/gen_asm/d_00436850.asm dump reproduces those bytes but carries no identity."
?d_00450030@@YAXXZ,0x00450030,"gen-dump placeholder superseded by the real identity of these bytes: ?dup_00450030@@YAXXZ, byte-verified from Code/GameEngine/Source/Common/Audio/GameAudio.cpp over the same 6-byte range. The Code/gen_asm/d_00436850.asm dump reproduces those bytes but carries no identity."
?d_00450060@@YAXXZ,0x00450060,"gen-dump placeholder superseded by the real identity of these bytes: ?dup_00450060@@YAXXZ, byte-verified from Code/GameEngine/Source/Common/Audio/GameAudio.cpp over the same 7-byte range. The Code/gen_asm/d_00436850.asm dump reproduces those bytes but carries no identity."
?d_004500f0@@YAXXZ,0x004500F0,"gen-dump placeholder superseded by the real identity of these bytes: ?dup_004500f0@@YAXXZ, byte-verified from Code/GameEngine/Source/Common/Audio/GameAudio.cpp over the same 11-byte range. The Code/gen_asm/d_00436850.asm dump reproduces those bytes but carries no identity."
?d_00451cd0@@YAXXZ,0x00451CD0,"gen-dump placeholder superseded by the real identity of these bytes: ?dup_00451cd0@@YAXXZ, byte-verified from Code/GameEngine/Source/Common/Audio/GameAudio.cpp over the same 15-byte range. The Code/gen_asm/d_00436850.asm dump reproduces those bytes but carries no identity."
?d_00459a40@@YAXXZ,0x00459A40,"gen-dump placeholder superseded by the real identity of these bytes: ?dup_00459a40@@YAXXZ, byte-verified from Code/GameEngine/Source/Common/Audio/GameAudio.cpp over the same 29-byte range. The Code/gen_asm/d_00436850.asm dump reproduces those bytes but carries no identity."
?d_00459aa0@@YAXXZ,0x00459AA0,"gen-dump placeholder superseded by the real identity of these bytes: ?dup_00459aa0@@YAXXZ, byte-verified from Code/GameEngine/Source/Common/Audio/GameAudio.cpp over the same 29-byte range. The Code/gen_asm/d_00436850.asm dump reproduces those bytes but carries no identity."
?d_0045a9c0@@YAXXZ,0x0045A9C0,"gen-dump placeholder superseded by the real identity of these bytes: ?dup_0045a9c0@@YAXXZ, byte-verified from Code/GameEngine/Source/Common/Audio/GameAudio.cpp over the same 11-byte range. The Code/gen_asm/d_00436850.asm dump reproduces those bytes but carries no identity."
?d_0045ce90@@YAXXZ,0x0045CE90,"gen-dump placeholder superseded by the real identity of these bytes: ?dup_0045ce90@@YAXXZ, byte-verified from Code/GameEngine/Source/Common/Audio/GameAudio.cpp over the same 6-byte range. The Code/gen_asm/d_00436850.asm dump reproduces those bytes but carries no identity."
?d_0045f270@@YAXXZ,0x0045F270,"gen-dump placeholder superseded by the real identity of these bytes: ?dup_0045f270@@YAXXZ, byte-verified from Code/GameEngine/Source/Common/Audio/GameAudio.cpp over the same 11-byte range. The Code/gen_asm/d_0045eb10.asm dump reproduces those bytes but carries no identity."
?d_00465a80@@YAXXZ,0x00465A80,"gen-dump placeholder superseded by the real identity of these bytes: ?dup_00465a80@@YAXXZ, byte-verified from Code/GameEngine/Source/Common/Audio/GameAudio.cpp over the same 18-byte range. The Code/gen_asm/d_0045eb10.asm dump reproduces those bytes but carries no identity."
?d_00465ec0@@YAXXZ,0x00465EC0,"gen-dump placeholder superseded by the real identity of these bytes: ?dup_00465ec0@@YAXXZ, byte-verified from Code/GameEngine/Source/Common/Audio/GameAudio.cpp over the same 19-byte range. The Code/gen_asm/d_0045eb10.asm dump reproduces those bytes but carries no identity."
?d_00466160@@YAXXZ,0x00466160,"gen-dump placeholder superseded by the real identity of these bytes: ?dup_00466160@@YAXXZ, byte-verified from Code/GameEngine/Source/Common/Audio/GameAudio.cpp over the same 11-byte range. The Code/gen_asm/d_0045eb10.asm dump reproduces those bytes but carries no identity."
?d_00466210@@YAXXZ,0x00466210,"gen-dump placeholder superseded by the real identity of these bytes: ?dup_00466210@@YAXXZ, byte-verified from Code/GameEngine/Source/Common/Audio/GameAudio.cpp over the same 18-byte range. The Code/gen_asm/d_0045eb10.asm dump reproduces those bytes but carries no identity."
?d_00466230@@YAXXZ,0x00466230,"gen-dump placeholder superseded by the real identity of these bytes: ?dup_00466230@@YAXXZ, byte-verified from Code/GameEngine/Source/Common/Audio/GameAudio.cpp over the same 18-byte range. The Code/gen_asm/d_0045eb10.asm dump reproduces those bytes but carries no identity."
?d_00466250@@YAXXZ,0x00466250,"gen-dump placeholder superseded by the real identity of these bytes: ?dup_00466250@@YAXXZ, byte-verified from Code/GameEngine/Source/Common/Audio/GameAudio.cpp over the same 18-byte range. The Code/gen_asm/d_0045eb10.asm dump reproduces those bytes but carries no identity."
?d_00466270@@YAXXZ,0x00466270,"gen-dump placeholder superseded by the real identity of these bytes: ?dup_00466270@@YAXXZ, byte-verified from Code/GameEngine/Source/Common/Audio/GameAudio.cpp over the same 18-byte range. The Code/gen_asm/d_0045eb10.asm dump reproduces those bytes but carries no identity."
?d_00466290@@YAXXZ,0x00466290,"gen-dump placeholder superseded by the real identity of these bytes: ?dup_00466290@@YAXXZ, byte-verified from Code/GameEngine/Source/Common/Audio/GameAudio.cpp over the same 18-byte range. The Code/gen_asm/d_0045eb10.asm dump reproduces those bytes but carries no identity."
?d_004662b0@@YAXXZ,0x004662B0,"gen-dump placeholder superseded by the real identity of these bytes: ?dup_004662b0@@YAXXZ, byte-verified from Code/GameEngine/Source/Common/Audio/GameAudio.cpp over the same 18-byte range. The Code/gen_asm/d_0045eb10.asm dump reproduces those bytes but carries no identity."
?d_004662d0@@YAXXZ,0x004662D0,"gen-dump placeholder superseded by the real identity of these bytes: ?dup_004662d0@@YAXXZ, byte-verified from Code/GameEngine/Source/Common/Audio/GameAudio.cpp over the same 18-byte range. The Code/gen_asm/d_0045eb10.asm dump reproduces those bytes but carries no identity."
?d_00466310@@YAXXZ,0x00466310,"gen-dump placeholder superseded by the real identity of these bytes: ?dup_00466310@@YAXXZ, byte-verified from Code/GameEngine/Source/Common/Audio/GameAudio.cpp over the same 22-byte range. The Code/gen_asm/d_0045eb10.asm dump reproduces those bytes but carries no identity."
?d_00466330@@YAXXZ,0x00466330,"gen-dump placeholder superseded by the real identity of these bytes: ?dup_00466330@@YAXXZ, byte-verified from Code/GameEngine/Source/Common/Audio/GameAudio.cpp over the same 22-byte range. The Code/gen_asm/d_0045eb10.asm dump reproduces those bytes but carries no identity."
?d_00466350@@YAXXZ,0x00466350,"gen-dump placeholder superseded by the real identity of these bytes: ?dup_00466350@@YAXXZ, byte-verified from Code/GameEngine/Source/Common/Audio/GameAudio.cpp over the same 18-byte range. The Code/gen_asm/d_0045eb10.asm dump reproduces those bytes but carries no identity."
?d_00466370@@YAXXZ,0x00466370,"gen-dump placeholder superseded by the real identity of these bytes: ?dup_00466370@@YAXXZ, byte-verified from Code/GameEngine/Source/Common/Audio/GameAudio.cpp over the same 22-byte range. The Code/gen_asm/d_0045eb10.asm dump reproduces those bytes but carries no identity."
?d_00466390@@YAXXZ,0x00466390,"gen-dump placeholder superseded by the real identity of these bytes: ?dup_00466390@@YAXXZ, byte-verified from Code/GameEngine/Source/Common/Audio/GameAudio.cpp over the same 18-byte range. The Code/gen_asm/d_0045eb10.asm dump reproduces those bytes but carries no identity."
?d_004663b0@@YAXXZ,0x004663B0,"gen-dump placeholder superseded by the real identity of these bytes: ?dup_004663b0@@YAXXZ, byte-verified from Code/GameEngine/Source/Common/Audio/GameAudio.cpp over the same 22-byte range. The Code/gen_asm/d_0045eb10.asm dump reproduces those bytes but carries no identity."
?d_004663d0@@YAXXZ,0x004663D0,"gen-dump placeholder superseded by the real identity of these bytes: ?dup_004663d0@@YAXXZ, byte-verified from Code/GameEngine/Source/Common/Audio/GameAudio.cpp over the same 18-byte range. The Code/gen_asm/d_0045eb10.asm dump reproduces those bytes but carries no identity."
?d_004663f0@@YAXXZ,0x004663F0,"gen-dump placeholder superseded by the real identity of these bytes: ?dup_004663f0@@YAXXZ, byte-verified from Code/GameEngine/Source/Common/Audio/GameAudio.cpp over the same 18-byte range. The Code/gen_asm/d_0045eb10.asm dump reproduces those bytes but carries no identity."
?d_00466410@@YAXXZ,0x00466410,"gen-dump placeholder superseded by the real identity of these bytes: ?dup_00466410@@YAXXZ, byte-verified from Code/GameEngine/Source/Common/Audio/GameAudio.cpp over the same 18-byte range. The Code/gen_asm/d_0045eb10.asm dump reproduces those bytes but carries no identity."
?d_00466430@@YAXXZ,0x00466430,"gen-dump placeholder superseded by the real identity of these bytes: ?dup_00466430@@YAXXZ, byte-verified from Code/GameEngine/Source/Common/Audio/GameAudio.cpp over the same 18-byte range. The Code/gen_asm/d_0045eb10.asm dump reproduces those bytes but carries no identity."
?d_00466450@@YAXXZ,0x00466450,"gen-dump placeholder superseded by the real identity of these bytes: ?dup_00466450@@YAXXZ, byte-verified from Code/GameEngine/Source/Common/Audio/GameAudio.cpp over the same 18-byte range. The Code/gen_asm/d_0045eb10.asm dump reproduces those bytes but carries no identity."
?d_00466470@@YAXXZ,0x00466470,"gen-dump placeholder superseded by the real identity of these bytes: ?dup_00466470@@YAXXZ, byte-verified from Code/GameEngine/Source/Common/Audio/GameAudio.cpp over the same 18-byte range. The Code/gen_asm/d_0045eb10.asm dump reproduces those bytes but carries no identity."
?d_00466570@@YAXXZ,0x00466570,"gen-dump placeholder superseded by the real identity of these bytes: ?dup_00466570@@YAXXZ, byte-verified from Code/GameEngine/Source/Common/Audio/GameAudio.cpp over the same 17-byte range. The Code/gen_asm/d_0045eb10.asm dump reproduces those bytes but carries no identity."
?d_00466590@@YAXXZ,0x00466590,"gen-dump placeholder superseded by the real identity of these bytes: ?dup_00466590@@YAXXZ, byte-verified from Code/GameEngine/Source/Common/Audio/GameAudio.cpp over the same 7-byte range. The Code/gen_asm/d_0045eb10.asm dump reproduces those bytes but carries no identity."
?d_004665a0@@YAXXZ,0x004665A0,"gen-dump placeholder superseded by the real identity of these bytes: ?dup_004665a0@@YAXXZ, byte-verified from Code/GameEngine/Source/Common/Audio/GameAudio.cpp over the same 7-byte range. The Code/gen_asm/d_0045eb10.asm dump reproduces those bytes but carries no identity."
?d_004665b0@@YAXXZ,0x004665B0,"gen-dump placeholder superseded by the real identity of these bytes: ?dup_004665b0@@YAXXZ, byte-verified from Code/GameEngine/Source/Common/Audio/GameAudio.cpp over the same 7-byte range. The Code/gen_asm/d_0045eb10.asm dump reproduces those bytes but carries no identity."
?d_004665c0@@YAXXZ,0x004665C0,"gen-dump placeholder superseded by the real identity of these bytes: ?dup_004665c0@@YAXXZ, byte-verified from Code/GameEngine/Source/Common/Audio/GameAudio.cpp over the same 7-byte range. The Code/gen_asm/d_0045eb10.asm dump reproduces those bytes but carries no identity."
?d_004665d0@@YAXXZ,0x004665D0,"gen-dump placeholder superseded by the real identity of these bytes: ?dup_004665d0@@YAXXZ, byte-verified from Code/GameEngine/Source/Common/Audio/GameAudio.cpp over the same 7-byte range. The Code/gen_asm/d_0045eb10.asm dump reproduces those bytes but carries no identity."
?d_004665e0@@YAXXZ,0x004665E0,"gen-dump placeholder superseded by the real identity of these bytes: ?dup_004665e0@@YAXXZ, byte-verified from Code/GameEngine/Source/Common/Audio/GameAudio.cpp over the same 7-byte range. The Code/gen_asm/d_0045eb10.asm dump reproduces those bytes but carries no identity."
?d_004665f0@@YAXXZ,0x004665F0,"gen-dump placeholder superseded by the real identity of these bytes: ?dup_004665f0@@YAXXZ, byte-verified from Code/GameEngine/Source/Common/Audio/GameAudio.cpp over the same 7-byte range. The Code/gen_asm/d_0045eb10.asm dump reproduces those bytes but carries no identity."
?d_00466b60@@YAXXZ,0x00466B60,"gen-dump placeholder superseded by the real identity of these bytes: ?dup_00466b60@@YAXXZ, byte-verified from Code/GameEngine/Source/Common/Audio/GameAudio.cpp over the same 11-byte range. The Code/gen_asm/d_0045eb10.asm dump reproduces those bytes but carries no identity."
?d_00466b80@@YAXXZ,0x00466B80,"gen-dump placeholder superseded by the real identity of these bytes: ?dup_00466b80@@YAXXZ, byte-verified from Code/GameEngine/Source/Common/Audio/GameAudio.cpp over the same 11-byte range. The Code/gen_asm/d_0045eb10.asm dump reproduces those bytes but carries no identity."
?d_00466b90@@YAXXZ,0x00466B90,"gen-dump placeholder superseded by the real identity of these bytes: ?dup_00466b90@@YAXXZ, byte-verified from Code/GameEngine/Source/Common/Audio/GameAudio.cpp over the same 11-byte range. The Code/gen_asm/d_0045eb10.asm dump reproduces those bytes but carries no identity."
?d_00466bb0@@YAXXZ,0x00466BB0,"gen-dump placeholder superseded by the real identity of these bytes: ?dup_00466bb0@@YAXXZ, byte-verified from Code/GameEngine/Source/Common/Audio/GameAudio.cpp over the same 11-byte range. The Code/gen_asm/d_0045eb10.asm dump reproduces those bytes but carries no identity."
?d_00466bc0@@YAXXZ,0x00466BC0,"gen-dump placeholder superseded by the real identity of these bytes: ?dup_00466bc0@@YAXXZ, byte-verified from Code/GameEngine/Source/Common/Audio/GameAudio.cpp over the same 11-byte range. The Code/gen_asm/d_0045eb10.asm dump reproduces those bytes but carries no identity."
?d_00466bd0@@YAXXZ,0x00466BD0,"gen-dump placeholder superseded by the real identity of these bytes: ?dup_00466bd0@@YAXXZ, byte-verified from Code/GameEngine/Source/Common/Audio/GameAudio.cpp over the same 11-byte range. The Code/gen_asm/d_0045eb10.asm dump reproduces those bytes but carries no identity."
?d_00466be0@@YAXXZ,0x00466BE0,"gen-dump placeholder superseded by the real identity of these bytes: ?dup_00466be0@@YAXXZ, byte-verified from Code/GameEngine/Source/Common/Audio/GameAudio.cpp over the same 11-byte range. The Code/gen_asm/d_0045eb10.asm dump reproduces those bytes but carries no identity."
?d_00466c00@@YAXXZ,0x00466C00,"gen-dump placeholder superseded by the real identity of these bytes: ?dup_00466c00@@YAXXZ, byte-verified from Code/GameEngine/Source/Common/Audio/GameAudio.cpp over the same 11-byte range. The Code/gen_asm/d_0045eb10.asm dump reproduces those bytes but carries no identity."
?d_00466c10@@YAXXZ,0x00466C10,"gen-dump placeholder superseded by the real identity of these bytes: ?dup_00466c10@@YAXXZ, byte-verified from Code/GameEngine/Source/Common/Audio/GameAudio.cpp over the same 18-byte range. The Code/gen_asm/d_0045eb10.asm dump reproduces those bytes but carries no identity."
?d_00466c30@@YAXXZ,0x00466C30,"gen-dump placeholder superseded by the real identity of these bytes: ?dup_00466c30@@YAXXZ, byte-verified from Code/GameEngine/Source/Common/Audio/GameAudio.cpp over the same 18-byte range. The Code/gen_asm/d_0045eb10.asm dump reproduces those bytes but carries no identity."
?d_00466c50@@YAXXZ,0x00466C50,"gen-dump placeholder superseded by the real identity of these bytes: ?dup_00466c50@@YAXXZ, byte-verified from Code/GameEngine/Source/Common/Audio/GameAudio.cpp over the same 18-byte range. The Code/gen_asm/d_0045eb10.asm dump reproduces those bytes but carries no identity."
?d_00466c70@@YAXXZ,0x00466C70,"gen-dump placeholder superseded by the real identity of these bytes: ?dup_00466c70@@YAXXZ, byte-verified from Code/GameEngine/Source/Common/Audio/GameAudio.cpp over the same 18-byte range. The Code/gen_asm/d_0045eb10.asm dump reproduces those bytes but carries no identity."
?d_00466c90@@YAXXZ,0x00466C90,"gen-dump placeholder superseded by the real identity of these bytes: ?dup_00466c90@@YAXXZ, byte-verified from Code/GameEngine/Source/Common/Audio/GameAudio.cpp over the same 18-byte range. The Code/gen_asm/d_0045eb10.asm dump reproduces those bytes but carries no identity."
?d_00466cb0@@YAXXZ,0x00466CB0,"gen-dump placeholder superseded by the real identity of these bytes: ?dup_00466cb0@@YAXXZ, byte-verified from Code/GameEngine/Source/Common/Audio/GameAudio.cpp over the same 18-byte range. The Code/gen_asm/d_0045eb10.asm dump reproduces those bytes but carries no identity."
?d_00466cd0@@YAXXZ,0x00466CD0,"gen-dump placeholder superseded by the real identity of these bytes: ?dup_00466cd0@@YAXXZ, byte-verified from Code/GameEngine/Source/Common/Audio/GameAudio.cpp over the same 18-byte range. The Code/gen_asm/d_0045eb10.asm dump reproduces those bytes but carries no identity."
?d_00466cf0@@YAXXZ,0x00466CF0,"gen-dump placeholder superseded by the real identity of these bytes: ?dup_00466cf0@@YAXXZ, byte-verified from Code/GameEngine/Source/Common/Audio/GameAudio.cpp over the same 18-byte range. The Code/gen_asm/d_0045eb10.asm dump reproduces those bytes but carries no identity."
?d_00466d10@@YAXXZ,0x00466D10,"gen-dump placeholder superseded by the real identity of these bytes: ?dup_00466d10@@YAXXZ, byte-verified from Code/GameEngine/Source/Common/Audio/GameAudio.cpp over the same 18-byte range. The Code/gen_asm/d_0045eb10.asm dump reproduces those bytes but carries no identity."
?d_004671d0@@YAXXZ,0x004671D0,"gen-dump placeholder superseded by the real identity of these bytes: ?dup_004671d0@@YAXXZ, byte-verified from Code/GameEngine/Source/Common/Audio/GameAudio.cpp over the same 16-byte range. The Code/gen_asm/d_0045eb10.asm dump reproduces those bytes but carries no identity."
?d_004699f0@@YAXXZ,0x004699F0,"gen-dump placeholder superseded by the real identity of these bytes: ?dup_004699f0@@YAXXZ, byte-verified from Code/GameEngine/Source/Common/Audio/GameAudio.cpp over the same 16-byte range. The Code/gen_asm/d_0045eb10.asm dump reproduces those bytes but carries no identity."
?d_004709b0@@YAXXZ,0x004709B0,"gen-dump placeholder superseded by the real identity of these bytes: ?dup_004709b0@@YAXXZ, byte-verified from Code/GameEngine/Source/Common/Audio/GameAudio.cpp over the same 23-byte range. The Code/gen_asm/d_0045eb10.asm dump reproduces those bytes but carries no identity."
?d_004709e0@@YAXXZ,0x004709E0,"gen-dump placeholder superseded by the real identity of these bytes: ?dup_004709e0@@YAXXZ, byte-verified from Code/GameEngine/Source/Common/Audio/GameAudio.cpp over the same 23-byte range. The Code/gen_asm/d_0045eb10.asm dump reproduces those bytes but carries no identity."
?d_00470a20@@YAXXZ,0x00470A20,"gen-dump placeholder superseded by the real identity of these bytes: ?dup_00470a20@@YAXXZ, byte-verified from Code/GameEngine/Source/Common/Audio/GameAudio.cpp over the same 29-byte range. The Code/gen_asm/d_0045eb10.asm dump reproduces those bytes but carries no identity."
?d_00470a50@@YAXXZ,0x00470A50,"gen-dump placeholder superseded by the real identity of these bytes: ?dup_00470a50@@YAXXZ, byte-verified from Code/GameEngine/Source/Common/Audio/GameAudio.cpp over the same 29-byte range. The Code/gen_asm/d_0045eb10.asm dump reproduces those bytes but carries no identity."
?d_00470b50@@YAXXZ,0x00470B50,"gen-dump placeholder superseded by the real identity of these bytes: ?dup_00470b50@@YAXXZ, byte-verified from Code/GameEngine/Source/Common/Audio/GameAudio.cpp over the same 11-byte range. The Code/gen_asm/d_0045eb10.asm dump reproduces those bytes but carries no identity."
?d_00470be0@@YAXXZ,0x00470BE0,"gen-dump placeholder superseded by the real identity of these bytes: ?dup_00470be0@@YAXXZ, byte-verified from Code/GameEngine/Source/Common/Audio/GameAudio.cpp over the same 11-byte range. The Code/gen_asm/d_0045eb10.asm dump reproduces those bytes but carries no identity."
?d_00470c30@@YAXXZ,0x00470C30,"gen-dump placeholder superseded by the real identity of these bytes: ?dup_00470c30@@YAXXZ, byte-verified from Code/GameEngine/Source/Common/Audio/GameAudio.cpp over the same 17-byte range. The Code/gen_asm/d_0045eb10.asm dump reproduces those bytes but carries no identity."
?d_00470c50@@YAXXZ,0x00470C50,"gen-dump placeholder superseded by the real identity of these bytes: ?dup_00470c50@@YAXXZ, byte-verified from Code/GameEngine/Source/Common/Audio/GameAudio.cpp over the same 17-byte range. The Code/gen_asm/d_0045eb10.asm dump reproduces those bytes but carries no identity."
?d_00471250@@YAXXZ,0x00471250,"gen-dump placeholder superseded by the real identity of these bytes: ?dup_00471250@@YAXXZ, byte-verified from Code/GameEngine/Source/Common/Audio/GameAudio.cpp over the same 15-byte range. The Code/gen_asm/d_0045eb10.asm dump reproduces those bytes but carries no identity."
?d_004712b0@@YAXXZ,0x004712B0,"gen-dump placeholder superseded by the real identity of these bytes: ?dup_004712b0@@YAXXZ, byte-verified from Code/GameEngine/Source/Common/Audio/GameAudio.cpp over the same 15-byte range. The Code/gen_asm/d_0045eb10.asm dump reproduces those bytes but carries no identity."
?d_00472710@@YAXXZ,0x00472710,"gen-dump placeholder superseded by the real identity of these bytes: ?dup_00472710@@YAXXZ, byte-verified from Code/GameEngine/Source/Common/Audio/GameAudio.cpp over the same 13-byte range. The Code/gen_asm/d_0045eb10.asm dump reproduces those bytes but carries no identity."
?d_004727a0@@YAXXZ,0x004727A0,"gen-dump placeholder superseded by the real identity of these bytes: ?dup_004727a0@@YAXXZ, byte-verified from Code/GameEngine/Source/Common/Audio/GameAudio.cpp over the same 13-byte range. The Code/gen_asm/d_0045eb10.asm dump reproduces those bytes but carries no identity."
?d_004727e0@@YAXXZ,0x004727E0,"gen-dump placeholder superseded by the real identity of these bytes: ?dup_004727e0@@YAXXZ, byte-verified from Code/GameEngine/Source/Common/Audio/GameAudio.cpp over the same 13-byte range. The Code/gen_asm/d_0045eb10.asm dump reproduces those bytes but carries no identity."
?d_00472820@@YAXXZ,0x00472820,"gen-dump placeholder superseded by the real identity of these bytes: ?dup_00472820@@YAXXZ, byte-verified from Code/GameEngine/Source/Common/Audio/GameAudio.cpp over the same 13-byte range. The Code/gen_asm/d_0045eb10.asm dump reproduces those bytes but carries no identity."
?d_00472860@@YAXXZ,0x00472860,"gen-dump placeholder superseded by the real identity of these bytes: ?dup_00472860@@YAXXZ, byte-verified from Code/GameEngine/Source/Common/Audio/GameAudio.cpp over the same 6-byte range. The Code/gen_asm/d_0045eb10.asm dump reproduces those bytes but carries no identity."
?d_00472880@@YAXXZ,0x00472880,"gen-dump placeholder superseded by the real identity of these bytes: ?dup_00472880@@YAXXZ, byte-verified from Code/GameEngine/Source/Common/Audio/GameAudio.cpp over the same 7-byte range. The Code/gen_asm/d_0045eb10.asm dump reproduces those bytes but carries no identity."
?d_004728b0@@YAXXZ,0x004728B0,"gen-dump placeholder superseded by the real identity of these bytes: ?dup_004728b0@@YAXXZ, byte-verified from Code/GameEngine/Source/Common/Audio/GameAudio.cpp over the same 6-byte range. The Code/gen_asm/d_0045eb10.asm dump reproduces those bytes but carries no identity."
?d_004728d0@@YAXXZ,0x004728D0,"gen-dump placeholder superseded by the real identity of these bytes: ?dup_004728d0@@YAXXZ, byte-verified from Code/GameEngine/Source/Common/Audio/GameAudio.cpp over the same 7-byte range. The Code/gen_asm/d_0045eb10.asm dump reproduces those bytes but carries no identity."
?d_00472900@@YAXXZ,0x00472900,"gen-dump placeholder superseded by the real identity of these bytes: ?dup_00472900@@YAXXZ, byte-verified from Code/GameEngine/Source/Common/Audio/GameAudio.cpp over the same 6-byte range. The Code/gen_asm/d_0045eb10.asm dump reproduces those bytes but carries no identity."
?d_00472920@@YAXXZ,0x00472920,"gen-dump placeholder superseded by the real identity of these bytes: ?dup_00472920@@YAXXZ, byte-verified from Code/GameEngine/Source/Common/Audio/GameAudio.cpp over the same 7-byte range. The Code/gen_asm/d_0045eb10.asm dump reproduces those bytes but carries no identity."
?d_00472940@@YAXXZ,0x00472940,"gen-dump placeholder superseded by the real identity of these bytes: ?dup_00472940@@YAXXZ, byte-verified from Code/GameEngine/Source/Common/Audio/GameAudio.cpp over the same 11-byte range. The Code/gen_asm/d_0045eb10.asm dump reproduces those bytes but carries no identity."
?d_00472950@@YAXXZ,0x00472950,"gen-dump placeholder superseded by the real identity of these bytes: ?dup_00472950@@YAXXZ, byte-verified from Code/GameEngine/Source/Common/Audio/GameAudio.cpp over the same 23-byte range. The Code/gen_asm/d_0045eb10.asm dump reproduces those bytes but carries no identity."
?d_00472970@@YAXXZ,0x00472970,"gen-dump placeholder superseded by the real identity of these bytes: ?dup_00472970@@YAXXZ, byte-verified from Code/GameEngine/Source/Common/Audio/GameAudio.cpp over the same 11-byte range. The Code/gen_asm/d_0045eb10.asm dump reproduces those bytes but carries no identity."
?d_00472980@@YAXXZ,0x00472980,"gen-dump placeholder superseded by the real identity of these bytes: ?dup_00472980@@YAXXZ, byte-verified from Code/GameEngine/Source/Common/Audio/GameAudio.cpp over the same 11-byte range. The Code/gen_asm/d_0045eb10.asm dump reproduces those bytes but carries no identity."
?d_00472990@@YAXXZ,0x00472990,"gen-dump placeholder superseded by the real identity of these bytes: ?dup_00472990@@YAXXZ, byte-verified from Code/GameEngine/Source/Common/Audio/GameAudio.cpp over the same 11-byte range. The Code/gen_asm/d_0045eb10.asm dump reproduces those bytes but carries no identity."
?d_004729e0@@YAXXZ,0x004729E0,"gen-dump placeholder superseded by the real identity of these bytes: ?dup_004729e0@@YAXXZ, byte-verified from Code/GameEngine/Source/Common/Audio/GameAudio.cpp over the same 11-byte range. The Code/gen_asm/d_0045eb10.asm dump reproduces those bytes but carries no identity."
?d_00472ab0@@YAXXZ,0x00472AB0,"gen-dump placeholder superseded by the real identity of these bytes: ?dup_00472ab0@@YAXXZ, byte-verified from Code/GameEngine/Source/Common/Audio/GameAudio.cpp over the same 7-byte range. The Code/gen_asm/d_0045eb10.asm dump reproduces those bytes but carries no identity."
?d_00472ac0@@YAXXZ,0x00472AC0,"gen-dump placeholder superseded by the real identity of these bytes: ?dup_00472ac0@@YAXXZ, byte-verified from Code/GameEngine/Source/Common/Audio/GameAudio.cpp over the same 7-byte range. The Code/gen_asm/d_0045eb10.asm dump reproduces those bytes but carries no identity."
?d_00472ad0@@YAXXZ,0x00472AD0,"gen-dump placeholder superseded by the real identity of these bytes: ?dup_00472ad0@@YAXXZ, byte-verified from Code/GameEngine/Source/Common/Audio/GameAudio.cpp over the same 7-byte range. The Code/gen_asm/d_0045eb10.asm dump reproduces those bytes but carries no identity."
?d_00472ef0@@YAXXZ,0x00472EF0,"gen-dump placeholder superseded by the real identity of these bytes: ?dup_00472ef0@@YAXXZ, byte-verified from Code/GameEngine/Source/Common/Audio/GameAudio.cpp over the same 7-byte range. The Code/gen_asm/d_0045eb10.asm dump reproduces those bytes but carries no identity."
?d_00472f00@@YAXXZ,0x00472F00,"gen-dump placeholder superseded by the real identity of these bytes: ?dup_00472f00@@YAXXZ, byte-verified from Code/GameEngine/Source/Common/Audio/GameAudio.cpp over the same 11-byte range. The Code/gen_asm/d_0045eb10.asm dump reproduces those bytes but carries no identity."
?d_00472f10@@YAXXZ,0x00472F10,"gen-dump placeholder superseded by the real identity of these bytes: ?dup_00472f10@@YAXXZ, byte-verified from Code/GameEngine/Source/Common/Audio/GameAudio.cpp over the same 7-byte range. The Code/gen_asm/d_0045eb10.asm dump reproduces those bytes but carries no identity."
?d_00472f20@@YAXXZ,0x00472F20,"gen-dump placeholder superseded by the real identity of these bytes: ?dup_00472f20@@YAXXZ, byte-verified from Code/GameEngine/Source/Common/Audio/GameAudio.cpp over the same 11-byte range. The Code/gen_asm/d_0045eb10.asm dump reproduces those bytes but carries no identity."
?d_00472f30@@YAXXZ,0x00472F30,"gen-dump placeholder superseded by the real identity of these bytes: ?dup_00472f30@@YAXXZ, byte-verified from Code/GameEngine/Source/Common/Audio/GameAudio.cpp over the same 7-byte range. The Code/gen_asm/d_0045eb10.asm dump reproduces those bytes but carries no identity."
?d_00472f60@@YAXXZ,0x00472F60,"gen-dump placeholder superseded by the real identity of these bytes: ?dup_00472f60@@YAXXZ, byte-verified from Code/GameEngine/Source/Common/Audio/GameAudio.cpp over the same 11-byte range. The Code/gen_asm/d_0045eb10.asm dump reproduces those bytes but carries no identity."
?d_00472f70@@YAXXZ,0x00472F70,"gen-dump placeholder superseded by the real identity of these bytes: ?dup_00472f70@@YAXXZ, byte-verified from Code/GameEngine/Source/Common/Audio/GameAudio.cpp over the same 11-byte range. The Code/gen_asm/d_0045eb10.asm dump reproduces those bytes but carries no identity."
?d_004730a0@@YAXXZ,0x004730A0,"gen-dump placeholder superseded by the real identity of these bytes: ?dup_004730a0@@YAXXZ, byte-verified from Code/GameEngine/Source/Common/Audio/GameAudio.cpp over the same 11-byte range. The Code/gen_asm/d_0045eb10.asm dump reproduces those bytes but carries no identity."
?d_004731d0@@YAXXZ,0x004731D0,"gen-dump placeholder superseded by the real identity of these bytes: ?dup_004731d0@@YAXXZ, byte-verified from Code/GameEngine/Source/Common/Audio/GameAudio.cpp over the same 11-byte range. The Code/gen_asm/d_0045eb10.asm dump reproduces those bytes but carries no identity."
?d_00473200@@YAXXZ,0x00473200,"gen-dump placeholder superseded by the real identity of these bytes: ?dup_00473200@@YAXXZ, byte-verified from Code/GameEngine/Source/Common/Audio/GameAudio.cpp over the same 11-byte range. The Code/gen_asm/d_0045eb10.asm dump reproduces those bytes but carries no identity."
?d_00473250@@YAXXZ,0x00473250,"gen-dump placeholder superseded by the real identity of these bytes: ?dup_00473250@@YAXXZ, byte-verified from Code/GameEngine/Source/Common/Audio/GameAudio.cpp over the same 11-byte range. The Code/gen_asm/d_0045eb10.asm dump reproduces those bytes but carries no identity."
?d_004732a0@@YAXXZ,0x004732A0,"gen-dump placeholder superseded by the real identity of these bytes: ?dup_004732a0@@YAXXZ, byte-verified from Code/GameEngine/Source/Common/Audio/GameAudio.cpp over the same 11-byte range. The Code/gen_asm/d_0045eb10.asm dump reproduces those bytes but carries no identity."
?d_00473620@@YAXXZ,0x00473620,"gen-dump placeholder superseded by the real identity of these bytes: ?dup_00473620@@YAXXZ, byte-verified from Code/GameEngine/Source/Common/Audio/GameAudio.cpp over the same 11-byte range. The Code/gen_asm/d_0045eb10.asm dump reproduces those bytes but carries no identity."
?d_00473630@@YAXXZ,0x00473630,"gen-dump placeholder superseded by the real identity of these bytes: ?dup_00473630@@YAXXZ, byte-verified from Code/GameEngine/Source/Common/Audio/GameAudio.cpp over the same 11-byte range. The Code/gen_asm/d_0045eb10.asm dump reproduces those bytes but carries no identity."
?d_00473660@@YAXXZ,0x00473660,"gen-dump placeholder superseded by the real identity of these bytes: ?dup_00473660@@YAXXZ, byte-verified from Code/GameEngine/Source/Common/Audio/GameAudio.cpp over the same 11-byte range. The Code/gen_asm/d_0045eb10.asm dump reproduces those bytes but carries no identity."
?d_00473670@@YAXXZ,0x00473670,"gen-dump placeholder superseded by the real identity of these bytes: ?dup_00473670@@YAXXZ, byte-verified from Code/GameEngine/Source/Common/Audio/GameAudio.cpp over the same 11-byte range. The Code/gen_asm/d_0045eb10.asm dump reproduces those bytes but carries no identity."
?d_00473780@@YAXXZ,0x00473780,"gen-dump placeholder superseded by the real identity of these bytes: ?dup_00473780@@YAXXZ, byte-verified from Code/GameEngine/Source/Common/Audio/GameAudio.cpp over the same 11-byte range. The Code/gen_asm/d_0045eb10.asm dump reproduces those bytes but carries no identity."
?d_00473ec0@@YAXXZ,0x00473EC0,"gen-dump placeholder superseded by the real identity of these bytes: ?dup_00473ec0@@YAXXZ, byte-verified from Code/GameEngine/Source/Common/Audio/GameAudio.cpp over the same 15-byte range. The Code/gen_asm/d_0045eb10.asm dump reproduces those bytes but carries no identity."
?d_0047d7a0@@YAXXZ,0x0047D7A0,"gen-dump placeholder superseded by the real identity of these bytes: ?dup_0047d7a0@@YAXXZ, byte-verified from Code/GameEngine/Source/Common/Audio/GameAudio.cpp over the same 6-byte range. The Code/gen_asm/d_0047ab00.asm dump reproduces those bytes but carries no identity."
?d_0047d7b0@@YAXXZ,0x0047D7B0,"gen-dump placeholder superseded by the real identity of these bytes: ?dup_0047d7b0@@YAXXZ, byte-verified from Code/GameEngine/Source/Common/Audio/GameAudio.cpp over the same 13-byte range. The Code/gen_asm/d_0047ab00.asm dump reproduces those bytes but carries no identity."
?d_0047d7d0@@YAXXZ,0x0047D7D0,"gen-dump placeholder superseded by the real identity of these bytes: ?dup_0047d7d0@@YAXXZ, byte-verified from Code/GameEngine/Source/Common/Audio/GameAudio.cpp over the same 11-byte range. The Code/gen_asm/d_0047ab00.asm dump reproduces those bytes but carries no identity."
?d_0047d7e0@@YAXXZ,0x0047D7E0,"gen-dump placeholder superseded by the real identity of these bytes: ?dup_0047d7e0@@YAXXZ, byte-verified from Code/GameEngine/Source/Common/Audio/GameAudio.cpp over the same 13-byte range. The Code/gen_asm/d_0047ab00.asm dump reproduces those bytes but carries no identity."
?d_0047d810@@YAXXZ,0x0047D810,"gen-dump placeholder superseded by the real identity of these bytes: ?dup_0047d810@@YAXXZ, byte-verified from Code/GameEngine/Source/Common/Audio/GameAudio.cpp over the same 23-byte range. The Code/gen_asm/d_0047ab00.asm dump reproduces those bytes but carries no identity."
?d_0047d830@@YAXXZ,0x0047D830,"gen-dump placeholder superseded by the real identity of these bytes: ?dup_0047d830@@YAXXZ, byte-verified from Code/GameEngine/Source/Common/Audio/GameAudio.cpp over the same 11-byte range. The Code/gen_asm/d_0047ab00.asm dump reproduces those bytes but carries no identity."
?d_0047d870@@YAXXZ,0x0047D870,"gen-dump placeholder superseded by the real identity of these bytes: ?dup_0047d870@@YAXXZ, byte-verified from Code/GameEngine/Source/Common/Audio/GameAudio.cpp over the same 29-byte range. The Code/gen_asm/d_0047ab00.asm dump reproduces those bytes but carries no identity."
?d_0047d8a0@@YAXXZ,0x0047D8A0,"gen-dump placeholder superseded by the real identity of these bytes: ?dup_0047d8a0@@YAXXZ, byte-verified from Code/GameEngine/Source/Common/Audio/GameAudio.cpp over the same 6-byte range. The Code/gen_asm/d_0047ab00.asm dump reproduces those bytes but carries no identity."
?d_0047d8b0@@YAXXZ,0x0047D8B0,"gen-dump placeholder superseded by the real identity of these bytes: ?dup_0047d8b0@@YAXXZ, byte-verified from Code/GameEngine/Source/Common/Audio/GameAudio.cpp over the same 15-byte range. The Code/gen_asm/d_0047ab00.asm dump reproduces those bytes but carries no identity."
?d_0047d8d0@@YAXXZ,0x0047D8D0,"gen-dump placeholder superseded by the real identity of these bytes: ?dup_0047d8d0@@YAXXZ, byte-verified from Code/GameEngine/Source/Common/Audio/GameAudio.cpp over the same 11-byte range. The Code/gen_asm/d_0047ab00.asm dump reproduces those bytes but carries no identity."
?d_0047d8e0@@YAXXZ,0x0047D8E0,"gen-dump placeholder superseded by the real identity of these bytes: ?dup_0047d8e0@@YAXXZ, byte-verified from Code/GameEngine/Source/Common/Audio/GameAudio.cpp over the same 9-byte range. The Code/gen_asm/d_0047ab00.asm dump reproduces those bytes but carries no identity."
?d_0047e2a0@@YAXXZ,0x0047E2A0,"gen-dump placeholder superseded by the real identity of these bytes: ?dup_0047e2a0@@YAXXZ, byte-verified from Code/GameEngine/Source/Common/Audio/GameAudio.cpp over the same 13-byte range. The Code/gen_asm/d_0047ab00.asm dump reproduces those bytes but carries no identity."
?d_0047e2c0@@YAXXZ,0x0047E2C0,"gen-dump placeholder superseded by the real identity of these bytes: ?dup_0047e2c0@@YAXXZ, byte-verified from Code/GameEngine/Source/Common/Audio/GameAudio.cpp over the same 13-byte range. The Code/gen_asm/d_0047ab00.asm dump reproduces those bytes but carries no identity."
?d_0047e320@@YAXXZ,0x0047E320,"gen-dump placeholder superseded by the real identity of these bytes: ?dup_0047e320@@YAXXZ, byte-verified from Code/GameEngine/Source/Common/Audio/GameAudio.cpp over the same 13-byte range. The Code/gen_asm/d_0047ab00.asm dump reproduces those bytes but carries no identity."
?d_0047e3c0@@YAXXZ,0x0047E3C0,"gen-dump placeholder superseded by the real identity of these bytes: ?dup_0047e3c0@@YAXXZ, byte-verified from Code/GameEngine/Source/Common/Audio/GameAudio.cpp over the same 11-byte range. The Code/gen_asm/d_0047ab00.asm dump reproduces those bytes but carries no identity."
?d_0047e3d0@@YAXXZ,0x0047E3D0,"gen-dump placeholder superseded by the real identity of these bytes: ?dup_0047e3d0@@YAXXZ, byte-verified from Code/GameEngine/Source/Common/Audio/GameAudio.cpp over the same 11-byte range. The Code/gen_asm/d_0047ab00.asm dump reproduces those bytes but carries no identity."
?d_0047e410@@YAXXZ,0x0047E410,"gen-dump placeholder superseded by the real identity of these bytes: ?dup_0047e410@@YAXXZ, byte-verified from Code/GameEngine/Source/Common/Audio/GameAudio.cpp over the same 18-byte range. The Code/gen_asm/d_0047ab00.asm dump reproduces those bytes but carries no identity."
?d_004832c0@@YAXXZ,0x004832C0,"gen-dump placeholder superseded by the real identity of these bytes: ?dup_004832c0@@YAXXZ, byte-verified from Code/GameEngine/Source/Common/Audio/GameAudio.cpp over the same 22-byte range. The Code/gen_asm/d_0047ab00.asm dump reproduces those bytes but carries no identity."
?d_00483580@@YAXXZ,0x00483580,"gen-dump placeholder superseded by the real identity of these bytes: ?dup_00483580@@YAXXZ, byte-verified from Code/GameEngine/Source/Common/Audio/GameAudio.cpp over the same 15-byte range. The Code/gen_asm/d_0047ab00.asm dump reproduces those bytes but carries no identity."
?d_004894c0@@YAXXZ,0x004894C0,"gen-dump placeholder superseded by the real identity of these bytes: ?dup_004894c0@@YAXXZ, byte-verified from Code/GameEngine/Source/Common/Audio/GameAudio.cpp over the same 6-byte range. The Code/gen_asm/d_0047ab00.asm dump reproduces those bytes but carries no identity."
?d_004894d0@@YAXXZ,0x004894D0,"gen-dump placeholder superseded by the real identity of these bytes: ?dup_004894d0@@YAXXZ, byte-verified from Code/GameEngine/Source/Common/Audio/GameAudio.cpp over the same 6-byte range. The Code/gen_asm/d_0047ab00.asm dump reproduces those bytes but carries no identity."
?d_004894e0@@YAXXZ,0x004894E0,"gen-dump placeholder superseded by the real identity of these bytes: ?dup_004894e0@@YAXXZ, byte-verified from Code/GameEngine/Source/Common/Audio/GameAudio.cpp over the same 6-byte range. The Code/gen_asm/d_0047ab00.asm dump reproduces those bytes but carries no identity."
?d_004895a0@@YAXXZ,0x004895A0,"gen-dump placeholder superseded by the real identity of these bytes: ?dup_004895a0@@YAXXZ, byte-verified from Code/GameEngine/Source/Common/Audio/GameAudio.cpp over the same 18-byte range. The Code/gen_asm/d_0047ab00.asm dump reproduces those bytes but carries no identity."
?d_004895d0@@YAXXZ,0x004895D0,"gen-dump placeholder superseded by the real identity of these bytes: ?dup_004895d0@@YAXXZ, byte-verified from Code/GameEngine/Source/Common/Audio/GameAudio.cpp over the same 18-byte range. The Code/gen_asm/d_0047ab00.asm dump reproduces those bytes but carries no identity."
?d_00489640@@YAXXZ,0x00489640,"gen-dump placeholder superseded by the real identity of these bytes: ?dup_00489640@@YAXXZ, byte-verified from Code/GameEngine/Source/Common/Audio/GameAudio.cpp over the same 17-byte range. The Code/gen_asm/d_0047ab00.asm dump reproduces those bytes but carries no identity."
?d_00489660@@YAXXZ,0x00489660,"gen-dump placeholder superseded by the real identity of these bytes: ?dup_00489660@@YAXXZ, byte-verified from Code/GameEngine/Source/Common/Audio/GameAudio.cpp over the same 17-byte range. The Code/gen_asm/d_0047ab00.asm dump reproduces those bytes but carries no identity."
?d_00489680@@YAXXZ,0x00489680,"gen-dump placeholder superseded by the real identity of these bytes: ?dup_00489680@@YAXXZ, byte-verified from Code/GameEngine/Source/Common/Audio/GameAudio.cpp over the same 17-byte range. The Code/gen_asm/d_0047ab00.asm dump reproduces those bytes but carries no identity."
?d_004896a0@@YAXXZ,0x004896A0,"gen-dump placeholder superseded by the real identity of these bytes: ?dup_004896a0@@YAXXZ, byte-verified from Code/GameEngine/Source/Common/Audio/GameAudio.cpp over the same 7-byte range. The Code/gen_asm/d_0047ab00.asm dump reproduces those bytes but carries no identity."
?d_004896c0@@YAXXZ,0x004896C0,"gen-dump placeholder superseded by the real identity of these bytes: ?dup_004896c0@@YAXXZ, byte-verified from Code/GameEngine/Source/Common/Audio/GameAudio.cpp over the same 19-byte range. The Code/gen_asm/d_0047ab00.asm dump reproduces those bytes but carries no identity."
?d_00489710@@YAXXZ,0x00489710,"gen-dump placeholder superseded by the real identity of these bytes: ?dup_00489710@@YAXXZ, byte-verified from Code/GameEngine/Source/Common/Audio/GameAudio.cpp over the same 13-byte range. The Code/gen_asm/d_0047ab00.asm dump reproduces those bytes but carries no identity."
?d_00489740@@YAXXZ,0x00489740,"gen-dump placeholder superseded by the real identity of these bytes: ?dup_00489740@@YAXXZ, byte-verified from Code/GameEngine/Source/Common/Audio/GameAudio.cpp over the same 15-byte range. The Code/gen_asm/d_0047ab00.asm dump reproduces those bytes but carries no identity."
?d_00489760@@YAXXZ,0x00489760,"gen-dump placeholder superseded by the real identity of these bytes: ?dup_00489760@@YAXXZ, byte-verified from Code/GameEngine/Source/Common/Audio/GameAudio.cpp over the same 13-byte range. The Code/gen_asm/d_0047ab00.asm dump reproduces those bytes but carries no identity."
?d_00489820@@YAXXZ,0x00489820,"gen-dump placeholder superseded by the real identity of these bytes: ?dup_00489820@@YAXXZ, byte-verified from Code/GameEngine/Source/Common/Audio/GameAudio.cpp over the same 11-byte range. The Code/gen_asm/d_0047ab00.asm dump reproduces those bytes but carries no identity."
?d_00489830@@YAXXZ,0x00489830,"gen-dump placeholder superseded by the real identity of these bytes: ?dup_00489830@@YAXXZ, byte-verified from Code/GameEngine/Source/Common/Audio/GameAudio.cpp over the same 11-byte range. The Code/gen_asm/d_0047ab00.asm dump reproduces those bytes but carries no identity."
?d_00489840@@YAXXZ,0x00489840,"gen-dump placeholder superseded by the real identity of these bytes: ?dup_00489840@@YAXXZ, byte-verified from Code/GameEngine/Source/Common/Audio/GameAudio.cpp over the same 11-byte range. The Code/gen_asm/d_0047ab00.asm dump reproduces those bytes but carries no identity."
?d_00489870@@YAXXZ,0x00489870,"gen-dump placeholder superseded by the real identity of these bytes: ?dup_00489870@@YAXXZ, byte-verified from Code/GameEngine/Source/Common/Audio/GameAudio.cpp over the same 11-byte range. The Code/gen_asm/d_0047ab00.asm dump reproduces those bytes but carries no identity."
?d_004898c0@@YAXXZ,0x004898C0,"gen-dump placeholder superseded by the real identity of these bytes: ?dup_004898c0@@YAXXZ, byte-verified from Code/GameEngine/Source/Common/Audio/GameAudio.cpp over the same 11-byte range. The Code/gen_asm/d_0047ab00.asm dump reproduces those bytes but carries no identity."
?d_004898d0@@YAXXZ,0x004898D0,"gen-dump placeholder superseded by the real identity of these bytes: ?dup_004898d0@@YAXXZ, byte-verified from Code/GameEngine/Source/Common/Audio/GameAudio.cpp over the same 11-byte range. The Code/gen_asm/d_0047ab00.asm dump reproduces those bytes but carries no identity."
?d_00489920@@YAXXZ,0x00489920,"gen-dump placeholder superseded by the real identity of these bytes: ?dup_00489920@@YAXXZ, byte-verified from Code/GameEngine/Source/Common/Audio/GameAudio.cpp over the same 18-byte range. The Code/gen_asm/d_0047ab00.asm dump reproduces those bytes but carries no identity."
?d_00489940@@YAXXZ,0x00489940,"gen-dump placeholder superseded by the real identity of these bytes: ?dup_00489940@@YAXXZ, byte-verified from Code/GameEngine/Source/Common/Audio/GameAudio.cpp over the same 11-byte range. The Code/gen_asm/d_0047ab00.asm dump reproduces those bytes but carries no identity."
?d_00489c90@@YAXXZ,0x00489C90,"gen-dump placeholder superseded by the real identity of these bytes: ?dup_00489c90@@YAXXZ, byte-verified from Code/GameEngine/Source/Common/Audio/GameAudio.cpp over the same 13-byte range. The Code/gen_asm/d_0047ab00.asm dump reproduces those bytes but carries no identity."
?d_00489cc0@@YAXXZ,0x00489CC0,"gen-dump placeholder superseded by the real identity of these bytes: ?dup_00489cc0@@YAXXZ, byte-verified from Code/GameEngine/Source/Common/Audio/GameAudio.cpp over the same 11-byte range. The Code/gen_asm/d_0047ab00.asm dump reproduces those bytes but carries no identity."
?d_00489d00@@YAXXZ,0x00489D00,"gen-dump placeholder superseded by the real identity of these bytes: ?dup_00489d00@@YAXXZ, byte-verified from Code/GameEngine/Source/Common/Audio/GameAudio.cpp over the same 13-byte range. The Code/gen_asm/d_0047ab00.asm dump reproduces those bytes but carries no identity."
?d_00489df0@@YAXXZ,0x00489DF0,"gen-dump placeholder superseded by the real identity of these bytes: ?dup_00489df0@@YAXXZ, byte-verified from Code/GameEngine/Source/Common/Audio/GameAudio.cpp over the same 16-byte range. The Code/gen_asm/d_0047ab00.asm dump reproduces those bytes but carries no identity."
?d_00489eb0@@YAXXZ,0x00489EB0,"gen-dump placeholder superseded by the real identity of these bytes: ?dup_00489eb0@@YAXXZ, byte-verified from Code/GameEngine/Source/Common/Audio/GameAudio.cpp over the same 11-byte range. The Code/gen_asm/d_0047ab00.asm dump reproduces those bytes but carries no identity."
?d_0048c080@@YAXXZ,0x0048C080,"gen-dump placeholder superseded by the real identity of these bytes: ?dup_0048c080@@YAXXZ, byte-verified from Code/GameEngine/Source/Common/Audio/GameAudio.cpp over the same 6-byte range. The Code/gen_asm/d_0047ab00.asm dump reproduces those bytes but carries no identity."
?d_0048c0d0@@YAXXZ,0x0048C0D0,"gen-dump placeholder superseded by the real identity of these bytes: ?dup_0048c0d0@@YAXXZ, byte-verified from Code/GameEngine/Source/Common/Audio/GameAudio.cpp over the same 13-byte range. The Code/gen_asm/d_0047ab00.asm dump reproduces those bytes but carries no identity."
?d_0048c130@@YAXXZ,0x0048C130,"gen-dump placeholder superseded by the real identity of these bytes: ?dup_0048c130@@YAXXZ, byte-verified from Code/GameEngine/Source/Common/Audio/GameAudio.cpp over the same 11-byte range. The Code/gen_asm/d_0047ab00.asm dump reproduces those bytes but carries no identity."
?d_0048c150@@YAXXZ,0x0048C150,"gen-dump placeholder superseded by the real identity of these bytes: ?dup_0048c150@@YAXXZ, byte-verified from Code/GameEngine/Source/Common/Audio/GameAudio.cpp over the same 11-byte range. The Code/gen_asm/d_0047ab00.asm dump reproduces those bytes but carries no identity."
?d_0048c1e0@@YAXXZ,0x0048C1E0,"gen-dump placeholder superseded by the real identity of these bytes: ?dup_0048c1e0@@YAXXZ, byte-verified from Code/GameEngine/Source/Common/Audio/GameAudio.cpp over the same 17-byte range. The Code/gen_asm/d_0047ab00.asm dump reproduces those bytes but carries no identity."
?d_0048c300@@YAXXZ,0x0048C300,"gen-dump placeholder superseded by the real identity of these bytes: ?dup_0048c300@@YAXXZ, byte-verified from Code/GameEngine/Source/Common/Audio/GameAudio.cpp over the same 13-byte range. The Code/gen_asm/d_0047ab00.asm dump reproduces those bytes but carries no identity."
?d_0048e380@@YAXXZ,0x0048E380,"gen-dump placeholder superseded by the real identity of these bytes: ?dup_0048e380@@YAXXZ, byte-verified from Code/GameEngine/Source/Common/Audio/GameAudio.cpp over the same 11-byte range. The Code/gen_asm/d_0047ab00.asm dump reproduces those bytes but carries no identity."
?d_0048e3b0@@YAXXZ,0x0048E3B0,"gen-dump placeholder superseded by the real identity of these bytes: ?dup_0048e3b0@@YAXXZ, byte-verified from Code/GameEngine/Source/Common/Audio/GameAudio.cpp over the same 19-byte range. The Code/gen_asm/d_0047ab00.asm dump reproduces those bytes but carries no identity."
?d_0048e6d0@@YAXXZ,0x0048E6D0,"gen-dump placeholder superseded by the real identity of these bytes: ?dup_0048e6d0@@YAXXZ, byte-verified from Code/GameEngine/Source/Common/Audio/GameAudio.cpp over the same 23-byte range. The Code/gen_asm/d_0047ab00.asm dump reproduces those bytes but carries no identity."
?d_0048e6f0@@YAXXZ,0x0048E6F0,"gen-dump placeholder superseded by the real identity of these bytes: ?dup_0048e6f0@@YAXXZ, byte-verified from Code/GameEngine/Source/Common/Audio/GameAudio.cpp over the same 23-byte range. The Code/gen_asm/d_0047ab00.asm dump reproduces those bytes but carries no identity."
?d_0048e7e0@@YAXXZ,0x0048E7E0,"gen-dump placeholder superseded by the real identity of these bytes: ?dup_0048e7e0@@YAXXZ, byte-verified from Code/GameEngine/Source/Common/Audio/GameAudio.cpp over the same 17-byte range. The Code/gen_asm/d_0047ab00.asm dump reproduces those bytes but carries no identity."
?d_0048e800@@YAXXZ,0x0048E800,"gen-dump placeholder superseded by the real identity of these bytes: ?dup_0048e800@@YAXXZ, byte-verified from Code/GameEngine/Source/Common/Audio/GameAudio.cpp over the same 17-byte range. The Code/gen_asm/d_0047ab00.asm dump reproduces those bytes but carries no identity."
?d_0048e820@@YAXXZ,0x0048E820,"gen-dump placeholder superseded by the real identity of these bytes: ?dup_0048e820@@YAXXZ, byte-verified from Code/GameEngine/Source/Common/Audio/GameAudio.cpp over the same 29-byte range. The Code/gen_asm/d_0047ab00.asm dump reproduces those bytes but carries no identity."
?d_0048e890@@YAXXZ,0x0048E890,"gen-dump placeholder superseded by the real identity of these bytes: ?dup_0048e890@@YAXXZ, byte-verified from Code/GameEngine/Source/Common/Audio/GameAudio.cpp over the same 29-byte range. The Code/gen_asm/d_0047ab00.asm dump reproduces those bytes but carries no identity."
?d_0048e900@@YAXXZ,0x0048E900,"gen-dump placeholder superseded by the real identity of these bytes: ?dup_0048e900@@YAXXZ, byte-verified from Code/GameEngine/Source/Common/Audio/GameAudio.cpp over the same 11-byte range. The Code/gen_asm/d_0047ab00.asm dump reproduces those bytes but carries no identity."
?d_0048e920@@YAXXZ,0x0048E920,"gen-dump placeholder superseded by the real identity of these bytes: ?dup_0048e920@@YAXXZ, byte-verified from Code/GameEngine/Source/Common/Audio/GameAudio.cpp over the same 11-byte range. The Code/gen_asm/d_0047ab00.asm dump reproduces those bytes but carries no identity."
?d_0048ea80@@YAXXZ,0x0048EA80,"gen-dump placeholder superseded by the real identity of these bytes: ?dup_0048ea80@@YAXXZ, byte-verified from Code/GameEngine/Source/Common/Audio/GameAudio.cpp over the same 11-byte range. The Code/gen_asm/d_0047ab00.asm dump reproduces those bytes but carries no identity."
?d_0048eb10@@YAXXZ,0x0048EB10,"gen-dump placeholder superseded by the real identity of these bytes: ?dup_0048eb10@@YAXXZ, byte-verified from Code/GameEngine/Source/Common/Audio/GameAudio.cpp over the same 11-byte range. The Code/gen_asm/d_0047ab00.asm dump reproduces those bytes but carries no identity."
?d_0048ee60@@YAXXZ,0x0048EE60,"gen-dump placeholder superseded by the real identity of these bytes: ?dup_0048ee60@@YAXXZ, byte-verified from Code/GameEngine/Source/Common/Audio/GameAudio.cpp over the same 15-byte range. The Code/gen_asm/d_0047ab00.asm dump reproduces those bytes but carries no identity."
?d_0048eec0@@YAXXZ,0x0048EEC0,"gen-dump placeholder superseded by the real identity of these bytes: ?dup_0048eec0@@YAXXZ, byte-verified from Code/GameEngine/Source/Common/Audio/GameAudio.cpp over the same 15-byte range. The Code/gen_asm/d_0047ab00.asm dump reproduces those bytes but carries no identity."
?d_00494500@@YAXXZ,0x00494500,"gen-dump placeholder superseded by the real identity of these bytes: ?dup_00494500@@YAXXZ, byte-verified from Code/GameEngine/Source/Common/Audio/GameAudio.cpp over the same 18-byte range. The Code/gen_asm/d_0047ab00.asm dump reproduces those bytes but carries no identity."
?d_00494520@@YAXXZ,0x00494520,"gen-dump placeholder superseded by the real identity of these bytes: ?dup_00494520@@YAXXZ, byte-verified from Code/GameEngine/Source/Common/Audio/GameAudio.cpp over the same 18-byte range. The Code/gen_asm/d_0047ab00.asm dump reproduces those bytes but carries no identity."
?d_00494560@@YAXXZ,0x00494560,"gen-dump placeholder superseded by the real identity of these bytes: ?dup_00494560@@YAXXZ, byte-verified from Code/GameEngine/Source/Common/Audio/GameAudio.cpp over the same 7-byte range. The Code/gen_asm/d_0047ab00.asm dump reproduces those bytes but carries no identity."
?d_004945c0@@YAXXZ,0x004945C0,"gen-dump placeholder superseded by the real identity of these bytes: ?dup_004945c0@@YAXXZ, byte-verified from Code/GameEngine/Source/Common/Audio/GameAudio.cpp over the same 19-byte range. The Code/gen_asm/d_0047ab00.asm dump reproduces those bytes but carries no identity."
?d_00494740@@YAXXZ,0x00494740,"gen-dump placeholder superseded by the real identity of these bytes: ?dup_00494740@@YAXXZ, byte-verified from Code/GameEngine/Source/Common/Audio/GameAudio.cpp over the same 11-byte range. The Code/gen_asm/d_0047ab00.asm dump reproduces those bytes but carries no identity."
?d_00494750@@YAXXZ,0x00494750,"gen-dump placeholder superseded by the real identity of these bytes: ?dup_00494750@@YAXXZ, byte-verified from Code/GameEngine/Source/Common/Audio/GameAudio.cpp over the same 18-byte range. The Code/gen_asm/d_0047ab00.asm dump reproduces those bytes but carries no identity."
?d_00494930@@YAXXZ,0x00494930,"gen-dump placeholder superseded by the real identity of these bytes: ?dup_00494930@@YAXXZ, byte-verified from Code/GameEngine/Source/Common/Audio/GameAudio.cpp over the same 16-byte range. The Code/gen_asm/d_0047ab00.asm dump reproduces those bytes but carries no identity."
?d_00497e10@@YAXXZ,0x00497E10,"gen-dump placeholder superseded by the real identity of these bytes: ?dup_00497e10@@YAXXZ, byte-verified from Code/GameEngine/Source/Common/Audio/GameAudio.cpp over the same 19-byte range. The Code/gen_asm/d_0047ab00.asm dump reproduces those bytes but carries no identity."
?d_00497e90@@YAXXZ,0x00497E90,"gen-dump placeholder superseded by the real identity of these bytes: ?dup_00497e90@@YAXXZ, byte-verified from Code/GameEngine/Source/Common/Audio/GameAudio.cpp over the same 19-byte range. The Code/gen_asm/d_0047ab00.asm dump reproduces those bytes but carries no identity."
?d_00497ec0@@YAXXZ,0x00497EC0,"gen-dump placeholder superseded by the real identity of these bytes: ?dup_00497ec0@@YAXXZ, byte-verified from Code/GameEngine/Source/Common/Audio/GameAudio.cpp over the same 18-byte range. The Code/gen_asm/d_0047ab00.asm dump reproduces those bytes but carries no identity."
?d_00497ee0@@YAXXZ,0x00497EE0,"gen-dump placeholder superseded by the real identity of these bytes: ?dup_00497ee0@@YAXXZ, byte-verified from Code/GameEngine/Source/Common/Audio/GameAudio.cpp over the same 22-byte range. The Code/gen_asm/d_0047ab00.asm dump reproduces those bytes but carries no identity."
?d_00497f00@@YAXXZ,0x00497F00,"gen-dump placeholder superseded by the real identity of these bytes: ?dup_00497f00@@YAXXZ, byte-verified from Code/GameEngine/Source/Common/Audio/GameAudio.cpp over the same 18-byte range. The Code/gen_asm/d_0047ab00.asm dump reproduces those bytes but carries no identity."
?d_00497f40@@YAXXZ,0x00497F40,"gen-dump placeholder superseded by the real identity of these bytes: ?dup_00497f40@@YAXXZ, byte-verified from Code/GameEngine/Source/Common/Audio/GameAudio.cpp over the same 10-byte range. The Code/gen_asm/d_0047ab00.asm dump reproduces those bytes but carries no identity."
?d_00497f50@@YAXXZ,0x00497F50,"gen-dump placeholder superseded by the real identity of these bytes: ?dup_00497f50@@YAXXZ, byte-verified from Code/GameEngine/Source/Common/Audio/GameAudio.cpp over the same 7-byte range. The Code/gen_asm/d_0047ab00.asm dump reproduces those bytes but carries no identity."
?d_00497f90@@YAXXZ,0x00497F90,"gen-dump placeholder superseded by the real identity of these bytes: ?dup_00497f90@@YAXXZ, byte-verified from Code/GameEngine/Source/Common/Audio/GameAudio.cpp over the same 19-byte range. The Code/gen_asm/d_0047ab00.asm dump reproduces those bytes but carries no identity."
?d_00497fb0@@YAXXZ,0x00497FB0,"gen-dump placeholder superseded by the real identity of these bytes: ?dup_00497fb0@@YAXXZ, byte-verified from Code/GameEngine/Source/Common/Audio/GameAudio.cpp over the same 7-byte range. The Code/gen_asm/d_0047ab00.asm dump reproduces those bytes but carries no identity."
?d_00497fe0@@YAXXZ,0x00497FE0,"gen-dump placeholder superseded by the real identity of these bytes: ?dup_00497fe0@@YAXXZ, byte-verified from Code/GameEngine/Source/Common/Audio/GameAudio.cpp over the same 11-byte range. The Code/gen_asm/d_0047ab00.asm dump reproduces those bytes but carries no identity."
?d_00497ff0@@YAXXZ,0x00497FF0,"gen-dump placeholder superseded by the real identity of these bytes: ?dup_00497ff0@@YAXXZ, byte-verified from Code/GameEngine/Source/Common/Audio/GameAudio.cpp over the same 18-byte range. The Code/gen_asm/d_0047ab00.asm dump reproduces those bytes but carries no identity."
?d_00498320@@YAXXZ,0x00498320,"gen-dump placeholder superseded by the real identity of these bytes: ?dup_00498320@@YAXXZ, byte-verified from Code/GameEngine/Source/Common/Audio/GameAudio.cpp over the same 16-byte range. The Code/gen_asm/d_0047ab00.asm dump reproduces those bytes but carries no identity."
?d_00498410@@YAXXZ,0x00498410,"gen-dump placeholder superseded by the real identity of these bytes: ?dup_00498410@@YAXXZ, byte-verified from Code/GameEngine/Source/Common/Audio/GameAudio.cpp over the same 16-byte range. The Code/gen_asm/d_0047ab00.asm dump reproduces those bytes but carries no identity."
?d_00499e40@@YAXXZ,0x00499E40,"gen-dump placeholder superseded by the real identity of these bytes: ?dup_00499e40@@YAXXZ, byte-verified from Code/GameEngine/Source/Common/Audio/GameAudio.cpp over the same 18-byte range. The Code/gen_asm/d_0047ab00.asm dump reproduces those bytes but carries no identity."
?d_00499ea0@@YAXXZ,0x00499EA0,"gen-dump placeholder superseded by the real identity of these bytes: ?dup_00499ea0@@YAXXZ, byte-verified from Code/GameEngine/Source/Common/Audio/GameAudio.cpp over the same 11-byte range. The Code/gen_asm/d_0047ab00.asm dump reproduces those bytes but carries no identity."
?d_0049b310@@YAXXZ,0x0049B310,"gen-dump placeholder superseded by the real identity of these bytes: ?dup_0049b310@@YAXXZ, byte-verified from Code/GameEngine/Source/Common/Audio/GameAudio.cpp over the same 11-byte range. The Code/gen_asm/d_0047ab00.asm dump reproduces those bytes but carries no identity."
?d_0049b820@@YAXXZ,0x0049B820,"gen-dump placeholder superseded by the real identity of these bytes: ?dup_0049b820@@YAXXZ, byte-verified from Code/GameEngine/Source/Common/Audio/GameAudio.cpp over the same 15-byte range. The Code/gen_asm/d_0047ab00.asm dump reproduces those bytes but carries no identity."
?d_0049d510@@YAXXZ,0x0049D510,"gen-dump placeholder superseded by the real identity of these bytes: ?dup_0049d510@@YAXXZ, byte-verified from Code/GameEngine/Source/Common/Audio/GameAudio.cpp over the same 11-byte range. The Code/gen_asm/d_0047ab00.asm dump reproduces those bytes but carries no identity."
?d_0049d570@@YAXXZ,0x0049D570,"gen-dump placeholder superseded by the real identity of these bytes: ?dup_0049d570@@YAXXZ, byte-verified from Code/GameEngine/Source/Common/Audio/GameAudio.cpp over the same 9-byte range. The Code/gen_asm/d_0047ab00.asm dump reproduces those bytes but carries no identity."
?d_004a3ba0@@YAXXZ,0x004A3BA0,"gen-dump placeholder superseded by the real identity of these bytes: ?dup_004a3ba0@@YAXXZ, byte-verified from Code/GameEngine/Source/Common/Audio/GameAudio.cpp over the same 9-byte range. The Code/gen_asm/d_0047ab00.asm dump reproduces those bytes but carries no identity."
?d_004a6630@@YAXXZ,0x004A6630,"gen-dump placeholder superseded by the real identity of these bytes: ?dup_004a6630@@YAXXZ, byte-verified from Code/GameEngine/Source/Common/Audio/GameAudio.cpp over the same 6-byte range. The Code/gen_asm/d_0047ab00.asm dump reproduces those bytes but carries no identity."
?d_004a6660@@YAXXZ,0x004A6660,"gen-dump placeholder superseded by the real identity of these bytes: ?dup_004a6660@@YAXXZ, byte-verified from Code/GameEngine/Source/Common/Audio/GameAudio.cpp over the same 11-byte range. The Code/gen_asm/d_0047ab00.asm dump reproduces those bytes but carries no identity."
?d_004a6690@@YAXXZ,0x004A6690,"gen-dump placeholder superseded by the real identity of these bytes: ?dup_004a6690@@YAXXZ, byte-verified from Code/GameEngine/Source/Common/Audio/GameAudio.cpp over the same 19-byte range. The Code/gen_asm/d_0047ab00.asm dump reproduces those bytes but carries no identity."
?d_004a6720@@YAXXZ,0x004A6720,"gen-dump placeholder superseded by the real identity of these bytes: ?dup_004a6720@@YAXXZ, byte-verified from Code/GameEngine/Source/Common/Audio/GameAudio.cpp over the same 7-byte range. The Code/gen_asm/d_0047ab00.asm dump reproduces those bytes but carries no identity."
?d_004a6740@@YAXXZ,0x004A6740,"gen-dump placeholder superseded by the real identity of these bytes: ?dup_004a6740@@YAXXZ, byte-verified from Code/GameEngine/Source/Common/Audio/GameAudio.cpp over the same 13-byte range. The Code/gen_asm/d_0047ab00.asm dump reproduces those bytes but carries no identity."
?d_004a6770@@YAXXZ,0x004A6770,"gen-dump placeholder superseded by the real identity of these bytes: ?dup_004a6770@@YAXXZ, byte-verified from Code/GameEngine/Source/Common/Audio/GameAudio.cpp over the same 19-byte range. The Code/gen_asm/d_0047ab00.asm dump reproduces those bytes but carries no identity."
?d_004a67b0@@YAXXZ,0x004A67B0,"gen-dump placeholder superseded by the real identity of these bytes: ?dup_004a67b0@@YAXXZ, byte-verified from Code/GameEngine/Source/Common/Audio/GameAudio.cpp over the same 11-byte range. The Code/gen_asm/d_0047ab00.asm dump reproduces those bytes but carries no identity."
?d_004a6830@@YAXXZ,0x004A6830,"gen-dump placeholder superseded by the real identity of these bytes: ?dup_004a6830@@YAXXZ, byte-verified from Code/GameEngine/Source/Common/Audio/GameAudio.cpp over the same 11-byte range. The Code/gen_asm/d_0047ab00.asm dump reproduces those bytes but carries no identity."
?d_004a69c0@@YAXXZ,0x004A69C0,"gen-dump placeholder superseded by the real identity of these bytes: ?dup_004a69c0@@YAXXZ, byte-verified from Code/GameEngine/Source/Common/Audio/GameAudio.cpp over the same 11-byte range. The Code/gen_asm/d_0047ab00.asm dump reproduces those bytes but carries no identity."
?d_004aad40@@YAXXZ,0x004AAD40,"gen-dump placeholder superseded by the real identity of these bytes: ?dup_004aad40@@YAXXZ, byte-verified from Code/GameEngine/Source/Common/Audio/GameAudio.cpp over the same 6-byte range. The Code/gen_asm/d_0047ab00.asm dump reproduces those bytes but carries no identity."
?d_004aad90@@YAXXZ,0x004AAD90,"gen-dump placeholder superseded by the real identity of these bytes: ?dup_004aad90@@YAXXZ, byte-verified from Code/GameEngine/Source/Common/Audio/GameAudio.cpp over the same 17-byte range. The Code/gen_asm/d_0047ab00.asm dump reproduces those bytes but carries no identity."
?d_004aadb0@@YAXXZ,0x004AADB0,"gen-dump placeholder superseded by the real identity of these bytes: ?dup_004aadb0@@YAXXZ, byte-verified from Code/GameEngine/Source/Common/Audio/GameAudio.cpp over the same 13-byte range. The Code/gen_asm/d_0047ab00.asm dump reproduces those bytes but carries no identity."
?d_004aae20@@YAXXZ,0x004AAE20,"gen-dump placeholder superseded by the real identity of these bytes: ?dup_004aae20@@YAXXZ, byte-verified from Code/GameEngine/Source/Common/Audio/GameAudio.cpp over the same 11-byte range. The Code/gen_asm/d_0047ab00.asm dump reproduces those bytes but carries no identity."
?d_004aae40@@YAXXZ,0x004AAE40,"gen-dump placeholder superseded by the real identity of these bytes: ?dup_004aae40@@YAXXZ, byte-verified from Code/GameEngine/Source/Common/Audio/GameAudio.cpp over the same 11-byte range. The Code/gen_asm/d_0047ab00.asm dump reproduces those bytes but carries no identity."
?d_004aafb0@@YAXXZ,0x004AAFB0,"gen-dump placeholder superseded by the real identity of these bytes: ?dup_004aafb0@@YAXXZ, byte-verified from Code/GameEngine/Source/Common/Audio/GameAudio.cpp over the same 13-byte range. The Code/gen_asm/d_0047ab00.asm dump reproduces those bytes but carries no identity."
?d_004ab920@@YAXXZ,0x004AB920,"gen-dump placeholder superseded by the real identity of these bytes: ?dup_004ab920@@YAXXZ, byte-verified from Code/GameEngine/Source/Common/Audio/GameAudio.cpp over the same 6-byte range. The Code/gen_asm/d_0047ab00.asm dump reproduces those bytes but carries no identity."
?d_004ab930@@YAXXZ,0x004AB930,"gen-dump placeholder superseded by the real identity of these bytes: ?dup_004ab930@@YAXXZ, byte-verified from Code/GameEngine/Source/Common/Audio/GameAudio.cpp over the same 6-byte range. The Code/gen_asm/d_0047ab00.asm dump reproduces those bytes but carries no identity."
?d_004ab940@@YAXXZ,0x004AB940,"gen-dump placeholder superseded by the real identity of these bytes: ?dup_004ab940@@YAXXZ, byte-verified from Code/GameEngine/Source/Common/Audio/GameAudio.cpp over the same 6-byte range. The Code/gen_asm/d_0047ab00.asm dump reproduces those bytes but carries no identity."
?d_004ab9e0@@YAXXZ,0x004AB9E0,"gen-dump placeholder superseded by the real identity of these bytes: ?dup_004ab9e0@@YAXXZ, byte-verified from Code/GameEngine/Source/Common/Audio/GameAudio.cpp over the same 17-byte range. The Code/gen_asm/d_0047ab00.asm dump reproduces those bytes but carries no identity."
?d_004aba00@@YAXXZ,0x004ABA00,"gen-dump placeholder superseded by the real identity of these bytes: ?dup_004aba00@@YAXXZ, byte-verified from Code/GameEngine/Source/Common/Audio/GameAudio.cpp over the same 17-byte range. The Code/gen_asm/d_0047ab00.asm dump reproduces those bytes but carries no identity."
?d_004aba20@@YAXXZ,0x004ABA20,"gen-dump placeholder superseded by the real identity of these bytes: ?dup_004aba20@@YAXXZ, byte-verified from Code/GameEngine/Source/Common/Audio/GameAudio.cpp over the same 17-byte range. The Code/gen_asm/d_0047ab00.asm dump reproduces those bytes but carries no identity."
?d_004aba70@@YAXXZ,0x004ABA70,"gen-dump placeholder superseded by the real identity of these bytes: ?dup_004aba70@@YAXXZ, byte-verified from Code/GameEngine/Source/Common/Audio/GameAudio.cpp over the same 9-byte range. The Code/gen_asm/d_0047ab00.asm dump reproduces those bytes but carries no identity."
?d_004ac9d0@@YAXXZ,0x004AC9D0,"gen-dump placeholder superseded by the real identity of these bytes: ?dup_004ac9d0@@YAXXZ, byte-verified from Code/GameEngine/Source/Common/Audio/GameAudio.cpp over the same 11-byte range. The Code/gen_asm/d_0047ab00.asm dump reproduces those bytes but carries no identity."
?d_004ac9e0@@YAXXZ,0x004AC9E0,"gen-dump placeholder superseded by the real identity of these bytes: ?dup_004ac9e0@@YAXXZ, byte-verified from Code/GameEngine/Source/Common/Audio/GameAudio.cpp over the same 13-byte range. The Code/gen_asm/d_0047ab00.asm dump reproduces those bytes but carries no identity."
?d_004aca00@@YAXXZ,0x004ACA00,"gen-dump placeholder superseded by the real identity of these bytes: ?dup_004aca00@@YAXXZ, byte-verified from Code/GameEngine/Source/Common/Audio/GameAudio.cpp over the same 13-byte range. The Code/gen_asm/d_0047ab00.asm dump reproduces those bytes but carries no identity."
?d_004aca20@@YAXXZ,0x004ACA20,"gen-dump placeholder superseded by the real identity of these bytes: ?dup_004aca20@@YAXXZ, byte-verified from Code/GameEngine/Source/Common/Audio/GameAudio.cpp over the same 13-byte range. The Code/gen_asm/d_0047ab00.asm dump reproduces those bytes but carries no identity."
?d_004aca60@@YAXXZ,0x004ACA60,"gen-dump placeholder superseded by the real identity of these bytes: ?dup_004aca60@@YAXXZ, byte-verified from Code/GameEngine/Source/Common/Audio/GameAudio.cpp over the same 11-byte range. The Code/gen_asm/d_0047ab00.asm dump reproduces those bytes but carries no identity."
?d_004acaf0@@YAXXZ,0x004ACAF0,"gen-dump placeholder superseded by the real identity of these bytes: ?dup_004acaf0@@YAXXZ, byte-verified from Code/GameEngine/Source/Common/Audio/GameAudio.cpp over the same 11-byte range. The Code/gen_asm/d_0047ab00.asm dump reproduces those bytes but carries no identity."
?d_004acb80@@YAXXZ,0x004ACB80,"gen-dump placeholder superseded by the real identity of these bytes: ?dup_004acb80@@YAXXZ, byte-verified from Code/GameEngine/Source/Common/Audio/GameAudio.cpp over the same 11-byte range. The Code/gen_asm/d_0047ab00.asm dump reproduces those bytes but carries no identity."
?d_004acc10@@YAXXZ,0x004ACC10,"gen-dump placeholder superseded by the real identity of these bytes: ?dup_004acc10@@YAXXZ, byte-verified from Code/GameEngine/Source/Common/Audio/GameAudio.cpp over the same 11-byte range. The Code/gen_asm/d_0047ab00.asm dump reproduces those bytes but carries no identity."
?d_004acee0@@YAXXZ,0x004ACEE0,"gen-dump placeholder superseded by the real identity of these bytes: ?dup_004acee0@@YAXXZ, byte-verified from Code/GameEngine/Source/Common/Audio/GameAudio.cpp over the same 13-byte range. The Code/gen_asm/d_0047ab00.asm dump reproduces those bytes but carries no identity."
?d_004acf00@@YAXXZ,0x004ACF00,"gen-dump placeholder superseded by the real identity of these bytes: ?dup_004acf00@@YAXXZ, byte-verified from Code/GameEngine/Source/Common/Audio/GameAudio.cpp over the same 13-byte range. The Code/gen_asm/d_0047ab00.asm dump reproduces those bytes but carries no identity."
?d_004acf20@@YAXXZ,0x004ACF20,"gen-dump placeholder superseded by the real identity of these bytes: ?dup_004acf20@@YAXXZ, byte-verified from Code/GameEngine/Source/Common/Audio/GameAudio.cpp over the same 13-byte range. The Code/gen_asm/d_0047ab00.asm dump reproduces those bytes but carries no identity."
?d_004acf40@@YAXXZ,0x004ACF40,"gen-dump placeholder superseded by the real identity of these bytes: ?dup_004acf40@@YAXXZ, byte-verified from Code/GameEngine/Source/Common/Audio/GameAudio.cpp over the same 15-byte range. The Code/gen_asm/d_0047ab00.asm dump reproduces those bytes but carries no identity."
?d_004acf60@@YAXXZ,0x004ACF60,"gen-dump placeholder superseded by the real identity of these bytes: ?dup_004acf60@@YAXXZ, byte-verified from Code/GameEngine/Source/Common/Audio/GameAudio.cpp over the same 15-byte range. The Code/gen_asm/d_0047ab00.asm dump reproduces those bytes but carries no identity."
?d_004acf80@@YAXXZ,0x004ACF80,"gen-dump placeholder superseded by the real identity of these bytes: ?dup_004acf80@@YAXXZ, byte-verified from Code/GameEngine/Source/Common/Audio/GameAudio.cpp over the same 15-byte range. The Code/gen_asm/d_0047ab00.asm dump reproduces those bytes but carries no identity."
?d_004ad0e0@@YAXXZ,0x004AD0E0,"gen-dump placeholder superseded by the real identity of these bytes: ?dup_004ad0e0@@YAXXZ, byte-verified from Code/GameEngine/Source/Common/Audio/GameAudio.cpp over the same 13-byte range. The Code/gen_asm/d_0047ab00.asm dump reproduces those bytes but carries no identity."
?d_004afb40@@YAXXZ,0x004AFB40,"gen-dump placeholder superseded by the real identity of these bytes: ?dup_004afb40@@YAXXZ, byte-verified from Code/GameEngine/Source/Common/Audio/GameAudio.cpp over the same 19-byte range. The Code/gen_asm/d_004ad980.asm dump reproduces those bytes but carries no identity."
?d_004afb60@@YAXXZ,0x004AFB60,"gen-dump placeholder superseded by the real identity of these bytes: ?dup_004afb60@@YAXXZ, byte-verified from Code/GameEngine/Source/Common/Audio/GameAudio.cpp over the same 13-byte range. The Code/gen_asm/d_004ad980.asm dump reproduces those bytes but carries no identity."
?d_004afba0@@YAXXZ,0x004AFBA0,"gen-dump placeholder superseded by the real identity of these bytes: ?dup_004afba0@@YAXXZ, byte-verified from Code/GameEngine/Source/Common/Audio/GameAudio.cpp over the same 6-byte range. The Code/gen_asm/d_004ad980.asm dump reproduces those bytes but carries no identity."
?d_004afbc0@@YAXXZ,0x004AFBC0,"gen-dump placeholder superseded by the real identity of these bytes: ?dup_004afbc0@@YAXXZ, byte-verified from Code/GameEngine/Source/Common/Audio/GameAudio.cpp over the same 7-byte range. The Code/gen_asm/d_004ad980.asm dump reproduces those bytes but carries no identity."
?d_004afbe0@@YAXXZ,0x004AFBE0,"gen-dump placeholder superseded by the real identity of these bytes: ?dup_004afbe0@@YAXXZ, byte-verified from Code/GameEngine/Source/Common/Audio/GameAudio.cpp over the same 11-byte range. The Code/gen_asm/d_004ad980.asm dump reproduces those bytes but carries no identity."
?d_004afcb0@@YAXXZ,0x004AFCB0,"gen-dump placeholder superseded by the real identity of these bytes: ?dup_004afcb0@@YAXXZ, byte-verified from Code/GameEngine/Source/Common/Audio/GameAudio.cpp over the same 7-byte range. The Code/gen_asm/d_004ad980.asm dump reproduces those bytes but carries no identity."
?d_004afd30@@YAXXZ,0x004AFD30,"gen-dump placeholder superseded by the real identity of these bytes: ?dup_004afd30@@YAXXZ, byte-verified from Code/GameEngine/Source/Common/Audio/GameAudio.cpp over the same 11-byte range. The Code/gen_asm/d_004ad980.asm dump reproduces those bytes but carries no identity."
?d_004afe60@@YAXXZ,0x004AFE60,"gen-dump placeholder superseded by the real identity of these bytes: ?dup_004afe60@@YAXXZ, byte-verified from Code/GameEngine/Source/Common/Audio/GameAudio.cpp over the same 19-byte range. The Code/gen_asm/d_004ad980.asm dump reproduces those bytes but carries no identity."
?d_004aff90@@YAXXZ,0x004AFF90,"gen-dump placeholder superseded by the real identity of these bytes: ?dup_004aff90@@YAXXZ, byte-verified from Code/GameEngine/Source/Common/Audio/GameAudio.cpp over the same 7-byte range. The Code/gen_asm/d_004ad980.asm dump reproduces those bytes but carries no identity."
?d_004affa0@@YAXXZ,0x004AFFA0,"gen-dump placeholder superseded by the real identity of these bytes: ?dup_004affa0@@YAXXZ, byte-verified from Code/GameEngine/Source/Common/Audio/GameAudio.cpp over the same 11-byte range. The Code/gen_asm/d_004ad980.asm dump reproduces those bytes but carries no identity."
?d_004b0040@@YAXXZ,0x004B0040,"gen-dump placeholder superseded by the real identity of these bytes: ?dup_004b0040@@YAXXZ, byte-verified from Code/GameEngine/Source/Common/Audio/GameAudio.cpp over the same 11-byte range. The Code/gen_asm/d_004ad980.asm dump reproduces those bytes but carries no identity."
?d_004b0410@@YAXXZ,0x004B0410,"gen-dump placeholder superseded by the real identity of these bytes: ?dup_004b0410@@YAXXZ, byte-verified from Code/GameEngine/Source/Common/Audio/GameAudio.cpp over the same 11-byte range. The Code/gen_asm/d_004ad980.asm dump reproduces those bytes but carries no identity."
?d_004b5a90@@YAXXZ,0x004B5A90,"gen-dump placeholder superseded by the real identity of these bytes: ?dup_004b5a90@@YAXXZ, byte-verified from Code/GameEngine/Source/Common/Audio/GameAudio.cpp over the same 13-byte range. The Code/gen_asm/d_004ad980.asm dump reproduces those bytes but carries no identity."
?d_004c1290@@YAXXZ,0x004C1290,"gen-dump placeholder superseded by the real identity of these bytes: ?dup_004c1290@@YAXXZ, byte-verified from Code/GameEngine/Source/Common/Audio/GameAudio.cpp over the same 18-byte range. The Code/gen_asm/d_004ad980.asm dump reproduces those bytes but carries no identity."
?d_004d3fb0@@YAXXZ,0x004D3FB0,"gen-dump placeholder superseded by the real identity of these bytes: ?dup_004d3fb0@@YAXXZ, byte-verified from Code/GameEngine/Source/Common/Audio/GameAudio.cpp over the same 6-byte range. The Code/gen_asm/d_004ce980.asm dump reproduces those bytes but carries no identity."
?d_004d40b0@@YAXXZ,0x004D40B0,"gen-dump placeholder superseded by the real identity of these bytes: ?dup_004d40b0@@YAXXZ, byte-verified from Code/GameEngine/Source/Common/Audio/GameAudio.cpp over the same 6-byte range. The Code/gen_asm/d_004ce980.asm dump reproduces those bytes but carries no identity."
?d_004d40e0@@YAXXZ,0x004D40E0,"gen-dump placeholder superseded by the real identity of these bytes: ?dup_004d40e0@@YAXXZ, byte-verified from Code/GameEngine/Source/Common/Audio/GameAudio.cpp over the same 11-byte range. The Code/gen_asm/d_004ce980.asm dump reproduces those bytes but carries no identity."
?d_004d40f0@@YAXXZ,0x004D40F0,"gen-dump placeholder superseded by the real identity of these bytes: ?dup_004d40f0@@YAXXZ, byte-verified from Code/GameEngine/Source/Common/Audio/GameAudio.cpp over the same 11-byte range. The Code/gen_asm/d_004ce980.asm dump reproduces those bytes but carries no identity."
?d_004d4180@@YAXXZ,0x004D4180,"gen-dump placeholder superseded by the real identity of these bytes: ?dup_004d4180@@YAXXZ, byte-verified from Code/GameEngine/Source/Common/Audio/GameAudio.cpp over the same 19-byte range. The Code/gen_asm/d_004ce980.asm dump reproduces those bytes but carries no identity."
?d_004d41a0@@YAXXZ,0x004D41A0,"gen-dump placeholder superseded by the real identity of these bytes: ?dup_004d41a0@@YAXXZ, byte-verified from Code/GameEngine/Source/Common/Audio/GameAudio.cpp over the same 11-byte range. The Code/gen_asm/d_004ce980.asm dump reproduces those bytes but carries no identity."
?d_004d41d0@@YAXXZ,0x004D41D0,"gen-dump placeholder superseded by the real identity of these bytes: ?dup_004d41d0@@YAXXZ, byte-verified from Code/GameEngine/Source/Common/Audio/GameAudio.cpp over the same 7-byte range. The Code/gen_asm/d_004ce980.asm dump reproduces those bytes but carries no identity."
?d_004d4200@@YAXXZ,0x004D4200,"gen-dump placeholder superseded by the real identity of these bytes: ?dup_004d4200@@YAXXZ, byte-verified from Code/GameEngine/Source/Common/Audio/GameAudio.cpp over the same 13-byte range. The Code/gen_asm/d_004ce980.asm dump reproduces those bytes but carries no identity."
?d_004d4250@@YAXXZ,0x004D4250,"gen-dump placeholder superseded by the real identity of these bytes: ?dup_004d4250@@YAXXZ, byte-verified from Code/GameEngine/Source/Common/Audio/GameAudio.cpp over the same 17-byte range. The Code/gen_asm/d_004ce980.asm dump reproduces those bytes but carries no identity."
?d_004d43b0@@YAXXZ,0x004D43B0,"gen-dump placeholder superseded by the real identity of these bytes: ?dup_004d43b0@@YAXXZ, byte-verified from Code/GameEngine/Source/Common/Audio/GameAudio.cpp over the same 9-byte range. The Code/gen_asm/d_004ce980.asm dump reproduces those bytes but carries no identity."
?d_004d4400@@YAXXZ,0x004D4400,"gen-dump placeholder superseded by the real identity of these bytes: ?dup_004d4400@@YAXXZ, byte-verified from Code/GameEngine/Source/Common/Audio/GameAudio.cpp over the same 11-byte range. The Code/gen_asm/d_004ce980.asm dump reproduces those bytes but carries no identity."
?d_004d4410@@YAXXZ,0x004D4410,"gen-dump placeholder superseded by the real identity of these bytes: ?dup_004d4410@@YAXXZ, byte-verified from Code/GameEngine/Source/Common/Audio/GameAudio.cpp over the same 11-byte range. The Code/gen_asm/d_004ce980.asm dump reproduces those bytes but carries no identity."
?d_004d4420@@YAXXZ,0x004D4420,"gen-dump placeholder superseded by the real identity of these bytes: ?dup_004d4420@@YAXXZ, byte-verified from Code/GameEngine/Source/Common/Audio/GameAudio.cpp over the same 11-byte range. The Code/gen_asm/d_004ce980.asm dump reproduces those bytes but carries no identity."
?d_004d44e0@@YAXXZ,0x004D44E0,"gen-dump placeholder superseded by the real identity of these bytes: ?dup_004d44e0@@YAXXZ, byte-verified from Code/GameEngine/Source/Common/Audio/GameAudio.cpp over the same 7-byte range. The Code/gen_asm/d_004ce980.asm dump reproduces those bytes but carries no identity."
?d_004d4550@@YAXXZ,0x004D4550,"gen-dump placeholder superseded by the real identity of these bytes: ?dup_004d4550@@YAXXZ, byte-verified from Code/GameEngine/Source/Common/Audio/GameAudio.cpp over the same 11-byte range. The Code/gen_asm/d_004ce980.asm dump reproduces those bytes but carries no identity."
?d_004d48f0@@YAXXZ,0x004D48F0,"gen-dump placeholder superseded by the real identity of these bytes: ?dup_004d48f0@@YAXXZ, byte-verified from Code/GameEngine/Source/Common/Audio/GameAudio.cpp over the same 13-byte range. The Code/gen_asm/d_004ce980.asm dump reproduces those bytes but carries no identity."
?d_004d4930@@YAXXZ,0x004D4930,"gen-dump placeholder superseded by the real identity of these bytes: ?dup_004d4930@@YAXXZ, byte-verified from Code/GameEngine/Source/Common/Audio/GameAudio.cpp over the same 11-byte range. The Code/gen_asm/d_004ce980.asm dump reproduces those bytes but carries no identity."
?d_004d4940@@YAXXZ,0x004D4940,"gen-dump placeholder superseded by the real identity of these bytes: ?dup_004d4940@@YAXXZ, byte-verified from Code/GameEngine/Source/Common/Audio/GameAudio.cpp over the same 11-byte range. The Code/gen_asm/d_004ce980.asm dump reproduces those bytes but carries no identity."
?d_004d7a30@@YAXXZ,0x004D7A30,"gen-dump placeholder superseded by the real identity of these bytes: ?dup_004d7a30@@YAXXZ, byte-verified from Code/GameEngine/Source/Common/Audio/GameAudio.cpp over the same 11-byte range. The Code/gen_asm/d_004ce980.asm dump reproduces those bytes but carries no identity."
?d_004d7a80@@YAXXZ,0x004D7A80,"gen-dump placeholder superseded by the real identity of these bytes: ?dup_004d7a80@@YAXXZ, byte-verified from Code/GameEngine/Source/Common/Audio/GameAudio.cpp over the same 7-byte range. The Code/gen_asm/d_004ce980.asm dump reproduces those bytes but carries no identity."
?d_004d7aa0@@YAXXZ,0x004D7AA0,"gen-dump placeholder superseded by the real identity of these bytes: ?dup_004d7aa0@@YAXXZ, byte-verified from Code/GameEngine/Source/Common/Audio/GameAudio.cpp over the same 11-byte range. The Code/gen_asm/d_004ce980.asm dump reproduces those bytes but carries no identity."
?d_004d7d80@@YAXXZ,0x004D7D80,"gen-dump placeholder superseded by the real identity of these bytes: ?dup_004d7d80@@YAXXZ, byte-verified from Code/GameEngine/Source/Common/Audio/GameAudio.cpp over the same 11-byte range. The Code/gen_asm/d_004ce980.asm dump reproduces those bytes but carries no identity."
?d_004d9060@@YAXXZ,0x004D9060,"gen-dump placeholder superseded by the real identity of these bytes: ?dup_004d9060@@YAXXZ, byte-verified from Code/GameEngine/Source/Common/Audio/GameAudio.cpp over the same 13-byte range. The Code/gen_asm/d_004ce980.asm dump reproduces those bytes but carries no identity."
?d_004d90a0@@YAXXZ,0x004D90A0,"gen-dump placeholder superseded by the real identity of these bytes: ?dup_004d90a0@@YAXXZ, byte-verified from Code/GameEngine/Source/Common/Audio/GameAudio.cpp over the same 6-byte range. The Code/gen_asm/d_004ce980.asm dump reproduces those bytes but carries no identity."
?d_004d90b0@@YAXXZ,0x004D90B0,"gen-dump placeholder superseded by the real identity of these bytes: ?dup_004d90b0@@YAXXZ, byte-verified from Code/GameEngine/Source/Common/Audio/GameAudio.cpp over the same 11-byte range. The Code/gen_asm/d_004ce980.asm dump reproduces those bytes but carries no identity."
?d_004d90f0@@YAXXZ,0x004D90F0,"gen-dump placeholder superseded by the real identity of these bytes: ?dup_004d90f0@@YAXXZ, byte-verified from Code/GameEngine/Source/Common/Audio/GameAudio.cpp over the same 11-byte range. The Code/gen_asm/d_004ce980.asm dump reproduces those bytes but carries no identity."
?d_004d9de0@@YAXXZ,0x004D9DE0,"gen-dump placeholder superseded by the real identity of these bytes: ?dup_004d9de0@@YAXXZ, byte-verified from Code/GameEngine/Source/Common/Audio/GameAudio.cpp over the same 11-byte range. The Code/gen_asm/d_004ce980.asm dump reproduces those bytes but carries no identity."
?d_004e29c0@@YAXXZ,0x004E29C0,"gen-dump placeholder superseded by the real identity of these bytes: ?dup_004e29c0@@YAXXZ, byte-verified from Code/GameEngine/Source/Common/Audio/GameAudio.cpp over the same 13-byte range. The Code/gen_asm/d_004e1090.asm dump reproduces those bytes but carries no identity."
?d_004e2a00@@YAXXZ,0x004E2A00,"gen-dump placeholder superseded by the real identity of these bytes: ?dup_004e2a00@@YAXXZ, byte-verified from Code/GameEngine/Source/Common/Audio/GameAudio.cpp over the same 11-byte range. The Code/gen_asm/d_004e1090.asm dump reproduces those bytes but carries no identity."
?d_004e2a50@@YAXXZ,0x004E2A50,"gen-dump placeholder superseded by the real identity of these bytes: ?dup_004e2a50@@YAXXZ, byte-verified from Code/GameEngine/Source/Common/Audio/GameAudio.cpp over the same 11-byte range. The Code/gen_asm/d_004e1090.asm dump reproduces those bytes but carries no identity."
?d_004e2a70@@YAXXZ,0x004E2A70,"gen-dump placeholder superseded by the real identity of these bytes: ?dup_004e2a70@@YAXXZ, byte-verified from Code/GameEngine/Source/Common/Audio/GameAudio.cpp over the same 6-byte range. The Code/gen_asm/d_004e1090.asm dump reproduces those bytes but carries no identity."
?d_004e2a90@@YAXXZ,0x004E2A90,"gen-dump placeholder superseded by the real identity of these bytes: ?dup_004e2a90@@YAXXZ, byte-verified from Code/GameEngine/Source/Common/Audio/GameAudio.cpp over the same 7-byte range. The Code/gen_asm/d_004e1090.asm dump reproduces those bytes but carries no identity."
?d_004e2ab0@@YAXXZ,0x004E2AB0,"gen-dump placeholder superseded by the real identity of these bytes: ?dup_004e2ab0@@YAXXZ, byte-verified from Code/GameEngine/Source/Common/Audio/GameAudio.cpp over the same 11-byte range. The Code/gen_asm/d_004e1090.asm dump reproduces those bytes but carries no identity."
?d_004e2ac0@@YAXXZ,0x004E2AC0,"gen-dump placeholder superseded by the real identity of these bytes: ?dup_004e2ac0@@YAXXZ, byte-verified from Code/GameEngine/Source/Common/Audio/GameAudio.cpp over the same 11-byte range. The Code/gen_asm/d_004e1090.asm dump reproduces those bytes but carries no identity."
?d_004e2b20@@YAXXZ,0x004E2B20,"gen-dump placeholder superseded by the real identity of these bytes: ?dup_004e2b20@@YAXXZ, byte-verified from Code/GameEngine/Source/Common/Audio/GameAudio.cpp over the same 7-byte range. The Code/gen_asm/d_004e1090.asm dump reproduces those bytes but carries no identity."
?d_004e2ba0@@YAXXZ,0x004E2BA0,"gen-dump placeholder superseded by the real identity of these bytes: ?dup_004e2ba0@@YAXXZ, byte-verified from Code/GameEngine/Source/Common/Audio/GameAudio.cpp over the same 18-byte range. The Code/gen_asm/d_004e1090.asm dump reproduces those bytes but carries no identity."
?d_004e2c30@@YAXXZ,0x004E2C30,"gen-dump placeholder superseded by the real identity of these bytes: ?dup_004e2c30@@YAXXZ, byte-verified from Code/GameEngine/Source/Common/Audio/GameAudio.cpp over the same 7-byte range. The Code/gen_asm/d_004e1090.asm dump reproduces those bytes but carries no identity."
?d_004e2c40@@YAXXZ,0x004E2C40,"gen-dump placeholder superseded by the real identity of these bytes: ?dup_004e2c40@@YAXXZ, byte-verified from Code/GameEngine/Source/Common/Audio/GameAudio.cpp over the same 19-byte range. The Code/gen_asm/d_004e1090.asm dump reproduces those bytes but carries no identity."
?d_004e2ee0@@YAXXZ,0x004E2EE0,"gen-dump placeholder superseded by the real identity of these bytes: ?dup_004e2ee0@@YAXXZ, byte-verified from Code/GameEngine/Source/Common/Audio/GameAudio.cpp over the same 13-byte range. The Code/gen_asm/d_004e1090.asm dump reproduces those bytes but carries no identity."
?d_004e2f30@@YAXXZ,0x004E2F30,"gen-dump placeholder superseded by the real identity of these bytes: ?dup_004e2f30@@YAXXZ, byte-verified from Code/GameEngine/Source/Common/Audio/GameAudio.cpp over the same 11-byte range. The Code/gen_asm/d_004e1090.asm dump reproduces those bytes but carries no identity."
?d_004e2f40@@YAXXZ,0x004E2F40,"gen-dump placeholder superseded by the real identity of these bytes: ?dup_004e2f40@@YAXXZ, byte-verified from Code/GameEngine/Source/Common/Audio/GameAudio.cpp over the same 7-byte range. The Code/gen_asm/d_004e1090.asm dump reproduces those bytes but carries no identity."
?d_004e2f50@@YAXXZ,0x004E2F50,"gen-dump placeholder superseded by the real identity of these bytes: ?dup_004e2f50@@YAXXZ, byte-verified from Code/GameEngine/Source/Common/Audio/GameAudio.cpp over the same 11-byte range. The Code/gen_asm/d_004e1090.asm dump reproduces those bytes but carries no identity."
?d_004e2f60@@YAXXZ,0x004E2F60,"gen-dump placeholder superseded by the real identity of these bytes: ?dup_004e2f60@@YAXXZ, byte-verified from Code/GameEngine/Source/Common/Audio/GameAudio.cpp over the same 11-byte range. The Code/gen_asm/d_004e1090.asm dump reproduces those bytes but carries no identity."
?d_004e3000@@YAXXZ,0x004E3000,"gen-dump placeholder superseded by the real identity of these bytes: ?dup_004e3000@@YAXXZ, byte-verified from Code/GameEngine/Source/Common/Audio/GameAudio.cpp over the same 11-byte range. The Code/gen_asm/d_004e1090.asm dump reproduces those bytes but carries no identity."
?d_004e30b0@@YAXXZ,0x004E30B0,"gen-dump placeholder superseded by the real identity of these bytes: ?dup_004e30b0@@YAXXZ, byte-verified from Code/GameEngine/Source/Common/Audio/GameAudio.cpp over the same 22-byte range. The Code/gen_asm/d_004e1090.asm dump reproduces those bytes but carries no identity."
?d_004e45a0@@YAXXZ,0x004E45A0,"gen-dump placeholder superseded by the real identity of these bytes: ?dup_004e45a0@@YAXXZ, byte-verified from Code/GameEngine/Source/Common/Audio/GameAudio.cpp over the same 11-byte range. The Code/gen_asm/d_004e1090.asm dump reproduces those bytes but carries no identity."
?d_004e45b0@@YAXXZ,0x004E45B0,"gen-dump placeholder superseded by the real identity of these bytes: ?dup_004e45b0@@YAXXZ, byte-verified from Code/GameEngine/Source/Common/Audio/GameAudio.cpp over the same 11-byte range. The Code/gen_asm/d_004e1090.asm dump reproduces those bytes but carries no identity."
?d_004e45c0@@YAXXZ,0x004E45C0,"gen-dump placeholder superseded by the real identity of these bytes: ?dup_004e45c0@@YAXXZ, byte-verified from Code/GameEngine/Source/Common/Audio/GameAudio.cpp over the same 11-byte range. The Code/gen_asm/d_004e1090.asm dump reproduces those bytes but carries no identity."
?d_004e9da0@@YAXXZ,0x004E9DA0,"gen-dump placeholder superseded by the real identity of these bytes: ?dup_004e9da0@@YAXXZ, byte-verified from Code/GameEngine/Source/Common/Audio/GameAudio.cpp over the same 13-byte range. The Code/gen_asm/d_004e1090.asm dump reproduces those bytes but carries no identity."
?d_004e9dc0@@YAXXZ,0x004E9DC0,"gen-dump placeholder superseded by the real identity of these bytes: ?dup_004e9dc0@@YAXXZ, byte-verified from Code/GameEngine/Source/Common/Audio/GameAudio.cpp over the same 9-byte range. The Code/gen_asm/d_004e1090.asm dump reproduces those bytes but carries no identity."
?d_004e9dd0@@YAXXZ,0x004E9DD0,"gen-dump placeholder superseded by the real identity of these bytes: ?dup_004e9dd0@@YAXXZ, byte-verified from Code/GameEngine/Source/Common/Audio/GameAudio.cpp over the same 13-byte range. The Code/gen_asm/d_004e1090.asm dump reproduces those bytes but carries no identity."
?d_004e9e00@@YAXXZ,0x004E9E00,"gen-dump placeholder superseded by the real identity of these bytes: ?dup_004e9e00@@YAXXZ, byte-verified from Code/GameEngine/Source/Common/Audio/GameAudio.cpp over the same 11-byte range. The Code/gen_asm/d_004e1090.asm dump reproduces those bytes but carries no identity."
?d_004e9e10@@YAXXZ,0x004E9E10,"gen-dump placeholder superseded by the real identity of these bytes: ?dup_004e9e10@@YAXXZ, byte-verified from Code/GameEngine/Source/Common/Audio/GameAudio.cpp over the same 6-byte range. The Code/gen_asm/d_004e1090.asm dump reproduces those bytes but carries no identity."
?d_004e9e20@@YAXXZ,0x004E9E20,"gen-dump placeholder superseded by the real identity of these bytes: ?dup_004e9e20@@YAXXZ, byte-verified from Code/GameEngine/Source/Common/Audio/GameAudio.cpp over the same 7-byte range. The Code/gen_asm/d_004e1090.asm dump reproduces those bytes but carries no identity."
?d_004e9e30@@YAXXZ,0x004E9E30,"gen-dump placeholder superseded by the real identity of these bytes: ?dup_004e9e30@@YAXXZ, byte-verified from Code/GameEngine/Source/Common/Audio/GameAudio.cpp over the same 11-byte range. The Code/gen_asm/d_004e1090.asm dump reproduces those bytes but carries no identity."
?d_004e9e40@@YAXXZ,0x004E9E40,"gen-dump placeholder superseded by the real identity of these bytes: ?dup_004e9e40@@YAXXZ, byte-verified from Code/GameEngine/Source/Common/Audio/GameAudio.cpp over the same 11-byte range. The Code/gen_asm/d_004e1090.asm dump reproduces those bytes but carries no identity."
?d_004e9f80@@YAXXZ,0x004E9F80,"gen-dump placeholder superseded by the real identity of these bytes: ?dup_004e9f80@@YAXXZ, byte-verified from Code/GameEngine/Source/Common/Audio/GameAudio.cpp over the same 9-byte range. The Code/gen_asm/d_004e1090.asm dump reproduces those bytes but carries no identity."
?d_004e9fc0@@YAXXZ,0x004E9FC0,"gen-dump placeholder superseded by the real identity of these bytes: ?dup_004e9fc0@@YAXXZ, byte-verified from Code/GameEngine/Source/Common/Audio/GameAudio.cpp over the same 7-byte range. The Code/gen_asm/d_004e1090.asm dump reproduces those bytes but carries no identity."
?d_004ea170@@YAXXZ,0x004EA170,"gen-dump placeholder superseded by the real identity of these bytes: ?dup_004ea170@@YAXXZ, byte-verified from Code/GameEngine/Source/Common/Audio/GameAudio.cpp over the same 13-byte range. The Code/gen_asm/d_004e1090.asm dump reproduces those bytes but carries no identity."
?d_004ea1c0@@YAXXZ,0x004EA1C0,"gen-dump placeholder superseded by the real identity of these bytes: ?dup_004ea1c0@@YAXXZ, byte-verified from Code/GameEngine/Source/Common/Audio/GameAudio.cpp over the same 7-byte range. The Code/gen_asm/d_004e1090.asm dump reproduces those bytes but carries no identity."
?d_004ea220@@YAXXZ,0x004EA220,"gen-dump placeholder superseded by the real identity of these bytes: ?dup_004ea220@@YAXXZ, byte-verified from Code/GameEngine/Source/Common/Audio/GameAudio.cpp over the same 13-byte range. The Code/gen_asm/d_004e1090.asm dump reproduces those bytes but carries no identity."
?d_004ea240@@YAXXZ,0x004EA240,"gen-dump placeholder superseded by the real identity of these bytes: ?dup_004ea240@@YAXXZ, byte-verified from Code/GameEngine/Source/Common/Audio/GameAudio.cpp over the same 11-byte range. The Code/gen_asm/d_004e1090.asm dump reproduces those bytes but carries no identity."
?d_004ea7c0@@YAXXZ,0x004EA7C0,"gen-dump placeholder superseded by the real identity of these bytes: ?dup_004ea7c0@@YAXXZ, byte-verified from Code/GameEngine/Source/Common/Audio/GameAudio.cpp over the same 11-byte range. The Code/gen_asm/d_004e1090.asm dump reproduces those bytes but carries no identity."
?d_004f0ca0@@YAXXZ,0x004F0CA0,"gen-dump placeholder superseded by the real identity of these bytes: ?dup_004f0ca0@@YAXXZ, byte-verified from Code/GameEngine/Source/Common/Audio/GameAudio.cpp over the same 6-byte range. The Code/gen_asm/d_004e1090.asm dump reproduces those bytes but carries no identity."
?d_004f0cb0@@YAXXZ,0x004F0CB0,"gen-dump placeholder superseded by the real identity of these bytes: ?dup_004f0cb0@@YAXXZ, byte-verified from Code/GameEngine/Source/Common/Audio/GameAudio.cpp over the same 11-byte range. The Code/gen_asm/d_004e1090.asm dump reproduces those bytes but carries no identity."
?d_004f0d00@@YAXXZ,0x004F0D00,"gen-dump placeholder superseded by the real identity of these bytes: ?dup_004f0d00@@YAXXZ, byte-verified from Code/GameEngine/Source/Common/Audio/GameAudio.cpp over the same 7-byte range. The Code/gen_asm/d_004e1090.asm dump reproduces those bytes but carries no identity."
?d_004f11f0@@YAXXZ,0x004F11F0,"gen-dump placeholder superseded by the real identity of these bytes: ?dup_004f11f0@@YAXXZ, byte-verified from Code/GameEngine/Source/Common/Audio/GameAudio.cpp over the same 6-byte range. The Code/gen_asm/d_004e1090.asm dump reproduces those bytes but carries no identity."
?d_004f1200@@YAXXZ,0x004F1200,"gen-dump placeholder superseded by the real identity of these bytes: ?dup_004f1200@@YAXXZ, byte-verified from Code/GameEngine/Source/Common/Audio/GameAudio.cpp over the same 13-byte range. The Code/gen_asm/d_004e1090.asm dump reproduces those bytes but carries no identity."
?d_004f9770@@YAXXZ,0x004F9770,"gen-dump placeholder superseded by the real identity of these bytes: ?dup_004f9770@@YAXXZ, byte-verified from Code/GameEngine/Source/Common/Audio/GameAudio.cpp over the same 6-byte range. The Code/gen_asm/d_004e1090.asm dump reproduces those bytes but carries no identity."
?d_004f9b30@@YAXXZ,0x004F9B30,"gen-dump placeholder superseded by the real identity of these bytes: ?dup_004f9b30@@YAXXZ, byte-verified from Code/GameEngine/Source/Common/Audio/GameAudio.cpp over the same 11-byte range. The Code/gen_asm/d_004e1090.asm dump reproduces those bytes but carries no identity."
?d_004f9b70@@YAXXZ,0x004F9B70,"gen-dump placeholder superseded by the real identity of these bytes: ?dup_004f9b70@@YAXXZ, byte-verified from Code/GameEngine/Source/Common/Audio/GameAudio.cpp over the same 11-byte range. The Code/gen_asm/d_004e1090.asm dump reproduces those bytes but carries no identity."
?d_004f9c70@@YAXXZ,0x004F9C70,"gen-dump placeholder superseded by the real identity of these bytes: ?dup_004f9c70@@YAXXZ, byte-verified from Code/GameEngine/Source/Common/Audio/GameAudio.cpp over the same 7-byte range. The Code/gen_asm/d_004e1090.asm dump reproduces those bytes but carries no identity."
?d_004ff990@@YAXXZ,0x004FF990,"gen-dump placeholder superseded by the real identity of these bytes: ?dup_004ff990@@YAXXZ, byte-verified from Code/GameEngine/Source/Common/Audio/GameAudio.cpp over the same 13-byte range. The Code/gen_asm/d_004e1090.asm dump reproduces those bytes but carries no identity."
?d_005115a0@@YAXXZ,0x005115A0,"gen-dump placeholder superseded by the real identity of these bytes: ?dup_005115a0@@YAXXZ, byte-verified from Code/GameEngine/Source/Common/Audio/GameAudio.cpp over the same 23-byte range. The Code/gen_asm/d_0050fec0.asm dump reproduces those bytes but carries no identity."
?d_005115d0@@YAXXZ,0x005115D0,"gen-dump placeholder superseded by the real identity of these bytes: ?dup_005115d0@@YAXXZ, byte-verified from Code/GameEngine/Source/Common/Audio/GameAudio.cpp over the same 17-byte range. The Code/gen_asm/d_0050fec0.asm dump reproduces those bytes but carries no identity."
?d_005115f0@@YAXXZ,0x005115F0,"gen-dump placeholder superseded by the real identity of these bytes: ?dup_005115f0@@YAXXZ, byte-verified from Code/GameEngine/Source/Common/Audio/GameAudio.cpp over the same 29-byte range. The Code/gen_asm/d_0050fec0.asm dump reproduces those bytes but carries no identity."
?d_00511920@@YAXXZ,0x00511920,"gen-dump placeholder superseded by the real identity of these bytes: ?dup_00511920@@YAXXZ, byte-verified from Code/GameEngine/Source/Common/Audio/GameAudio.cpp over the same 11-byte range. The Code/gen_asm/d_0050fec0.asm dump reproduces those bytes but carries no identity."
?d_00512ad0@@YAXXZ,0x00512AD0,"gen-dump placeholder superseded by the real identity of these bytes: ?dup_00512ad0@@YAXXZ, byte-verified from Code/GameEngine/Source/Common/Audio/GameAudio.cpp over the same 15-byte range. The Code/gen_asm/d_0050fec0.asm dump reproduces those bytes but carries no identity."
?d_0052b180@@YAXXZ,0x0052B180,"gen-dump placeholder superseded by the real identity of these bytes: ?dup_0052b180@@YAXXZ, byte-verified from Code/GameEngine/Source/Common/Audio/GameAudio.cpp over the same 23-byte range. The Code/gen_asm/d_0050fec0.asm dump reproduces those bytes but carries no identity."
?d_0052b1b0@@YAXXZ,0x0052B1B0,"gen-dump placeholder superseded by the real identity of these bytes: ?dup_0052b1b0@@YAXXZ, byte-verified from Code/GameEngine/Source/Common/Audio/GameAudio.cpp over the same 17-byte range. The Code/gen_asm/d_0050fec0.asm dump reproduces those bytes but carries no identity."
?d_0052b670@@YAXXZ,0x0052B670,"gen-dump placeholder superseded by the real identity of these bytes: ?dup_0052b670@@YAXXZ, byte-verified from Code/GameEngine/Source/Common/Audio/GameAudio.cpp over the same 11-byte range. The Code/gen_asm/d_0050fec0.asm dump reproduces those bytes but carries no identity."
?d_0052bcc0@@YAXXZ,0x0052BCC0,"gen-dump placeholder superseded by the real identity of these bytes: ?dup_0052bcc0@@YAXXZ, byte-verified from Code/GameEngine/Source/Common/Audio/GameAudio.cpp over the same 15-byte range. The Code/gen_asm/d_0050fec0.asm dump reproduces those bytes but carries no identity."
?d_0052d010@@YAXXZ,0x0052D010,"gen-dump placeholder superseded by the real identity of these bytes: ?dup_0052d010@@YAXXZ, byte-verified from Code/GameEngine/Source/Common/Audio/GameAudio.cpp over the same 23-byte range. The Code/gen_asm/d_0052bd50.asm dump reproduces those bytes but carries no identity."
?d_0052d040@@YAXXZ,0x0052D040,"gen-dump placeholder superseded by the real identity of these bytes: ?dup_0052d040@@YAXXZ, byte-verified from Code/GameEngine/Source/Common/Audio/GameAudio.cpp over the same 23-byte range. The Code/gen_asm/d_0052bd50.asm dump reproduces those bytes but carries no identity."
?d_0052d080@@YAXXZ,0x0052D080,"gen-dump placeholder superseded by the real identity of these bytes: ?dup_0052d080@@YAXXZ, byte-verified from Code/GameEngine/Source/Common/Audio/GameAudio.cpp over the same 23-byte range. The Code/gen_asm/d_0052bd50.asm dump reproduces those bytes but carries no identity."
?d_0052d0a0@@YAXXZ,0x0052D0A0,"gen-dump placeholder superseded by the real identity of these bytes: ?dup_0052d0a0@@YAXXZ, byte-verified from Code/GameEngine/Source/Common/Audio/GameAudio.cpp over the same 11-byte range. The Code/gen_asm/d_0052bd50.asm dump reproduces those bytes but carries no identity."
?d_0052d450@@YAXXZ,0x0052D450,"gen-dump placeholder superseded by the real identity of these bytes: ?dup_0052d450@@YAXXZ, byte-verified from Code/GameEngine/Source/Common/Audio/GameAudio.cpp over the same 11-byte range. The Code/gen_asm/d_0052bd50.asm dump reproduces those bytes but carries no identity."
?d_0052d560@@YAXXZ,0x0052D560,"gen-dump placeholder superseded by the real identity of these bytes: ?dup_0052d560@@YAXXZ, byte-verified from Code/GameEngine/Source/Common/Audio/GameAudio.cpp over the same 11-byte range. The Code/gen_asm/d_0052bd50.asm dump reproduces those bytes but carries no identity."
?d_0052d570@@YAXXZ,0x0052D570,"gen-dump placeholder superseded by the real identity of these bytes: ?dup_0052d570@@YAXXZ, byte-verified from Code/GameEngine/Source/Common/Audio/GameAudio.cpp over the same 11-byte range. The Code/gen_asm/d_0052bd50.asm dump reproduces those bytes but carries no identity."
?d_0052d600@@YAXXZ,0x0052D600,"gen-dump placeholder superseded by the real identity of these bytes: ?dup_0052d600@@YAXXZ, byte-verified from Code/GameEngine/Source/Common/Audio/GameAudio.cpp over the same 11-byte range. The Code/gen_asm/d_0052bd50.asm dump reproduces those bytes but carries no identity."
?d_0052dfc0@@YAXXZ,0x0052DFC0,"gen-dump placeholder superseded by the real identity of these bytes: ?dup_0052dfc0@@YAXXZ, byte-verified from Code/GameEngine/Source/Common/Audio/GameAudio.cpp over the same 11-byte range. The Code/gen_asm/d_0052bd50.asm dump reproduces those bytes but carries no identity."
?d_0052eb40@@YAXXZ,0x0052EB40,"gen-dump placeholder superseded by the real identity of these bytes: ?dup_0052eb40@@YAXXZ, byte-verified from Code/GameEngine/Source/Common/Audio/GameAudio.cpp over the same 15-byte range. The Code/gen_asm/d_0052bd50.asm dump reproduces those bytes but carries no identity."
?d_0052eb60@@YAXXZ,0x0052EB60,"gen-dump placeholder superseded by the real identity of these bytes: ?dup_0052eb60@@YAXXZ, byte-verified from Code/GameEngine/Source/Common/Audio/GameAudio.cpp over the same 15-byte range. The Code/gen_asm/d_0052bd50.asm dump reproduces those bytes but carries no identity."
?d_0052eb80@@YAXXZ,0x0052EB80,"gen-dump placeholder superseded by the real identity of these bytes: ?dup_0052eb80@@YAXXZ, byte-verified from Code/GameEngine/Source/Common/Audio/GameAudio.cpp over the same 15-byte range. The Code/gen_asm/d_0052bd50.asm dump reproduces those bytes but carries no identity."
?d_00537dc0@@YAXXZ,0x00537DC0,"gen-dump placeholder superseded by the real identity of these bytes: ?dup_00537dc0@@YAXXZ, byte-verified from Code/GameEngine/Source/Common/Audio/GameAudio.cpp over the same 18-byte range. The Code/gen_asm/d_0052bd50.asm dump reproduces those bytes but carries no identity."
?d_00537e90@@YAXXZ,0x00537E90,"gen-dump placeholder superseded by the real identity of these bytes: ?dup_00537e90@@YAXXZ, byte-verified from Code/GameEngine/Source/Common/Audio/GameAudio.cpp over the same 13-byte range. The Code/gen_asm/d_0052bd50.asm dump reproduces those bytes but carries no identity."
?d_00537ec0@@YAXXZ,0x00537EC0,"gen-dump placeholder superseded by the real identity of these bytes: ?dup_00537ec0@@YAXXZ, byte-verified from Code/GameEngine/Source/Common/Audio/GameAudio.cpp over the same 6-byte range. The Code/gen_asm/d_0052bd50.asm dump reproduces those bytes but carries no identity."
?d_00537ef0@@YAXXZ,0x00537EF0,"gen-dump placeholder superseded by the real identity of these bytes: ?dup_00537ef0@@YAXXZ, byte-verified from Code/GameEngine/Source/Common/Audio/GameAudio.cpp over the same 11-byte range. The Code/gen_asm/d_0052bd50.asm dump reproduces those bytes but carries no identity."
?d_00537f90@@YAXXZ,0x00537F90,"gen-dump placeholder superseded by the real identity of these bytes: ?dup_00537f90@@YAXXZ, byte-verified from Code/GameEngine/Source/Common/Audio/GameAudio.cpp over the same 7-byte range. The Code/gen_asm/d_0052bd50.asm dump reproduces those bytes but carries no identity."
?d_005380e0@@YAXXZ,0x005380E0,"gen-dump placeholder superseded by the real identity of these bytes: ?dup_005380e0@@YAXXZ, byte-verified from Code/GameEngine/Source/Common/Audio/GameAudio.cpp over the same 11-byte range. The Code/gen_asm/d_0052bd50.asm dump reproduces those bytes but carries no identity."
?d_00538160@@YAXXZ,0x00538160,"gen-dump placeholder superseded by the real identity of these bytes: ?dup_00538160@@YAXXZ, byte-verified from Code/GameEngine/Source/Common/Audio/GameAudio.cpp over the same 17-byte range. The Code/gen_asm/d_0052bd50.asm dump reproduces those bytes but carries no identity."
?d_00538180@@YAXXZ,0x00538180,"gen-dump placeholder superseded by the real identity of these bytes: ?dup_00538180@@YAXXZ, byte-verified from Code/GameEngine/Source/Common/Audio/GameAudio.cpp over the same 11-byte range. The Code/gen_asm/d_0052bd50.asm dump reproduces those bytes but carries no identity."
?d_00538190@@YAXXZ,0x00538190,"gen-dump placeholder superseded by the real identity of these bytes: ?dup_00538190@@YAXXZ, byte-verified from Code/GameEngine/Source/Common/Audio/GameAudio.cpp over the same 11-byte range. The Code/gen_asm/d_0052bd50.asm dump reproduces those bytes but carries no identity."
?d_00538930@@YAXXZ,0x00538930,"gen-dump placeholder superseded by the real identity of these bytes: ?dup_00538930@@YAXXZ, byte-verified from Code/GameEngine/Source/Common/Audio/GameAudio.cpp over the same 11-byte range. The Code/gen_asm/d_0052bd50.asm dump reproduces those bytes but carries no identity."
?d_005389e0@@YAXXZ,0x005389E0,"gen-dump placeholder superseded by the real identity of these bytes: ?dup_005389e0@@YAXXZ, byte-verified from Code/GameEngine/Source/Common/Audio/GameAudio.cpp over the same 11-byte range. The Code/gen_asm/d_0052bd50.asm dump reproduces those bytes but carries no identity."
?d_005393d0@@YAXXZ,0x005393D0,"gen-dump placeholder superseded by the real identity of these bytes: ?dup_005393d0@@YAXXZ, byte-verified from Code/GameEngine/Source/Common/Audio/GameAudio.cpp over the same 11-byte range. The Code/gen_asm/d_0052bd50.asm dump reproduces those bytes but carries no identity."
?d_00548df0@@YAXXZ,0x00548DF0,"gen-dump placeholder superseded by the real identity of these bytes: ?dup_00548df0@@YAXXZ, byte-verified from Code/GameEngine/Source/Common/Audio/GameAudio.cpp over the same 13-byte range. The Code/gen_asm/d_0052bd50.asm dump reproduces those bytes but carries no identity."
?d_00548e50@@YAXXZ,0x00548E50,"gen-dump placeholder superseded by the real identity of these bytes: ?dup_00548e50@@YAXXZ, byte-verified from Code/GameEngine/Source/Common/Audio/GameAudio.cpp over the same 13-byte range. The Code/gen_asm/d_0052bd50.asm dump reproduces those bytes but carries no identity."
?d_00548f00@@YAXXZ,0x00548F00,"gen-dump placeholder superseded by the real identity of these bytes: ?dup_00548f00@@YAXXZ, byte-verified from Code/GameEngine/Source/Common/Audio/GameAudio.cpp over the same 6-byte range. The Code/gen_asm/d_0052bd50.asm dump reproduces those bytes but carries no identity."
?d_00548f20@@YAXXZ,0x00548F20,"gen-dump placeholder superseded by the real identity of these bytes: ?dup_00548f20@@YAXXZ, byte-verified from Code/GameEngine/Source/Common/Audio/GameAudio.cpp over the same 7-byte range. The Code/gen_asm/d_0052bd50.asm dump reproduces those bytes but carries no identity."
?d_00548f40@@YAXXZ,0x00548F40,"gen-dump placeholder superseded by the real identity of these bytes: ?dup_00548f40@@YAXXZ, byte-verified from Code/GameEngine/Source/Common/Audio/GameAudio.cpp over the same 11-byte range. The Code/gen_asm/d_0052bd50.asm dump reproduces those bytes but carries no identity."
?d_0054b2f0@@YAXXZ,0x0054B2F0,"gen-dump placeholder superseded by the real identity of these bytes: ?dup_0054b2f0@@YAXXZ, byte-verified from Code/GameEngine/Source/Common/Audio/GameAudio.cpp over the same 7-byte range. The Code/gen_asm/d_0052bd50.asm dump reproduces those bytes but carries no identity."
?d_0054bb70@@YAXXZ,0x0054BB70,"gen-dump placeholder superseded by the real identity of these bytes: ?dup_0054bb70@@YAXXZ, byte-verified from Code/GameEngine/Source/Common/Audio/GameAudio.cpp over the same 7-byte range. The Code/gen_asm/d_0052bd50.asm dump reproduces those bytes but carries no identity."
?d_0054bba0@@YAXXZ,0x0054BBA0,"gen-dump placeholder superseded by the real identity of these bytes: ?dup_0054bba0@@YAXXZ, byte-verified from Code/GameEngine/Source/Common/Audio/GameAudio.cpp over the same 11-byte range. The Code/gen_asm/d_0052bd50.asm dump reproduces those bytes but carries no identity."
?d_0054bc50@@YAXXZ,0x0054BC50,"gen-dump placeholder superseded by the real identity of these bytes: ?dup_0054bc50@@YAXXZ, byte-verified from Code/GameEngine/Source/Common/Audio/GameAudio.cpp over the same 11-byte range. The Code/gen_asm/d_0052bd50.asm dump reproduces those bytes but carries no identity."
?d_0054d4e0@@YAXXZ,0x0054D4E0,"gen-dump placeholder superseded by the real identity of these bytes: ?dup_0054d4e0@@YAXXZ, byte-verified from Code/GameEngine/Source/Common/Audio/GameAudio.cpp over the same 11-byte range. The Code/gen_asm/d_0052bd50.asm dump reproduces those bytes but carries no identity."
?d_0055bed0@@YAXXZ,0x0055BED0,"gen-dump placeholder superseded by the real identity of these bytes: ?dup_0055bed0@@YAXXZ, byte-verified from Code/GameEngine/Source/Common/Audio/GameAudio.cpp over the same 23-byte range. The Code/gen_asm/d_0054f920.asm dump reproduces those bytes but carries no identity."
?d_0055bf00@@YAXXZ,0x0055BF00,"gen-dump placeholder superseded by the real identity of these bytes: ?dup_0055bf00@@YAXXZ, byte-verified from Code/GameEngine/Source/Common/Audio/GameAudio.cpp over the same 17-byte range. The Code/gen_asm/d_0054f920.asm dump reproduces those bytes but carries no identity."
?d_0055bf70@@YAXXZ,0x0055BF70,"gen-dump placeholder superseded by the real identity of these bytes: ?dup_0055bf70@@YAXXZ, byte-verified from Code/GameEngine/Source/Common/Audio/GameAudio.cpp over the same 29-byte range. The Code/gen_asm/d_0054f920.asm dump reproduces those bytes but carries no identity."
?d_0055c120@@YAXXZ,0x0055C120,"gen-dump placeholder superseded by the real identity of these bytes: ?dup_0055c120@@YAXXZ, byte-verified from Code/GameEngine/Source/Common/Audio/GameAudio.cpp over the same 11-byte range. The Code/gen_asm/d_0054f920.asm dump reproduces those bytes but carries no identity."
?d_0055c710@@YAXXZ,0x0055C710,"gen-dump placeholder superseded by the real identity of these bytes: ?dup_0055c710@@YAXXZ, byte-verified from Code/GameEngine/Source/Common/Audio/GameAudio.cpp over the same 15-byte range. The Code/gen_asm/d_0054f920.asm dump reproduces those bytes but carries no identity."
?d_00566880@@YAXXZ,0x00566880,"gen-dump placeholder superseded by the real identity of these bytes: ?dup_00566880@@YAXXZ, byte-verified from Code/GameEngine/Source/Common/Audio/GameAudio.cpp over the same 15-byte range. The Code/gen_asm/d_0054f920.asm dump reproduces those bytes but carries no identity."
?d_005668a0@@YAXXZ,0x005668A0,"gen-dump placeholder superseded by the real identity of these bytes: ?dup_005668a0@@YAXXZ, byte-verified from Code/GameEngine/Source/Common/Audio/GameAudio.cpp over the same 15-byte range. The Code/gen_asm/d_0054f920.asm dump reproduces those bytes but carries no identity."
?d_0056ada0@@YAXXZ,0x0056ADA0,"gen-dump placeholder superseded by the real identity of these bytes: ?dup_0056ada0@@YAXXZ, byte-verified from Code/GameEngine/Source/Common/Audio/GameAudio.cpp over the same 6-byte range. The Code/gen_asm/d_0054f920.asm dump reproduces those bytes but carries no identity."
?d_0056adf0@@YAXXZ,0x0056ADF0,"gen-dump placeholder superseded by the real identity of these bytes: ?dup_0056adf0@@YAXXZ, byte-verified from Code/GameEngine/Source/Common/Audio/GameAudio.cpp over the same 11-byte range. The Code/gen_asm/d_0054f920.asm dump reproduces those bytes but carries no identity."
?d_0056c310@@YAXXZ,0x0056C310,"gen-dump placeholder superseded by the real identity of these bytes: ?dup_0056c310@@YAXXZ, byte-verified from Code/GameEngine/Source/Common/Audio/GameAudio.cpp over the same 11-byte range. The Code/gen_asm/d_0054f920.asm dump reproduces those bytes but carries no identity."
?d_0056c340@@YAXXZ,0x0056C340,"gen-dump placeholder superseded by the real identity of these bytes: ?dup_0056c340@@YAXXZ, byte-verified from Code/GameEngine/Source/Common/Audio/GameAudio.cpp over the same 11-byte range. The Code/gen_asm/d_0054f920.asm dump reproduces those bytes but carries no identity."
?d_00570700@@YAXXZ,0x00570700,"gen-dump placeholder superseded by the real identity of these bytes: ?dup_00570700@@YAXXZ, byte-verified from Code/GameEngine/Source/Common/Audio/GameAudio.cpp over the same 23-byte range. The Code/gen_asm/d_0054f920.asm dump reproduces those bytes but carries no identity."
?d_00570720@@YAXXZ,0x00570720,"gen-dump placeholder superseded by the real identity of these bytes: ?dup_00570720@@YAXXZ, byte-verified from Code/GameEngine/Source/Common/Audio/GameAudio.cpp over the same 23-byte range. The Code/gen_asm/d_0054f920.asm dump reproduces those bytes but carries no identity."
?d_00570750@@YAXXZ,0x00570750,"gen-dump placeholder superseded by the real identity of these bytes: ?dup_00570750@@YAXXZ, byte-verified from Code/GameEngine/Source/Common/Audio/GameAudio.cpp over the same 23-byte range. The Code/gen_asm/d_0054f920.asm dump reproduces those bytes but carries no identity."
?d_00570770@@YAXXZ,0x00570770,"gen-dump placeholder superseded by the real identity of these bytes: ?dup_00570770@@YAXXZ, byte-verified from Code/GameEngine/Source/Common/Audio/GameAudio.cpp over the same 23-byte range. The Code/gen_asm/d_0054f920.asm dump reproduces those bytes but carries no identity."
?d_00571480@@YAXXZ,0x00571480,"gen-dump placeholder superseded by the real identity of these bytes: ?dup_00571480@@YAXXZ, byte-verified from Code/GameEngine/Source/Common/Audio/GameAudio.cpp over the same 11-byte range. The Code/gen_asm/d_0054f920.asm dump reproduces those bytes but carries no identity."
?d_00571510@@YAXXZ,0x00571510,"gen-dump placeholder superseded by the real identity of these bytes: ?dup_00571510@@YAXXZ, byte-verified from Code/GameEngine/Source/Common/Audio/GameAudio.cpp over the same 11-byte range. The Code/gen_asm/d_0054f920.asm dump reproduces those bytes but carries no identity."
?d_005715a0@@YAXXZ,0x005715A0,"gen-dump placeholder superseded by the real identity of these bytes: ?dup_005715a0@@YAXXZ, byte-verified from Code/GameEngine/Source/Common/Audio/GameAudio.cpp over the same 11-byte range. The Code/gen_asm/d_0054f920.asm dump reproduces those bytes but carries no identity."
?d_00571630@@YAXXZ,0x00571630,"gen-dump placeholder superseded by the real identity of these bytes: ?dup_00571630@@YAXXZ, byte-verified from Code/GameEngine/Source/Common/Audio/GameAudio.cpp over the same 11-byte range. The Code/gen_asm/d_0054f920.asm dump reproduces those bytes but carries no identity."
?d_00572c20@@YAXXZ,0x00572C20,"gen-dump placeholder superseded by the real identity of these bytes: ?dup_00572c20@@YAXXZ, byte-verified from Code/GameEngine/Source/Common/Audio/GameAudio.cpp over the same 15-byte range. The Code/gen_asm/d_00572210.asm dump reproduces those bytes but carries no identity."
?d_00572c40@@YAXXZ,0x00572C40,"gen-dump placeholder superseded by the real identity of these bytes: ?dup_00572c40@@YAXXZ, byte-verified from Code/GameEngine/Source/Common/Audio/GameAudio.cpp over the same 15-byte range. The Code/gen_asm/d_00572210.asm dump reproduces those bytes but carries no identity."
?d_00572c60@@YAXXZ,0x00572C60,"gen-dump placeholder superseded by the real identity of these bytes: ?dup_00572c60@@YAXXZ, byte-verified from Code/GameEngine/Source/Common/Audio/GameAudio.cpp over the same 15-byte range. The Code/gen_asm/d_00572210.asm dump reproduces those bytes but carries no identity."
?d_00572c80@@YAXXZ,0x00572C80,"gen-dump placeholder superseded by the real identity of these bytes: ?dup_00572c80@@YAXXZ, byte-verified from Code/GameEngine/Source/Common/Audio/GameAudio.cpp over the same 15-byte range. The Code/gen_asm/d_00572210.asm dump reproduces those bytes but carries no identity."
?d_005793d0@@YAXXZ,0x005793D0,"gen-dump placeholder superseded by the real identity of these bytes: ?dup_005793d0@@YAXXZ, byte-verified from Code/GameEngine/Source/Common/Audio/GameAudio.cpp over the same 7-byte range. The Code/gen_asm/d_00572210.asm dump reproduces those bytes but carries no identity."
?d_00580310@@YAXXZ,0x00580310,"gen-dump placeholder superseded by the real identity of these bytes: ?dup_00580310@@YAXXZ, byte-verified from Code/GameEngine/Source/Common/Audio/GameAudio.cpp over the same 6-byte range. The Code/gen_asm/d_00572210.asm dump reproduces those bytes but carries no identity."
?d_00580320@@YAXXZ,0x00580320,"gen-dump placeholder superseded by the real identity of these bytes: ?dup_00580320@@YAXXZ, byte-verified from Code/GameEngine/Source/Common/Audio/GameAudio.cpp over the same 6-byte range. The Code/gen_asm/d_00572210.asm dump reproduces those bytes but carries no identity."
?d_00580330@@YAXXZ,0x00580330,"gen-dump placeholder superseded by the real identity of these bytes: ?dup_00580330@@YAXXZ, byte-verified from Code/GameEngine/Source/Common/Audio/GameAudio.cpp over the same 6-byte range. The Code/gen_asm/d_00572210.asm dump reproduces those bytes but carries no identity."
?d_00580430@@YAXXZ,0x00580430,"gen-dump placeholder superseded by the real identity of these bytes: ?dup_00580430@@YAXXZ, byte-verified from Code/GameEngine/Source/Common/Audio/GameAudio.cpp over the same 13-byte range. The Code/gen_asm/d_00572210.asm dump reproduces those bytes but carries no identity."
?d_00580450@@YAXXZ,0x00580450,"gen-dump placeholder superseded by the real identity of these bytes: ?dup_00580450@@YAXXZ, byte-verified from Code/GameEngine/Source/Common/Audio/GameAudio.cpp over the same 13-byte range. The Code/gen_asm/d_00572210.asm dump reproduces those bytes but carries no identity."
?d_00580480@@YAXXZ,0x00580480,"gen-dump placeholder superseded by the real identity of these bytes: ?dup_00580480@@YAXXZ, byte-verified from Code/GameEngine/Source/Common/Audio/GameAudio.cpp over the same 13-byte range. The Code/gen_asm/d_00572210.asm dump reproduces those bytes but carries no identity."
?d_00580560@@YAXXZ,0x00580560,"gen-dump placeholder superseded by the real identity of these bytes: ?dup_00580560@@YAXXZ, byte-verified from Code/GameEngine/Source/Common/Audio/GameAudio.cpp over the same 11-byte range. The Code/gen_asm/d_00572210.asm dump reproduces those bytes but carries no identity."
?d_00580570@@YAXXZ,0x00580570,"gen-dump placeholder superseded by the real identity of these bytes: ?dup_00580570@@YAXXZ, byte-verified from Code/GameEngine/Source/Common/Audio/GameAudio.cpp over the same 11-byte range. The Code/gen_asm/d_00572210.asm dump reproduces those bytes but carries no identity."
?d_00580580@@YAXXZ,0x00580580,"gen-dump placeholder superseded by the real identity of these bytes: ?dup_00580580@@YAXXZ, byte-verified from Code/GameEngine/Source/Common/Audio/GameAudio.cpp over the same 11-byte range. The Code/gen_asm/d_00572210.asm dump reproduces those bytes but carries no identity."
?d_005805c0@@YAXXZ,0x005805C0,"gen-dump placeholder superseded by the real identity of these bytes: ?dup_005805c0@@YAXXZ, byte-verified from Code/GameEngine/Source/Common/Audio/GameAudio.cpp over the same 11-byte range. The Code/gen_asm/d_00572210.asm dump reproduces those bytes but carries no identity."
?d_00580610@@YAXXZ,0x00580610,"gen-dump placeholder superseded by the real identity of these bytes: ?dup_00580610@@YAXXZ, byte-verified from Code/GameEngine/Source/Common/Audio/GameAudio.cpp over the same 11-byte range. The Code/gen_asm/d_00572210.asm dump reproduces those bytes but carries no identity."
?d_00580660@@YAXXZ,0x00580660,"gen-dump placeholder superseded by the real identity of these bytes: ?dup_00580660@@YAXXZ, byte-verified from Code/GameEngine/Source/Common/Audio/GameAudio.cpp over the same 11-byte range. The Code/gen_asm/d_00572210.asm dump reproduces those bytes but carries no identity."
?d_00580770@@YAXXZ,0x00580770,"gen-dump placeholder superseded by the real identity of these bytes: ?dup_00580770@@YAXXZ, byte-verified from Code/GameEngine/Source/Common/Audio/GameAudio.cpp over the same 17-byte range. The Code/gen_asm/d_00572210.asm dump reproduces those bytes but carries no identity."
?d_00580790@@YAXXZ,0x00580790,"gen-dump placeholder superseded by the real identity of these bytes: ?dup_00580790@@YAXXZ, byte-verified from Code/GameEngine/Source/Common/Audio/GameAudio.cpp over the same 17-byte range. The Code/gen_asm/d_00572210.asm dump reproduces those bytes but carries no identity."
?d_005807b0@@YAXXZ,0x005807B0,"gen-dump placeholder superseded by the real identity of these bytes: ?dup_005807b0@@YAXXZ, byte-verified from Code/GameEngine/Source/Common/Audio/GameAudio.cpp over the same 17-byte range. The Code/gen_asm/d_00572210.asm dump reproduces those bytes but carries no identity."
?d_00580870@@YAXXZ,0x00580870,"gen-dump placeholder superseded by the real identity of these bytes: ?dup_00580870@@YAXXZ, byte-verified from Code/GameEngine/Source/Common/Audio/GameAudio.cpp over the same 13-byte range. The Code/gen_asm/d_00572210.asm dump reproduces those bytes but carries no identity."
?d_005808c0@@YAXXZ,0x005808C0,"gen-dump placeholder superseded by the real identity of these bytes: ?dup_005808c0@@YAXXZ, byte-verified from Code/GameEngine/Source/Common/Audio/GameAudio.cpp over the same 13-byte range. The Code/gen_asm/d_00572210.asm dump reproduces those bytes but carries no identity."
?d_00580910@@YAXXZ,0x00580910,"gen-dump placeholder superseded by the real identity of these bytes: ?dup_00580910@@YAXXZ, byte-verified from Code/GameEngine/Source/Common/Audio/GameAudio.cpp over the same 13-byte range. The Code/gen_asm/d_00572210.asm dump reproduces those bytes but carries no identity."
?d_005818c0@@YAXXZ,0x005818C0,"gen-dump placeholder superseded by the real identity of these bytes: ?dup_005818c0@@YAXXZ, byte-verified from Code/GameEngine/Source/Common/Audio/GameAudio.cpp over the same 11-byte range. The Code/gen_asm/d_00572210.asm dump reproduces those bytes but carries no identity."
?d_00581940@@YAXXZ,0x00581940,"gen-dump placeholder superseded by the real identity of these bytes: ?dup_00581940@@YAXXZ, byte-verified from Code/GameEngine/Source/Common/Audio/GameAudio.cpp over the same 18-byte range. The Code/gen_asm/d_00572210.asm dump reproduces those bytes but carries no identity."
?d_00581a50@@YAXXZ,0x00581A50,"gen-dump placeholder superseded by the real identity of these bytes: ?dup_00581a50@@YAXXZ, byte-verified from Code/GameEngine/Source/Common/Audio/GameAudio.cpp over the same 19-byte range. The Code/gen_asm/d_00572210.asm dump reproduces those bytes but carries no identity."
?d_00581ae0@@YAXXZ,0x00581AE0,"gen-dump placeholder superseded by the real identity of these bytes: ?dup_00581ae0@@YAXXZ, byte-verified from Code/GameEngine/Source/Common/Audio/GameAudio.cpp over the same 23-byte range. The Code/gen_asm/d_00572210.asm dump reproduces those bytes but carries no identity."
?d_00581b00@@YAXXZ,0x00581B00,"gen-dump placeholder superseded by the real identity of these bytes: ?dup_00581b00@@YAXXZ, byte-verified from Code/GameEngine/Source/Common/Audio/GameAudio.cpp over the same 23-byte range. The Code/gen_asm/d_00572210.asm dump reproduces those bytes but carries no identity."
?d_00581b50@@YAXXZ,0x00581B50,"gen-dump placeholder superseded by the real identity of these bytes: ?dup_00581b50@@YAXXZ, byte-verified from Code/GameEngine/Source/Common/Audio/GameAudio.cpp over the same 18-byte range. The Code/gen_asm/d_00572210.asm dump reproduces those bytes but carries no identity."
?d_00581bc0@@YAXXZ,0x00581BC0,"gen-dump placeholder superseded by the real identity of these bytes: ?dup_00581bc0@@YAXXZ, byte-verified from Code/GameEngine/Source/Common/Audio/GameAudio.cpp over the same 18-byte range. The Code/gen_asm/d_00572210.asm dump reproduces those bytes but carries no identity."
?d_00581be0@@YAXXZ,0x00581BE0,"gen-dump placeholder superseded by the real identity of these bytes: ?dup_00581be0@@YAXXZ, byte-verified from Code/GameEngine/Source/Common/Audio/GameAudio.cpp over the same 18-byte range. The Code/gen_asm/d_00572210.asm dump reproduces those bytes but carries no identity."
?d_00581cd0@@YAXXZ,0x00581CD0,"gen-dump placeholder superseded by the real identity of these bytes: ?dup_00581cd0@@YAXXZ, byte-verified from Code/GameEngine/Source/Common/Audio/GameAudio.cpp over the same 7-byte range. The Code/gen_asm/d_00572210.asm dump reproduces those bytes but carries no identity."
?d_00582120@@YAXXZ,0x00582120,"gen-dump placeholder superseded by the real identity of these bytes: ?dup_00582120@@YAXXZ, byte-verified from Code/GameEngine/Source/Common/Audio/GameAudio.cpp over the same 11-byte range. The Code/gen_asm/d_00572210.asm dump reproduces those bytes but carries no identity."
?d_005821b0@@YAXXZ,0x005821B0,"gen-dump placeholder superseded by the real identity of these bytes: ?dup_005821b0@@YAXXZ, byte-verified from Code/GameEngine/Source/Common/Audio/GameAudio.cpp over the same 11-byte range. The Code/gen_asm/d_00572210.asm dump reproduces those bytes but carries no identity."
?d_00582240@@YAXXZ,0x00582240,"gen-dump placeholder superseded by the real identity of these bytes: ?dup_00582240@@YAXXZ, byte-verified from Code/GameEngine/Source/Common/Audio/GameAudio.cpp over the same 11-byte range. The Code/gen_asm/d_00572210.asm dump reproduces those bytes but carries no identity."
?d_00582250@@YAXXZ,0x00582250,"gen-dump placeholder superseded by the real identity of these bytes: ?dup_00582250@@YAXXZ, byte-verified from Code/GameEngine/Source/Common/Audio/GameAudio.cpp over the same 18-byte range. The Code/gen_asm/d_00572210.asm dump reproduces those bytes but carries no identity."
?d_005825c0@@YAXXZ,0x005825C0,"gen-dump placeholder superseded by the real identity of these bytes: ?dup_005825c0@@YAXXZ, byte-verified from Code/GameEngine/Source/Common/Audio/GameAudio.cpp over the same 16-byte range. The Code/gen_asm/d_00572210.asm dump reproduces those bytes but carries no identity."
?d_00582d00@@YAXXZ,0x00582D00,"gen-dump placeholder superseded by the real identity of these bytes: ?dup_00582d00@@YAXXZ, byte-verified from Code/GameEngine/Source/Common/Audio/GameAudio.cpp over the same 16-byte range. The Code/gen_asm/d_00572210.asm dump reproduces those bytes but carries no identity."
?d_00582d20@@YAXXZ,0x00582D20,"gen-dump placeholder superseded by the real identity of these bytes: ?dup_00582d20@@YAXXZ, byte-verified from Code/GameEngine/Source/Common/Audio/GameAudio.cpp over the same 15-byte range. The Code/gen_asm/d_00572210.asm dump reproduces those bytes but carries no identity."
?d_00582d40@@YAXXZ,0x00582D40,"gen-dump placeholder superseded by the real identity of these bytes: ?dup_00582d40@@YAXXZ, byte-verified from Code/GameEngine/Source/Common/Audio/GameAudio.cpp over the same 15-byte range. The Code/gen_asm/d_00572210.asm dump reproduces those bytes but carries no identity."
?d_00584ea0@@YAXXZ,0x00584EA0,"gen-dump placeholder superseded by the real identity of these bytes: ?dup_00584ea0@@YAXXZ, byte-verified from Code/GameEngine/Source/Common/Audio/GameAudio.cpp over the same 13-byte range. The Code/gen_asm/d_00572210.asm dump reproduces those bytes but carries no identity."
?d_00584ee0@@YAXXZ,0x00584EE0,"gen-dump placeholder superseded by the real identity of these bytes: ?dup_00584ee0@@YAXXZ, byte-verified from Code/GameEngine/Source/Common/Audio/GameAudio.cpp over the same 13-byte range. The Code/gen_asm/d_00572210.asm dump reproduces those bytes but carries no identity."
?d_00584f80@@YAXXZ,0x00584F80,"gen-dump placeholder superseded by the real identity of these bytes: ?dup_00584f80@@YAXXZ, byte-verified from Code/GameEngine/Source/Common/Audio/GameAudio.cpp over the same 19-byte range. The Code/gen_asm/d_00572210.asm dump reproduces those bytes but carries no identity."
?d_00585010@@YAXXZ,0x00585010,"gen-dump placeholder superseded by the real identity of these bytes: ?dup_00585010@@YAXXZ, byte-verified from Code/GameEngine/Source/Common/Audio/GameAudio.cpp over the same 23-byte range. The Code/gen_asm/d_00572210.asm dump reproduces those bytes but carries no identity."
?d_00585040@@YAXXZ,0x00585040,"gen-dump placeholder superseded by the real identity of these bytes: ?dup_00585040@@YAXXZ, byte-verified from Code/GameEngine/Source/Common/Audio/GameAudio.cpp over the same 6-byte range. The Code/gen_asm/d_00572210.asm dump reproduces those bytes but carries no identity."
?d_00585080@@YAXXZ,0x00585080,"gen-dump placeholder superseded by the real identity of these bytes: ?dup_00585080@@YAXXZ, byte-verified from Code/GameEngine/Source/Common/Audio/GameAudio.cpp over the same 6-byte range. The Code/gen_asm/d_00572210.asm dump reproduces those bytes but carries no identity."
?d_005850a0@@YAXXZ,0x005850A0,"gen-dump placeholder superseded by the real identity of these bytes: ?dup_005850a0@@YAXXZ, byte-verified from Code/GameEngine/Source/Common/Audio/GameAudio.cpp over the same 7-byte range. The Code/gen_asm/d_00572210.asm dump reproduces those bytes but carries no identity."
?d_005850c0@@YAXXZ,0x005850C0,"gen-dump placeholder superseded by the real identity of these bytes: ?dup_005850c0@@YAXXZ, byte-verified from Code/GameEngine/Source/Common/Audio/GameAudio.cpp over the same 11-byte range. The Code/gen_asm/d_00572210.asm dump reproduces those bytes but carries no identity."
?d_005850d0@@YAXXZ,0x005850D0,"gen-dump placeholder superseded by the real identity of these bytes: ?dup_005850d0@@YAXXZ, byte-verified from Code/GameEngine/Source/Common/Audio/GameAudio.cpp over the same 11-byte range. The Code/gen_asm/d_00572210.asm dump reproduces those bytes but carries no identity."
?d_005850e0@@YAXXZ,0x005850E0,"gen-dump placeholder superseded by the real identity of these bytes: ?dup_005850e0@@YAXXZ, byte-verified from Code/GameEngine/Source/Common/Audio/GameAudio.cpp over the same 11-byte range. The Code/gen_asm/d_00572210.asm dump reproduces those bytes but carries no identity."
?d_00585170@@YAXXZ,0x00585170,"gen-dump placeholder superseded by the real identity of these bytes: ?dup_00585170@@YAXXZ, byte-verified from Code/GameEngine/Source/Common/Audio/GameAudio.cpp over the same 7-byte range. The Code/gen_asm/d_00572210.asm dump reproduces those bytes but carries no identity."
?d_00585180@@YAXXZ,0x00585180,"gen-dump placeholder superseded by the real identity of these bytes: ?dup_00585180@@YAXXZ, byte-verified from Code/GameEngine/Source/Common/Audio/GameAudio.cpp over the same 17-byte range. The Code/gen_asm/d_00572210.asm dump reproduces those bytes but carries no identity."
?d_005852e0@@YAXXZ,0x005852E0,"gen-dump placeholder superseded by the real identity of these bytes: ?dup_005852e0@@YAXXZ, byte-verified from Code/GameEngine/Source/Common/Audio/GameAudio.cpp over the same 7-byte range. The Code/gen_asm/d_00572210.asm dump reproduces those bytes but carries no identity."
?d_00585500@@YAXXZ,0x00585500,"gen-dump placeholder superseded by the real identity of these bytes: ?dup_00585500@@YAXXZ, byte-verified from Code/GameEngine/Source/Common/Audio/GameAudio.cpp over the same 19-byte range. The Code/gen_asm/d_00572210.asm dump reproduces those bytes but carries no identity."
?d_005856f0@@YAXXZ,0x005856F0,"gen-dump placeholder superseded by the real identity of these bytes: ?dup_005856f0@@YAXXZ, byte-verified from Code/GameEngine/Source/Common/Audio/GameAudio.cpp over the same 11-byte range. The Code/gen_asm/d_00572210.asm dump reproduces those bytes but carries no identity."
?d_00585700@@YAXXZ,0x00585700,"gen-dump placeholder superseded by the real identity of these bytes: ?dup_00585700@@YAXXZ, byte-verified from Code/GameEngine/Source/Common/Audio/GameAudio.cpp over the same 11-byte range. The Code/gen_asm/d_00572210.asm dump reproduces those bytes but carries no identity."
?d_00585710@@YAXXZ,0x00585710,"gen-dump placeholder superseded by the real identity of these bytes: ?dup_00585710@@YAXXZ, byte-verified from Code/GameEngine/Source/Common/Audio/GameAudio.cpp over the same 7-byte range. The Code/gen_asm/d_00572210.asm dump reproduces those bytes but carries no identity."
?d_00585740@@YAXXZ,0x00585740,"gen-dump placeholder superseded by the real identity of these bytes: ?dup_00585740@@YAXXZ, byte-verified from Code/GameEngine/Source/Common/Audio/GameAudio.cpp over the same 11-byte range. The Code/gen_asm/d_00572210.asm dump reproduces those bytes but carries no identity."
?d_005858c0@@YAXXZ,0x005858C0,"gen-dump placeholder superseded by the real identity of these bytes: ?dup_005858c0@@YAXXZ, byte-verified from Code/GameEngine/Source/Common/Audio/GameAudio.cpp over the same 11-byte range. The Code/gen_asm/d_00572210.asm dump reproduces those bytes but carries no identity."
?d_00585910@@YAXXZ,0x00585910,"gen-dump placeholder superseded by the real identity of these bytes: ?dup_00585910@@YAXXZ, byte-verified from Code/GameEngine/Source/Common/Audio/GameAudio.cpp over the same 11-byte range. The Code/gen_asm/d_00572210.asm dump reproduces those bytes but carries no identity."
?d_00585fe0@@YAXXZ,0x00585FE0,"gen-dump placeholder superseded by the real identity of these bytes: ?dup_00585fe0@@YAXXZ, byte-verified from Code/GameEngine/Source/Common/Audio/GameAudio.cpp over the same 11-byte range. The Code/gen_asm/d_00572210.asm dump reproduces those bytes but carries no identity."
?d_00585ff0@@YAXXZ,0x00585FF0,"gen-dump placeholder superseded by the real identity of these bytes: ?dup_00585ff0@@YAXXZ, byte-verified from Code/GameEngine/Source/Common/Audio/GameAudio.cpp over the same 11-byte range. The Code/gen_asm/d_00572210.asm dump reproduces those bytes but carries no identity."
?d_00586020@@YAXXZ,0x00586020,"gen-dump placeholder superseded by the real identity of these bytes: ?dup_00586020@@YAXXZ, byte-verified from Code/GameEngine/Source/Common/Audio/GameAudio.cpp over the same 11-byte range. The Code/gen_asm/d_00572210.asm dump reproduces those bytes but carries no identity."
?d_005863b0@@YAXXZ,0x005863B0,"gen-dump placeholder superseded by the real identity of these bytes: ?dup_005863b0@@YAXXZ, byte-verified from Code/GameEngine/Source/Common/Audio/GameAudio.cpp over the same 15-byte range. The Code/gen_asm/d_00572210.asm dump reproduces those bytes but carries no identity."
?d_00588870@@YAXXZ,0x00588870,"gen-dump placeholder superseded by the real identity of these bytes: ?dup_00588870@@YAXXZ, byte-verified from Code/GameEngine/Source/Common/Audio/GameAudio.cpp over the same 18-byte range. The Code/gen_asm/d_00572210.asm dump reproduces those bytes but carries no identity."
?d_00588c50@@YAXXZ,0x00588C50,"gen-dump placeholder superseded by the real identity of these bytes: ?dup_00588c50@@YAXXZ, byte-verified from Code/GameEngine/Source/Common/Audio/GameAudio.cpp over the same 18-byte range. The Code/gen_asm/d_00572210.asm dump reproduces those bytes but carries no identity."
?d_00588cf0@@YAXXZ,0x00588CF0,"gen-dump placeholder superseded by the real identity of these bytes: ?dup_00588cf0@@YAXXZ, byte-verified from Code/GameEngine/Source/Common/Audio/GameAudio.cpp over the same 18-byte range. The Code/gen_asm/d_00572210.asm dump reproduces those bytes but carries no identity."
?d_00588d80@@YAXXZ,0x00588D80,"gen-dump placeholder superseded by the real identity of these bytes: ?dup_00588d80@@YAXXZ, byte-verified from Code/GameEngine/Source/Common/Audio/GameAudio.cpp over the same 11-byte range. The Code/gen_asm/d_00572210.asm dump reproduces those bytes but carries no identity."
?d_00588d90@@YAXXZ,0x00588D90,"gen-dump placeholder superseded by the real identity of these bytes: ?dup_00588d90@@YAXXZ, byte-verified from Code/GameEngine/Source/Common/Audio/GameAudio.cpp over the same 11-byte range. The Code/gen_asm/d_00572210.asm dump reproduces those bytes but carries no identity."
?d_00588da0@@YAXXZ,0x00588DA0,"gen-dump placeholder superseded by the real identity of these bytes: ?dup_00588da0@@YAXXZ, byte-verified from Code/GameEngine/Source/Common/Audio/GameAudio.cpp over the same 11-byte range. The Code/gen_asm/d_00572210.asm dump reproduces those bytes but carries no identity."
?d_00589a20@@YAXXZ,0x00589A20,"gen-dump placeholder superseded by the real identity of these bytes: ?dup_00589a20@@YAXXZ, byte-verified from Code/GameEngine/Source/Common/Audio/GameAudio.cpp over the same 13-byte range. The Code/gen_asm/d_00572210.asm dump reproduces those bytes but carries no identity."
?d_00589a60@@YAXXZ,0x00589A60,"gen-dump placeholder superseded by the real identity of these bytes: ?dup_00589a60@@YAXXZ, byte-verified from Code/GameEngine/Source/Common/Audio/GameAudio.cpp over the same 11-byte range. The Code/gen_asm/d_00572210.asm dump reproduces those bytes but carries no identity."
?d_00589af0@@YAXXZ,0x00589AF0,"gen-dump placeholder superseded by the real identity of these bytes: ?dup_00589af0@@YAXXZ, byte-verified from Code/GameEngine/Source/Common/Audio/GameAudio.cpp over the same 11-byte range. The Code/gen_asm/d_00572210.asm dump reproduces those bytes but carries no identity."
?d_00589b50@@YAXXZ,0x00589B50,"gen-dump placeholder superseded by the real identity of these bytes: ?dup_00589b50@@YAXXZ, byte-verified from Code/GameEngine/Source/Common/Audio/GameAudio.cpp over the same 11-byte range. The Code/gen_asm/d_00572210.asm dump reproduces those bytes but carries no identity."
?d_00589c00@@YAXXZ,0x00589C00,"gen-dump placeholder superseded by the real identity of these bytes: ?dup_00589c00@@YAXXZ, byte-verified from Code/GameEngine/Source/Common/Audio/GameAudio.cpp over the same 13-byte range. The Code/gen_asm/d_00572210.asm dump reproduces those bytes but carries no identity."
?d_00589cc0@@YAXXZ,0x00589CC0,"gen-dump placeholder superseded by the real identity of these bytes: ?dup_00589cc0@@YAXXZ, byte-verified from Code/GameEngine/Source/Common/Audio/GameAudio.cpp over the same 11-byte range. The Code/gen_asm/d_00572210.asm dump reproduces those bytes but carries no identity."
?d_00589cd0@@YAXXZ,0x00589CD0,"gen-dump placeholder superseded by the real identity of these bytes: ?dup_00589cd0@@YAXXZ, byte-verified from Code/GameEngine/Source/Common/Audio/GameAudio.cpp over the same 6-byte range. The Code/gen_asm/d_00572210.asm dump reproduces those bytes but carries no identity."
?d_00589d50@@YAXXZ,0x00589D50,"gen-dump placeholder superseded by the real identity of these bytes: ?dup_00589d50@@YAXXZ, byte-verified from Code/GameEngine/Source/Common/Audio/GameAudio.cpp over the same 11-byte range. The Code/gen_asm/d_00572210.asm dump reproduces those bytes but carries no identity."
?d_00589d60@@YAXXZ,0x00589D60,"gen-dump placeholder superseded by the real identity of these bytes: ?dup_00589d60@@YAXXZ, byte-verified from Code/GameEngine/Source/Common/Audio/GameAudio.cpp over the same 6-byte range. The Code/gen_asm/d_00572210.asm dump reproduces those bytes but carries no identity."
?d_00589d70@@YAXXZ,0x00589D70,"gen-dump placeholder superseded by the real identity of these bytes: ?dup_00589d70@@YAXXZ, byte-verified from Code/GameEngine/Source/Common/Audio/GameAudio.cpp over the same 13-byte range. The Code/gen_asm/d_00572210.asm dump reproduces those bytes but carries no identity."
?d_00589e60@@YAXXZ,0x00589E60,"gen-dump placeholder superseded by the real identity of these bytes: ?dup_00589e60@@YAXXZ, byte-verified from Code/GameEngine/Source/Common/Audio/GameAudio.cpp over the same 6-byte range. The Code/gen_asm/d_00572210.asm dump reproduces those bytes but carries no identity."
?d_00589e80@@YAXXZ,0x00589E80,"gen-dump placeholder superseded by the real identity of these bytes: ?dup_00589e80@@YAXXZ, byte-verified from Code/GameEngine/Source/Common/Audio/GameAudio.cpp over the same 7-byte range. The Code/gen_asm/d_00572210.asm dump reproduces those bytes but carries no identity."
?d_00589ef0@@YAXXZ,0x00589EF0,"gen-dump placeholder superseded by the real identity of these bytes: ?dup_00589ef0@@YAXXZ, byte-verified from Code/GameEngine/Source/Common/Audio/GameAudio.cpp over the same 11-byte range. The Code/gen_asm/d_00572210.asm dump reproduces those bytes but carries no identity."
?d_0058a810@@YAXXZ,0x0058A810,"gen-dump placeholder superseded by the real identity of these bytes: ?dup_0058a810@@YAXXZ, byte-verified from Code/GameEngine/Source/Common/Audio/GameAudio.cpp over the same 7-byte range. The Code/gen_asm/d_00572210.asm dump reproduces those bytes but carries no identity."
?d_0058ae60@@YAXXZ,0x0058AE60,"gen-dump placeholder superseded by the real identity of these bytes: ?dup_0058ae60@@YAXXZ, byte-verified from Code/GameEngine/Source/Common/Audio/GameAudio.cpp over the same 13-byte range. The Code/gen_asm/d_00572210.asm dump reproduces those bytes but carries no identity."
?d_0058b280@@YAXXZ,0x0058B280,"gen-dump placeholder superseded by the real identity of these bytes: ?dup_0058b280@@YAXXZ, byte-verified from Code/GameEngine/Source/Common/Audio/GameAudio.cpp over the same 9-byte range. The Code/gen_asm/d_0058aec0.asm dump reproduces those bytes but carries no identity."
?d_0058b430@@YAXXZ,0x0058B430,"gen-dump placeholder superseded by the real identity of these bytes: ?dup_0058b430@@YAXXZ, byte-verified from Code/GameEngine/Source/Common/Audio/GameAudio.cpp over the same 22-byte range. The Code/gen_asm/d_0058aec0.asm dump reproduces those bytes but carries no identity."
?d_0058c3b0@@YAXXZ,0x0058C3B0,"gen-dump placeholder superseded by the real identity of these bytes: ?dup_0058c3b0@@YAXXZ, byte-verified from Code/GameEngine/Source/Common/Audio/GameAudio.cpp over the same 13-byte range. The Code/gen_asm/d_0058aec0.asm dump reproduces those bytes but carries no identity."
?d_0058c3d0@@YAXXZ,0x0058C3D0,"gen-dump placeholder superseded by the real identity of these bytes: ?dup_0058c3d0@@YAXXZ, byte-verified from Code/GameEngine/Source/Common/Audio/GameAudio.cpp over the same 11-byte range. The Code/gen_asm/d_0058aec0.asm dump reproduces those bytes but carries no identity."
?d_0058c410@@YAXXZ,0x0058C410,"gen-dump placeholder superseded by the real identity of these bytes: ?dup_0058c410@@YAXXZ, byte-verified from Code/GameEngine/Source/Common/Audio/GameAudio.cpp over the same 6-byte range. The Code/gen_asm/d_0058aec0.asm dump reproduces those bytes but carries no identity."
?d_0058c4a0@@YAXXZ,0x0058C4A0,"gen-dump placeholder superseded by the real identity of these bytes: ?dup_0058c4a0@@YAXXZ, byte-verified from Code/GameEngine/Source/Common/Audio/GameAudio.cpp over the same 6-byte range. The Code/gen_asm/d_0058aec0.asm dump reproduces those bytes but carries no identity."
?d_0058c590@@YAXXZ,0x0058C590,"gen-dump placeholder superseded by the real identity of these bytes: ?dup_0058c590@@YAXXZ, byte-verified from Code/GameEngine/Source/Common/Audio/GameAudio.cpp over the same 13-byte range. The Code/gen_asm/d_0058aec0.asm dump reproduces those bytes but carries no identity."
?d_0058c5d0@@YAXXZ,0x0058C5D0,"gen-dump placeholder superseded by the real identity of these bytes: ?dup_0058c5d0@@YAXXZ, byte-verified from Code/GameEngine/Source/Common/Audio/GameAudio.cpp over the same 11-byte range. The Code/gen_asm/d_0058aec0.asm dump reproduces those bytes but carries no identity."
?d_0058c690@@YAXXZ,0x0058C690,"gen-dump placeholder superseded by the real identity of these bytes: ?dup_0058c690@@YAXXZ, byte-verified from Code/GameEngine/Source/Common/Audio/GameAudio.cpp over the same 11-byte range. The Code/gen_asm/d_0058aec0.asm dump reproduces those bytes but carries no identity."
?d_0058c6a0@@YAXXZ,0x0058C6A0,"gen-dump placeholder superseded by the real identity of these bytes: ?dup_0058c6a0@@YAXXZ, byte-verified from Code/GameEngine/Source/Common/Audio/GameAudio.cpp over the same 11-byte range. The Code/gen_asm/d_0058aec0.asm dump reproduces those bytes but carries no identity."
?d_0058f1d0@@YAXXZ,0x0058F1D0,"gen-dump placeholder superseded by the real identity of these bytes: ?dup_0058f1d0@@YAXXZ, byte-verified from Code/GameEngine/Source/Common/Audio/GameAudio.cpp over the same 11-byte range. The Code/gen_asm/d_0058aec0.asm dump reproduces those bytes but carries no identity."
?d_00598ef0@@YAXXZ,0x00598EF0,"gen-dump placeholder superseded by the real identity of these bytes: ?dup_00598ef0@@YAXXZ, byte-verified from Code/GameEngine/Source/Common/Audio/GameAudio.cpp over the same 16-byte range. The Code/gen_asm/d_0058aec0.asm dump reproduces those bytes but carries no identity."
?d_0059fd50@@YAXXZ,0x0059FD50,"gen-dump placeholder superseded by the real identity of these bytes: ?dup_0059fd50@@YAXXZ, byte-verified from Code/GameEngine/Source/Common/Audio/GameAudio.cpp over the same 6-byte range. The Code/gen_asm/d_0058aec0.asm dump reproduces those bytes but carries no identity."
?d_0059fdd0@@YAXXZ,0x0059FDD0,"gen-dump placeholder superseded by the real identity of these bytes: ?dup_0059fdd0@@YAXXZ, byte-verified from Code/GameEngine/Source/Common/Audio/GameAudio.cpp over the same 9-byte range. The Code/gen_asm/d_0058aec0.asm dump reproduces those bytes but carries no identity."
?d_0059fdf0@@YAXXZ,0x0059FDF0,"gen-dump placeholder superseded by the real identity of these bytes: ?dup_0059fdf0@@YAXXZ, byte-verified from Code/GameEngine/Source/Common/Audio/GameAudio.cpp over the same 11-byte range. The Code/gen_asm/d_0058aec0.asm dump reproduces those bytes but carries no identity."
?d_0059fe80@@YAXXZ,0x0059FE80,"gen-dump placeholder superseded by the real identity of these bytes: ?dup_0059fe80@@YAXXZ, byte-verified from Code/GameEngine/Source/Common/Audio/GameAudio.cpp over the same 13-byte range. The Code/gen_asm/d_0058aec0.asm dump reproduces those bytes but carries no identity."
?d_005a3350@@YAXXZ,0x005A3350,"gen-dump placeholder superseded by the real identity of these bytes: ?dup_005a3350@@YAXXZ, byte-verified from Code/GameEngine/Source/Common/Audio/GameAudio.cpp over the same 23-byte range. The Code/gen_asm/d_0058aec0.asm dump reproduces those bytes but carries no identity."
?d_005a3840@@YAXXZ,0x005A3840,"gen-dump placeholder superseded by the real identity of these bytes: ?dup_005a3840@@YAXXZ, byte-verified from Code/GameEngine/Source/Common/Audio/GameAudio.cpp over the same 11-byte range. The Code/gen_asm/d_0058aec0.asm dump reproduces those bytes but carries no identity."
?d_005a39c0@@YAXXZ,0x005A39C0,"gen-dump placeholder superseded by the real identity of these bytes: ?dup_005a39c0@@YAXXZ, byte-verified from Code/GameEngine/Source/Common/Audio/GameAudio.cpp over the same 15-byte range. The Code/gen_asm/d_0058aec0.asm dump reproduces those bytes but carries no identity."
?d_005a75b0@@YAXXZ,0x005A75B0,"gen-dump placeholder superseded by the real identity of these bytes: ?dup_005a75b0@@YAXXZ, byte-verified from Code/GameEngine/Source/Common/Audio/GameAudio.cpp over the same 7-byte range. The Code/gen_asm/d_0058aec0.asm dump reproduces those bytes but carries no identity."
?d_005a7740@@YAXXZ,0x005A7740,"gen-dump placeholder superseded by the real identity of these bytes: ?dup_005a7740@@YAXXZ, byte-verified from Code/GameEngine/Source/Common/Audio/GameAudio.cpp over the same 6-byte range. The Code/gen_asm/d_0058aec0.asm dump reproduces those bytes but carries no identity."
?d_005a77b0@@YAXXZ,0x005A77B0,"gen-dump placeholder superseded by the real identity of these bytes: ?dup_005a77b0@@YAXXZ, byte-verified from Code/GameEngine/Source/Common/Audio/GameAudio.cpp over the same 11-byte range. The Code/gen_asm/d_0058aec0.asm dump reproduces those bytes but carries no identity."
?d_005a7820@@YAXXZ,0x005A7820,"gen-dump placeholder superseded by the real identity of these bytes: ?dup_005a7820@@YAXXZ, byte-verified from Code/GameEngine/Source/Common/Audio/GameAudio.cpp over the same 18-byte range. The Code/gen_asm/d_0058aec0.asm dump reproduces those bytes but carries no identity."
?d_005a7850@@YAXXZ,0x005A7850,"gen-dump placeholder superseded by the real identity of these bytes: ?dup_005a7850@@YAXXZ, byte-verified from Code/GameEngine/Source/Common/Audio/GameAudio.cpp over the same 22-byte range. The Code/gen_asm/d_0058aec0.asm dump reproduces those bytes but carries no identity."
?d_005a78d0@@YAXXZ,0x005A78D0,"gen-dump placeholder superseded by the real identity of these bytes: ?dup_005a78d0@@YAXXZ, byte-verified from Code/GameEngine/Source/Common/Audio/GameAudio.cpp over the same 10-byte range. The Code/gen_asm/d_0058aec0.asm dump reproduces those bytes but carries no identity."
?d_005a7900@@YAXXZ,0x005A7900,"gen-dump placeholder superseded by the real identity of these bytes: ?dup_005a7900@@YAXXZ, byte-verified from Code/GameEngine/Source/Common/Audio/GameAudio.cpp over the same 7-byte range. The Code/gen_asm/d_0058aec0.asm dump reproduces those bytes but carries no identity."
?d_005a7930@@YAXXZ,0x005A7930,"gen-dump placeholder superseded by the real identity of these bytes: ?dup_005a7930@@YAXXZ, byte-verified from Code/GameEngine/Source/Common/Audio/GameAudio.cpp over the same 7-byte range. The Code/gen_asm/d_0058aec0.asm dump reproduces those bytes but carries no identity."
?d_005a79f0@@YAXXZ,0x005A79F0,"gen-dump placeholder superseded by the real identity of these bytes: ?dup_005a79f0@@YAXXZ, byte-verified from Code/GameEngine/Source/Common/Audio/GameAudio.cpp over the same 19-byte range. The Code/gen_asm/d_0058aec0.asm dump reproduces those bytes but carries no identity."
?d_005a7a10@@YAXXZ,0x005A7A10,"gen-dump placeholder superseded by the real identity of these bytes: ?dup_005a7a10@@YAXXZ, byte-verified from Code/GameEngine/Source/Common/Audio/GameAudio.cpp over the same 13-byte range. The Code/gen_asm/d_0058aec0.asm dump reproduces those bytes but carries no identity."
?d_005a7a40@@YAXXZ,0x005A7A40,"gen-dump placeholder superseded by the real identity of these bytes: ?dup_005a7a40@@YAXXZ, byte-verified from Code/GameEngine/Source/Common/Audio/GameAudio.cpp over the same 19-byte range. The Code/gen_asm/d_0058aec0.asm dump reproduces those bytes but carries no identity."
?d_005a7b40@@YAXXZ,0x005A7B40,"gen-dump placeholder superseded by the real identity of these bytes: ?dup_005a7b40@@YAXXZ, byte-verified from Code/GameEngine/Source/Common/Audio/GameAudio.cpp over the same 7-byte range. The Code/gen_asm/d_0058aec0.asm dump reproduces those bytes but carries no identity."
?d_005a7b70@@YAXXZ,0x005A7B70,"gen-dump placeholder superseded by the real identity of these bytes: ?dup_005a7b70@@YAXXZ, byte-verified from Code/GameEngine/Source/Common/Audio/GameAudio.cpp over the same 11-byte range. The Code/gen_asm/d_0058aec0.asm dump reproduces those bytes but carries no identity."
?d_005a7bb0@@YAXXZ,0x005A7BB0,"gen-dump placeholder superseded by the real identity of these bytes: ?dup_005a7bb0@@YAXXZ, byte-verified from Code/GameEngine/Source/Common/Audio/GameAudio.cpp over the same 11-byte range. The Code/gen_asm/d_0058aec0.asm dump reproduces those bytes but carries no identity."
?d_005a7bc0@@YAXXZ,0x005A7BC0,"gen-dump placeholder superseded by the real identity of these bytes: ?dup_005a7bc0@@YAXXZ, byte-verified from Code/GameEngine/Source/Common/Audio/GameAudio.cpp over the same 18-byte range. The Code/gen_asm/d_0058aec0.asm dump reproduces those bytes but carries no identity."
?d_005a7ee0@@YAXXZ,0x005A7EE0,"gen-dump placeholder superseded by the real identity of these bytes: ?dup_005a7ee0@@YAXXZ, byte-verified from Code/GameEngine/Source/Common/Audio/GameAudio.cpp over the same 11-byte range. The Code/gen_asm/d_0058aec0.asm dump reproduces those bytes but carries no identity."
?d_005a7fa0@@YAXXZ,0x005A7FA0,"gen-dump placeholder superseded by the real identity of these bytes: ?dup_005a7fa0@@YAXXZ, byte-verified from Code/GameEngine/Source/Common/Audio/GameAudio.cpp over the same 16-byte range. The Code/gen_asm/d_0058aec0.asm dump reproduces those bytes but carries no identity."
?d_005a81c0@@YAXXZ,0x005A81C0,"gen-dump placeholder superseded by the real identity of these bytes: ?dup_005a81c0@@YAXXZ, byte-verified from Code/GameEngine/Source/Common/Audio/GameAudio.cpp over the same 16-byte range. The Code/gen_asm/d_0058aec0.asm dump reproduces those bytes but carries no identity."
?d_005b2470@@YAXXZ,0x005B2470,"gen-dump placeholder superseded by the real identity of these bytes: ?dup_005b2470@@YAXXZ, byte-verified from Code/GameEngine/Source/Common/Audio/GameAudio.cpp over the same 13-byte range. The Code/gen_asm/d_0058aec0.asm dump reproduces those bytes but carries no identity."
?d_005b24e0@@YAXXZ,0x005B24E0,"gen-dump placeholder superseded by the real identity of these bytes: ?dup_005b24e0@@YAXXZ, byte-verified from Code/GameEngine/Source/Common/Audio/GameAudio.cpp over the same 6-byte range. The Code/gen_asm/d_0058aec0.asm dump reproduces those bytes but carries no identity."
?d_005b2500@@YAXXZ,0x005B2500,"gen-dump placeholder superseded by the real identity of these bytes: ?dup_005b2500@@YAXXZ, byte-verified from Code/GameEngine/Source/Common/Audio/GameAudio.cpp over the same 7-byte range. The Code/gen_asm/d_0058aec0.asm dump reproduces those bytes but carries no identity."
?d_005b2520@@YAXXZ,0x005B2520,"gen-dump placeholder superseded by the real identity of these bytes: ?dup_005b2520@@YAXXZ, byte-verified from Code/GameEngine/Source/Common/Audio/GameAudio.cpp over the same 11-byte range. The Code/gen_asm/d_0058aec0.asm dump reproduces those bytes but carries no identity."
?d_005b2580@@YAXXZ,0x005B2580,"gen-dump placeholder superseded by the real identity of these bytes: ?dup_005b2580@@YAXXZ, byte-verified from Code/GameEngine/Source/Common/Audio/GameAudio.cpp over the same 7-byte range. The Code/gen_asm/d_0058aec0.asm dump reproduces those bytes but carries no identity."
?d_005b2660@@YAXXZ,0x005B2660,"gen-dump placeholder superseded by the real identity of these bytes: ?dup_005b2660@@YAXXZ, byte-verified from Code/GameEngine/Source/Common/Audio/GameAudio.cpp over the same 7-byte range. The Code/gen_asm/d_0058aec0.asm dump reproduces those bytes but carries no identity."
?d_005b2690@@YAXXZ,0x005B2690,"gen-dump placeholder superseded by the real identity of these bytes: ?dup_005b2690@@YAXXZ, byte-verified from Code/GameEngine/Source/Common/Audio/GameAudio.cpp over the same 11-byte range. The Code/gen_asm/d_0058aec0.asm dump reproduces those bytes but carries no identity."
?d_005b2940@@YAXXZ,0x005B2940,"gen-dump placeholder superseded by the real identity of these bytes: ?dup_005b2940@@YAXXZ, byte-verified from Code/GameEngine/Source/Common/Audio/GameAudio.cpp over the same 11-byte range. The Code/gen_asm/d_0058aec0.asm dump reproduces those bytes but carries no identity."
?d_005b7460@@YAXXZ,0x005B7460,"gen-dump placeholder superseded by the real identity of these bytes: ?dup_005b7460@@YAXXZ, byte-verified from Code/GameEngine/Source/Common/Audio/GameAudio.cpp over the same 18-byte range. The Code/gen_asm/d_0058aec0.asm dump reproduces those bytes but carries no identity."
?d_005b7480@@YAXXZ,0x005B7480,"gen-dump placeholder superseded by the real identity of these bytes: ?dup_005b7480@@YAXXZ, byte-verified from Code/GameEngine/Source/Common/Audio/GameAudio.cpp over the same 18-byte range. The Code/gen_asm/d_0058aec0.asm dump reproduces those bytes but carries no identity."
?d_005b74c0@@YAXXZ,0x005B74C0,"gen-dump placeholder superseded by the real identity of these bytes: ?dup_005b74c0@@YAXXZ, byte-verified from Code/GameEngine/Source/Common/Audio/GameAudio.cpp over the same 7-byte range. The Code/gen_asm/d_0058aec0.asm dump reproduces those bytes but carries no identity."
?d_005b7550@@YAXXZ,0x005B7550,"gen-dump placeholder superseded by the real identity of these bytes: ?dup_005b7550@@YAXXZ, byte-verified from Code/GameEngine/Source/Common/Audio/GameAudio.cpp over the same 11-byte range. The Code/gen_asm/d_0058aec0.asm dump reproduces those bytes but carries no identity."
?d_005b7560@@YAXXZ,0x005B7560,"gen-dump placeholder superseded by the real identity of these bytes: ?dup_005b7560@@YAXXZ, byte-verified from Code/GameEngine/Source/Common/Audio/GameAudio.cpp over the same 18-byte range. The Code/gen_asm/d_0058aec0.asm dump reproduces those bytes but carries no identity."
?d_005b7850@@YAXXZ,0x005B7850,"gen-dump placeholder superseded by the real identity of these bytes: ?dup_005b7850@@YAXXZ, byte-verified from Code/GameEngine/Source/Common/Audio/GameAudio.cpp over the same 16-byte range. The Code/gen_asm/d_0058aec0.asm dump reproduces those bytes but carries no identity."
?d_005b7960@@YAXXZ,0x005B7960,"gen-dump placeholder superseded by the real identity of these bytes: ?dup_005b7960@@YAXXZ, byte-verified from Code/GameEngine/Source/Common/Audio/GameAudio.cpp over the same 16-byte range. The Code/gen_asm/d_0058aec0.asm dump reproduces those bytes but carries no identity."
?d_005bb570@@YAXXZ,0x005BB570,"gen-dump placeholder superseded by the real identity of these bytes: ?dup_005bb570@@YAXXZ, byte-verified from Code/GameEngine/Source/Common/Audio/GameAudio.cpp over the same 6-byte range. The Code/gen_asm/d_0058aec0.asm dump reproduces those bytes but carries no identity."
?d_005bb580@@YAXXZ,0x005BB580,"gen-dump placeholder superseded by the real identity of these bytes: ?dup_005bb580@@YAXXZ, byte-verified from Code/GameEngine/Source/Common/Audio/GameAudio.cpp over the same 6-byte range. The Code/gen_asm/d_0058aec0.asm dump reproduces those bytes but carries no identity."
?d_005bb610@@YAXXZ,0x005BB610,"gen-dump placeholder superseded by the real identity of these bytes: ?dup_005bb610@@YAXXZ, byte-verified from Code/GameEngine/Source/Common/Audio/GameAudio.cpp over the same 17-byte range. The Code/gen_asm/d_0058aec0.asm dump reproduces those bytes but carries no identity."
?d_005bb630@@YAXXZ,0x005BB630,"gen-dump placeholder superseded by the real identity of these bytes: ?dup_005bb630@@YAXXZ, byte-verified from Code/GameEngine/Source/Common/Audio/GameAudio.cpp over the same 17-byte range. The Code/gen_asm/d_0058aec0.asm dump reproduces those bytes but carries no identity."
?d_005bb660@@YAXXZ,0x005BB660,"gen-dump placeholder superseded by the real identity of these bytes: ?dup_005bb660@@YAXXZ, byte-verified from Code/GameEngine/Source/Common/Audio/GameAudio.cpp over the same 13-byte range. The Code/gen_asm/d_0058aec0.asm dump reproduces those bytes but carries no identity."
?d_005bb690@@YAXXZ,0x005BB690,"gen-dump placeholder superseded by the real identity of these bytes: ?dup_005bb690@@YAXXZ, byte-verified from Code/GameEngine/Source/Common/Audio/GameAudio.cpp over the same 13-byte range. The Code/gen_asm/d_0058aec0.asm dump reproduces those bytes but carries no identity."
?d_005bb730@@YAXXZ,0x005BB730,"gen-dump placeholder superseded by the real identity of these bytes: ?dup_005bb730@@YAXXZ, byte-verified from Code/GameEngine/Source/Common/Audio/GameAudio.cpp over the same 11-byte range. The Code/gen_asm/d_0058aec0.asm dump reproduces those bytes but carries no identity."
?d_005bb740@@YAXXZ,0x005BB740,"gen-dump placeholder superseded by the real identity of these bytes: ?dup_005bb740@@YAXXZ, byte-verified from Code/GameEngine/Source/Common/Audio/GameAudio.cpp over the same 11-byte range. The Code/gen_asm/d_0058aec0.asm dump reproduces those bytes but carries no identity."
?d_005bb770@@YAXXZ,0x005BB770,"gen-dump placeholder superseded by the real identity of these bytes: ?dup_005bb770@@YAXXZ, byte-verified from Code/GameEngine/Source/Common/Audio/GameAudio.cpp over the same 11-byte range. The Code/gen_asm/d_0058aec0.asm dump reproduces those bytes but carries no identity."
?d_005bb7c0@@YAXXZ,0x005BB7C0,"gen-dump placeholder superseded by the real identity of these bytes: ?dup_005bb7c0@@YAXXZ, byte-verified from Code/GameEngine/Source/Common/Audio/GameAudio.cpp over the same 11-byte range. The Code/gen_asm/d_0058aec0.asm dump reproduces those bytes but carries no identity."
?d_005bbb70@@YAXXZ,0x005BBB70,"gen-dump placeholder superseded by the real identity of these bytes: ?dup_005bbb70@@YAXXZ, byte-verified from Code/GameEngine/Source/Common/Audio/GameAudio.cpp over the same 13-byte range. The Code/gen_asm/d_0058aec0.asm dump reproduces those bytes but carries no identity."
?d_005bbbc0@@YAXXZ,0x005BBBC0,"gen-dump placeholder superseded by the real identity of these bytes: ?dup_005bbbc0@@YAXXZ, byte-verified from Code/GameEngine/Source/Common/Audio/GameAudio.cpp over the same 13-byte range. The Code/gen_asm/d_0058aec0.asm dump reproduces those bytes but carries no identity."
?d_005befb0@@YAXXZ,0x005BEFB0,"gen-dump placeholder superseded by the real identity of these bytes: ?dup_005befb0@@YAXXZ, byte-verified from Code/GameEngine/Source/Common/Audio/GameAudio.cpp over the same 19-byte range. The Code/gen_asm/d_0058aec0.asm dump reproduces those bytes but carries no identity."
?d_005bf060@@YAXXZ,0x005BF060,"gen-dump placeholder superseded by the real identity of these bytes: ?dup_005bf060@@YAXXZ, byte-verified from Code/GameEngine/Source/Common/Audio/GameAudio.cpp over the same 13-byte range. The Code/gen_asm/d_0058aec0.asm dump reproduces those bytes but carries no identity."
?d_005bf080@@YAXXZ,0x005BF080,"gen-dump placeholder superseded by the real identity of these bytes: ?dup_005bf080@@YAXXZ, byte-verified from Code/GameEngine/Source/Common/Audio/GameAudio.cpp over the same 6-byte range. The Code/gen_asm/d_0058aec0.asm dump reproduces those bytes but carries no identity."
?d_005bf090@@YAXXZ,0x005BF090,"gen-dump placeholder superseded by the real identity of these bytes: ?dup_005bf090@@YAXXZ, byte-verified from Code/GameEngine/Source/Common/Audio/GameAudio.cpp over the same 9-byte range. The Code/gen_asm/d_0058aec0.asm dump reproduces those bytes but carries no identity."
?d_005bf0a0@@YAXXZ,0x005BF0A0,"gen-dump placeholder superseded by the real identity of these bytes: ?dup_005bf0a0@@YAXXZ, byte-verified from Code/GameEngine/Source/Common/Audio/GameAudio.cpp over the same 15-byte range. The Code/gen_asm/d_005bf0a0.asm dump reproduces those bytes but carries no identity."
?d_005c00d0@@YAXXZ,0x005C00D0,"gen-dump placeholder superseded by the real identity of these bytes: ?dup_005c00d0@@YAXXZ, byte-verified from Code/GameEngine/Source/Common/Audio/GameAudio.cpp over the same 19-byte range. The Code/gen_asm/d_005bf0a0.asm dump reproduces those bytes but carries no identity."
?d_005c00f0@@YAXXZ,0x005C00F0,"gen-dump placeholder superseded by the real identity of these bytes: ?dup_005c00f0@@YAXXZ, byte-verified from Code/GameEngine/Source/Common/Audio/GameAudio.cpp over the same 11-byte range. The Code/gen_asm/d_005bf0a0.asm dump reproduces those bytes but carries no identity."
?d_005c0320@@YAXXZ,0x005C0320,"gen-dump placeholder superseded by the real identity of these bytes: ?dup_005c0320@@YAXXZ, byte-verified from Code/GameEngine/Source/Common/Audio/GameAudio.cpp over the same 6-byte range. The Code/gen_asm/d_005bf0a0.asm dump reproduces those bytes but carries no identity."
?d_005c0390@@YAXXZ,0x005C0390,"gen-dump placeholder superseded by the real identity of these bytes: ?dup_005c0390@@YAXXZ, byte-verified from Code/GameEngine/Source/Common/Audio/GameAudio.cpp over the same 11-byte range. The Code/gen_asm/d_005bf0a0.asm dump reproduces those bytes but carries no identity."
?d_005c03a0@@YAXXZ,0x005C03A0,"gen-dump placeholder superseded by the real identity of these bytes: ?dup_005c03a0@@YAXXZ, byte-verified from Code/GameEngine/Source/Common/Audio/GameAudio.cpp over the same 11-byte range. The Code/gen_asm/d_005bf0a0.asm dump reproduces those bytes but carries no identity."
?d_005c0410@@YAXXZ,0x005C0410,"gen-dump placeholder superseded by the real identity of these bytes: ?dup_005c0410@@YAXXZ, byte-verified from Code/GameEngine/Source/Common/Audio/GameAudio.cpp over the same 23-byte range. The Code/gen_asm/d_005bf0a0.asm dump reproduces those bytes but carries no identity."
?d_005c0940@@YAXXZ,0x005C0940,"gen-dump placeholder superseded by the real identity of these bytes: ?dup_005c0940@@YAXXZ, byte-verified from Code/GameEngine/Source/Common/Audio/GameAudio.cpp over the same 23-byte range. The Code/gen_asm/d_005bf0a0.asm dump reproduces those bytes but carries no identity."
?d_005c09a0@@YAXXZ,0x005C09A0,"gen-dump placeholder superseded by the real identity of these bytes: ?dup_005c09a0@@YAXXZ, byte-verified from Code/GameEngine/Source/Common/Audio/GameAudio.cpp over the same 17-byte range. The Code/gen_asm/d_005bf0a0.asm dump reproduces those bytes but carries no identity."
?d_005c0a30@@YAXXZ,0x005C0A30,"gen-dump placeholder superseded by the real identity of these bytes: ?dup_005c0a30@@YAXXZ, byte-verified from Code/GameEngine/Source/Common/Audio/GameAudio.cpp over the same 29-byte range. The Code/gen_asm/d_005bf0a0.asm dump reproduces those bytes but carries no identity."
?d_005c0b30@@YAXXZ,0x005C0B30,"gen-dump placeholder superseded by the real identity of these bytes: ?dup_005c0b30@@YAXXZ, byte-verified from Code/GameEngine/Source/Common/Audio/GameAudio.cpp over the same 17-byte range. The Code/gen_asm/d_005bf0a0.asm dump reproduces those bytes but carries no identity."
?d_005c0b70@@YAXXZ,0x005C0B70,"gen-dump placeholder superseded by the real identity of these bytes: ?dup_005c0b70@@YAXXZ, byte-verified from Code/GameEngine/Source/Common/Audio/GameAudio.cpp over the same 29-byte range. The Code/gen_asm/d_005bf0a0.asm dump reproduces those bytes but carries no identity."
?d_005c0ba0@@YAXXZ,0x005C0BA0,"gen-dump placeholder superseded by the real identity of these bytes: ?dup_005c0ba0@@YAXXZ, byte-verified from Code/GameEngine/Source/Common/Audio/GameAudio.cpp over the same 13-byte range. The Code/gen_asm/d_005bf0a0.asm dump reproduces those bytes but carries no identity."
?d_005c0bb0@@YAXXZ,0x005C0BB0,"gen-dump placeholder superseded by the real identity of these bytes: ?dup_005c0bb0@@YAXXZ, byte-verified from Code/GameEngine/Source/Common/Audio/GameAudio.cpp over the same 13-byte range. The Code/gen_asm/d_005bf0a0.asm dump reproduces those bytes but carries no identity."
?d_005c0c80@@YAXXZ,0x005C0C80,"gen-dump placeholder superseded by the real identity of these bytes: ?dup_005c0c80@@YAXXZ, byte-verified from Code/GameEngine/Source/Common/Audio/GameAudio.cpp over the same 9-byte range. The Code/gen_asm/d_005bf0a0.asm dump reproduces those bytes but carries no identity."
?d_005c0ea0@@YAXXZ,0x005C0EA0,"gen-dump placeholder superseded by the real identity of these bytes: ?dup_005c0ea0@@YAXXZ, byte-verified from Code/GameEngine/Source/Common/Audio/GameAudio.cpp over the same 13-byte range. The Code/gen_asm/d_005bf0a0.asm dump reproduces those bytes but carries no identity."
?d_005c0ec0@@YAXXZ,0x005C0EC0,"gen-dump placeholder superseded by the real identity of these bytes: ?dup_005c0ec0@@YAXXZ, byte-verified from Code/GameEngine/Source/Common/Audio/GameAudio.cpp over the same 23-byte range. The Code/gen_asm/d_005bf0a0.asm dump reproduces those bytes but carries no identity."
?d_005c0f30@@YAXXZ,0x005C0F30,"gen-dump placeholder superseded by the real identity of these bytes: ?dup_005c0f30@@YAXXZ, byte-verified from Code/GameEngine/Source/Common/Audio/GameAudio.cpp over the same 23-byte range. The Code/gen_asm/d_005bf0a0.asm dump reproduces those bytes but carries no identity."
?d_005c0ff0@@YAXXZ,0x005C0FF0,"gen-dump placeholder superseded by the real identity of these bytes: ?dup_005c0ff0@@YAXXZ, byte-verified from Code/GameEngine/Source/Common/Audio/GameAudio.cpp over the same 17-byte range. The Code/gen_asm/d_005bf0a0.asm dump reproduces those bytes but carries no identity."
?d_005c1030@@YAXXZ,0x005C1030,"gen-dump placeholder superseded by the real identity of these bytes: ?dup_005c1030@@YAXXZ, byte-verified from Code/GameEngine/Source/Common/Audio/GameAudio.cpp over the same 17-byte range. The Code/gen_asm/d_005bf0a0.asm dump reproduces those bytes but carries no identity."
?d_005c1070@@YAXXZ,0x005C1070,"gen-dump placeholder superseded by the real identity of these bytes: ?dup_005c1070@@YAXXZ, byte-verified from Code/GameEngine/Source/Common/Audio/GameAudio.cpp over the same 29-byte range. The Code/gen_asm/d_005bf0a0.asm dump reproduces those bytes but carries no identity."
?d_005c10a0@@YAXXZ,0x005C10A0,"gen-dump placeholder superseded by the real identity of these bytes: ?dup_005c10a0@@YAXXZ, byte-verified from Code/GameEngine/Source/Common/Audio/GameAudio.cpp over the same 29-byte range. The Code/gen_asm/d_005bf0a0.asm dump reproduces those bytes but carries no identity."
?d_005c10e0@@YAXXZ,0x005C10E0,"gen-dump placeholder superseded by the real identity of these bytes: ?dup_005c10e0@@YAXXZ, byte-verified from Code/GameEngine/Source/Common/Audio/GameAudio.cpp over the same 13-byte range. The Code/gen_asm/d_005bf0a0.asm dump reproduces those bytes but carries no identity."
?d_005c10f0@@YAXXZ,0x005C10F0,"gen-dump placeholder superseded by the real identity of these bytes: ?dup_005c10f0@@YAXXZ, byte-verified from Code/GameEngine/Source/Common/Audio/GameAudio.cpp over the same 13-byte range. The Code/gen_asm/d_005bf0a0.asm dump reproduces those bytes but carries no identity."
?d_005c1120@@YAXXZ,0x005C1120,"gen-dump placeholder superseded by the real identity of these bytes: ?dup_005c1120@@YAXXZ, byte-verified from Code/GameEngine/Source/Common/Audio/GameAudio.cpp over the same 9-byte range. The Code/gen_asm/d_005bf0a0.asm dump reproduces those bytes but carries no identity."
?d_005c11c0@@YAXXZ,0x005C11C0,"gen-dump placeholder superseded by the real identity of these bytes: ?dup_005c11c0@@YAXXZ, byte-verified from Code/GameEngine/Source/Common/Audio/GameAudio.cpp over the same 9-byte range. The Code/gen_asm/d_005bf0a0.asm dump reproduces those bytes but carries no identity."
?d_005c11e0@@YAXXZ,0x005C11E0,"gen-dump placeholder superseded by the real identity of these bytes: ?dup_005c11e0@@YAXXZ, byte-verified from Code/GameEngine/Source/Common/Audio/GameAudio.cpp over the same 6-byte range. The Code/gen_asm/d_005bf0a0.asm dump reproduces those bytes but carries no identity."
?d_005c11f0@@YAXXZ,0x005C11F0,"gen-dump placeholder superseded by the real identity of these bytes: ?dup_005c11f0@@YAXXZ, byte-verified from Code/GameEngine/Source/Common/Audio/GameAudio.cpp over the same 9-byte range. The Code/gen_asm/d_005bf0a0.asm dump reproduces those bytes but carries no identity."
?d_005c24a0@@YAXXZ,0x005C24A0,"gen-dump placeholder superseded by the real identity of these bytes: ?dup_005c24a0@@YAXXZ, byte-verified from Code/GameEngine/Source/Common/Audio/GameAudio.cpp over the same 13-byte range. The Code/gen_asm/d_005bf0a0.asm dump reproduces those bytes but carries no identity."
?d_005c24c0@@YAXXZ,0x005C24C0,"gen-dump placeholder superseded by the real identity of these bytes: ?dup_005c24c0@@YAXXZ, byte-verified from Code/GameEngine/Source/Common/Audio/GameAudio.cpp over the same 7-byte range. The Code/gen_asm/d_005bf0a0.asm dump reproduces those bytes but carries no identity."
?d_005c24d0@@YAXXZ,0x005C24D0,"gen-dump placeholder superseded by the real identity of these bytes: ?dup_005c24d0@@YAXXZ, byte-verified from Code/GameEngine/Source/Common/Audio/GameAudio.cpp over the same 11-byte range. The Code/gen_asm/d_005bf0a0.asm dump reproduces those bytes but carries no identity."
?d_005c2500@@YAXXZ,0x005C2500,"gen-dump placeholder superseded by the real identity of these bytes: ?dup_005c2500@@YAXXZ, byte-verified from Code/GameEngine/Source/Common/Audio/GameAudio.cpp over the same 11-byte range. The Code/gen_asm/d_005bf0a0.asm dump reproduces those bytes but carries no identity."
?d_005c2510@@YAXXZ,0x005C2510,"gen-dump placeholder superseded by the real identity of these bytes: ?dup_005c2510@@YAXXZ, byte-verified from Code/GameEngine/Source/Common/Audio/GameAudio.cpp over the same 11-byte range. The Code/gen_asm/d_005bf0a0.asm dump reproduces those bytes but carries no identity."
?d_005c2560@@YAXXZ,0x005C2560,"gen-dump placeholder superseded by the real identity of these bytes: ?dup_005c2560@@YAXXZ, byte-verified from Code/GameEngine/Source/Common/Audio/GameAudio.cpp over the same 11-byte range. The Code/gen_asm/d_005bf0a0.asm dump reproduces those bytes but carries no identity."
?d_005c2580@@YAXXZ,0x005C2580,"gen-dump placeholder superseded by the real identity of these bytes: ?dup_005c2580@@YAXXZ, byte-verified from Code/GameEngine/Source/Common/Audio/GameAudio.cpp over the same 11-byte range. The Code/gen_asm/d_005bf0a0.asm dump reproduces those bytes but carries no identity."
?d_005c25a0@@YAXXZ,0x005C25A0,"gen-dump placeholder superseded by the real identity of these bytes: ?dup_005c25a0@@YAXXZ, byte-verified from Code/GameEngine/Source/Common/Audio/GameAudio.cpp over the same 11-byte range. The Code/gen_asm/d_005bf0a0.asm dump reproduces those bytes but carries no identity."
?d_005c25b0@@YAXXZ,0x005C25B0,"gen-dump placeholder superseded by the real identity of these bytes: ?dup_005c25b0@@YAXXZ, byte-verified from Code/GameEngine/Source/Common/Audio/GameAudio.cpp over the same 18-byte range. The Code/gen_asm/d_005bf0a0.asm dump reproduces those bytes but carries no identity."
?d_005c25f0@@YAXXZ,0x005C25F0,"gen-dump placeholder superseded by the real identity of these bytes: ?dup_005c25f0@@YAXXZ, byte-verified from Code/GameEngine/Source/Common/Audio/GameAudio.cpp over the same 11-byte range. The Code/gen_asm/d_005bf0a0.asm dump reproduces those bytes but carries no identity."
?d_005c2610@@YAXXZ,0x005C2610,"gen-dump placeholder superseded by the real identity of these bytes: ?dup_005c2610@@YAXXZ, byte-verified from Code/GameEngine/Source/Common/Audio/GameAudio.cpp over the same 11-byte range. The Code/gen_asm/d_005bf0a0.asm dump reproduces those bytes but carries no identity."
?d_005c3e20@@YAXXZ,0x005C3E20,"gen-dump placeholder superseded by the real identity of these bytes: ?dup_005c3e20@@YAXXZ, byte-verified from Code/GameEngine/Source/Common/Audio/GameAudio.cpp over the same 11-byte range. The Code/gen_asm/d_005bf0a0.asm dump reproduces those bytes but carries no identity."
?d_005c3f70@@YAXXZ,0x005C3F70,"gen-dump placeholder superseded by the real identity of these bytes: ?dup_005c3f70@@YAXXZ, byte-verified from Code/GameEngine/Source/Common/Audio/GameAudio.cpp over the same 16-byte range. The Code/gen_asm/d_005bf0a0.asm dump reproduces those bytes but carries no identity."
?d_005c52a0@@YAXXZ,0x005C52A0,"gen-dump placeholder superseded by the real identity of these bytes: ?dup_005c52a0@@YAXXZ, byte-verified from Code/GameEngine/Source/Common/Audio/GameAudio.cpp over the same 15-byte range. The Code/gen_asm/d_005bf0a0.asm dump reproduces those bytes but carries no identity."
?d_005c5300@@YAXXZ,0x005C5300,"gen-dump placeholder superseded by the real identity of these bytes: ?dup_005c5300@@YAXXZ, byte-verified from Code/GameEngine/Source/Common/Audio/GameAudio.cpp over the same 15-byte range. The Code/gen_asm/d_005bf0a0.asm dump reproduces those bytes but carries no identity."
?d_005c5360@@YAXXZ,0x005C5360,"gen-dump placeholder superseded by the real identity of these bytes: ?dup_005c5360@@YAXXZ, byte-verified from Code/GameEngine/Source/Common/Audio/GameAudio.cpp over the same 15-byte range. The Code/gen_asm/d_005bf0a0.asm dump reproduces those bytes but carries no identity."
?d_005c53c0@@YAXXZ,0x005C53C0,"gen-dump placeholder superseded by the real identity of these bytes: ?dup_005c53c0@@YAXXZ, byte-verified from Code/GameEngine/Source/Common/Audio/GameAudio.cpp over the same 15-byte range. The Code/gen_asm/d_005bf0a0.asm dump reproduces those bytes but carries no identity."
?d_005c5460@@YAXXZ,0x005C5460,"gen-dump placeholder superseded by the real identity of these bytes: ?dup_005c5460@@YAXXZ, byte-verified from Code/GameEngine/Source/Common/Audio/GameAudio.cpp over the same 16-byte range. The Code/gen_asm/d_005bf0a0.asm dump reproduces those bytes but carries no identity."
?d_005c54b0@@YAXXZ,0x005C54B0,"gen-dump placeholder superseded by the real identity of these bytes: ?dup_005c54b0@@YAXXZ, byte-verified from Code/GameEngine/Source/Common/Audio/GameAudio.cpp over the same 15-byte range. The Code/gen_asm/d_005bf0a0.asm dump reproduces those bytes but carries no identity."
?d_005d1c90@@YAXXZ,0x005D1C90,"gen-dump placeholder superseded by the real identity of these bytes: ?dup_005d1c90@@YAXXZ, byte-verified from Code/GameEngine/Source/Common/Audio/GameAudio.cpp over the same 13-byte range. The Code/gen_asm/d_005bf0a0.asm dump reproduces those bytes but carries no identity."
?d_005d1ce0@@YAXXZ,0x005D1CE0,"gen-dump placeholder superseded by the real identity of these bytes: ?dup_005d1ce0@@YAXXZ, byte-verified from Code/GameEngine/Source/Common/Audio/GameAudio.cpp over the same 6-byte range. The Code/gen_asm/d_005bf0a0.asm dump reproduces those bytes but carries no identity."
?d_005d1d00@@YAXXZ,0x005D1D00,"gen-dump placeholder superseded by the real identity of these bytes: ?dup_005d1d00@@YAXXZ, byte-verified from Code/GameEngine/Source/Common/Audio/GameAudio.cpp over the same 7-byte range. The Code/gen_asm/d_005bf0a0.asm dump reproduces those bytes but carries no identity."
?d_005d1d20@@YAXXZ,0x005D1D20,"gen-dump placeholder superseded by the real identity of these bytes: ?dup_005d1d20@@YAXXZ, byte-verified from Code/GameEngine/Source/Common/Audio/GameAudio.cpp over the same 11-byte range. The Code/gen_asm/d_005bf0a0.asm dump reproduces those bytes but carries no identity."
?d_005d1d80@@YAXXZ,0x005D1D80,"gen-dump placeholder superseded by the real identity of these bytes: ?dup_005d1d80@@YAXXZ, byte-verified from Code/GameEngine/Source/Common/Audio/GameAudio.cpp over the same 7-byte range. The Code/gen_asm/d_005bf0a0.asm dump reproduces those bytes but carries no identity."
?d_005d1e30@@YAXXZ,0x005D1E30,"gen-dump placeholder superseded by the real identity of these bytes: ?dup_005d1e30@@YAXXZ, byte-verified from Code/GameEngine/Source/Common/Audio/GameAudio.cpp over the same 19-byte range. The Code/gen_asm/d_005bf0a0.asm dump reproduces those bytes but carries no identity."
?d_005d2090@@YAXXZ,0x005D2090,"gen-dump placeholder superseded by the real identity of these bytes: ?dup_005d2090@@YAXXZ, byte-verified from Code/GameEngine/Source/Common/Audio/GameAudio.cpp over the same 7-byte range. The Code/gen_asm/d_005bf0a0.asm dump reproduces those bytes but carries no identity."
?d_005d20c0@@YAXXZ,0x005D20C0,"gen-dump placeholder superseded by the real identity of these bytes: ?dup_005d20c0@@YAXXZ, byte-verified from Code/GameEngine/Source/Common/Audio/GameAudio.cpp over the same 11-byte range. The Code/gen_asm/d_005bf0a0.asm dump reproduces those bytes but carries no identity."
?d_005d2140@@YAXXZ,0x005D2140,"gen-dump placeholder superseded by the real identity of these bytes: ?dup_005d2140@@YAXXZ, byte-verified from Code/GameEngine/Source/Common/Audio/GameAudio.cpp over the same 11-byte range. The Code/gen_asm/d_005bf0a0.asm dump reproduces those bytes but carries no identity."
?d_005d26b0@@YAXXZ,0x005D26B0,"gen-dump placeholder superseded by the real identity of these bytes: ?dup_005d26b0@@YAXXZ, byte-verified from Code/GameEngine/Source/Common/Audio/GameAudio.cpp over the same 11-byte range. The Code/gen_asm/d_005bf0a0.asm dump reproduces those bytes but carries no identity."
?d_005d49e0@@YAXXZ,0x005D49E0,"gen-dump placeholder superseded by the real identity of these bytes: ?dup_005d49e0@@YAXXZ, byte-verified from Code/GameEngine/Source/Common/Audio/GameAudio.cpp over the same 11-byte range. The Code/gen_asm/d_005bf0a0.asm dump reproduces those bytes but carries no identity."
?d_005d49f0@@YAXXZ,0x005D49F0,"gen-dump placeholder superseded by the real identity of these bytes: ?dup_005d49f0@@YAXXZ, byte-verified from Code/GameEngine/Source/Common/Audio/GameAudio.cpp over the same 11-byte range. The Code/gen_asm/d_005bf0a0.asm dump reproduces those bytes but carries no identity."
?d_005d4a00@@YAXXZ,0x005D4A00,"gen-dump placeholder superseded by the real identity of these bytes: ?dup_005d4a00@@YAXXZ, byte-verified from Code/GameEngine/Source/Common/Audio/GameAudio.cpp over the same 11-byte range. The Code/gen_asm/d_005bf0a0.asm dump reproduces those bytes but carries no identity."
?d_005d4a10@@YAXXZ,0x005D4A10,"gen-dump placeholder superseded by the real identity of these bytes: ?dup_005d4a10@@YAXXZ, byte-verified from Code/GameEngine/Source/Common/Audio/GameAudio.cpp over the same 11-byte range. The Code/gen_asm/d_005bf0a0.asm dump reproduces those bytes but carries no identity."
?d_005d4a20@@YAXXZ,0x005D4A20,"gen-dump placeholder superseded by the real identity of these bytes: ?dup_005d4a20@@YAXXZ, byte-verified from Code/GameEngine/Source/Common/Audio/GameAudio.cpp over the same 11-byte range. The Code/gen_asm/d_005bf0a0.asm dump reproduces those bytes but carries no identity."
?d_005d4a30@@YAXXZ,0x005D4A30,"gen-dump placeholder superseded by the real identity of these bytes: ?dup_005d4a30@@YAXXZ, byte-verified from Code/GameEngine/Source/Common/Audio/GameAudio.cpp over the same 11-byte range. The Code/gen_asm/d_005bf0a0.asm dump reproduces those bytes but carries no identity."
?d_005d4cd0@@YAXXZ,0x005D4CD0,"gen-dump placeholder superseded by the real identity of these bytes: ?dup_005d4cd0@@YAXXZ, byte-verified from Code/GameEngine/Source/Common/Audio/GameAudio.cpp over the same 11-byte range. The Code/gen_asm/d_005bf0a0.asm dump reproduces those bytes but carries no identity."
?d_005d4ce0@@YAXXZ,0x005D4CE0,"gen-dump placeholder superseded by the real identity of these bytes: ?dup_005d4ce0@@YAXXZ, byte-verified from Code/GameEngine/Source/Common/Audio/GameAudio.cpp over the same 11-byte range. The Code/gen_asm/d_005bf0a0.asm dump reproduces those bytes but carries no identity."
?d_005d4cf0@@YAXXZ,0x005D4CF0,"gen-dump placeholder superseded by the real identity of these bytes: ?dup_005d4cf0@@YAXXZ, byte-verified from Code/GameEngine/Source/Common/Audio/GameAudio.cpp over the same 11-byte range. The Code/gen_asm/d_005bf0a0.asm dump reproduces those bytes but carries no identity."
?d_005d4d00@@YAXXZ,0x005D4D00,"gen-dump placeholder superseded by the real identity of these bytes: ?dup_005d4d00@@YAXXZ, byte-verified from Code/GameEngine/Source/Common/Audio/GameAudio.cpp over the same 11-byte range. The Code/gen_asm/d_005bf0a0.asm dump reproduces those bytes but carries no identity."
?d_005d4d10@@YAXXZ,0x005D4D10,"gen-dump placeholder superseded by the real identity of these bytes: ?dup_005d4d10@@YAXXZ, byte-verified from Code/GameEngine/Source/Common/Audio/GameAudio.cpp over the same 11-byte range. The Code/gen_asm/d_005bf0a0.asm dump reproduces those bytes but carries no identity."
?d_005d4d20@@YAXXZ,0x005D4D20,"gen-dump placeholder superseded by the real identity of these bytes: ?dup_005d4d20@@YAXXZ, byte-verified from Code/GameEngine/Source/Common/Audio/GameAudio.cpp over the same 11-byte range. The Code/gen_asm/d_005bf0a0.asm dump reproduces those bytes but carries no identity."
?d_005d4d30@@YAXXZ,0x005D4D30,"gen-dump placeholder superseded by the real identity of these bytes: ?dup_005d4d30@@YAXXZ, byte-verified from Code/GameEngine/Source/Common/Audio/GameAudio.cpp over the same 11-byte range. The Code/gen_asm/d_005bf0a0.asm dump reproduces those bytes but carries no identity."
?d_005d4d40@@YAXXZ,0x005D4D40,"gen-dump placeholder superseded by the real identity of these bytes: ?dup_005d4d40@@YAXXZ, byte-verified from Code/GameEngine/Source/Common/Audio/GameAudio.cpp over the same 11-byte range. The Code/gen_asm/d_005bf0a0.asm dump reproduces those bytes but carries no identity."
?d_005d4d50@@YAXXZ,0x005D4D50,"gen-dump placeholder superseded by the real identity of these bytes: ?dup_005d4d50@@YAXXZ, byte-verified from Code/GameEngine/Source/Common/Audio/GameAudio.cpp over the same 11-byte range. The Code/gen_asm/d_005bf0a0.asm dump reproduces those bytes but carries no identity."
?d_005d4d60@@YAXXZ,0x005D4D60,"gen-dump placeholder superseded by the real identity of these bytes: ?dup_005d4d60@@YAXXZ, byte-verified from Code/GameEngine/Source/Common/Audio/GameAudio.cpp over the same 11-byte range. The Code/gen_asm/d_005bf0a0.asm dump reproduces those bytes but carries no identity."
?d_005d4d70@@YAXXZ,0x005D4D70,"gen-dump placeholder superseded by the real identity of these bytes: ?dup_005d4d70@@YAXXZ, byte-verified from Code/GameEngine/Source/Common/Audio/GameAudio.cpp over the same 11-byte range. The Code/gen_asm/d_005bf0a0.asm dump reproduces those bytes but carries no identity."
?d_005d4d80@@YAXXZ,0x005D4D80,"gen-dump placeholder superseded by the real identity of these bytes: ?dup_005d4d80@@YAXXZ, byte-verified from Code/GameEngine/Source/Common/Audio/GameAudio.cpp over the same 11-byte range. The Code/gen_asm/d_005bf0a0.asm dump reproduces those bytes but carries no identity."
?d_005d4d90@@YAXXZ,0x005D4D90,"gen-dump placeholder superseded by the real identity of these bytes: ?dup_005d4d90@@YAXXZ, byte-verified from Code/GameEngine/Source/Common/Audio/GameAudio.cpp over the same 11-byte range. The Code/gen_asm/d_005bf0a0.asm dump reproduces those bytes but carries no identity."
?d_005d4da0@@YAXXZ,0x005D4DA0,"gen-dump placeholder superseded by the real identity of these bytes: ?dup_005d4da0@@YAXXZ, byte-verified from Code/GameEngine/Source/Common/Audio/GameAudio.cpp over the same 11-byte range. The Code/gen_asm/d_005bf0a0.asm dump reproduces those bytes but carries no identity."
?d_005d4db0@@YAXXZ,0x005D4DB0,"gen-dump placeholder superseded by the real identity of these bytes: ?dup_005d4db0@@YAXXZ, byte-verified from Code/GameEngine/Source/Common/Audio/GameAudio.cpp over the same 11-byte range. The Code/gen_asm/d_005bf0a0.asm dump reproduces those bytes but carries no identity."
?d_005d4dc0@@YAXXZ,0x005D4DC0,"gen-dump placeholder superseded by the real identity of these bytes: ?dup_005d4dc0@@YAXXZ, byte-verified from Code/GameEngine/Source/Common/Audio/GameAudio.cpp over the same 11-byte range. The Code/gen_asm/d_005bf0a0.asm dump reproduces those bytes but carries no identity."
?d_005d4dd0@@YAXXZ,0x005D4DD0,"gen-dump placeholder superseded by the real identity of these bytes: ?dup_005d4dd0@@YAXXZ, byte-verified from Code/GameEngine/Source/Common/Audio/GameAudio.cpp over the same 11-byte range. The Code/gen_asm/d_005bf0a0.asm dump reproduces those bytes but carries no identity."
?d_005d4de0@@YAXXZ,0x005D4DE0,"gen-dump placeholder superseded by the real identity of these bytes: ?dup_005d4de0@@YAXXZ, byte-verified from Code/GameEngine/Source/Common/Audio/GameAudio.cpp over the same 11-byte range. The Code/gen_asm/d_005bf0a0.asm dump reproduces those bytes but carries no identity."
?d_005d4df0@@YAXXZ,0x005D4DF0,"gen-dump placeholder superseded by the real identity of these bytes: ?dup_005d4df0@@YAXXZ, byte-verified from Code/GameEngine/Source/Common/Audio/GameAudio.cpp over the same 11-byte range. The Code/gen_asm/d_005bf0a0.asm dump reproduces those bytes but carries no identity."
?d_005f08b0@@YAXXZ,0x005F08B0,"gen-dump placeholder superseded by the real identity of these bytes: ?dup_005f08b0@@YAXXZ, byte-verified from Code/GameEngine/Source/Common/Audio/GameAudio.cpp over the same 13-byte range. The Code/gen_asm/d_005e97b0.asm dump reproduces those bytes but carries no identity."
?d_005f53f0@@YAXXZ,0x005F53F0,"gen-dump placeholder superseded by the real identity of these bytes: ?dup_005f53f0@@YAXXZ, byte-verified from Code/GameEngine/Source/Common/Audio/GameAudio.cpp over the same 25-byte range. The Code/gen_asm/d_005e97b0.asm dump reproduces those bytes but carries no identity."
?d_00604cd0@@YAXXZ,0x00604CD0,"gen-dump placeholder superseded by the real identity of these bytes: ?dup_00604cd0@@YAXXZ, byte-verified from Code/GameEngine/Source/Common/Audio/GameAudio.cpp over the same 13-byte range. The Code/gen_asm/d_005e97b0.asm dump reproduces those bytes but carries no identity."
?d_00604cf0@@YAXXZ,0x00604CF0,"gen-dump placeholder superseded by the real identity of these bytes: ?dup_00604cf0@@YAXXZ, byte-verified from Code/GameEngine/Source/Common/Audio/GameAudio.cpp over the same 6-byte range. The Code/gen_asm/d_005e97b0.asm dump reproduces those bytes but carries no identity."
?d_00604d20@@YAXXZ,0x00604D20,"gen-dump placeholder superseded by the real identity of these bytes: ?dup_00604d20@@YAXXZ, byte-verified from Code/GameEngine/Source/Common/Audio/GameAudio.cpp over the same 11-byte range. The Code/gen_asm/d_005e97b0.asm dump reproduces those bytes but carries no identity."
?d_00604d80@@YAXXZ,0x00604D80,"gen-dump placeholder superseded by the real identity of these bytes: ?dup_00604d80@@YAXXZ, byte-verified from Code/GameEngine/Source/Common/Audio/GameAudio.cpp over the same 7-byte range. The Code/gen_asm/d_005e97b0.asm dump reproduces those bytes but carries no identity."
?d_00604db0@@YAXXZ,0x00604DB0,"gen-dump placeholder superseded by the real identity of these bytes: ?dup_00604db0@@YAXXZ, byte-verified from Code/GameEngine/Source/Common/Audio/GameAudio.cpp over the same 11-byte range. The Code/gen_asm/d_005e97b0.asm dump reproduces those bytes but carries no identity."
?d_00604fa0@@YAXXZ,0x00604FA0,"gen-dump placeholder superseded by the real identity of these bytes: ?dup_00604fa0@@YAXXZ, byte-verified from Code/GameEngine/Source/Common/Audio/GameAudio.cpp over the same 11-byte range. The Code/gen_asm/d_005e97b0.asm dump reproduces those bytes but carries no identity."
?d_00605030@@YAXXZ,0x00605030,"gen-dump placeholder superseded by the real identity of these bytes: ?dup_00605030@@YAXXZ, byte-verified from Code/GameEngine/Source/Common/Audio/GameAudio.cpp over the same 11-byte range. The Code/gen_asm/d_005e97b0.asm dump reproduces those bytes but carries no identity."
?d_00605170@@YAXXZ,0x00605170,"gen-dump placeholder superseded by the real identity of these bytes: ?dup_00605170@@YAXXZ, byte-verified from Code/GameEngine/Source/Common/Audio/GameAudio.cpp over the same 11-byte range. The Code/gen_asm/d_005e97b0.asm dump reproduces those bytes but carries no identity."
?d_00606950@@YAXXZ,0x00606950,"gen-dump placeholder superseded by the real identity of these bytes: ?dup_00606950@@YAXXZ, byte-verified from Code/GameEngine/Source/Common/Audio/GameAudio.cpp over the same 23-byte range. The Code/gen_asm/d_005e97b0.asm dump reproduces those bytes but carries no identity."
?d_00606a60@@YAXXZ,0x00606A60,"gen-dump placeholder superseded by the real identity of these bytes: ?dup_00606a60@@YAXXZ, byte-verified from Code/GameEngine/Source/Common/Audio/GameAudio.cpp over the same 11-byte range. The Code/gen_asm/d_005e97b0.asm dump reproduces those bytes but carries no identity."
?d_00606a70@@YAXXZ,0x00606A70,"gen-dump placeholder superseded by the real identity of these bytes: ?dup_00606a70@@YAXXZ, byte-verified from Code/GameEngine/Source/Common/Audio/GameAudio.cpp over the same 7-byte range. The Code/gen_asm/d_005e97b0.asm dump reproduces those bytes but carries no identity."
?d_00606d40@@YAXXZ,0x00606D40,"gen-dump placeholder superseded by the real identity of these bytes: ?dup_00606d40@@YAXXZ, byte-verified from Code/GameEngine/Source/Common/Audio/GameAudio.cpp over the same 15-byte range. The Code/gen_asm/d_005e97b0.asm dump reproduces those bytes but carries no identity."
?d_00607ed0@@YAXXZ,0x00607ED0,"gen-dump placeholder superseded by the real identity of these bytes: ?dup_00607ed0@@YAXXZ, byte-verified from Code/GameEngine/Source/Common/Audio/GameAudio.cpp over the same 23-byte range. The Code/gen_asm/d_005e97b0.asm dump reproduces those bytes but carries no identity."
?d_00607fd0@@YAXXZ,0x00607FD0,"gen-dump placeholder superseded by the real identity of these bytes: ?dup_00607fd0@@YAXXZ, byte-verified from Code/GameEngine/Source/Common/Audio/GameAudio.cpp over the same 11-byte range. The Code/gen_asm/d_005e97b0.asm dump reproduces those bytes but carries no identity."
?d_00608070@@YAXXZ,0x00608070,"gen-dump placeholder superseded by the real identity of these bytes: ?dup_00608070@@YAXXZ, byte-verified from Code/GameEngine/Source/Common/Audio/GameAudio.cpp over the same 15-byte range. The Code/gen_asm/d_005e97b0.asm dump reproduces those bytes but carries no identity."
?d_0060a730@@YAXXZ,0x0060A730,"gen-dump placeholder superseded by the real identity of these bytes: ?dup_0060a730@@YAXXZ, byte-verified from Code/GameEngine/Source/Common/Audio/GameAudio.cpp over the same 23-byte range. The Code/gen_asm/d_005e97b0.asm dump reproduces those bytes but carries no identity."
?d_0060a750@@YAXXZ,0x0060A750,"gen-dump placeholder superseded by the real identity of these bytes: ?dup_0060a750@@YAXXZ, byte-verified from Code/GameEngine/Source/Common/Audio/GameAudio.cpp over the same 23-byte range. The Code/gen_asm/d_005e97b0.asm dump reproduces those bytes but carries no identity."
?d_0060a780@@YAXXZ,0x0060A780,"gen-dump placeholder superseded by the real identity of these bytes: ?dup_0060a780@@YAXXZ, byte-verified from Code/GameEngine/Source/Common/Audio/GameAudio.cpp over the same 17-byte range. The Code/gen_asm/d_005e97b0.asm dump reproduces those bytes but carries no identity."
?d_0060a7a0@@YAXXZ,0x0060A7A0,"gen-dump placeholder superseded by the real identity of these bytes: ?dup_0060a7a0@@YAXXZ, byte-verified from Code/GameEngine/Source/Common/Audio/GameAudio.cpp over the same 17-byte range. The Code/gen_asm/d_005e97b0.asm dump reproduces those bytes but carries no identity."
?d_0060a7c0@@YAXXZ,0x0060A7C0,"gen-dump placeholder superseded by the real identity of these bytes: ?dup_0060a7c0@@YAXXZ, byte-verified from Code/GameEngine/Source/Common/Audio/GameAudio.cpp over the same 29-byte range. The Code/gen_asm/d_005e97b0.asm dump reproduces those bytes but carries no identity."
?d_0060a9f0@@YAXXZ,0x0060A9F0,"gen-dump placeholder superseded by the real identity of these bytes: ?dup_0060a9f0@@YAXXZ, byte-verified from Code/GameEngine/Source/Common/Audio/GameAudio.cpp over the same 11-byte range. The Code/gen_asm/d_005e97b0.asm dump reproduces those bytes but carries no identity."
?d_0060afe0@@YAXXZ,0x0060AFE0,"gen-dump placeholder superseded by the real identity of these bytes: ?dup_0060afe0@@YAXXZ, byte-verified from Code/GameEngine/Source/Common/Audio/GameAudio.cpp over the same 15-byte range. The Code/gen_asm/d_005e97b0.asm dump reproduces those bytes but carries no identity."
?d_0060d5a0@@YAXXZ,0x0060D5A0,"gen-dump placeholder superseded by the real identity of these bytes: ?dup_0060d5a0@@YAXXZ, byte-verified from Code/GameEngine/Source/Common/Audio/GameAudio.cpp over the same 5-byte range. The Code/gen_asm/d_0060bd30.asm dump reproduces those bytes but carries no identity."
?d_0060d830@@YAXXZ,0x0060D830,"gen-dump placeholder superseded by the real identity of these bytes: ?dup_0060d830@@YAXXZ, byte-verified from Code/GameEngine/Source/Common/Audio/GameAudio.cpp over the same 19-byte range. The Code/gen_asm/d_005e97b0.asm dump reproduces those bytes but carries no identity."
?d_0060d850@@YAXXZ,0x0060D850,"gen-dump placeholder superseded by the real identity of these bytes: ?dup_0060d850@@YAXXZ, byte-verified from Code/GameEngine/Source/Common/Audio/GameAudio.cpp over the same 19-byte range. The Code/gen_asm/d_005e97b0.asm dump reproduces those bytes but carries no identity."
?d_0060da40@@YAXXZ,0x0060DA40,"gen-dump placeholder superseded by the real identity of these bytes: ?dup_0060da40@@YAXXZ, byte-verified from Code/GameEngine/Source/Common/Audio/GameAudio.cpp over the same 13-byte range. The Code/gen_asm/d_005e97b0.asm dump reproduces those bytes but carries no identity."
?d_0060da90@@YAXXZ,0x0060DA90,"gen-dump placeholder superseded by the real identity of these bytes: ?dup_0060da90@@YAXXZ, byte-verified from Code/GameEngine/Source/Common/Audio/GameAudio.cpp over the same 19-byte range. The Code/gen_asm/d_005e97b0.asm dump reproduces those bytes but carries no identity."
?d_0060dab0@@YAXXZ,0x0060DAB0,"gen-dump placeholder superseded by the real identity of these bytes: ?dup_0060dab0@@YAXXZ, byte-verified from Code/GameEngine/Source/Common/Audio/GameAudio.cpp over the same 19-byte range. The Code/gen_asm/d_005e97b0.asm dump reproduces those bytes but carries no identity."
?d_0060db30@@YAXXZ,0x0060DB30,"gen-dump placeholder superseded by the real identity of these bytes: ?dup_0060db30@@YAXXZ, byte-verified from Code/GameEngine/Source/Common/Audio/GameAudio.cpp over the same 23-byte range. The Code/gen_asm/d_005e97b0.asm dump reproduces those bytes but carries no identity."
?d_0060dbd0@@YAXXZ,0x0060DBD0,"gen-dump placeholder superseded by the real identity of these bytes: ?dup_0060dbd0@@YAXXZ, byte-verified from Code/GameEngine/Source/Common/Audio/GameAudio.cpp over the same 23-byte range. The Code/gen_asm/d_005e97b0.asm dump reproduces those bytes but carries no identity."
?d_0060dc70@@YAXXZ,0x0060DC70,"gen-dump placeholder superseded by the real identity of these bytes: ?dup_0060dc70@@YAXXZ, byte-verified from Code/GameEngine/Source/Common/Audio/GameAudio.cpp over the same 23-byte range. The Code/gen_asm/d_005e97b0.asm dump reproduces those bytes but carries no identity."
?d_0060dd10@@YAXXZ,0x0060DD10,"gen-dump placeholder superseded by the real identity of these bytes: ?dup_0060dd10@@YAXXZ, byte-verified from Code/GameEngine/Source/Common/Audio/GameAudio.cpp over the same 23-byte range. The Code/gen_asm/d_005e97b0.asm dump reproduces those bytes but carries no identity."
?d_0060ddb0@@YAXXZ,0x0060DDB0,"gen-dump placeholder superseded by the real identity of these bytes: ?dup_0060ddb0@@YAXXZ, byte-verified from Code/GameEngine/Source/Common/Audio/GameAudio.cpp over the same 23-byte range. The Code/gen_asm/d_005e97b0.asm dump reproduces those bytes but carries no identity."
?d_0060de60@@YAXXZ,0x0060DE60,"gen-dump placeholder superseded by the real identity of these bytes: ?dup_0060de60@@YAXXZ, byte-verified from Code/GameEngine/Source/Common/Audio/GameAudio.cpp over the same 6-byte range. The Code/gen_asm/d_005e97b0.asm dump reproduces those bytes but carries no identity."
?d_0060de80@@YAXXZ,0x0060DE80,"gen-dump placeholder superseded by the real identity of these bytes: ?dup_0060de80@@YAXXZ, byte-verified from Code/GameEngine/Source/Common/Audio/GameAudio.cpp over the same 7-byte range. The Code/gen_asm/d_005e97b0.asm dump reproduces those bytes but carries no identity."
?d_0060dee0@@YAXXZ,0x0060DEE0,"gen-dump placeholder superseded by the real identity of these bytes: ?dup_0060dee0@@YAXXZ, byte-verified from Code/GameEngine/Source/Common/Audio/GameAudio.cpp over the same 11-byte range. The Code/gen_asm/d_005e97b0.asm dump reproduces those bytes but carries no identity."
?d_0060def0@@YAXXZ,0x0060DEF0,"gen-dump placeholder superseded by the real identity of these bytes: ?dup_0060def0@@YAXXZ, byte-verified from Code/GameEngine/Source/Common/Audio/GameAudio.cpp over the same 11-byte range. The Code/gen_asm/d_005e97b0.asm dump reproduces those bytes but carries no identity."
?d_0060dfe0@@YAXXZ,0x0060DFE0,"gen-dump placeholder superseded by the real identity of these bytes: ?dup_0060dfe0@@YAXXZ, byte-verified from Code/GameEngine/Source/Common/Audio/GameAudio.cpp over the same 18-byte range. The Code/gen_asm/d_005e97b0.asm dump reproduces those bytes but carries no identity."
?d_0060e000@@YAXXZ,0x0060E000,"gen-dump placeholder superseded by the real identity of these bytes: ?dup_0060e000@@YAXXZ, byte-verified from Code/GameEngine/Source/Common/Audio/GameAudio.cpp over the same 18-byte range. The Code/gen_asm/d_005e97b0.asm dump reproduces those bytes but carries no identity."
?d_0060e020@@YAXXZ,0x0060E020,"gen-dump placeholder superseded by the real identity of these bytes: ?dup_0060e020@@YAXXZ, byte-verified from Code/GameEngine/Source/Common/Audio/GameAudio.cpp over the same 18-byte range. The Code/gen_asm/d_005e97b0.asm dump reproduces those bytes but carries no identity."
?d_0060e080@@YAXXZ,0x0060E080,"gen-dump placeholder superseded by the real identity of these bytes: ?dup_0060e080@@YAXXZ, byte-verified from Code/GameEngine/Source/Common/Audio/GameAudio.cpp over the same 7-byte range. The Code/gen_asm/d_005e97b0.asm dump reproduces those bytes but carries no identity."
?d_0060e0b0@@YAXXZ,0x0060E0B0,"gen-dump placeholder superseded by the real identity of these bytes: ?dup_0060e0b0@@YAXXZ, byte-verified from Code/GameEngine/Source/Common/Audio/GameAudio.cpp over the same 22-byte range. The Code/gen_asm/d_005e97b0.asm dump reproduces those bytes but carries no identity."
?d_0060e0d0@@YAXXZ,0x0060E0D0,"gen-dump placeholder superseded by the real identity of these bytes: ?dup_0060e0d0@@YAXXZ, byte-verified from Code/GameEngine/Source/Common/Audio/GameAudio.cpp over the same 22-byte range. The Code/gen_asm/d_0060e0d0.asm dump reproduces those bytes but carries no identity."
?d_0060e0f0@@YAXXZ,0x0060E0F0,"gen-dump placeholder superseded by the real identity of these bytes: ?dup_0060e0f0@@YAXXZ, byte-verified from Code/GameEngine/Source/Common/Audio/GameAudio.cpp over the same 22-byte range. The Code/gen_asm/d_0060e0d0.asm dump reproduces those bytes but carries no identity."
?d_0060e110@@YAXXZ,0x0060E110,"gen-dump placeholder superseded by the real identity of these bytes: ?dup_0060e110@@YAXXZ, byte-verified from Code/GameEngine/Source/Common/Audio/GameAudio.cpp over the same 18-byte range. The Code/gen_asm/d_0060e0d0.asm dump reproduces those bytes but carries no identity."
?d_0060e130@@YAXXZ,0x0060E130,"gen-dump placeholder superseded by the real identity of these bytes: ?dup_0060e130@@YAXXZ, byte-verified from Code/GameEngine/Source/Common/Audio/GameAudio.cpp over the same 18-byte range. The Code/gen_asm/d_0060e0d0.asm dump reproduces those bytes but carries no identity."
?d_0060e150@@YAXXZ,0x0060E150,"gen-dump placeholder superseded by the real identity of these bytes: ?dup_0060e150@@YAXXZ, byte-verified from Code/GameEngine/Source/Common/Audio/GameAudio.cpp over the same 18-byte range. The Code/gen_asm/d_0060e0d0.asm dump reproduces those bytes but carries no identity."
?d_0060e170@@YAXXZ,0x0060E170,"gen-dump placeholder superseded by the real identity of these bytes: ?dup_0060e170@@YAXXZ, byte-verified from Code/GameEngine/Source/Common/Audio/GameAudio.cpp over the same 17-byte range. The Code/gen_asm/d_0060e0d0.asm dump reproduces those bytes but carries no identity."
?d_0060e190@@YAXXZ,0x0060E190,"gen-dump placeholder superseded by the real identity of these bytes: ?dup_0060e190@@YAXXZ, byte-verified from Code/GameEngine/Source/Common/Audio/GameAudio.cpp over the same 17-byte range. The Code/gen_asm/d_0060e0d0.asm dump reproduces those bytes but carries no identity."
?d_0060e1b0@@YAXXZ,0x0060E1B0,"gen-dump placeholder superseded by the real identity of these bytes: ?dup_0060e1b0@@YAXXZ, byte-verified from Code/GameEngine/Source/Common/Audio/GameAudio.cpp over the same 17-byte range. The Code/gen_asm/d_0060e0d0.asm dump reproduces those bytes but carries no identity."
?d_0060e1d0@@YAXXZ,0x0060E1D0,"gen-dump placeholder superseded by the real identity of these bytes: ?dup_0060e1d0@@YAXXZ, byte-verified from Code/GameEngine/Source/Common/Audio/GameAudio.cpp over the same 17-byte range. The Code/gen_asm/d_0060e0d0.asm dump reproduces those bytes but carries no identity."
?d_0060e270@@YAXXZ,0x0060E270,"gen-dump placeholder superseded by the real identity of these bytes: ?dup_0060e270@@YAXXZ, byte-verified from Code/GameEngine/Source/Common/Audio/GameAudio.cpp over the same 29-byte range. The Code/gen_asm/d_0060e0d0.asm dump reproduces those bytes but carries no identity."
?d_0060e2e0@@YAXXZ,0x0060E2E0,"gen-dump placeholder superseded by the real identity of these bytes: ?dup_0060e2e0@@YAXXZ, byte-verified from Code/GameEngine/Source/Common/Audio/GameAudio.cpp over the same 29-byte range. The Code/gen_asm/d_0060e0d0.asm dump reproduces those bytes but carries no identity."
?d_0060e350@@YAXXZ,0x0060E350,"gen-dump placeholder superseded by the real identity of these bytes: ?dup_0060e350@@YAXXZ, byte-verified from Code/GameEngine/Source/Common/Audio/GameAudio.cpp over the same 29-byte range. The Code/gen_asm/d_0060e0d0.asm dump reproduces those bytes but carries no identity."
?d_0060e3c0@@YAXXZ,0x0060E3C0,"gen-dump placeholder superseded by the real identity of these bytes: ?dup_0060e3c0@@YAXXZ, byte-verified from Code/GameEngine/Source/Common/Audio/GameAudio.cpp over the same 29-byte range. The Code/gen_asm/d_0060e0d0.asm dump reproduces those bytes but carries no identity."
?d_0060e440@@YAXXZ,0x0060E440,"gen-dump placeholder superseded by the real identity of these bytes: ?dup_0060e440@@YAXXZ, byte-verified from Code/GameEngine/Source/Common/Audio/GameAudio.cpp over the same 10-byte range. The Code/gen_asm/d_0060e0d0.asm dump reproduces those bytes but carries no identity."
?d_0060e450@@YAXXZ,0x0060E450,"gen-dump placeholder superseded by the real identity of these bytes: ?dup_0060e450@@YAXXZ, byte-verified from Code/GameEngine/Source/Common/Audio/GameAudio.cpp over the same 10-byte range. The Code/gen_asm/d_0060e0d0.asm dump reproduces those bytes but carries no identity."
?d_0060e460@@YAXXZ,0x0060E460,"gen-dump placeholder superseded by the real identity of these bytes: ?dup_0060e460@@YAXXZ, byte-verified from Code/GameEngine/Source/Common/Audio/GameAudio.cpp over the same 10-byte range. The Code/gen_asm/d_0060e0d0.asm dump reproduces those bytes but carries no identity."
?d_0060e4c0@@YAXXZ,0x0060E4C0,"gen-dump placeholder superseded by the real identity of these bytes: ?dup_0060e4c0@@YAXXZ, byte-verified from Code/GameEngine/Source/Common/Audio/GameAudio.cpp over the same 7-byte range. The Code/gen_asm/d_0060e0d0.asm dump reproduces those bytes but carries no identity."
?d_0060e590@@YAXXZ,0x0060E590,"gen-dump placeholder superseded by the real identity of these bytes: ?dup_0060e590@@YAXXZ, byte-verified from Code/GameEngine/Source/Common/Audio/GameAudio.cpp over the same 7-byte range. The Code/gen_asm/d_0060e0d0.asm dump reproduces those bytes but carries no identity."
?d_0060e620@@YAXXZ,0x0060E620,"gen-dump placeholder superseded by the real identity of these bytes: ?dup_0060e620@@YAXXZ, byte-verified from Code/GameEngine/Source/Common/Audio/GameAudio.cpp over the same 7-byte range. The Code/gen_asm/d_0060e0d0.asm dump reproduces those bytes but carries no identity."
?d_0060e710@@YAXXZ,0x0060E710,"gen-dump placeholder superseded by the real identity of these bytes: ?dup_0060e710@@YAXXZ, byte-verified from Code/GameEngine/Source/Common/Audio/GameAudio.cpp over the same 19-byte range. The Code/gen_asm/d_0060e0d0.asm dump reproduces those bytes but carries no identity."
?d_0060e7a0@@YAXXZ,0x0060E7A0,"gen-dump placeholder superseded by the real identity of these bytes: ?dup_0060e7a0@@YAXXZ, byte-verified from Code/GameEngine/Source/Common/Audio/GameAudio.cpp over the same 19-byte range. The Code/gen_asm/d_0060e0d0.asm dump reproduces those bytes but carries no identity."
?d_0060f990@@YAXXZ,0x0060F990,"gen-dump placeholder superseded by the real identity of these bytes: ?dup_0060f990@@YAXXZ, byte-verified from Code/GameEngine/Source/Common/Audio/GameAudio.cpp over the same 7-byte range. The Code/gen_asm/d_0060e0d0.asm dump reproduces those bytes but carries no identity."
?d_0060f9c0@@YAXXZ,0x0060F9C0,"gen-dump placeholder superseded by the real identity of these bytes: ?dup_0060f9c0@@YAXXZ, byte-verified from Code/GameEngine/Source/Common/Audio/GameAudio.cpp over the same 11-byte range. The Code/gen_asm/d_0060e0d0.asm dump reproduces those bytes but carries no identity."
?d_0060f9d0@@YAXXZ,0x0060F9D0,"gen-dump placeholder superseded by the real identity of these bytes: ?dup_0060f9d0@@YAXXZ, byte-verified from Code/GameEngine/Source/Common/Audio/GameAudio.cpp over the same 11-byte range. The Code/gen_asm/d_0060e0d0.asm dump reproduces those bytes but carries no identity."
?d_0060f9f0@@YAXXZ,0x0060F9F0,"gen-dump placeholder superseded by the real identity of these bytes: ?dup_0060f9f0@@YAXXZ, byte-verified from Code/GameEngine/Source/Common/Audio/GameAudio.cpp over the same 11-byte range. The Code/gen_asm/d_0060e0d0.asm dump reproduces those bytes but carries no identity."
?d_0060fa00@@YAXXZ,0x0060FA00,"gen-dump placeholder superseded by the real identity of these bytes: ?dup_0060fa00@@YAXXZ, byte-verified from Code/GameEngine/Source/Common/Audio/GameAudio.cpp over the same 11-byte range. The Code/gen_asm/d_0060e0d0.asm dump reproduces those bytes but carries no identity."
?d_0060fa10@@YAXXZ,0x0060FA10,"gen-dump placeholder superseded by the real identity of these bytes: ?dup_0060fa10@@YAXXZ, byte-verified from Code/GameEngine/Source/Common/Audio/GameAudio.cpp over the same 11-byte range. The Code/gen_asm/d_0060e0d0.asm dump reproduces those bytes but carries no identity."
?d_0060fa20@@YAXXZ,0x0060FA20,"gen-dump placeholder superseded by the real identity of these bytes: ?dup_0060fa20@@YAXXZ, byte-verified from Code/GameEngine/Source/Common/Audio/GameAudio.cpp over the same 11-byte range. The Code/gen_asm/d_0060e0d0.asm dump reproduces those bytes but carries no identity."
?d_0060fa30@@YAXXZ,0x0060FA30,"gen-dump placeholder superseded by the real identity of these bytes: ?dup_0060fa30@@YAXXZ, byte-verified from Code/GameEngine/Source/Common/Audio/GameAudio.cpp over the same 11-byte range. The Code/gen_asm/d_0060e0d0.asm dump reproduces those bytes but carries no identity."
?d_0060fa40@@YAXXZ,0x0060FA40,"gen-dump placeholder superseded by the real identity of these bytes: ?dup_0060fa40@@YAXXZ, byte-verified from Code/GameEngine/Source/Common/Audio/GameAudio.cpp over the same 11-byte range. The Code/gen_asm/d_0060e0d0.asm dump reproduces those bytes but carries no identity."
?d_0060fa50@@YAXXZ,0x0060FA50,"gen-dump placeholder superseded by the real identity of these bytes: ?dup_0060fa50@@YAXXZ, byte-verified from Code/GameEngine/Source/Common/Audio/GameAudio.cpp over the same 11-byte range. The Code/gen_asm/d_0060e0d0.asm dump reproduces those bytes but carries no identity."
?d_0060fa60@@YAXXZ,0x0060FA60,"gen-dump placeholder superseded by the real identity of these bytes: ?dup_0060fa60@@YAXXZ, byte-verified from Code/GameEngine/Source/Common/Audio/GameAudio.cpp over the same 11-byte range. The Code/gen_asm/d_0060e0d0.asm dump reproduces those bytes but carries no identity."
?d_0060fa70@@YAXXZ,0x0060FA70,"gen-dump placeholder superseded by the real identity of these bytes: ?dup_0060fa70@@YAXXZ, byte-verified from Code/GameEngine/Source/Common/Audio/GameAudio.cpp over the same 11-byte range. The Code/gen_asm/d_0060e0d0.asm dump reproduces those bytes but carries no identity."
?d_0060faa0@@YAXXZ,0x0060FAA0,"gen-dump placeholder superseded by the real identity of these bytes: ?dup_0060faa0@@YAXXZ, byte-verified from Code/GameEngine/Source/Common/Audio/GameAudio.cpp over the same 18-byte range. The Code/gen_asm/d_0060e0d0.asm dump reproduces those bytes but carries no identity."
?d_0060fac0@@YAXXZ,0x0060FAC0,"gen-dump placeholder superseded by the real identity of these bytes: ?dup_0060fac0@@YAXXZ, byte-verified from Code/GameEngine/Source/Common/Audio/GameAudio.cpp over the same 18-byte range. The Code/gen_asm/d_0060e0d0.asm dump reproduces those bytes but carries no identity."
?d_0060fae0@@YAXXZ,0x0060FAE0,"gen-dump placeholder superseded by the real identity of these bytes: ?dup_0060fae0@@YAXXZ, byte-verified from Code/GameEngine/Source/Common/Audio/GameAudio.cpp over the same 18-byte range. The Code/gen_asm/d_0060e0d0.asm dump reproduces those bytes but carries no identity."
?d_0060fb00@@YAXXZ,0x0060FB00,"gen-dump placeholder superseded by the real identity of these bytes: ?dup_0060fb00@@YAXXZ, byte-verified from Code/GameEngine/Source/Common/Audio/GameAudio.cpp over the same 11-byte range. The Code/gen_asm/d_0060e0d0.asm dump reproduces those bytes but carries no identity."
?d_00610600@@YAXXZ,0x00610600,"gen-dump placeholder superseded by the real identity of these bytes: ?dup_00610600@@YAXXZ, byte-verified from Code/GameEngine/Source/Common/Audio/GameAudio.cpp over the same 11-byte range. The Code/gen_asm/d_0060e0d0.asm dump reproduces those bytes but carries no identity."
?d_00610610@@YAXXZ,0x00610610,"gen-dump placeholder superseded by the real identity of these bytes: ?dup_00610610@@YAXXZ, byte-verified from Code/GameEngine/Source/Common/Audio/GameAudio.cpp over the same 11-byte range. The Code/gen_asm/d_0060e0d0.asm dump reproduces those bytes but carries no identity."
?d_00610620@@YAXXZ,0x00610620,"gen-dump placeholder superseded by the real identity of these bytes: ?dup_00610620@@YAXXZ, byte-verified from Code/GameEngine/Source/Common/Audio/GameAudio.cpp over the same 16-byte range. The Code/gen_asm/d_0060e0d0.asm dump reproduces those bytes but carries no identity."
?d_00610640@@YAXXZ,0x00610640,"gen-dump placeholder superseded by the real identity of these bytes: ?dup_00610640@@YAXXZ, byte-verified from Code/GameEngine/Source/Common/Audio/GameAudio.cpp over the same 16-byte range. The Code/gen_asm/d_0060e0d0.asm dump reproduces those bytes but carries no identity."
?d_00610660@@YAXXZ,0x00610660,"gen-dump placeholder superseded by the real identity of these bytes: ?dup_00610660@@YAXXZ, byte-verified from Code/GameEngine/Source/Common/Audio/GameAudio.cpp over the same 16-byte range. The Code/gen_asm/d_0060e0d0.asm dump reproduces those bytes but carries no identity."
?d_00611220@@YAXXZ,0x00611220,"gen-dump placeholder superseded by the real identity of these bytes: ?dup_00611220@@YAXXZ, byte-verified from Code/GameEngine/Source/Common/Audio/GameAudio.cpp over the same 16-byte range. The Code/gen_asm/d_0060e0d0.asm dump reproduces those bytes but carries no identity."
?d_00611240@@YAXXZ,0x00611240,"gen-dump placeholder superseded by the real identity of these bytes: ?dup_00611240@@YAXXZ, byte-verified from Code/GameEngine/Source/Common/Audio/GameAudio.cpp over the same 16-byte range. The Code/gen_asm/d_0060e0d0.asm dump reproduces those bytes but carries no identity."
?d_006112c0@@YAXXZ,0x006112C0,"gen-dump placeholder superseded by the real identity of these bytes: ?dup_006112c0@@YAXXZ, byte-verified from Code/GameEngine/Source/Common/Audio/GameAudio.cpp over the same 16-byte range. The Code/gen_asm/d_0060e0d0.asm dump reproduces those bytes but carries no identity."
?d_006112e0@@YAXXZ,0x006112E0,"gen-dump placeholder superseded by the real identity of these bytes: ?dup_006112e0@@YAXXZ, byte-verified from Code/GameEngine/Source/Common/Audio/GameAudio.cpp over the same 15-byte range. The Code/gen_asm/d_0060e0d0.asm dump reproduces those bytes but carries no identity."
?d_00611340@@YAXXZ,0x00611340,"gen-dump placeholder superseded by the real identity of these bytes: ?dup_00611340@@YAXXZ, byte-verified from Code/GameEngine/Source/Common/Audio/GameAudio.cpp over the same 15-byte range. The Code/gen_asm/d_0060e0d0.asm dump reproduces those bytes but carries no identity."
?d_006113a0@@YAXXZ,0x006113A0,"gen-dump placeholder superseded by the real identity of these bytes: ?dup_006113a0@@YAXXZ, byte-verified from Code/GameEngine/Source/Common/Audio/GameAudio.cpp over the same 15-byte range. The Code/gen_asm/d_0060e0d0.asm dump reproduces those bytes but carries no identity."
?d_00611400@@YAXXZ,0x00611400,"gen-dump placeholder superseded by the real identity of these bytes: ?dup_00611400@@YAXXZ, byte-verified from Code/GameEngine/Source/Common/Audio/GameAudio.cpp over the same 15-byte range. The Code/gen_asm/d_0060e0d0.asm dump reproduces those bytes but carries no identity."
?d_00611460@@YAXXZ,0x00611460,"gen-dump placeholder superseded by the real identity of these bytes: ?dup_00611460@@YAXXZ, byte-verified from Code/GameEngine/Source/Common/Audio/GameAudio.cpp over the same 15-byte range. The Code/gen_asm/d_0060e0d0.asm dump reproduces those bytes but carries no identity."
?d_00618610@@YAXXZ,0x00618610,"gen-dump placeholder superseded by the real identity of these bytes: ?dup_00618610@@YAXXZ, byte-verified from Code/GameEngine/Source/Common/Audio/GameAudio.cpp over the same 11-byte range. The Code/gen_asm/d_0060e0d0.asm dump reproduces those bytes but carries no identity."
?d_00618620@@YAXXZ,0x00618620,"gen-dump placeholder superseded by the real identity of these bytes: ?dup_00618620@@YAXXZ, byte-verified from Code/GameEngine/Source/Common/Audio/GameAudio.cpp over the same 11-byte range. The Code/gen_asm/d_0060e0d0.asm dump reproduces those bytes but carries no identity."
?d_00618f30@@YAXXZ,0x00618F30,"gen-dump placeholder superseded by the real identity of these bytes: ?dup_00618f30@@YAXXZ, byte-verified from Code/GameEngine/Source/Common/Audio/GameAudio.cpp over the same 23-byte range. The Code/gen_asm/d_0060e0d0.asm dump reproduces those bytes but carries no identity."
?d_00619530@@YAXXZ,0x00619530,"gen-dump placeholder superseded by the real identity of these bytes: ?dup_00619530@@YAXXZ, byte-verified from Code/GameEngine/Source/Common/Audio/GameAudio.cpp over the same 11-byte range. The Code/gen_asm/d_0060e0d0.asm dump reproduces those bytes but carries no identity."
?d_00619e10@@YAXXZ,0x00619E10,"gen-dump placeholder superseded by the real identity of these bytes: ?dup_00619e10@@YAXXZ, byte-verified from Code/GameEngine/Source/Common/Audio/GameAudio.cpp over the same 15-byte range. The Code/gen_asm/d_0060e0d0.asm dump reproduces those bytes but carries no identity."
?d_00625100@@YAXXZ,0x00625100,"gen-dump placeholder superseded by the real identity of these bytes: ?dup_00625100@@YAXXZ, byte-verified from Code/GameEngine/Source/Common/Audio/GameAudio.cpp over the same 6-byte range. The Code/gen_asm/d_0060e0d0.asm dump reproduces those bytes but carries no identity."
?d_00625110@@YAXXZ,0x00625110,"gen-dump placeholder superseded by the real identity of these bytes: ?dup_00625110@@YAXXZ, byte-verified from Code/GameEngine/Source/Common/Audio/GameAudio.cpp over the same 11-byte range. The Code/gen_asm/d_0060e0d0.asm dump reproduces those bytes but carries no identity."
?d_00625120@@YAXXZ,0x00625120,"gen-dump placeholder superseded by the real identity of these bytes: ?dup_00625120@@YAXXZ, byte-verified from Code/GameEngine/Source/Common/Audio/GameAudio.cpp over the same 13-byte range. The Code/gen_asm/d_0060e0d0.asm dump reproduces those bytes but carries no identity."
?d_006251a0@@YAXXZ,0x006251A0,"gen-dump placeholder superseded by the real identity of these bytes: ?dup_006251a0@@YAXXZ, byte-verified from Code/GameEngine/Source/Common/Audio/GameAudio.cpp over the same 11-byte range. The Code/gen_asm/d_0060e0d0.asm dump reproduces those bytes but carries no identity."
?d_006251e0@@YAXXZ,0x006251E0,"gen-dump placeholder superseded by the real identity of these bytes: ?dup_006251e0@@YAXXZ, byte-verified from Code/GameEngine/Source/Common/Audio/GameAudio.cpp over the same 7-byte range. The Code/gen_asm/d_0060e0d0.asm dump reproduces those bytes but carries no identity."
?d_006252c0@@YAXXZ,0x006252C0,"gen-dump placeholder superseded by the real identity of these bytes: ?dup_006252c0@@YAXXZ, byte-verified from Code/GameEngine/Source/Common/Audio/GameAudio.cpp over the same 11-byte range. The Code/gen_asm/d_0060e0d0.asm dump reproduces those bytes but carries no identity."
?d_006269b0@@YAXXZ,0x006269B0,"gen-dump placeholder superseded by the real identity of these bytes: ?dup_006269b0@@YAXXZ, byte-verified from Code/GameEngine/Source/Common/Audio/GameAudio.cpp over the same 6-byte range. The Code/gen_asm/d_0060e0d0.asm dump reproduces those bytes but carries no identity."
?d_00626a60@@YAXXZ,0x00626A60,"gen-dump placeholder superseded by the real identity of these bytes: ?dup_00626a60@@YAXXZ, byte-verified from Code/GameEngine/Source/Common/Audio/GameAudio.cpp over the same 11-byte range. The Code/gen_asm/d_0060e0d0.asm dump reproduces those bytes but carries no identity."
?d_00626a80@@YAXXZ,0x00626A80,"gen-dump placeholder superseded by the real identity of these bytes: ?dup_00626a80@@YAXXZ, byte-verified from Code/GameEngine/Source/Common/Audio/GameAudio.cpp over the same 11-byte range. The Code/gen_asm/d_0060e0d0.asm dump reproduces those bytes but carries no identity."
?d_00627030@@YAXXZ,0x00627030,"gen-dump placeholder superseded by the real identity of these bytes: ?dup_00627030@@YAXXZ, byte-verified from Code/GameEngine/Source/Common/Audio/GameAudio.cpp over the same 13-byte range. The Code/gen_asm/d_0060e0d0.asm dump reproduces those bytes but carries no identity."
?d_00628340@@YAXXZ,0x00628340,"gen-dump placeholder superseded by the real identity of these bytes: ?dup_00628340@@YAXXZ, byte-verified from Code/GameEngine/Source/Common/Audio/GameAudio.cpp over the same 6-byte range. The Code/gen_asm/d_0060e0d0.asm dump reproduces those bytes but carries no identity."
?d_00628370@@YAXXZ,0x00628370,"gen-dump placeholder superseded by the real identity of these bytes: ?dup_00628370@@YAXXZ, byte-verified from Code/GameEngine/Source/Common/Audio/GameAudio.cpp over the same 23-byte range. The Code/gen_asm/d_0060e0d0.asm dump reproduces those bytes but carries no identity."
?d_00628410@@YAXXZ,0x00628410,"gen-dump placeholder superseded by the real identity of these bytes: ?dup_00628410@@YAXXZ, byte-verified from Code/GameEngine/Source/Common/Audio/GameAudio.cpp over the same 13-byte range. The Code/gen_asm/d_0060e0d0.asm dump reproduces those bytes but carries no identity."
?d_00628430@@YAXXZ,0x00628430,"gen-dump placeholder superseded by the real identity of these bytes: ?dup_00628430@@YAXXZ, byte-verified from Code/GameEngine/Source/Common/Audio/GameAudio.cpp over the same 11-byte range. The Code/gen_asm/d_0060e0d0.asm dump reproduces those bytes but carries no identity."
?d_00628450@@YAXXZ,0x00628450,"gen-dump placeholder superseded by the real identity of these bytes: ?dup_00628450@@YAXXZ, byte-verified from Code/GameEngine/Source/Common/Audio/GameAudio.cpp over the same 11-byte range. The Code/gen_asm/d_0060e0d0.asm dump reproduces those bytes but carries no identity."
?d_00628520@@YAXXZ,0x00628520,"gen-dump placeholder superseded by the real identity of these bytes: ?dup_00628520@@YAXXZ, byte-verified from Code/GameEngine/Source/Common/Audio/GameAudio.cpp over the same 17-byte range. The Code/gen_asm/d_0060e0d0.asm dump reproduces those bytes but carries no identity."
?d_006285e0@@YAXXZ,0x006285E0,"gen-dump placeholder superseded by the real identity of these bytes: ?dup_006285e0@@YAXXZ, byte-verified from Code/GameEngine/Source/Common/Audio/GameAudio.cpp over the same 13-byte range. The Code/gen_asm/d_0060e0d0.asm dump reproduces those bytes but carries no identity."
?d_00628850@@YAXXZ,0x00628850,"gen-dump placeholder superseded by the real identity of these bytes: ?dup_00628850@@YAXXZ, byte-verified from Code/GameEngine/Source/Common/Audio/GameAudio.cpp over the same 15-byte range. The Code/gen_asm/d_0060e0d0.asm dump reproduces those bytes but carries no identity."
?d_0062a190@@YAXXZ,0x0062A190,"gen-dump placeholder superseded by the real identity of these bytes: ?dup_0062a190@@YAXXZ, byte-verified from Code/GameEngine/Source/Common/Audio/GameAudio.cpp over the same 6-byte range. The Code/gen_asm/d_0060e0d0.asm dump reproduces those bytes but carries no identity."
?d_0062a1f0@@YAXXZ,0x0062A1F0,"gen-dump placeholder superseded by the real identity of these bytes: ?dup_0062a1f0@@YAXXZ, byte-verified from Code/GameEngine/Source/Common/Audio/GameAudio.cpp over the same 13-byte range. The Code/gen_asm/d_0060e0d0.asm dump reproduces those bytes but carries no identity."
?d_0062a220@@YAXXZ,0x0062A220,"gen-dump placeholder superseded by the real identity of these bytes: ?dup_0062a220@@YAXXZ, byte-verified from Code/GameEngine/Source/Common/Audio/GameAudio.cpp over the same 11-byte range. The Code/gen_asm/d_0060e0d0.asm dump reproduces those bytes but carries no identity."
?d_0062a2f0@@YAXXZ,0x0062A2F0,"gen-dump placeholder superseded by the real identity of these bytes: ?dup_0062a2f0@@YAXXZ, byte-verified from Code/GameEngine/Source/Common/Audio/GameAudio.cpp over the same 17-byte range. The Code/gen_asm/d_0060e0d0.asm dump reproduces those bytes but carries no identity."
?d_0062a310@@YAXXZ,0x0062A310,"gen-dump placeholder superseded by the real identity of these bytes: ?dup_0062a310@@YAXXZ, byte-verified from Code/GameEngine/Source/Common/Audio/GameAudio.cpp over the same 13-byte range. The Code/gen_asm/d_0060e0d0.asm dump reproduces those bytes but carries no identity."
?d_0062c690@@YAXXZ,0x0062C690,"gen-dump placeholder superseded by the real identity of these bytes: ?dup_0062c690@@YAXXZ, byte-verified from Code/GameEngine/Source/Common/Audio/GameAudio.cpp over the same 6-byte range. The Code/gen_asm/d_0060e0d0.asm dump reproduces those bytes but carries no identity."
?d_0062c6e0@@YAXXZ,0x0062C6E0,"gen-dump placeholder superseded by the real identity of these bytes: ?dup_0062c6e0@@YAXXZ, byte-verified from Code/GameEngine/Source/Common/Audio/GameAudio.cpp over the same 19-byte range. The Code/gen_asm/d_0060e0d0.asm dump reproduces those bytes but carries no identity."
?d_0062c730@@YAXXZ,0x0062C730,"gen-dump placeholder superseded by the real identity of these bytes: ?dup_0062c730@@YAXXZ, byte-verified from Code/GameEngine/Source/Common/Audio/GameAudio.cpp over the same 13-byte range. The Code/gen_asm/d_0060e0d0.asm dump reproduces those bytes but carries no identity."
?d_0062c750@@YAXXZ,0x0062C750,"gen-dump placeholder superseded by the real identity of these bytes: ?dup_0062c750@@YAXXZ, byte-verified from Code/GameEngine/Source/Common/Audio/GameAudio.cpp over the same 11-byte range. The Code/gen_asm/d_0060e0d0.asm dump reproduces those bytes but carries no identity."
?d_0062c8e0@@YAXXZ,0x0062C8E0,"gen-dump placeholder superseded by the real identity of these bytes: ?dup_0062c8e0@@YAXXZ, byte-verified from Code/GameEngine/Source/Common/Audio/GameAudio.cpp over the same 11-byte range. The Code/gen_asm/d_0060e0d0.asm dump reproduces those bytes but carries no identity."
?d_0062e7f0@@YAXXZ,0x0062E7F0,"gen-dump placeholder superseded by the real identity of these bytes: ?dup_0062e7f0@@YAXXZ, byte-verified from Code/GameEngine/Source/Common/Audio/GameAudio.cpp over the same 6-byte range. The Code/gen_asm/d_0060e0d0.asm dump reproduces those bytes but carries no identity."
?d_0062e800@@YAXXZ,0x0062E800,"gen-dump placeholder superseded by the real identity of these bytes: ?dup_0062e800@@YAXXZ, byte-verified from Code/GameEngine/Source/Common/Audio/GameAudio.cpp over the same 9-byte range. The Code/gen_asm/d_0060e0d0.asm dump reproduces those bytes but carries no identity."
?d_0062e810@@YAXXZ,0x0062E810,"gen-dump placeholder superseded by the real identity of these bytes: ?dup_0062e810@@YAXXZ, byte-verified from Code/GameEngine/Source/Common/Audio/GameAudio.cpp over the same 11-byte range. The Code/gen_asm/d_0060e0d0.asm dump reproduces those bytes but carries no identity."
?d_0062e820@@YAXXZ,0x0062E820,"gen-dump placeholder superseded by the real identity of these bytes: ?dup_0062e820@@YAXXZ, byte-verified from Code/GameEngine/Source/Common/Audio/GameAudio.cpp over the same 9-byte range. The Code/gen_asm/d_0060e0d0.asm dump reproduces those bytes but carries no identity."
?d_0062e830@@YAXXZ,0x0062E830,"gen-dump placeholder superseded by the real identity of these bytes: ?dup_0062e830@@YAXXZ, byte-verified from Code/GameEngine/Source/Common/Audio/GameAudio.cpp over the same 13-byte range. The Code/gen_asm/d_0060e0d0.asm dump reproduces those bytes but carries no identity."
?d_006307e0@@YAXXZ,0x006307E0,"gen-dump placeholder superseded by the real identity of these bytes: ?dup_006307e0@@YAXXZ, byte-verified from Code/GameEngine/Source/Common/Audio/GameAudio.cpp over the same 13-byte range. The Code/gen_asm/d_0060e0d0.asm dump reproduces those bytes but carries no identity."
?d_006308e0@@YAXXZ,0x006308E0,"gen-dump placeholder superseded by the real identity of these bytes: ?dup_006308e0@@YAXXZ, byte-verified from Code/GameEngine/Source/Common/Audio/GameAudio.cpp over the same 13-byte range. The Code/gen_asm/d_0060e0d0.asm dump reproduces those bytes but carries no identity."
?d_00630900@@YAXXZ,0x00630900,"gen-dump placeholder superseded by the real identity of these bytes: ?dup_00630900@@YAXXZ, byte-verified from Code/GameEngine/Source/Common/Audio/GameAudio.cpp over the same 7-byte range. The Code/gen_asm/d_0060e0d0.asm dump reproduces those bytes but carries no identity."
?d_00630930@@YAXXZ,0x00630930,"gen-dump placeholder superseded by the real identity of these bytes: ?dup_00630930@@YAXXZ, byte-verified from Code/GameEngine/Source/Common/Audio/GameAudio.cpp over the same 7-byte range. The Code/gen_asm/d_0060e0d0.asm dump reproduces those bytes but carries no identity."
?d_00630960@@YAXXZ,0x00630960,"gen-dump placeholder superseded by the real identity of these bytes: ?dup_00630960@@YAXXZ, byte-verified from Code/GameEngine/Source/Common/Audio/GameAudio.cpp over the same 7-byte range. The Code/gen_asm/d_0060e0d0.asm dump reproduces those bytes but carries no identity."
?d_006309a0@@YAXXZ,0x006309A0,"gen-dump placeholder superseded by the real identity of these bytes: ?dup_006309a0@@YAXXZ, byte-verified from Code/GameEngine/Source/Common/Audio/GameAudio.cpp over the same 11-byte range. The Code/gen_asm/d_0060e0d0.asm dump reproduces those bytes but carries no identity."
?d_00630ce0@@YAXXZ,0x00630CE0,"gen-dump placeholder superseded by the real identity of these bytes: ?dup_00630ce0@@YAXXZ, byte-verified from Code/GameEngine/Source/Common/Audio/GameAudio.cpp over the same 19-byte range. The Code/gen_asm/d_0060e0d0.asm dump reproduces those bytes but carries no identity."
?d_00630e30@@YAXXZ,0x00630E30,"gen-dump placeholder superseded by the real identity of these bytes: ?dup_00630e30@@YAXXZ, byte-verified from Code/GameEngine/Source/Common/Audio/GameAudio.cpp over the same 7-byte range. The Code/gen_asm/d_0060e0d0.asm dump reproduces those bytes but carries no identity."
?d_00630e40@@YAXXZ,0x00630E40,"gen-dump placeholder superseded by the real identity of these bytes: ?dup_00630e40@@YAXXZ, byte-verified from Code/GameEngine/Source/Common/Audio/GameAudio.cpp over the same 7-byte range. The Code/gen_asm/d_0060e0d0.asm dump reproduces those bytes but carries no identity."
?d_00630e70@@YAXXZ,0x00630E70,"gen-dump placeholder superseded by the real identity of these bytes: ?dup_00630e70@@YAXXZ, byte-verified from Code/GameEngine/Source/Common/Audio/GameAudio.cpp over the same 11-byte range. The Code/gen_asm/d_0060e0d0.asm dump reproduces those bytes but carries no identity."
?d_00630e80@@YAXXZ,0x00630E80,"gen-dump placeholder superseded by the real identity of these bytes: ?dup_00630e80@@YAXXZ, byte-verified from Code/GameEngine/Source/Common/Audio/GameAudio.cpp over the same 7-byte range. The Code/gen_asm/d_0060e0d0.asm dump reproduces those bytes but carries no identity."
?d_00630ff0@@YAXXZ,0x00630FF0,"gen-dump placeholder superseded by the real identity of these bytes: ?dup_00630ff0@@YAXXZ, byte-verified from Code/GameEngine/Source/Common/Audio/GameAudio.cpp over the same 11-byte range. The Code/gen_asm/d_0060e0d0.asm dump reproduces those bytes but carries no identity."
?d_00631020@@YAXXZ,0x00631020,"gen-dump placeholder superseded by the real identity of these bytes: ?dup_00631020@@YAXXZ, byte-verified from Code/GameEngine/Source/Common/Audio/GameAudio.cpp over the same 11-byte range. The Code/gen_asm/d_0060e0d0.asm dump reproduces those bytes but carries no identity."
?d_00631030@@YAXXZ,0x00631030,"gen-dump placeholder superseded by the real identity of these bytes: ?dup_00631030@@YAXXZ, byte-verified from Code/GameEngine/Source/Common/Audio/GameAudio.cpp over the same 11-byte range. The Code/gen_asm/d_0060e0d0.asm dump reproduces those bytes but carries no identity."
?d_00631080@@YAXXZ,0x00631080,"gen-dump placeholder superseded by the real identity of these bytes: ?dup_00631080@@YAXXZ, byte-verified from Code/GameEngine/Source/Common/Audio/GameAudio.cpp over the same 11-byte range. The Code/gen_asm/d_0060e0d0.asm dump reproduces those bytes but carries no identity."
?d_006310e0@@YAXXZ,0x006310E0,"gen-dump placeholder superseded by the real identity of these bytes: ?dup_006310e0@@YAXXZ, byte-verified from Code/GameEngine/Source/Common/Audio/GameAudio.cpp over the same 11-byte range. The Code/gen_asm/d_0060e0d0.asm dump reproduces those bytes but carries no identity."
?d_00631130@@YAXXZ,0x00631130,"gen-dump placeholder superseded by the real identity of these bytes: ?dup_00631130@@YAXXZ, byte-verified from Code/GameEngine/Source/Common/Audio/GameAudio.cpp over the same 11-byte range. The Code/gen_asm/d_0060e0d0.asm dump reproduces those bytes but carries no identity."
?d_00631910@@YAXXZ,0x00631910,"gen-dump placeholder superseded by the real identity of these bytes: ?dup_00631910@@YAXXZ, byte-verified from Code/GameEngine/Source/Common/Audio/GameAudio.cpp over the same 11-byte range. The Code/gen_asm/d_0060e0d0.asm dump reproduces those bytes but carries no identity."
?d_00637dd0@@YAXXZ,0x00637DD0,"gen-dump placeholder superseded by the real identity of these bytes: ?dup_00637dd0@@YAXXZ, byte-verified from Code/GameEngine/Source/Common/Audio/GameAudio.cpp over the same 23-byte range. The Code/gen_asm/d_0060e0d0.asm dump reproduces those bytes but carries no identity."
?d_00637fb0@@YAXXZ,0x00637FB0,"gen-dump placeholder superseded by the real identity of these bytes: ?dup_00637fb0@@YAXXZ, byte-verified from Code/GameEngine/Source/Common/Audio/GameAudio.cpp over the same 11-byte range. The Code/gen_asm/d_0060e0d0.asm dump reproduces those bytes but carries no identity."
?d_006386c0@@YAXXZ,0x006386C0,"gen-dump placeholder superseded by the real identity of these bytes: ?dup_006386c0@@YAXXZ, byte-verified from Code/GameEngine/Source/Common/Audio/GameAudio.cpp over the same 15-byte range. The Code/gen_asm/d_0060e0d0.asm dump reproduces those bytes but carries no identity."
?d_0063aac0@@YAXXZ,0x0063AAC0,"gen-dump placeholder superseded by the real identity of these bytes: ?dup_0063aac0@@YAXXZ, byte-verified from Code/GameEngine/Source/Common/Audio/GameAudio.cpp over the same 11-byte range. The Code/gen_asm/d_0060e0d0.asm dump reproduces those bytes but carries no identity."
?d_0063aad0@@YAXXZ,0x0063AAD0,"gen-dump placeholder superseded by the real identity of these bytes: ?dup_0063aad0@@YAXXZ, byte-verified from Code/GameEngine/Source/Common/Audio/GameAudio.cpp over the same 11-byte range. The Code/gen_asm/d_0060e0d0.asm dump reproduces those bytes but carries no identity."
?d_0063ace0@@YAXXZ,0x0063ACE0,"gen-dump placeholder superseded by the real identity of these bytes: ?dup_0063ace0@@YAXXZ, byte-verified from Code/GameEngine/Source/Common/Audio/GameAudio.cpp over the same 18-byte range. The Code/gen_asm/d_0060e0d0.asm dump reproduces those bytes but carries no identity."
?d_0063ad30@@YAXXZ,0x0063AD30,"gen-dump placeholder superseded by the real identity of these bytes: ?dup_0063ad30@@YAXXZ, byte-verified from Code/GameEngine/Source/Common/Audio/GameAudio.cpp over the same 18-byte range. The Code/gen_asm/d_0060e0d0.asm dump reproduces those bytes but carries no identity."
?d_0063aea0@@YAXXZ,0x0063AEA0,"gen-dump placeholder superseded by the real identity of these bytes: ?dup_0063aea0@@YAXXZ, byte-verified from Code/GameEngine/Source/Common/Audio/GameAudio.cpp over the same 22-byte range. The Code/gen_asm/d_0060e0d0.asm dump reproduces those bytes but carries no identity."
?d_0063aec0@@YAXXZ,0x0063AEC0,"gen-dump placeholder superseded by the real identity of these bytes: ?dup_0063aec0@@YAXXZ, byte-verified from Code/GameEngine/Source/Common/Audio/GameAudio.cpp over the same 22-byte range. The Code/gen_asm/d_0060e0d0.asm dump reproduces those bytes but carries no identity."
?d_0063ff70@@YAXXZ,0x0063FF70,"gen-dump placeholder superseded by the real identity of these bytes: ?dup_0063ff70@@YAXXZ, byte-verified from Code/GameEngine/Source/Common/Audio/GameAudio.cpp over the same 18-byte range. The Code/gen_asm/d_0063b470.asm dump reproduces those bytes but carries no identity."
?d_0063ff90@@YAXXZ,0x0063FF90,"gen-dump placeholder superseded by the real identity of these bytes: ?dup_0063ff90@@YAXXZ, byte-verified from Code/GameEngine/Source/Common/Audio/GameAudio.cpp over the same 18-byte range. The Code/gen_asm/d_0063b470.asm dump reproduces those bytes but carries no identity."
?d_006400d0@@YAXXZ,0x006400D0,"gen-dump placeholder superseded by the real identity of these bytes: ?dup_006400d0@@YAXXZ, byte-verified from Code/GameEngine/Source/Common/Audio/GameAudio.cpp over the same 22-byte range. The Code/gen_asm/d_0063b470.asm dump reproduces those bytes but carries no identity."
?d_006400f0@@YAXXZ,0x006400F0,"gen-dump placeholder superseded by the real identity of these bytes: ?dup_006400f0@@YAXXZ, byte-verified from Code/GameEngine/Source/Common/Audio/GameAudio.cpp over the same 22-byte range. The Code/gen_asm/d_0063b470.asm dump reproduces those bytes but carries no identity."
?d_00642ff0@@YAXXZ,0x00642FF0,"gen-dump placeholder superseded by the real identity of these bytes: ?dup_00642ff0@@YAXXZ, byte-verified from Code/GameEngine/Source/Common/Audio/GameAudio.cpp over the same 13-byte range. The Code/gen_asm/d_0063b470.asm dump reproduces those bytes but carries no identity."
?d_006430f0@@YAXXZ,0x006430F0,"gen-dump placeholder superseded by the real identity of these bytes: ?dup_006430f0@@YAXXZ, byte-verified from Code/GameEngine/Source/Common/Audio/GameAudio.cpp over the same 13-byte range. The Code/gen_asm/d_0063b470.asm dump reproduces those bytes but carries no identity."
?d_00643110@@YAXXZ,0x00643110,"gen-dump placeholder superseded by the real identity of these bytes: ?dup_00643110@@YAXXZ, byte-verified from Code/GameEngine/Source/Common/Audio/GameAudio.cpp over the same 13-byte range. The Code/gen_asm/d_0063b470.asm dump reproduces those bytes but carries no identity."
?d_006431d0@@YAXXZ,0x006431D0,"gen-dump placeholder superseded by the real identity of these bytes: ?dup_006431d0@@YAXXZ, byte-verified from Code/GameEngine/Source/Common/Audio/GameAudio.cpp over the same 6-byte range. The Code/gen_asm/d_0063b470.asm dump reproduces those bytes but carries no identity."
?d_006431f0@@YAXXZ,0x006431F0,"gen-dump placeholder superseded by the real identity of these bytes: ?dup_006431f0@@YAXXZ, byte-verified from Code/GameEngine/Source/Common/Audio/GameAudio.cpp over the same 7-byte range. The Code/gen_asm/d_0063b470.asm dump reproduces those bytes but carries no identity."
?d_00643220@@YAXXZ,0x00643220,"gen-dump placeholder superseded by the real identity of these bytes: ?dup_00643220@@YAXXZ, byte-verified from Code/GameEngine/Source/Common/Audio/GameAudio.cpp over the same 6-byte range. The Code/gen_asm/d_0063b470.asm dump reproduces those bytes but carries no identity."
?d_00643240@@YAXXZ,0x00643240,"gen-dump placeholder superseded by the real identity of these bytes: ?dup_00643240@@YAXXZ, byte-verified from Code/GameEngine/Source/Common/Audio/GameAudio.cpp over the same 7-byte range. The Code/gen_asm/d_0063b470.asm dump reproduces those bytes but carries no identity."
?d_00643260@@YAXXZ,0x00643260,"gen-dump placeholder superseded by the real identity of these bytes: ?dup_00643260@@YAXXZ, byte-verified from Code/GameEngine/Source/Common/Audio/GameAudio.cpp over the same 11-byte range. The Code/gen_asm/d_0063b470.asm dump reproduces those bytes but carries no identity."
?d_00643270@@YAXXZ,0x00643270,"gen-dump placeholder superseded by the real identity of these bytes: ?dup_00643270@@YAXXZ, byte-verified from Code/GameEngine/Source/Common/Audio/GameAudio.cpp over the same 11-byte range. The Code/gen_asm/d_0063b470.asm dump reproduces those bytes but carries no identity."
?d_006434a0@@YAXXZ,0x006434A0,"gen-dump placeholder superseded by the real identity of these bytes: ?dup_006434a0@@YAXXZ, byte-verified from Code/GameEngine/Source/Common/Audio/GameAudio.cpp over the same 7-byte range. The Code/gen_asm/d_0063b470.asm dump reproduces those bytes but carries no identity."
?d_006434b0@@YAXXZ,0x006434B0,"gen-dump placeholder superseded by the real identity of these bytes: ?dup_006434b0@@YAXXZ, byte-verified from Code/GameEngine/Source/Common/Audio/GameAudio.cpp over the same 7-byte range. The Code/gen_asm/d_0063b470.asm dump reproduces those bytes but carries no identity."
?d_006434d0@@YAXXZ,0x006434D0,"gen-dump placeholder superseded by the real identity of these bytes: ?dup_006434d0@@YAXXZ, byte-verified from Code/GameEngine/Source/Common/Audio/GameAudio.cpp over the same 18-byte range. The Code/gen_asm/d_0063b470.asm dump reproduces those bytes but carries no identity."
?d_006434f0@@YAXXZ,0x006434F0,"gen-dump placeholder superseded by the real identity of these bytes: ?dup_006434f0@@YAXXZ, byte-verified from Code/GameEngine/Source/Common/Audio/GameAudio.cpp over the same 18-byte range. The Code/gen_asm/d_0063b470.asm dump reproduces those bytes but carries no identity."
?d_00643510@@YAXXZ,0x00643510,"gen-dump placeholder superseded by the real identity of these bytes: ?dup_00643510@@YAXXZ, byte-verified from Code/GameEngine/Source/Common/Audio/GameAudio.cpp over the same 18-byte range. The Code/gen_asm/d_0063b470.asm dump reproduces those bytes but carries no identity."
?d_00643530@@YAXXZ,0x00643530,"gen-dump placeholder superseded by the real identity of these bytes: ?dup_00643530@@YAXXZ, byte-verified from Code/GameEngine/Source/Common/Audio/GameAudio.cpp over the same 17-byte range. The Code/gen_asm/d_0063b470.asm dump reproduces those bytes but carries no identity."
?d_00643900@@YAXXZ,0x00643900,"gen-dump placeholder superseded by the real identity of these bytes: ?dup_00643900@@YAXXZ, byte-verified from Code/GameEngine/Source/Common/Audio/GameAudio.cpp over the same 19-byte range. The Code/gen_asm/d_0063b470.asm dump reproduces those bytes but carries no identity."
?d_006439d0@@YAXXZ,0x006439D0,"gen-dump placeholder superseded by the real identity of these bytes: ?dup_006439d0@@YAXXZ, byte-verified from Code/GameEngine/Source/Common/Audio/GameAudio.cpp over the same 22-byte range. The Code/gen_asm/d_0063b470.asm dump reproduces those bytes but carries no identity."
?d_006439f0@@YAXXZ,0x006439F0,"gen-dump placeholder superseded by the real identity of these bytes: ?dup_006439f0@@YAXXZ, byte-verified from Code/GameEngine/Source/Common/Audio/GameAudio.cpp over the same 22-byte range. The Code/gen_asm/d_0063b470.asm dump reproduces those bytes but carries no identity."
?d_00643cc0@@YAXXZ,0x00643CC0,"gen-dump placeholder superseded by the real identity of these bytes: ?dup_00643cc0@@YAXXZ, byte-verified from Code/GameEngine/Source/Common/Audio/GameAudio.cpp over the same 7-byte range. The Code/gen_asm/d_0063b470.asm dump reproduces those bytes but carries no identity."
?d_00643cd0@@YAXXZ,0x00643CD0,"gen-dump placeholder superseded by the real identity of these bytes: ?dup_00643cd0@@YAXXZ, byte-verified from Code/GameEngine/Source/Common/Audio/GameAudio.cpp over the same 11-byte range. The Code/gen_asm/d_0063b470.asm dump reproduces those bytes but carries no identity."
?d_00643ce0@@YAXXZ,0x00643CE0,"gen-dump placeholder superseded by the real identity of these bytes: ?dup_00643ce0@@YAXXZ, byte-verified from Code/GameEngine/Source/Common/Audio/GameAudio.cpp over the same 7-byte range. The Code/gen_asm/d_0063b470.asm dump reproduces those bytes but carries no identity."
?d_00643d10@@YAXXZ,0x00643D10,"gen-dump placeholder superseded by the real identity of these bytes: ?dup_00643d10@@YAXXZ, byte-verified from Code/GameEngine/Source/Common/Audio/GameAudio.cpp over the same 11-byte range. The Code/gen_asm/d_0063b470.asm dump reproduces those bytes but carries no identity."
?d_00643ed0@@YAXXZ,0x00643ED0,"gen-dump placeholder superseded by the real identity of these bytes: ?dup_00643ed0@@YAXXZ, byte-verified from Code/GameEngine/Source/Common/Audio/GameAudio.cpp over the same 11-byte range. The Code/gen_asm/d_0063b470.asm dump reproduces those bytes but carries no identity."
?d_00643f70@@YAXXZ,0x00643F70,"gen-dump placeholder superseded by the real identity of these bytes: ?dup_00643f70@@YAXXZ, byte-verified from Code/GameEngine/Source/Common/Audio/GameAudio.cpp over the same 11-byte range. The Code/gen_asm/d_0063b470.asm dump reproduces those bytes but carries no identity."
?d_006444c0@@YAXXZ,0x006444C0,"gen-dump placeholder superseded by the real identity of these bytes: ?dup_006444c0@@YAXXZ, byte-verified from Code/GameEngine/Source/Common/Audio/GameAudio.cpp over the same 7-byte range. The Code/gen_asm/d_0063b470.asm dump reproduces those bytes but carries no identity."
?d_00644aa0@@YAXXZ,0x00644AA0,"gen-dump placeholder superseded by the real identity of these bytes: ?dup_00644aa0@@YAXXZ, byte-verified from Code/GameEngine/Source/Common/Audio/GameAudio.cpp over the same 11-byte range. The Code/gen_asm/d_0063b470.asm dump reproduces those bytes but carries no identity."
?d_00644ad0@@YAXXZ,0x00644AD0,"gen-dump placeholder superseded by the real identity of these bytes: ?dup_00644ad0@@YAXXZ, byte-verified from Code/GameEngine/Source/Common/Audio/GameAudio.cpp over the same 11-byte range. The Code/gen_asm/d_0063b470.asm dump reproduces those bytes but carries no identity."
?d_00651880@@YAXXZ,0x00651880,"gen-dump placeholder superseded by the real identity of these bytes: ?dup_00651880@@YAXXZ, byte-verified from Code/GameEngine/Source/Common/Audio/GameAudio.cpp over the same 13-byte range. The Code/gen_asm/d_0063b470.asm dump reproduces those bytes but carries no identity."
?d_006519c0@@YAXXZ,0x006519C0,"gen-dump placeholder superseded by the real identity of these bytes: ?dup_006519c0@@YAXXZ, byte-verified from Code/GameEngine/Source/Common/Audio/GameAudio.cpp over the same 13-byte range. The Code/gen_asm/d_0063b470.asm dump reproduces those bytes but carries no identity."
?d_00651a40@@YAXXZ,0x00651A40,"gen-dump placeholder superseded by the real identity of these bytes: ?dup_00651a40@@YAXXZ, byte-verified from Code/GameEngine/Source/Common/Audio/GameAudio.cpp over the same 6-byte range. The Code/gen_asm/d_0063b470.asm dump reproduces those bytes but carries no identity."
?d_00651a60@@YAXXZ,0x00651A60,"gen-dump placeholder superseded by the real identity of these bytes: ?dup_00651a60@@YAXXZ, byte-verified from Code/GameEngine/Source/Common/Audio/GameAudio.cpp over the same 7-byte range. The Code/gen_asm/d_0063b470.asm dump reproduces those bytes but carries no identity."
?d_00651a90@@YAXXZ,0x00651A90,"gen-dump placeholder superseded by the real identity of these bytes: ?dup_00651a90@@YAXXZ, byte-verified from Code/GameEngine/Source/Common/Audio/GameAudio.cpp over the same 6-byte range. The Code/gen_asm/d_0063b470.asm dump reproduces those bytes but carries no identity."
?d_00651ab0@@YAXXZ,0x00651AB0,"gen-dump placeholder superseded by the real identity of these bytes: ?dup_00651ab0@@YAXXZ, byte-verified from Code/GameEngine/Source/Common/Audio/GameAudio.cpp over the same 7-byte range. The Code/gen_asm/d_0063b470.asm dump reproduces those bytes but carries no identity."
?d_00651ad0@@YAXXZ,0x00651AD0,"gen-dump placeholder superseded by the real identity of these bytes: ?dup_00651ad0@@YAXXZ, byte-verified from Code/GameEngine/Source/Common/Audio/GameAudio.cpp over the same 11-byte range. The Code/gen_asm/d_0063b470.asm dump reproduces those bytes but carries no identity."
?d_00651ae0@@YAXXZ,0x00651AE0,"gen-dump placeholder superseded by the real identity of these bytes: ?dup_00651ae0@@YAXXZ, byte-verified from Code/GameEngine/Source/Common/Audio/GameAudio.cpp over the same 11-byte range. The Code/gen_asm/d_0063b470.asm dump reproduces those bytes but carries no identity."
?d_00651c50@@YAXXZ,0x00651C50,"gen-dump placeholder superseded by the real identity of these bytes: ?dup_00651c50@@YAXXZ, byte-verified from Code/GameEngine/Source/Common/Audio/GameAudio.cpp over the same 7-byte range. The Code/gen_asm/d_0063b470.asm dump reproduces those bytes but carries no identity."
?d_00651c60@@YAXXZ,0x00651C60,"gen-dump placeholder superseded by the real identity of these bytes: ?dup_00651c60@@YAXXZ, byte-verified from Code/GameEngine/Source/Common/Audio/GameAudio.cpp over the same 7-byte range. The Code/gen_asm/d_0063b470.asm dump reproduces those bytes but carries no identity."
?d_00651c70@@YAXXZ,0x00651C70,"gen-dump placeholder superseded by the real identity of these bytes: ?dup_00651c70@@YAXXZ, byte-verified from Code/GameEngine/Source/Common/Audio/GameAudio.cpp over the same 18-byte range. The Code/gen_asm/d_0063b470.asm dump reproduces those bytes but carries no identity."
?d_00651c90@@YAXXZ,0x00651C90,"gen-dump placeholder superseded by the real identity of these bytes: ?dup_00651c90@@YAXXZ, byte-verified from Code/GameEngine/Source/Common/Audio/GameAudio.cpp over the same 18-byte range. The Code/gen_asm/d_0063b470.asm dump reproduces those bytes but carries no identity."
?d_00651e30@@YAXXZ,0x00651E30,"gen-dump placeholder superseded by the real identity of these bytes: ?dup_00651e30@@YAXXZ, byte-verified from Code/GameEngine/Source/Common/Audio/GameAudio.cpp over the same 11-byte range. The Code/gen_asm/d_0063b470.asm dump reproduces those bytes but carries no identity."
?d_00651e40@@YAXXZ,0x00651E40,"gen-dump placeholder superseded by the real identity of these bytes: ?dup_00651e40@@YAXXZ, byte-verified from Code/GameEngine/Source/Common/Audio/GameAudio.cpp over the same 13-byte range. The Code/gen_asm/d_0063b470.asm dump reproduces those bytes but carries no identity."
?d_00651e60@@YAXXZ,0x00651E60,"gen-dump placeholder superseded by the real identity of these bytes: ?dup_00651e60@@YAXXZ, byte-verified from Code/GameEngine/Source/Common/Audio/GameAudio.cpp over the same 18-byte range. The Code/gen_asm/d_0063b470.asm dump reproduces those bytes but carries no identity."
?d_00651f00@@YAXXZ,0x00651F00,"gen-dump placeholder superseded by the real identity of these bytes: ?dup_00651f00@@YAXXZ, byte-verified from Code/GameEngine/Source/Common/Audio/GameAudio.cpp over the same 18-byte range. The Code/gen_asm/d_0063b470.asm dump reproduces those bytes but carries no identity."
?d_00651f20@@YAXXZ,0x00651F20,"gen-dump placeholder superseded by the real identity of these bytes: ?dup_00651f20@@YAXXZ, byte-verified from Code/GameEngine/Source/Common/Audio/GameAudio.cpp over the same 19-byte range. The Code/gen_asm/d_0063b470.asm dump reproduces those bytes but carries no identity."
?d_00652050@@YAXXZ,0x00652050,"gen-dump placeholder superseded by the real identity of these bytes: ?dup_00652050@@YAXXZ, byte-verified from Code/GameEngine/Source/Common/Audio/GameAudio.cpp over the same 22-byte range. The Code/gen_asm/d_0063b470.asm dump reproduces those bytes but carries no identity."
?d_006521f0@@YAXXZ,0x006521F0,"gen-dump placeholder superseded by the real identity of these bytes: ?dup_006521f0@@YAXXZ, byte-verified from Code/GameEngine/Source/Common/Audio/GameAudio.cpp over the same 7-byte range. The Code/gen_asm/d_0063b470.asm dump reproduces those bytes but carries no identity."
?d_00652200@@YAXXZ,0x00652200,"gen-dump placeholder superseded by the real identity of these bytes: ?dup_00652200@@YAXXZ, byte-verified from Code/GameEngine/Source/Common/Audio/GameAudio.cpp over the same 11-byte range. The Code/gen_asm/d_0063b470.asm dump reproduces those bytes but carries no identity."
?d_00652210@@YAXXZ,0x00652210,"gen-dump placeholder superseded by the real identity of these bytes: ?dup_00652210@@YAXXZ, byte-verified from Code/GameEngine/Source/Common/Audio/GameAudio.cpp over the same 7-byte range. The Code/gen_asm/d_0063b470.asm dump reproduces those bytes but carries no identity."
?d_00652240@@YAXXZ,0x00652240,"gen-dump placeholder superseded by the real identity of these bytes: ?dup_00652240@@YAXXZ, byte-verified from Code/GameEngine/Source/Common/Audio/GameAudio.cpp over the same 11-byte range. The Code/gen_asm/d_0063b470.asm dump reproduces those bytes but carries no identity."
?d_006523d0@@YAXXZ,0x006523D0,"gen-dump placeholder superseded by the real identity of these bytes: ?dup_006523d0@@YAXXZ, byte-verified from Code/GameEngine/Source/Common/Audio/GameAudio.cpp over the same 11-byte range. The Code/gen_asm/d_0063b470.asm dump reproduces those bytes but carries no identity."
?d_00652420@@YAXXZ,0x00652420,"gen-dump placeholder superseded by the real identity of these bytes: ?dup_00652420@@YAXXZ, byte-verified from Code/GameEngine/Source/Common/Audio/GameAudio.cpp over the same 11-byte range. The Code/gen_asm/d_0063b470.asm dump reproduces those bytes but carries no identity."
?d_006524e0@@YAXXZ,0x006524E0,"gen-dump placeholder superseded by the real identity of these bytes: ?dup_006524e0@@YAXXZ, byte-verified from Code/GameEngine/Source/Common/Audio/GameAudio.cpp over the same 11-byte range. The Code/gen_asm/d_0063b470.asm dump reproduces those bytes but carries no identity."
?d_006526f0@@YAXXZ,0x006526F0,"gen-dump placeholder superseded by the real identity of these bytes: ?dup_006526f0@@YAXXZ, byte-verified from Code/GameEngine/Source/Common/Audio/GameAudio.cpp over the same 22-byte range. The Code/gen_asm/d_0063b470.asm dump reproduces those bytes but carries no identity."
?d_00652b50@@YAXXZ,0x00652B50,"gen-dump placeholder superseded by the real identity of these bytes: ?dup_00652b50@@YAXXZ, byte-verified from Code/GameEngine/Source/Common/Audio/GameAudio.cpp over the same 11-byte range. The Code/gen_asm/d_0063b470.asm dump reproduces those bytes but carries no identity."
?d_00652b80@@YAXXZ,0x00652B80,"gen-dump placeholder superseded by the real identity of these bytes: ?dup_00652b80@@YAXXZ, byte-verified from Code/GameEngine/Source/Common/Audio/GameAudio.cpp over the same 11-byte range. The Code/gen_asm/d_0063b470.asm dump reproduces those bytes but carries no identity."
?d_0065e870@@YAXXZ,0x0065E870,"gen-dump placeholder superseded by the real identity of these bytes: ?dup_0065e870@@YAXXZ, byte-verified from Code/GameEngine/Source/Common/Audio/GameAudio.cpp over the same 18-byte range. The Code/gen_asm/d_0063b470.asm dump reproduces those bytes but carries no identity."
?d_0065e890@@YAXXZ,0x0065E890,"gen-dump placeholder superseded by the real identity of these bytes: ?dup_0065e890@@YAXXZ, byte-verified from Code/GameEngine/Source/Common/Audio/GameAudio.cpp over the same 18-byte range. The Code/gen_asm/d_0063b470.asm dump reproduces those bytes but carries no identity."
?d_0065e9d0@@YAXXZ,0x0065E9D0,"gen-dump placeholder superseded by the real identity of these bytes: ?dup_0065e9d0@@YAXXZ, byte-verified from Code/GameEngine/Source/Common/Audio/GameAudio.cpp over the same 22-byte range. The Code/gen_asm/d_0063b470.asm dump reproduces those bytes but carries no identity."
?d_0065e9f0@@YAXXZ,0x0065E9F0,"gen-dump placeholder superseded by the real identity of these bytes: ?dup_0065e9f0@@YAXXZ, byte-verified from Code/GameEngine/Source/Common/Audio/GameAudio.cpp over the same 22-byte range. The Code/gen_asm/d_0063b470.asm dump reproduces those bytes but carries no identity."
?d_00661dd0@@YAXXZ,0x00661DD0,"gen-dump placeholder superseded by the real identity of these bytes: ?dup_00661dd0@@YAXXZ, byte-verified from Code/GameEngine/Source/Common/Audio/GameAudio.cpp over the same 6-byte range. The Code/gen_asm/d_0063b470.asm dump reproduces those bytes but carries no identity."
?d_006622f0@@YAXXZ,0x006622F0,"gen-dump placeholder superseded by the real identity of these bytes: ?dup_006622f0@@YAXXZ, byte-verified from Code/GameEngine/Source/Common/Audio/GameAudio.cpp over the same 9-byte range. The Code/gen_asm/d_0063b470.asm dump reproduces those bytes but carries no identity."
?d_00662300@@YAXXZ,0x00662300,"gen-dump placeholder superseded by the real identity of these bytes: ?dup_00662300@@YAXXZ, byte-verified from Code/GameEngine/Source/Common/Audio/GameAudio.cpp over the same 11-byte range. The Code/gen_asm/d_0063b470.asm dump reproduces those bytes but carries no identity."
?d_00662410@@YAXXZ,0x00662410,"gen-dump placeholder superseded by the real identity of these bytes: ?dup_00662410@@YAXXZ, byte-verified from Code/GameEngine/Source/Common/Audio/GameAudio.cpp over the same 13-byte range. The Code/gen_asm/d_0063b470.asm dump reproduces those bytes but carries no identity."
?d_00663cc0@@YAXXZ,0x00663CC0,"gen-dump placeholder superseded by the real identity of these bytes: ?dup_00663cc0@@YAXXZ, byte-verified from Code/GameEngine/Source/Common/Audio/GameAudio.cpp over the same 13-byte range. The Code/gen_asm/d_0063b470.asm dump reproduces those bytes but carries no identity."
?d_00663ce0@@YAXXZ,0x00663CE0,"gen-dump placeholder superseded by the real identity of these bytes: ?dup_00663ce0@@YAXXZ, byte-verified from Code/GameEngine/Source/Common/Audio/GameAudio.cpp over the same 13-byte range. The Code/gen_asm/d_0063b470.asm dump reproduces those bytes but carries no identity."
?d_00663d20@@YAXXZ,0x00663D20,"gen-dump placeholder superseded by the real identity of these bytes: ?dup_00663d20@@YAXXZ, byte-verified from Code/GameEngine/Source/Common/Audio/GameAudio.cpp over the same 13-byte range. The Code/gen_asm/d_0063b470.asm dump reproduces those bytes but carries no identity."
?d_00663d80@@YAXXZ,0x00663D80,"gen-dump placeholder superseded by the real identity of these bytes: ?dup_00663d80@@YAXXZ, byte-verified from Code/GameEngine/Source/Common/Audio/GameAudio.cpp over the same 6-byte range. The Code/gen_asm/d_0063b470.asm dump reproduces those bytes but carries no identity."
?d_00663da0@@YAXXZ,0x00663DA0,"gen-dump placeholder superseded by the real identity of these bytes: ?dup_00663da0@@YAXXZ, byte-verified from Code/GameEngine/Source/Common/Audio/GameAudio.cpp over the same 7-byte range. The Code/gen_asm/d_0063b470.asm dump reproduces those bytes but carries no identity."
?d_00663dd0@@YAXXZ,0x00663DD0,"gen-dump placeholder superseded by the real identity of these bytes: ?dup_00663dd0@@YAXXZ, byte-verified from Code/GameEngine/Source/Common/Audio/GameAudio.cpp over the same 6-byte range. The Code/gen_asm/d_0063b470.asm dump reproduces those bytes but carries no identity."
?d_00663df0@@YAXXZ,0x00663DF0,"gen-dump placeholder superseded by the real identity of these bytes: ?dup_00663df0@@YAXXZ, byte-verified from Code/GameEngine/Source/Common/Audio/GameAudio.cpp over the same 7-byte range. The Code/gen_asm/d_0063b470.asm dump reproduces those bytes but carries no identity."
?d_00663e20@@YAXXZ,0x00663E20,"gen-dump placeholder superseded by the real identity of these bytes: ?dup_00663e20@@YAXXZ, byte-verified from Code/GameEngine/Source/Common/Audio/GameAudio.cpp over the same 6-byte range. The Code/gen_asm/d_0063b470.asm dump reproduces those bytes but carries no identity."
?d_00663e40@@YAXXZ,0x00663E40,"gen-dump placeholder superseded by the real identity of these bytes: ?dup_00663e40@@YAXXZ, byte-verified from Code/GameEngine/Source/Common/Audio/GameAudio.cpp over the same 7-byte range. The Code/gen_asm/d_0063b470.asm dump reproduces those bytes but carries no identity."
?d_00663e60@@YAXXZ,0x00663E60,"gen-dump placeholder superseded by the real identity of these bytes: ?dup_00663e60@@YAXXZ, byte-verified from Code/GameEngine/Source/Common/Audio/GameAudio.cpp over the same 11-byte range. The Code/gen_asm/d_0063b470.asm dump reproduces those bytes but carries no identity."
?d_00663ec0@@YAXXZ,0x00663EC0,"gen-dump placeholder superseded by the real identity of these bytes: ?dup_00663ec0@@YAXXZ, byte-verified from Code/GameEngine/Source/Common/Audio/GameAudio.cpp over the same 11-byte range. The Code/gen_asm/d_0063b470.asm dump reproduces those bytes but carries no identity."
?d_00663ed0@@YAXXZ,0x00663ED0,"gen-dump placeholder superseded by the real identity of these bytes: ?dup_00663ed0@@YAXXZ, byte-verified from Code/GameEngine/Source/Common/Audio/GameAudio.cpp over the same 11-byte range. The Code/gen_asm/d_0063b470.asm dump reproduces those bytes but carries no identity."
?d_00663fa0@@YAXXZ,0x00663FA0,"gen-dump placeholder superseded by the real identity of these bytes: ?dup_00663fa0@@YAXXZ, byte-verified from Code/GameEngine/Source/Common/Audio/GameAudio.cpp over the same 7-byte range. The Code/gen_asm/d_0063b470.asm dump reproduces those bytes but carries no identity."
?d_00663fb0@@YAXXZ,0x00663FB0,"gen-dump placeholder superseded by the real identity of these bytes: ?dup_00663fb0@@YAXXZ, byte-verified from Code/GameEngine/Source/Common/Audio/GameAudio.cpp over the same 7-byte range. The Code/gen_asm/d_0063b470.asm dump reproduces those bytes but carries no identity."
?d_00663fc0@@YAXXZ,0x00663FC0,"gen-dump placeholder superseded by the real identity of these bytes: ?dup_00663fc0@@YAXXZ, byte-verified from Code/GameEngine/Source/Common/Audio/GameAudio.cpp over the same 7-byte range. The Code/gen_asm/d_0063b470.asm dump reproduces those bytes but carries no identity."
?d_00664dc0@@YAXXZ,0x00664DC0,"gen-dump placeholder superseded by the real identity of these bytes: ?dup_00664dc0@@YAXXZ, byte-verified from Code/GameEngine/Source/Common/Audio/GameAudio.cpp over the same 7-byte range. The Code/gen_asm/d_0063b470.asm dump reproduces those bytes but carries no identity."
?d_00664df0@@YAXXZ,0x00664DF0,"gen-dump placeholder superseded by the real identity of these bytes: ?dup_00664df0@@YAXXZ, byte-verified from Code/GameEngine/Source/Common/Audio/GameAudio.cpp over the same 11-byte range. The Code/gen_asm/d_0063b470.asm dump reproduces those bytes but carries no identity."
?d_00664e00@@YAXXZ,0x00664E00,"gen-dump placeholder superseded by the real identity of these bytes: ?dup_00664e00@@YAXXZ, byte-verified from Code/GameEngine/Source/Common/Audio/GameAudio.cpp over the same 7-byte range. The Code/gen_asm/d_0063b470.asm dump reproduces those bytes but carries no identity."
?d_00664e10@@YAXXZ,0x00664E10,"gen-dump placeholder superseded by the real identity of these bytes: ?dup_00664e10@@YAXXZ, byte-verified from Code/GameEngine/Source/Common/Audio/GameAudio.cpp over the same 7-byte range. The Code/gen_asm/d_0063b470.asm dump reproduces those bytes but carries no identity."
?d_00664f40@@YAXXZ,0x00664F40,"gen-dump placeholder superseded by the real identity of these bytes: ?dup_00664f40@@YAXXZ, byte-verified from Code/GameEngine/Source/Common/Audio/GameAudio.cpp over the same 11-byte range. The Code/gen_asm/d_0063b470.asm dump reproduces those bytes but carries no identity."
?d_00664fb0@@YAXXZ,0x00664FB0,"gen-dump placeholder superseded by the real identity of these bytes: ?dup_00664fb0@@YAXXZ, byte-verified from Code/GameEngine/Source/Common/Audio/GameAudio.cpp over the same 11-byte range. The Code/gen_asm/d_0063b470.asm dump reproduces those bytes but carries no identity."
?d_00665000@@YAXXZ,0x00665000,"gen-dump placeholder superseded by the real identity of these bytes: ?dup_00665000@@YAXXZ, byte-verified from Code/GameEngine/Source/Common/Audio/GameAudio.cpp over the same 11-byte range. The Code/gen_asm/d_0063b470.asm dump reproduces those bytes but carries no identity."
?d_00665050@@YAXXZ,0x00665050,"gen-dump placeholder superseded by the real identity of these bytes: ?dup_00665050@@YAXXZ, byte-verified from Code/GameEngine/Source/Common/Audio/GameAudio.cpp over the same 11-byte range. The Code/gen_asm/d_0063b470.asm dump reproduces those bytes but carries no identity."
?d_006650a0@@YAXXZ,0x006650A0,"gen-dump placeholder superseded by the real identity of these bytes: ?dup_006650a0@@YAXXZ, byte-verified from Code/GameEngine/Source/Common/Audio/GameAudio.cpp over the same 11-byte range. The Code/gen_asm/d_0063b470.asm dump reproduces those bytes but carries no identity."
?d_00666c70@@YAXXZ,0x00666C70,"gen-dump placeholder superseded by the real identity of these bytes: ?dup_00666c70@@YAXXZ, byte-verified from Code/GameEngine/Source/Common/Audio/GameAudio.cpp over the same 11-byte range. The Code/gen_asm/d_0063b470.asm dump reproduces those bytes but carries no identity."
?d_00666d60@@YAXXZ,0x00666D60,"gen-dump placeholder superseded by the real identity of these bytes: ?dup_00666d60@@YAXXZ, byte-verified from Code/GameEngine/Source/Common/Audio/GameAudio.cpp over the same 11-byte range. The Code/gen_asm/d_0063b470.asm dump reproduces those bytes but carries no identity."
?d_00666dd0@@YAXXZ,0x00666DD0,"gen-dump placeholder superseded by the real identity of these bytes: ?dup_00666dd0@@YAXXZ, byte-verified from Code/GameEngine/Source/Common/Audio/GameAudio.cpp over the same 11-byte range. The Code/gen_asm/d_0063b470.asm dump reproduces those bytes but carries no identity."
?d_00679620@@YAXXZ,0x00679620,"gen-dump placeholder superseded by the real identity of these bytes: ?dup_00679620@@YAXXZ, byte-verified from Code/GameEngine/Source/Common/Audio/GameAudio.cpp over the same 17-byte range. The Code/gen_asm/d_006675c0.asm dump reproduces those bytes but carries no identity."
?d_00679640@@YAXXZ,0x00679640,"gen-dump placeholder superseded by the real identity of these bytes: ?dup_00679640@@YAXXZ, byte-verified from Code/GameEngine/Source/Common/Audio/GameAudio.cpp over the same 6-byte range. The Code/gen_asm/d_006675c0.asm dump reproduces those bytes but carries no identity."
?d_0067d1c0@@YAXXZ,0x0067D1C0,"gen-dump placeholder superseded by the real identity of these bytes: ?dup_0067d1c0@@YAXXZ, byte-verified from Code/GameEngine/Source/Common/Audio/GameAudio.cpp over the same 7-byte range. The Code/gen_asm/d_006675c0.asm dump reproduces those bytes but carries no identity."
?d_0067d1d0@@YAXXZ,0x0067D1D0,"gen-dump placeholder superseded by the real identity of these bytes: ?dup_0067d1d0@@YAXXZ, byte-verified from Code/GameEngine/Source/Common/Audio/GameAudio.cpp over the same 11-byte range. The Code/gen_asm/d_006675c0.asm dump reproduces those bytes but carries no identity."
?d_0067d220@@YAXXZ,0x0067D220,"gen-dump placeholder superseded by the real identity of these bytes: ?dup_0067d220@@YAXXZ, byte-verified from Code/GameEngine/Source/Common/Audio/GameAudio.cpp over the same 11-byte range. The Code/gen_asm/d_006675c0.asm dump reproduces those bytes but carries no identity."
?d_0067d230@@YAXXZ,0x0067D230,"gen-dump placeholder superseded by the real identity of these bytes: ?dup_0067d230@@YAXXZ, byte-verified from Code/GameEngine/Source/Common/Audio/GameAudio.cpp over the same 13-byte range. The Code/gen_asm/d_006675c0.asm dump reproduces those bytes but carries no identity."
?d_0067edb0@@YAXXZ,0x0067EDB0,"gen-dump placeholder superseded by the real identity of these bytes: ?dup_0067edb0@@YAXXZ, byte-verified from Code/GameEngine/Source/Common/Audio/GameAudio.cpp over the same 13-byte range. The Code/gen_asm/d_006675c0.asm dump reproduces those bytes but carries no identity."
?d_0068da50@@YAXXZ,0x0068DA50,"gen-dump placeholder superseded by the real identity of these bytes: ?dup_0068da50@@YAXXZ, byte-verified from Code/GameEngine/Source/Common/Audio/GameAudio.cpp over the same 13-byte range. The Code/gen_asm/d_00686110.asm dump reproduces those bytes but carries no identity."
?d_0068da80@@YAXXZ,0x0068DA80,"gen-dump placeholder superseded by the real identity of these bytes: ?dup_0068da80@@YAXXZ, byte-verified from Code/GameEngine/Source/Common/Audio/GameAudio.cpp over the same 6-byte range. The Code/gen_asm/d_00686110.asm dump reproduces those bytes but carries no identity."
?d_0068daa0@@YAXXZ,0x0068DAA0,"gen-dump placeholder superseded by the real identity of these bytes: ?dup_0068daa0@@YAXXZ, byte-verified from Code/GameEngine/Source/Common/Audio/GameAudio.cpp over the same 7-byte range. The Code/gen_asm/d_00686110.asm dump reproduces those bytes but carries no identity."
?d_0068dac0@@YAXXZ,0x0068DAC0,"gen-dump placeholder superseded by the real identity of these bytes: ?dup_0068dac0@@YAXXZ, byte-verified from Code/GameEngine/Source/Common/Audio/GameAudio.cpp over the same 11-byte range. The Code/gen_asm/d_00686110.asm dump reproduces those bytes but carries no identity."
?d_0068db20@@YAXXZ,0x0068DB20,"gen-dump placeholder superseded by the real identity of these bytes: ?dup_0068db20@@YAXXZ, byte-verified from Code/GameEngine/Source/Common/Audio/GameAudio.cpp over the same 7-byte range. The Code/gen_asm/d_00686110.asm dump reproduces those bytes but carries no identity."
?d_0068dc70@@YAXXZ,0x0068DC70,"gen-dump placeholder superseded by the real identity of these bytes: ?dup_0068dc70@@YAXXZ, byte-verified from Code/GameEngine/Source/Common/Audio/GameAudio.cpp over the same 7-byte range. The Code/gen_asm/d_00686110.asm dump reproduces those bytes but carries no identity."
?d_0068dc80@@YAXXZ,0x0068DC80,"gen-dump placeholder superseded by the real identity of these bytes: ?dup_0068dc80@@YAXXZ, byte-verified from Code/GameEngine/Source/Common/Audio/GameAudio.cpp over the same 11-byte range. The Code/gen_asm/d_00686110.asm dump reproduces those bytes but carries no identity."
?d_0068dd00@@YAXXZ,0x0068DD00,"gen-dump placeholder superseded by the real identity of these bytes: ?dup_0068dd00@@YAXXZ, byte-verified from Code/GameEngine/Source/Common/Audio/GameAudio.cpp over the same 11-byte range. The Code/gen_asm/d_00686110.asm dump reproduces those bytes but carries no identity."
?d_0068e6c0@@YAXXZ,0x0068E6C0,"gen-dump placeholder superseded by the real identity of these bytes: ?dup_0068e6c0@@YAXXZ, byte-verified from Code/GameEngine/Source/Common/Audio/GameAudio.cpp over the same 11-byte range. The Code/gen_asm/d_00686110.asm dump reproduces those bytes but carries no identity."
?d_006916e0@@YAXXZ,0x006916E0,"gen-dump placeholder superseded by the real identity of these bytes: ?dup_006916e0@@YAXXZ, byte-verified from Code/GameEngine/Source/Common/Audio/GameAudio.cpp over the same 19-byte range. The Code/gen_asm/d_00686110.asm dump reproduces those bytes but carries no identity."
?d_00691720@@YAXXZ,0x00691720,"gen-dump placeholder superseded by the real identity of these bytes: ?dup_00691720@@YAXXZ, byte-verified from Code/GameEngine/Source/Common/Audio/GameAudio.cpp over the same 6-byte range. The Code/gen_asm/d_00686110.asm dump reproduces those bytes but carries no identity."
?d_006917c0@@YAXXZ,0x006917C0,"gen-dump placeholder superseded by the real identity of these bytes: ?dup_006917c0@@YAXXZ, byte-verified from Code/GameEngine/Source/Common/Audio/GameAudio.cpp over the same 13-byte range. The Code/gen_asm/d_00686110.asm dump reproduces those bytes but carries no identity."
?d_006917f0@@YAXXZ,0x006917F0,"gen-dump placeholder superseded by the real identity of these bytes: ?dup_006917f0@@YAXXZ, byte-verified from Code/GameEngine/Source/Common/Audio/GameAudio.cpp over the same 19-byte range. The Code/gen_asm/d_00686110.asm dump reproduces those bytes but carries no identity."
?d_00691840@@YAXXZ,0x00691840,"gen-dump placeholder superseded by the real identity of these bytes: ?dup_00691840@@YAXXZ, byte-verified from Code/GameEngine/Source/Common/Audio/GameAudio.cpp over the same 6-byte range. The Code/gen_asm/d_00686110.asm dump reproduces those bytes but carries no identity."
?d_00691870@@YAXXZ,0x00691870,"gen-dump placeholder superseded by the real identity of these bytes: ?dup_00691870@@YAXXZ, byte-verified from Code/GameEngine/Source/Common/Audio/GameAudio.cpp over the same 11-byte range. The Code/gen_asm/d_00686110.asm dump reproduces those bytes but carries no identity."
?d_006918b0@@YAXXZ,0x006918B0,"gen-dump placeholder superseded by the real identity of these bytes: ?dup_006918b0@@YAXXZ, byte-verified from Code/GameEngine/Source/Common/Audio/GameAudio.cpp over the same 18-byte range. The Code/gen_asm/d_00686110.asm dump reproduces those bytes but carries no identity."
?d_00691930@@YAXXZ,0x00691930,"gen-dump placeholder superseded by the real identity of these bytes: ?dup_00691930@@YAXXZ, byte-verified from Code/GameEngine/Source/Common/Audio/GameAudio.cpp over the same 11-byte range. The Code/gen_asm/d_00686110.asm dump reproduces those bytes but carries no identity."
?d_00691970@@YAXXZ,0x00691970,"gen-dump placeholder superseded by the real identity of these bytes: ?dup_00691970@@YAXXZ, byte-verified from Code/GameEngine/Source/Common/Audio/GameAudio.cpp over the same 7-byte range. The Code/gen_asm/d_00686110.asm dump reproduces those bytes but carries no identity."
?d_00691980@@YAXXZ,0x00691980,"gen-dump placeholder superseded by the real identity of these bytes: ?dup_00691980@@YAXXZ, byte-verified from Code/GameEngine/Source/Common/Audio/GameAudio.cpp over the same 22-byte range. The Code/gen_asm/d_00686110.asm dump reproduces those bytes but carries no identity."
?d_006919b0@@YAXXZ,0x006919B0,"gen-dump placeholder superseded by the real identity of these bytes: ?dup_006919b0@@YAXXZ, byte-verified from Code/GameEngine/Source/Common/Audio/GameAudio.cpp over the same 18-byte range. The Code/gen_asm/d_00686110.asm dump reproduces those bytes but carries no identity."
?d_00691a20@@YAXXZ,0x00691A20,"gen-dump placeholder superseded by the real identity of these bytes: ?dup_00691a20@@YAXXZ, byte-verified from Code/GameEngine/Source/Common/Audio/GameAudio.cpp over the same 7-byte range. The Code/gen_asm/d_00686110.asm dump reproduces those bytes but carries no identity."
?d_00691b70@@YAXXZ,0x00691B70,"gen-dump placeholder superseded by the real identity of these bytes: ?dup_00691b70@@YAXXZ, byte-verified from Code/GameEngine/Source/Common/Audio/GameAudio.cpp over the same 13-byte range. The Code/gen_asm/d_00686110.asm dump reproduces those bytes but carries no identity."
?d_00691c10@@YAXXZ,0x00691C10,"gen-dump placeholder superseded by the real identity of these bytes: ?dup_00691c10@@YAXXZ, byte-verified from Code/GameEngine/Source/Common/Audio/GameAudio.cpp over the same 11-byte range. The Code/gen_asm/d_00686110.asm dump reproduces those bytes but carries no identity."
?d_00691c40@@YAXXZ,0x00691C40,"gen-dump placeholder superseded by the real identity of these bytes: ?dup_00691c40@@YAXXZ, byte-verified from Code/GameEngine/Source/Common/Audio/GameAudio.cpp over the same 11-byte range. The Code/gen_asm/d_00686110.asm dump reproduces those bytes but carries no identity."
?d_00691c50@@YAXXZ,0x00691C50,"gen-dump placeholder superseded by the real identity of these bytes: ?dup_00691c50@@YAXXZ, byte-verified from Code/GameEngine/Source/Common/Audio/GameAudio.cpp over the same 11-byte range. The Code/gen_asm/d_00686110.asm dump reproduces those bytes but carries no identity."
?d_00691d00@@YAXXZ,0x00691D00,"gen-dump placeholder superseded by the real identity of these bytes: ?dup_00691d00@@YAXXZ, byte-verified from Code/GameEngine/Source/Common/Audio/GameAudio.cpp over the same 18-byte range. The Code/gen_asm/d_00686110.asm dump reproduces those bytes but carries no identity."
?d_00691d40@@YAXXZ,0x00691D40,"gen-dump placeholder superseded by the real identity of these bytes: ?dup_00691d40@@YAXXZ, byte-verified from Code/GameEngine/Source/Common/Audio/GameAudio.cpp over the same 11-byte range. The Code/gen_asm/d_00686110.asm dump reproduces those bytes but carries no identity."
?d_00691d50@@YAXXZ,0x00691D50,"gen-dump placeholder superseded by the real identity of these bytes: ?dup_00691d50@@YAXXZ, byte-verified from Code/GameEngine/Source/Common/Audio/GameAudio.cpp over the same 11-byte range. The Code/gen_asm/d_00686110.asm dump reproduces those bytes but carries no identity."
?d_00691df0@@YAXXZ,0x00691DF0,"gen-dump placeholder superseded by the real identity of these bytes: ?dup_00691df0@@YAXXZ, byte-verified from Code/GameEngine/Source/Common/Audio/GameAudio.cpp over the same 17-byte range. The Code/gen_asm/d_00686110.asm dump reproduces those bytes but carries no identity."
?d_00691f60@@YAXXZ,0x00691F60,"gen-dump placeholder superseded by the real identity of these bytes: ?dup_00691f60@@YAXXZ, byte-verified from Code/GameEngine/Source/Common/Audio/GameAudio.cpp over the same 13-byte range. The Code/gen_asm/d_00686110.asm dump reproduces those bytes but carries no identity."
?d_00692010@@YAXXZ,0x00692010,"gen-dump placeholder superseded by the real identity of these bytes: ?dup_00692010@@YAXXZ, byte-verified from Code/GameEngine/Source/Common/Audio/GameAudio.cpp over the same 16-byte range. The Code/gen_asm/d_00686110.asm dump reproduces those bytes but carries no identity."
?d_00692280@@YAXXZ,0x00692280,"gen-dump placeholder superseded by the real identity of these bytes: ?dup_00692280@@YAXXZ, byte-verified from Code/GameEngine/Source/Common/Audio/GameAudio.cpp over the same 16-byte range. The Code/gen_asm/d_00686110.asm dump reproduces those bytes but carries no identity."
?d_006922e0@@YAXXZ,0x006922E0,"gen-dump placeholder superseded by the real identity of these bytes: ?dup_006922e0@@YAXXZ, byte-verified from Code/GameEngine/Source/Common/Audio/GameAudio.cpp over the same 78-byte range. The Code/gen_asm/d_00686110.asm dump reproduces those bytes but carries no identity."
?d_00695f20@@YAXXZ,0x00695F20,"gen-dump placeholder superseded by the real identity of these bytes: ?dup_00695f20@@YAXXZ, byte-verified from Code/GameEngine/Source/Common/Audio/GameAudio.cpp over the same 18-byte range. The Code/gen_asm/d_00686110.asm dump reproduces those bytes but carries no identity."
?d_006965c0@@YAXXZ,0x006965C0,"gen-dump placeholder superseded by the real identity of these bytes: ?dup_006965c0@@YAXXZ, byte-verified from Code/GameEngine/Source/Common/Audio/GameAudio.cpp over the same 13-byte range. The Code/gen_asm/d_00686110.asm dump reproduces those bytes but carries no identity."
?d_006965e0@@YAXXZ,0x006965E0,"gen-dump placeholder superseded by the real identity of these bytes: ?dup_006965e0@@YAXXZ, byte-verified from Code/GameEngine/Source/Common/Audio/GameAudio.cpp over the same 9-byte range. The Code/gen_asm/d_00686110.asm dump reproduces those bytes but carries no identity."
?d_00696aa0@@YAXXZ,0x00696AA0,"gen-dump placeholder superseded by the real identity of these bytes: ?dup_00696aa0@@YAXXZ, byte-verified from Code/GameEngine/Source/Common/Audio/GameAudio.cpp over the same 19-byte range. The Code/gen_asm/d_00686110.asm dump reproduces those bytes but carries no identity."
?d_00696ad0@@YAXXZ,0x00696AD0,"gen-dump placeholder superseded by the real identity of these bytes: ?dup_00696ad0@@YAXXZ, byte-verified from Code/GameEngine/Source/Common/Audio/GameAudio.cpp over the same 13-byte range. The Code/gen_asm/d_00686110.asm dump reproduces those bytes but carries no identity."
?d_00696af0@@YAXXZ,0x00696AF0,"gen-dump placeholder superseded by the real identity of these bytes: ?dup_00696af0@@YAXXZ, byte-verified from Code/GameEngine/Source/Common/Audio/GameAudio.cpp over the same 9-byte range. The Code/gen_asm/d_00686110.asm dump reproduces those bytes but carries no identity."
?d_00696b30@@YAXXZ,0x00696B30,"gen-dump placeholder superseded by the real identity of these bytes: ?dup_00696b30@@YAXXZ, byte-verified from Code/GameEngine/Source/Common/Audio/GameAudio.cpp over the same 11-byte range. The Code/gen_asm/d_00686110.asm dump reproduces those bytes but carries no identity."
?d_00696b70@@YAXXZ,0x00696B70,"gen-dump placeholder superseded by the real identity of these bytes: ?dup_00696b70@@YAXXZ, byte-verified from Code/GameEngine/Source/Common/Audio/GameAudio.cpp over the same 13-byte range. The Code/gen_asm/d_00686110.asm dump reproduces those bytes but carries no identity."
?d_00696b90@@YAXXZ,0x00696B90,"gen-dump placeholder superseded by the real identity of these bytes: ?dup_00696b90@@YAXXZ, byte-verified from Code/GameEngine/Source/Common/Audio/GameAudio.cpp over the same 9-byte range. The Code/gen_asm/d_00686110.asm dump reproduces those bytes but carries no identity."
?d_00696bd0@@YAXXZ,0x00696BD0,"gen-dump placeholder superseded by the real identity of these bytes: ?dup_00696bd0@@YAXXZ, byte-verified from Code/GameEngine/Source/Common/Audio/GameAudio.cpp over the same 19-byte range. The Code/gen_asm/d_00686110.asm dump reproduces those bytes but carries no identity."
?d_00696c00@@YAXXZ,0x00696C00,"gen-dump placeholder superseded by the real identity of these bytes: ?dup_00696c00@@YAXXZ, byte-verified from Code/GameEngine/Source/Common/Audio/GameAudio.cpp over the same 13-byte range. The Code/gen_asm/d_00686110.asm dump reproduces those bytes but carries no identity."
?d_00696c20@@YAXXZ,0x00696C20,"gen-dump placeholder superseded by the real identity of these bytes: ?dup_00696c20@@YAXXZ, byte-verified from Code/GameEngine/Source/Common/Audio/GameAudio.cpp over the same 9-byte range. The Code/gen_asm/d_00686110.asm dump reproduces those bytes but carries no identity."
?d_00696c30@@YAXXZ,0x00696C30,"gen-dump placeholder superseded by the real identity of these bytes: ?dup_00696c30@@YAXXZ, byte-verified from Code/GameEngine/Source/Common/Audio/GameAudio.cpp over the same 19-byte range. The Code/gen_asm/d_00686110.asm dump reproduces those bytes but carries no identity."
?d_00696c60@@YAXXZ,0x00696C60,"gen-dump placeholder superseded by the real identity of these bytes: ?dup_00696c60@@YAXXZ, byte-verified from Code/GameEngine/Source/Common/Audio/GameAudio.cpp over the same 13-byte range. The Code/gen_asm/d_00686110.asm dump reproduces those bytes but carries no identity."
?d_00696c90@@YAXXZ,0x00696C90,"gen-dump placeholder superseded by the real identity of these bytes: ?dup_00696c90@@YAXXZ, byte-verified from Code/GameEngine/Source/Common/Audio/GameAudio.cpp over the same 13-byte range. The Code/gen_asm/d_00686110.asm dump reproduces those bytes but carries no identity."
?d_00696cd0@@YAXXZ,0x00696CD0,"gen-dump placeholder superseded by the real identity of these bytes: ?dup_00696cd0@@YAXXZ, byte-verified from Code/GameEngine/Source/Common/Audio/GameAudio.cpp over the same 6-byte range. The Code/gen_asm/d_00686110.asm dump reproduces those bytes but carries no identity."
?d_00696ce0@@YAXXZ,0x00696CE0,"gen-dump placeholder superseded by the real identity of these bytes: ?dup_00696ce0@@YAXXZ, byte-verified from Code/GameEngine/Source/Common/Audio/GameAudio.cpp over the same 9-byte range. The Code/gen_asm/d_00686110.asm dump reproduces those bytes but carries no identity."
?d_00696de0@@YAXXZ,0x00696DE0,"gen-dump placeholder superseded by the real identity of these bytes: ?dup_00696de0@@YAXXZ, byte-verified from Code/GameEngine/Source/Common/Audio/GameAudio.cpp over the same 11-byte range. The Code/gen_asm/d_00686110.asm dump reproduces those bytes but carries no identity."
?d_00697030@@YAXXZ,0x00697030,"gen-dump placeholder superseded by the real identity of these bytes: ?dup_00697030@@YAXXZ, byte-verified from Code/GameEngine/Source/Common/Audio/GameAudio.cpp over the same 11-byte range. The Code/gen_asm/d_00686110.asm dump reproduces those bytes but carries no identity."
?d_00697050@@YAXXZ,0x00697050,"gen-dump placeholder superseded by the real identity of these bytes: ?dup_00697050@@YAXXZ, byte-verified from Code/GameEngine/Source/Common/Audio/GameAudio.cpp over the same 11-byte range. The Code/gen_asm/d_00686110.asm dump reproduces those bytes but carries no identity."
?d_00697060@@YAXXZ,0x00697060,"gen-dump placeholder superseded by the real identity of these bytes: ?dup_00697060@@YAXXZ, byte-verified from Code/GameEngine/Source/Common/Audio/GameAudio.cpp over the same 11-byte range. The Code/gen_asm/d_00686110.asm dump reproduces those bytes but carries no identity."
?d_00697090@@YAXXZ,0x00697090,"gen-dump placeholder superseded by the real identity of these bytes: ?dup_00697090@@YAXXZ, byte-verified from Code/GameEngine/Source/Common/Audio/GameAudio.cpp over the same 11-byte range. The Code/gen_asm/d_00686110.asm dump reproduces those bytes but carries no identity."
?d_006970b0@@YAXXZ,0x006970B0,"gen-dump placeholder superseded by the real identity of these bytes: ?dup_006970b0@@YAXXZ, byte-verified from Code/GameEngine/Source/Common/Audio/GameAudio.cpp over the same 11-byte range. The Code/gen_asm/d_00686110.asm dump reproduces those bytes but carries no identity."
?d_006970c0@@YAXXZ,0x006970C0,"gen-dump placeholder superseded by the real identity of these bytes: ?dup_006970c0@@YAXXZ, byte-verified from Code/GameEngine/Source/Common/Audio/GameAudio.cpp over the same 11-byte range. The Code/gen_asm/d_00686110.asm dump reproduces those bytes but carries no identity."
?d_00697100@@YAXXZ,0x00697100,"gen-dump placeholder superseded by the real identity of these bytes: ?dup_00697100@@YAXXZ, byte-verified from Code/GameEngine/Source/Common/Audio/GameAudio.cpp over the same 11-byte range. The Code/gen_asm/d_00686110.asm dump reproduces those bytes but carries no identity."
?d_00697150@@YAXXZ,0x00697150,"gen-dump placeholder superseded by the real identity of these bytes: ?dup_00697150@@YAXXZ, byte-verified from Code/GameEngine/Source/Common/Audio/GameAudio.cpp over the same 19-byte range. The Code/gen_asm/d_00686110.asm dump reproduces those bytes but carries no identity."
?d_00697170@@YAXXZ,0x00697170,"gen-dump placeholder superseded by the real identity of these bytes: ?dup_00697170@@YAXXZ, byte-verified from Code/GameEngine/Source/Common/Audio/GameAudio.cpp over the same 19-byte range. The Code/gen_asm/d_00686110.asm dump reproduces those bytes but carries no identity."
?d_00697190@@YAXXZ,0x00697190,"gen-dump placeholder superseded by the real identity of these bytes: ?dup_00697190@@YAXXZ, byte-verified from Code/GameEngine/Source/Common/Audio/GameAudio.cpp over the same 19-byte range. The Code/gen_asm/d_00686110.asm dump reproduces those bytes but carries no identity."
?d_00697270@@YAXXZ,0x00697270,"gen-dump placeholder superseded by the real identity of these bytes: ?dup_00697270@@YAXXZ, byte-verified from Code/GameEngine/Source/Common/Audio/GameAudio.cpp over the same 23-byte range. The Code/gen_asm/d_00686110.asm dump reproduces those bytes but carries no identity."
?d_00697370@@YAXXZ,0x00697370,"gen-dump placeholder superseded by the real identity of these bytes: ?dup_00697370@@YAXXZ, byte-verified from Code/GameEngine/Source/Common/Audio/GameAudio.cpp over the same 23-byte range. The Code/gen_asm/d_00686110.asm dump reproduces those bytes but carries no identity."
?d_00697440@@YAXXZ,0x00697440,"gen-dump placeholder superseded by the real identity of these bytes: ?dup_00697440@@YAXXZ, byte-verified from Code/GameEngine/Source/Common/Audio/GameAudio.cpp over the same 23-byte range. The Code/gen_asm/d_00686110.asm dump reproduces those bytes but carries no identity."
?d_00697630@@YAXXZ,0x00697630,"gen-dump placeholder superseded by the real identity of these bytes: ?dup_00697630@@YAXXZ, byte-verified from Code/GameEngine/Source/Common/Audio/GameAudio.cpp over the same 23-byte range. The Code/gen_asm/d_00686110.asm dump reproduces those bytes but carries no identity."
?d_006976d0@@YAXXZ,0x006976D0,"gen-dump placeholder superseded by the real identity of these bytes: ?dup_006976d0@@YAXXZ, byte-verified from Code/GameEngine/Source/Common/Audio/GameAudio.cpp over the same 23-byte range. The Code/gen_asm/d_00686110.asm dump reproduces those bytes but carries no identity."
?d_00697780@@YAXXZ,0x00697780,"gen-dump placeholder superseded by the real identity of these bytes: ?dup_00697780@@YAXXZ, byte-verified from Code/GameEngine/Source/Common/Audio/GameAudio.cpp over the same 6-byte range. The Code/gen_asm/d_00686110.asm dump reproduces those bytes but carries no identity."
?d_006977f0@@YAXXZ,0x006977F0,"gen-dump placeholder superseded by the real identity of these bytes: ?dup_006977f0@@YAXXZ, byte-verified from Code/GameEngine/Source/Common/Audio/GameAudio.cpp over the same 11-byte range. The Code/gen_asm/d_00686110.asm dump reproduces those bytes but carries no identity."
?d_00697820@@YAXXZ,0x00697820,"gen-dump placeholder superseded by the real identity of these bytes: ?dup_00697820@@YAXXZ, byte-verified from Code/GameEngine/Source/Common/Audio/GameAudio.cpp over the same 23-byte range. The Code/gen_asm/d_00686110.asm dump reproduces those bytes but carries no identity."
?d_006978e0@@YAXXZ,0x006978E0,"gen-dump placeholder superseded by the real identity of these bytes: ?dup_006978e0@@YAXXZ, byte-verified from Code/GameEngine/Source/Common/Audio/GameAudio.cpp over the same 11-byte range. The Code/gen_asm/d_00686110.asm dump reproduces those bytes but carries no identity."
?d_006978f0@@YAXXZ,0x006978F0,"gen-dump placeholder superseded by the real identity of these bytes: ?dup_006978f0@@YAXXZ, byte-verified from Code/GameEngine/Source/Common/Audio/GameAudio.cpp over the same 11-byte range. The Code/gen_asm/d_00686110.asm dump reproduces those bytes but carries no identity."
?d_00697b30@@YAXXZ,0x00697B30,"gen-dump placeholder superseded by the real identity of these bytes: ?dup_00697b30@@YAXXZ, byte-verified from Code/GameEngine/Source/Common/Audio/GameAudio.cpp over the same 18-byte range. The Code/gen_asm/d_00686110.asm dump reproduces those bytes but carries no identity."
?d_00697b80@@YAXXZ,0x00697B80,"gen-dump placeholder superseded by the real identity of these bytes: ?dup_00697b80@@YAXXZ, byte-verified from Code/GameEngine/Source/Common/Audio/GameAudio.cpp over the same 18-byte range. The Code/gen_asm/d_00686110.asm dump reproduces those bytes but carries no identity."
?d_00697bb0@@YAXXZ,0x00697BB0,"gen-dump placeholder superseded by the real identity of these bytes: ?dup_00697bb0@@YAXXZ, byte-verified from Code/GameEngine/Source/Common/Audio/GameAudio.cpp over the same 18-byte range. The Code/gen_asm/d_00686110.asm dump reproduces those bytes but carries no identity."
?d_00697bd0@@YAXXZ,0x00697BD0,"gen-dump placeholder superseded by the real identity of these bytes: ?dup_00697bd0@@YAXXZ, byte-verified from Code/GameEngine/Source/Common/Audio/GameAudio.cpp over the same 18-byte range. The Code/gen_asm/d_00686110.asm dump reproduces those bytes but carries no identity."
?d_00697bf0@@YAXXZ,0x00697BF0,"gen-dump placeholder superseded by the real identity of these bytes: ?dup_00697bf0@@YAXXZ, byte-verified from Code/GameEngine/Source/Common/Audio/GameAudio.cpp over the same 18-byte range. The Code/gen_asm/d_00686110.asm dump reproduces those bytes but carries no identity."
?d_00697c10@@YAXXZ,0x00697C10,"gen-dump placeholder superseded by the real identity of these bytes: ?dup_00697c10@@YAXXZ, byte-verified from Code/GameEngine/Source/Common/Audio/GameAudio.cpp over the same 18-byte range. The Code/gen_asm/d_00686110.asm dump reproduces those bytes but carries no identity."
?d_00697cb0@@YAXXZ,0x00697CB0,"gen-dump placeholder superseded by the real identity of these bytes: ?dup_00697cb0@@YAXXZ, byte-verified from Code/GameEngine/Source/Common/Audio/GameAudio.cpp over the same 18-byte range. The Code/gen_asm/d_00686110.asm dump reproduces those bytes but carries no identity."
?d_00697cd0@@YAXXZ,0x00697CD0,"gen-dump placeholder superseded by the real identity of these bytes: ?dup_00697cd0@@YAXXZ, byte-verified from Code/GameEngine/Source/Common/Audio/GameAudio.cpp over the same 22-byte range. The Code/gen_asm/d_00686110.asm dump reproduces those bytes but carries no identity."
?d_00697cf0@@YAXXZ,0x00697CF0,"gen-dump placeholder superseded by the real identity of these bytes: ?dup_00697cf0@@YAXXZ, byte-verified from Code/GameEngine/Source/Common/Audio/GameAudio.cpp over the same 18-byte range. The Code/gen_asm/d_00686110.asm dump reproduces those bytes but carries no identity."
?d_00697d10@@YAXXZ,0x00697D10,"gen-dump placeholder superseded by the real identity of these bytes: ?dup_00697d10@@YAXXZ, byte-verified from Code/GameEngine/Source/Common/Audio/GameAudio.cpp over the same 18-byte range. The Code/gen_asm/d_00686110.asm dump reproduces those bytes but carries no identity."
?d_00697d50@@YAXXZ,0x00697D50,"gen-dump placeholder superseded by the real identity of these bytes: ?dup_00697d50@@YAXXZ, byte-verified from Code/GameEngine/Source/Common/Audio/GameAudio.cpp over the same 22-byte range. The Code/gen_asm/d_00686110.asm dump reproduces those bytes but carries no identity."
?d_00697d70@@YAXXZ,0x00697D70,"gen-dump placeholder superseded by the real identity of these bytes: ?dup_00697d70@@YAXXZ, byte-verified from Code/GameEngine/Source/Common/Audio/GameAudio.cpp over the same 18-byte range. The Code/gen_asm/d_00686110.asm dump reproduces those bytes but carries no identity."
?d_00697d90@@YAXXZ,0x00697D90,"gen-dump placeholder superseded by the real identity of these bytes: ?dup_00697d90@@YAXXZ, byte-verified from Code/GameEngine/Source/Common/Audio/GameAudio.cpp over the same 18-byte range. The Code/gen_asm/d_00686110.asm dump reproduces those bytes but carries no identity."
?d_00697db0@@YAXXZ,0x00697DB0,"gen-dump placeholder superseded by the real identity of these bytes: ?dup_00697db0@@YAXXZ, byte-verified from Code/GameEngine/Source/Common/Audio/GameAudio.cpp over the same 22-byte range. The Code/gen_asm/d_00686110.asm dump reproduces those bytes but carries no identity."
?d_00697dd0@@YAXXZ,0x00697DD0,"gen-dump placeholder superseded by the real identity of these bytes: ?dup_00697dd0@@YAXXZ, byte-verified from Code/GameEngine/Source/Common/Audio/GameAudio.cpp over the same 22-byte range. The Code/gen_asm/d_00686110.asm dump reproduces those bytes but carries no identity."
?d_00697df0@@YAXXZ,0x00697DF0,"gen-dump placeholder superseded by the real identity of these bytes: ?dup_00697df0@@YAXXZ, byte-verified from Code/GameEngine/Source/Common/Audio/GameAudio.cpp over the same 22-byte range. The Code/gen_asm/d_00686110.asm dump reproduces those bytes but carries no identity."
?d_00697e10@@YAXXZ,0x00697E10,"gen-dump placeholder superseded by the real identity of these bytes: ?dup_00697e10@@YAXXZ, byte-verified from Code/GameEngine/Source/Common/Audio/GameAudio.cpp over the same 18-byte range. The Code/gen_asm/d_00686110.asm dump reproduces those bytes but carries no identity."
?d_00697e30@@YAXXZ,0x00697E30,"gen-dump placeholder superseded by the real identity of these bytes: ?dup_00697e30@@YAXXZ, byte-verified from Code/GameEngine/Source/Common/Audio/GameAudio.cpp over the same 22-byte range. The Code/gen_asm/d_00686110.asm dump reproduces those bytes but carries no identity."
?d_00697e50@@YAXXZ,0x00697E50,"gen-dump placeholder superseded by the real identity of these bytes: ?dup_00697e50@@YAXXZ, byte-verified from Code/GameEngine/Source/Common/Audio/GameAudio.cpp over the same 18-byte range. The Code/gen_asm/d_00686110.asm dump reproduces those bytes but carries no identity."
?d_00697e70@@YAXXZ,0x00697E70,"gen-dump placeholder superseded by the real identity of these bytes: ?dup_00697e70@@YAXXZ, byte-verified from Code/GameEngine/Source/Common/Audio/GameAudio.cpp over the same 18-byte range. The Code/gen_asm/d_00686110.asm dump reproduces those bytes but carries no identity."
?d_00697f30@@YAXXZ,0x00697F30,"gen-dump placeholder superseded by the real identity of these bytes: ?dup_00697f30@@YAXXZ, byte-verified from Code/GameEngine/Source/Common/Audio/GameAudio.cpp over the same 17-byte range. The Code/gen_asm/d_00686110.asm dump reproduces those bytes but carries no identity."
?d_00698000@@YAXXZ,0x00698000,"gen-dump placeholder superseded by the real identity of these bytes: ?dup_00698000@@YAXXZ, byte-verified from Code/GameEngine/Source/Common/Audio/GameAudio.cpp over the same 18-byte range. The Code/gen_asm/d_00686110.asm dump reproduces those bytes but carries no identity."
?d_00698190@@YAXXZ,0x00698190,"gen-dump placeholder superseded by the real identity of these bytes: ?dup_00698190@@YAXXZ, byte-verified from Code/GameEngine/Source/Common/Audio/GameAudio.cpp over the same 29-byte range. The Code/gen_asm/d_00686110.asm dump reproduces those bytes but carries no identity."
?d_006981c0@@YAXXZ,0x006981C0,"gen-dump placeholder superseded by the real identity of these bytes: ?dup_006981c0@@YAXXZ, byte-verified from Code/GameEngine/Source/Common/Audio/GameAudio.cpp over the same 17-byte range. The Code/gen_asm/d_00686110.asm dump reproduces those bytes but carries no identity."
?d_006981e0@@YAXXZ,0x006981E0,"gen-dump placeholder superseded by the real identity of these bytes: ?dup_006981e0@@YAXXZ, byte-verified from Code/GameEngine/Source/Common/Audio/GameAudio.cpp over the same 17-byte range. The Code/gen_asm/d_00686110.asm dump reproduces those bytes but carries no identity."
?d_00698200@@YAXXZ,0x00698200,"gen-dump placeholder superseded by the real identity of these bytes: ?dup_00698200@@YAXXZ, byte-verified from Code/GameEngine/Source/Common/Audio/GameAudio.cpp over the same 17-byte range. The Code/gen_asm/d_00686110.asm dump reproduces those bytes but carries no identity."
?d_00698220@@YAXXZ,0x00698220,"gen-dump placeholder superseded by the real identity of these bytes: ?dup_00698220@@YAXXZ, byte-verified from Code/GameEngine/Source/Common/Audio/GameAudio.cpp over the same 17-byte range. The Code/gen_asm/d_00686110.asm dump reproduces those bytes but carries no identity."
?d_00698310@@YAXXZ,0x00698310,"gen-dump placeholder superseded by the real identity of these bytes: ?dup_00698310@@YAXXZ, byte-verified from Code/GameEngine/Source/Common/Audio/GameAudio.cpp over the same 10-byte range. The Code/gen_asm/d_00686110.asm dump reproduces those bytes but carries no identity."
?d_00698320@@YAXXZ,0x00698320,"gen-dump placeholder superseded by the real identity of these bytes: ?dup_00698320@@YAXXZ, byte-verified from Code/GameEngine/Source/Common/Audio/GameAudio.cpp over the same 7-byte range. The Code/gen_asm/d_00686110.asm dump reproduces those bytes but carries no identity."
?d_00698330@@YAXXZ,0x00698330,"gen-dump placeholder superseded by the real identity of these bytes: ?dup_00698330@@YAXXZ, byte-verified from Code/GameEngine/Source/Common/Audio/GameAudio.cpp over the same 10-byte range. The Code/gen_asm/d_00686110.asm dump reproduces those bytes but carries no identity."
?d_00698340@@YAXXZ,0x00698340,"gen-dump placeholder superseded by the real identity of these bytes: ?dup_00698340@@YAXXZ, byte-verified from Code/GameEngine/Source/Common/Audio/GameAudio.cpp over the same 7-byte range. The Code/gen_asm/d_00686110.asm dump reproduces those bytes but carries no identity."
?d_006983d0@@YAXXZ,0x006983D0,"gen-dump placeholder superseded by the real identity of these bytes: ?dup_006983d0@@YAXXZ, byte-verified from Code/GameEngine/Source/Common/Audio/GameAudio.cpp over the same 7-byte range. The Code/gen_asm/d_00686110.asm dump reproduces those bytes but carries no identity."
?d_006984c0@@YAXXZ,0x006984C0,"gen-dump placeholder superseded by the real identity of these bytes: ?dup_006984c0@@YAXXZ, byte-verified from Code/GameEngine/Source/Common/Audio/GameAudio.cpp over the same 7-byte range. The Code/gen_asm/d_00686110.asm dump reproduces those bytes but carries no identity."
?d_006984f0@@YAXXZ,0x006984F0,"gen-dump placeholder superseded by the real identity of these bytes: ?dup_006984f0@@YAXXZ, byte-verified from Code/GameEngine/Source/Common/Audio/GameAudio.cpp over the same 7-byte range. The Code/gen_asm/d_00686110.asm dump reproduces those bytes but carries no identity."
?d_00698520@@YAXXZ,0x00698520,"gen-dump placeholder superseded by the real identity of these bytes: ?dup_00698520@@YAXXZ, byte-verified from Code/GameEngine/Source/Common/Audio/GameAudio.cpp over the same 7-byte range. The Code/gen_asm/d_00686110.asm dump reproduces those bytes but carries no identity."
?d_00698530@@YAXXZ,0x00698530,"gen-dump placeholder superseded by the real identity of these bytes: ?dup_00698530@@YAXXZ, byte-verified from Code/GameEngine/Source/Common/Audio/GameAudio.cpp over the same 19-byte range. The Code/gen_asm/d_00686110.asm dump reproduces those bytes but carries no identity."
?d_00698570@@YAXXZ,0x00698570,"gen-dump placeholder superseded by the real identity of these bytes: ?dup_00698570@@YAXXZ, byte-verified from Code/GameEngine/Source/Common/Audio/GameAudio.cpp over the same 18-byte range. The Code/gen_asm/d_00686110.asm dump reproduces those bytes but carries no identity."
?d_00698590@@YAXXZ,0x00698590,"gen-dump placeholder superseded by the real identity of these bytes: ?dup_00698590@@YAXXZ, byte-verified from Code/GameEngine/Source/Common/Audio/GameAudio.cpp over the same 11-byte range. The Code/gen_asm/d_00686110.asm dump reproduces those bytes but carries no identity."
?d_006985c0@@YAXXZ,0x006985C0,"gen-dump placeholder superseded by the real identity of these bytes: ?dup_006985c0@@YAXXZ, byte-verified from Code/GameEngine/Source/Common/Audio/GameAudio.cpp over the same 9-byte range. The Code/gen_asm/d_00686110.asm dump reproduces those bytes but carries no identity."
?d_00698690@@YAXXZ,0x00698690,"gen-dump placeholder superseded by the real identity of these bytes: ?dup_00698690@@YAXXZ, byte-verified from Code/GameEngine/Source/Common/Audio/GameAudio.cpp over the same 7-byte range. The Code/gen_asm/d_00686110.asm dump reproduces those bytes but carries no identity."
?d_00698a70@@YAXXZ,0x00698A70,"gen-dump placeholder superseded by the real identity of these bytes: ?dup_00698a70@@YAXXZ, byte-verified from Code/GameEngine/Source/Common/Audio/GameAudio.cpp over the same 19-byte range. The Code/gen_asm/d_00686110.asm dump reproduces those bytes but carries no identity."
?d_00698a90@@YAXXZ,0x00698A90,"gen-dump placeholder superseded by the real identity of these bytes: ?dup_00698a90@@YAXXZ, byte-verified from Code/GameEngine/Source/Common/Audio/GameAudio.cpp over the same 13-byte range. The Code/gen_asm/d_00686110.asm dump reproduces those bytes but carries no identity."
?d_00698ac0@@YAXXZ,0x00698AC0,"gen-dump placeholder superseded by the real identity of these bytes: ?dup_00698ac0@@YAXXZ, byte-verified from Code/GameEngine/Source/Common/Audio/GameAudio.cpp over the same 7-byte range. The Code/gen_asm/d_00686110.asm dump reproduces those bytes but carries no identity."
?d_00698c10@@YAXXZ,0x00698C10,"gen-dump placeholder superseded by the real identity of these bytes: ?dup_00698c10@@YAXXZ, byte-verified from Code/GameEngine/Source/Common/Audio/GameAudio.cpp over the same 18-byte range. The Code/gen_asm/d_00686110.asm dump reproduces those bytes but carries no identity."
?d_00698e10@@YAXXZ,0x00698E10,"gen-dump placeholder superseded by the real identity of these bytes: ?dup_00698e10@@YAXXZ, byte-verified from Code/GameEngine/Source/Common/Audio/GameAudio.cpp over the same 9-byte range. The Code/gen_asm/d_00686110.asm dump reproduces those bytes but carries no identity."
?d_00698e30@@YAXXZ,0x00698E30,"gen-dump placeholder superseded by the real identity of these bytes: ?dup_00698e30@@YAXXZ, byte-verified from Code/GameEngine/Source/Common/Audio/GameAudio.cpp over the same 19-byte range. The Code/gen_asm/d_00686110.asm dump reproduces those bytes but carries no identity."
?d_00698e50@@YAXXZ,0x00698E50,"gen-dump placeholder superseded by the real identity of these bytes: ?dup_00698e50@@YAXXZ, byte-verified from Code/GameEngine/Source/Common/Audio/GameAudio.cpp over the same 19-byte range. The Code/gen_asm/d_00686110.asm dump reproduces those bytes but carries no identity."
?d_00698e70@@YAXXZ,0x00698E70,"gen-dump placeholder superseded by the real identity of these bytes: ?dup_00698e70@@YAXXZ, byte-verified from Code/GameEngine/Source/Common/Audio/GameAudio.cpp over the same 19-byte range. The Code/gen_asm/d_00686110.asm dump reproduces those bytes but carries no identity."
?d_00698e90@@YAXXZ,0x00698E90,"gen-dump placeholder superseded by the real identity of these bytes: ?dup_00698e90@@YAXXZ, byte-verified from Code/GameEngine/Source/Common/Audio/GameAudio.cpp over the same 9-byte range. The Code/gen_asm/d_00686110.asm dump reproduces those bytes but carries no identity."
?d_00698ea0@@YAXXZ,0x00698EA0,"gen-dump placeholder superseded by the real identity of these bytes: ?dup_00698ea0@@YAXXZ, byte-verified from Code/GameEngine/Source/Common/Audio/GameAudio.cpp over the same 9-byte range. The Code/gen_asm/d_00686110.asm dump reproduces those bytes but carries no identity."
?d_00698ee0@@YAXXZ,0x00698EE0,"gen-dump placeholder superseded by the real identity of these bytes: ?dup_00698ee0@@YAXXZ, byte-verified from Code/GameEngine/Source/Common/Audio/GameAudio.cpp over the same 19-byte range. The Code/gen_asm/d_00686110.asm dump reproduces those bytes but carries no identity."
?d_0069b510@@YAXXZ,0x0069B510,"gen-dump placeholder superseded by the real identity of these bytes: ?dup_0069b510@@YAXXZ, byte-verified from Code/GameEngine/Source/Common/Audio/GameAudio.cpp over the same 13-byte range. The Code/gen_asm/d_00686110.asm dump reproduces those bytes but carries no identity."
?d_0069b540@@YAXXZ,0x0069B540,"gen-dump placeholder superseded by the real identity of these bytes: ?dup_0069b540@@YAXXZ, byte-verified from Code/GameEngine/Source/Common/Audio/GameAudio.cpp over the same 11-byte range. The Code/gen_asm/d_00686110.asm dump reproduces those bytes but carries no identity."
?d_0069b560@@YAXXZ,0x0069B560,"gen-dump placeholder superseded by the real identity of these bytes: ?dup_0069b560@@YAXXZ, byte-verified from Code/GameEngine/Source/Common/Audio/GameAudio.cpp over the same 13-byte range. The Code/gen_asm/d_00686110.asm dump reproduces those bytes but carries no identity."
?d_0069b590@@YAXXZ,0x0069B590,"gen-dump placeholder superseded by the real identity of these bytes: ?dup_0069b590@@YAXXZ, byte-verified from Code/GameEngine/Source/Common/Audio/GameAudio.cpp over the same 11-byte range. The Code/gen_asm/d_00686110.asm dump reproduces those bytes but carries no identity."
?d_0069b5a0@@YAXXZ,0x0069B5A0,"gen-dump placeholder superseded by the real identity of these bytes: ?dup_0069b5a0@@YAXXZ, byte-verified from Code/GameEngine/Source/Common/Audio/GameAudio.cpp over the same 11-byte range. The Code/gen_asm/d_00686110.asm dump reproduces those bytes but carries no identity."
?d_0069b5b0@@YAXXZ,0x0069B5B0,"gen-dump placeholder superseded by the real identity of these bytes: ?dup_0069b5b0@@YAXXZ, byte-verified from Code/GameEngine/Source/Common/Audio/GameAudio.cpp over the same 13-byte range. The Code/gen_asm/d_00686110.asm dump reproduces those bytes but carries no identity."
?d_0069b630@@YAXXZ,0x0069B630,"gen-dump placeholder superseded by the real identity of these bytes: ?dup_0069b630@@YAXXZ, byte-verified from Code/GameEngine/Source/Common/Audio/GameAudio.cpp over the same 13-byte range. The Code/gen_asm/d_00686110.asm dump reproduces those bytes but carries no identity."
?d_0069b680@@YAXXZ,0x0069B680,"gen-dump placeholder superseded by the real identity of these bytes: ?dup_0069b680@@YAXXZ, byte-verified from Code/GameEngine/Source/Common/Audio/GameAudio.cpp over the same 13-byte range. The Code/gen_asm/d_00686110.asm dump reproduces those bytes but carries no identity."
?d_0069b6d0@@YAXXZ,0x0069B6D0,"gen-dump placeholder superseded by the real identity of these bytes: ?dup_0069b6d0@@YAXXZ, byte-verified from Code/GameEngine/Source/Common/Audio/GameAudio.cpp over the same 13-byte range. The Code/gen_asm/d_00686110.asm dump reproduces those bytes but carries no identity."
?d_0069b990@@YAXXZ,0x0069B990,"gen-dump placeholder superseded by the real identity of these bytes: ?dup_0069b990@@YAXXZ, byte-verified from Code/GameEngine/Source/Common/Audio/GameAudio.cpp over the same 11-byte range. The Code/gen_asm/d_00686110.asm dump reproduces those bytes but carries no identity."
?d_0069ba30@@YAXXZ,0x0069BA30,"gen-dump placeholder superseded by the real identity of these bytes: ?dup_0069ba30@@YAXXZ, byte-verified from Code/GameEngine/Source/Common/Audio/GameAudio.cpp over the same 13-byte range. The Code/gen_asm/d_00686110.asm dump reproduces those bytes but carries no identity."
?d_0069ba50@@YAXXZ,0x0069BA50,"gen-dump placeholder superseded by the real identity of these bytes: ?dup_0069ba50@@YAXXZ, byte-verified from Code/GameEngine/Source/Common/Audio/GameAudio.cpp over the same 13-byte range. The Code/gen_asm/d_00686110.asm dump reproduces those bytes but carries no identity."
?d_0069bc50@@YAXXZ,0x0069BC50,"gen-dump placeholder superseded by the real identity of these bytes: ?dup_0069bc50@@YAXXZ, byte-verified from Code/GameEngine/Source/Common/Audio/GameAudio.cpp over the same 11-byte range. The Code/gen_asm/d_00686110.asm dump reproduces those bytes but carries no identity."
?d_0069bc60@@YAXXZ,0x0069BC60,"gen-dump placeholder superseded by the real identity of these bytes: ?dup_0069bc60@@YAXXZ, byte-verified from Code/GameEngine/Source/Common/Audio/GameAudio.cpp over the same 11-byte range. The Code/gen_asm/d_00686110.asm dump reproduces those bytes but carries no identity."
?d_0069bca0@@YAXXZ,0x0069BCA0,"gen-dump placeholder superseded by the real identity of these bytes: ?dup_0069bca0@@YAXXZ, byte-verified from Code/GameEngine/Source/Common/Audio/GameAudio.cpp over the same 11-byte range. The Code/gen_asm/d_00686110.asm dump reproduces those bytes but carries no identity."
?d_0069bcb0@@YAXXZ,0x0069BCB0,"gen-dump placeholder superseded by the real identity of these bytes: ?dup_0069bcb0@@YAXXZ, byte-verified from Code/GameEngine/Source/Common/Audio/GameAudio.cpp over the same 11-byte range. The Code/gen_asm/d_00686110.asm dump reproduces those bytes but carries no identity."
?d_0069bcf0@@YAXXZ,0x0069BCF0,"gen-dump placeholder superseded by the real identity of these bytes: ?dup_0069bcf0@@YAXXZ, byte-verified from Code/GameEngine/Source/Common/Audio/GameAudio.cpp over the same 11-byte range. The Code/gen_asm/d_00686110.asm dump reproduces those bytes but carries no identity."
?d_0069bd00@@YAXXZ,0x0069BD00,"gen-dump placeholder superseded by the real identity of these bytes: ?dup_0069bd00@@YAXXZ, byte-verified from Code/GameEngine/Source/Common/Audio/GameAudio.cpp over the same 11-byte range. The Code/gen_asm/d_00686110.asm dump reproduces those bytes but carries no identity."
?d_0069bd10@@YAXXZ,0x0069BD10,"gen-dump placeholder superseded by the real identity of these bytes: ?dup_0069bd10@@YAXXZ, byte-verified from Code/GameEngine/Source/Common/Audio/GameAudio.cpp over the same 11-byte range. The Code/gen_asm/d_00686110.asm dump reproduces those bytes but carries no identity."
?d_0069bd20@@YAXXZ,0x0069BD20,"gen-dump placeholder superseded by the real identity of these bytes: ?dup_0069bd20@@YAXXZ, byte-verified from Code/GameEngine/Source/Common/Audio/GameAudio.cpp over the same 11-byte range. The Code/gen_asm/d_00686110.asm dump reproduces those bytes but carries no identity."
?d_0069bd60@@YAXXZ,0x0069BD60,"gen-dump placeholder superseded by the real identity of these bytes: ?dup_0069bd60@@YAXXZ, byte-verified from Code/GameEngine/Source/Common/Audio/GameAudio.cpp over the same 11-byte range. The Code/gen_asm/d_00686110.asm dump reproduces those bytes but carries no identity."
?d_0069bda0@@YAXXZ,0x0069BDA0,"gen-dump placeholder superseded by the real identity of these bytes: ?dup_0069bda0@@YAXXZ, byte-verified from Code/GameEngine/Source/Common/Audio/GameAudio.cpp over the same 11-byte range. The Code/gen_asm/d_00686110.asm dump reproduces those bytes but carries no identity."
?d_0069bde0@@YAXXZ,0x0069BDE0,"gen-dump placeholder superseded by the real identity of these bytes: ?dup_0069bde0@@YAXXZ, byte-verified from Code/GameEngine/Source/Common/Audio/GameAudio.cpp over the same 11-byte range. The Code/gen_asm/d_00686110.asm dump reproduces those bytes but carries no identity."
?d_0069be40@@YAXXZ,0x0069BE40,"gen-dump placeholder superseded by the real identity of these bytes: ?dup_0069be40@@YAXXZ, byte-verified from Code/GameEngine/Source/Common/Audio/GameAudio.cpp over the same 11-byte range. The Code/gen_asm/d_00686110.asm dump reproduces those bytes but carries no identity."
?d_0069be50@@YAXXZ,0x0069BE50,"gen-dump placeholder superseded by the real identity of these bytes: ?dup_0069be50@@YAXXZ, byte-verified from Code/GameEngine/Source/Common/Audio/GameAudio.cpp over the same 11-byte range. The Code/gen_asm/d_00686110.asm dump reproduces those bytes but carries no identity."
?d_0069be80@@YAXXZ,0x0069BE80,"gen-dump placeholder superseded by the real identity of these bytes: ?dup_0069be80@@YAXXZ, byte-verified from Code/GameEngine/Source/Common/Audio/GameAudio.cpp over the same 11-byte range. The Code/gen_asm/d_00686110.asm dump reproduces those bytes but carries no identity."
?d_0069be90@@YAXXZ,0x0069BE90,"gen-dump placeholder superseded by the real identity of these bytes: ?dup_0069be90@@YAXXZ, byte-verified from Code/GameEngine/Source/Common/Audio/GameAudio.cpp over the same 11-byte range. The Code/gen_asm/d_00686110.asm dump reproduces those bytes but carries no identity."
?d_0069bea0@@YAXXZ,0x0069BEA0,"gen-dump placeholder superseded by the real identity of these bytes: ?dup_0069bea0@@YAXXZ, byte-verified from Code/GameEngine/Source/Common/Audio/GameAudio.cpp over the same 11-byte range. The Code/gen_asm/d_00686110.asm dump reproduces those bytes but carries no identity."
?d_0069beb0@@YAXXZ,0x0069BEB0,"gen-dump placeholder superseded by the real identity of these bytes: ?dup_0069beb0@@YAXXZ, byte-verified from Code/GameEngine/Source/Common/Audio/GameAudio.cpp over the same 18-byte range. The Code/gen_asm/d_00686110.asm dump reproduces those bytes but carries no identity."
?d_0069bed0@@YAXXZ,0x0069BED0,"gen-dump placeholder superseded by the real identity of these bytes: ?dup_0069bed0@@YAXXZ, byte-verified from Code/GameEngine/Source/Common/Audio/GameAudio.cpp over the same 18-byte range. The Code/gen_asm/d_00686110.asm dump reproduces those bytes but carries no identity."
?d_0069bef0@@YAXXZ,0x0069BEF0,"gen-dump placeholder superseded by the real identity of these bytes: ?dup_0069bef0@@YAXXZ, byte-verified from Code/GameEngine/Source/Common/Audio/GameAudio.cpp over the same 11-byte range. The Code/gen_asm/d_00686110.asm dump reproduces those bytes but carries no identity."
?d_0069bf00@@YAXXZ,0x0069BF00,"gen-dump placeholder superseded by the real identity of these bytes: ?dup_0069bf00@@YAXXZ, byte-verified from Code/GameEngine/Source/Common/Audio/GameAudio.cpp over the same 18-byte range. The Code/gen_asm/d_00686110.asm dump reproduces those bytes but carries no identity."
?d_0069bf20@@YAXXZ,0x0069BF20,"gen-dump placeholder superseded by the real identity of these bytes: ?dup_0069bf20@@YAXXZ, byte-verified from Code/GameEngine/Source/Common/Audio/GameAudio.cpp over the same 18-byte range. The Code/gen_asm/d_00686110.asm dump reproduces those bytes but carries no identity."
?d_0069bf40@@YAXXZ,0x0069BF40,"gen-dump placeholder superseded by the real identity of these bytes: ?dup_0069bf40@@YAXXZ, byte-verified from Code/GameEngine/Source/Common/Audio/GameAudio.cpp over the same 18-byte range. The Code/gen_asm/d_00686110.asm dump reproduces those bytes but carries no identity."
?d_0069bf60@@YAXXZ,0x0069BF60,"gen-dump placeholder superseded by the real identity of these bytes: ?dup_0069bf60@@YAXXZ, byte-verified from Code/GameEngine/Source/Common/Audio/GameAudio.cpp over the same 18-byte range. The Code/gen_asm/d_00686110.asm dump reproduces those bytes but carries no identity."
?d_0069bf80@@YAXXZ,0x0069BF80,"gen-dump placeholder superseded by the real identity of these bytes: ?dup_0069bf80@@YAXXZ, byte-verified from Code/GameEngine/Source/Common/Audio/GameAudio.cpp over the same 18-byte range. The Code/gen_asm/d_00686110.asm dump reproduces those bytes but carries no identity."
?d_0069bfd0@@YAXXZ,0x0069BFD0,"gen-dump placeholder superseded by the real identity of these bytes: ?dup_0069bfd0@@YAXXZ, byte-verified from Code/GameEngine/Source/Common/Audio/GameAudio.cpp over the same 11-byte range. The Code/gen_asm/d_00686110.asm dump reproduces those bytes but carries no identity."
?d_0069c290@@YAXXZ,0x0069C290,"gen-dump placeholder superseded by the real identity of these bytes: ?dup_0069c290@@YAXXZ, byte-verified from Code/GameEngine/Source/Common/Audio/GameAudio.cpp over the same 22-byte range. The Code/gen_asm/d_00686110.asm dump reproduces those bytes but carries no identity."
?d_0069c920@@YAXXZ,0x0069C920,"gen-dump placeholder superseded by the real identity of these bytes: ?dup_0069c920@@YAXXZ, byte-verified from Code/GameEngine/Source/Common/Audio/GameAudio.cpp over the same 7-byte range. The Code/gen_asm/d_0069c4f0.asm dump reproduces those bytes but carries no identity."
?d_0069dd30@@YAXXZ,0x0069DD30,"gen-dump placeholder superseded by the real identity of these bytes: ?dup_0069dd30@@YAXXZ, byte-verified from Code/GameEngine/Source/Common/Audio/GameAudio.cpp over the same 11-byte range. The Code/gen_asm/d_0069c4f0.asm dump reproduces those bytes but carries no identity."
?d_0069ded0@@YAXXZ,0x0069DED0,"gen-dump placeholder superseded by the real identity of these bytes: ?dup_0069ded0@@YAXXZ, byte-verified from Code/GameEngine/Source/Common/Audio/GameAudio.cpp over the same 16-byte range. The Code/gen_asm/d_0069c4f0.asm dump reproduces those bytes but carries no identity."
?d_0069def0@@YAXXZ,0x0069DEF0,"gen-dump placeholder superseded by the real identity of these bytes: ?dup_0069def0@@YAXXZ, byte-verified from Code/GameEngine/Source/Common/Audio/GameAudio.cpp over the same 16-byte range. The Code/gen_asm/d_0069c4f0.asm dump reproduces those bytes but carries no identity."
?d_0069df40@@YAXXZ,0x0069DF40,"gen-dump placeholder superseded by the real identity of these bytes: ?dup_0069df40@@YAXXZ, byte-verified from Code/GameEngine/Source/Common/Audio/GameAudio.cpp over the same 16-byte range. The Code/gen_asm/d_0069c4f0.asm dump reproduces those bytes but carries no identity."
?d_0069e170@@YAXXZ,0x0069E170,"gen-dump placeholder superseded by the real identity of these bytes: ?dup_0069e170@@YAXXZ, byte-verified from Code/GameEngine/Source/Common/Audio/GameAudio.cpp over the same 16-byte range. The Code/gen_asm/d_0069c4f0.asm dump reproduces those bytes but carries no identity."
?d_0069e610@@YAXXZ,0x0069E610,"gen-dump placeholder superseded by the real identity of these bytes: ?dup_0069e610@@YAXXZ, byte-verified from Code/GameEngine/Source/Common/Audio/GameAudio.cpp over the same 16-byte range. The Code/gen_asm/d_0069c4f0.asm dump reproduces those bytes but carries no identity."
?d_0069e630@@YAXXZ,0x0069E630,"gen-dump placeholder superseded by the real identity of these bytes: ?dup_0069e630@@YAXXZ, byte-verified from Code/GameEngine/Source/Common/Audio/GameAudio.cpp over the same 16-byte range. The Code/gen_asm/d_0069c4f0.asm dump reproduces those bytes but carries no identity."
?d_0069e650@@YAXXZ,0x0069E650,"gen-dump placeholder superseded by the real identity of these bytes: ?dup_0069e650@@YAXXZ, byte-verified from Code/GameEngine/Source/Common/Audio/GameAudio.cpp over the same 16-byte range. The Code/gen_asm/d_0069c4f0.asm dump reproduces those bytes but carries no identity."
?d_0069ed20@@YAXXZ,0x0069ED20,"gen-dump placeholder superseded by the real identity of these bytes: ?dup_0069ed20@@YAXXZ, byte-verified from Code/GameEngine/Source/Common/Audio/GameAudio.cpp over the same 16-byte range. The Code/gen_asm/d_0069c4f0.asm dump reproduces those bytes but carries no identity."
?d_0069fba0@@YAXXZ,0x0069FBA0,"gen-dump placeholder superseded by the real identity of these bytes: ?dup_0069fba0@@YAXXZ, byte-verified from Code/GameEngine/Source/Common/Audio/GameAudio.cpp over the same 16-byte range. The Code/gen_asm/d_0069c4f0.asm dump reproduces those bytes but carries no identity."
?d_0069fbc0@@YAXXZ,0x0069FBC0,"gen-dump placeholder superseded by the real identity of these bytes: ?dup_0069fbc0@@YAXXZ, byte-verified from Code/GameEngine/Source/Common/Audio/GameAudio.cpp over the same 16-byte range. The Code/gen_asm/d_0069c4f0.asm dump reproduces those bytes but carries no identity."
?d_0069fbe0@@YAXXZ,0x0069FBE0,"gen-dump placeholder superseded by the real identity of these bytes: ?dup_0069fbe0@@YAXXZ, byte-verified from Code/GameEngine/Source/Common/Audio/GameAudio.cpp over the same 16-byte range. The Code/gen_asm/d_0069c4f0.asm dump reproduces those bytes but carries no identity."
?d_0069fd20@@YAXXZ,0x0069FD20,"gen-dump placeholder superseded by the real identity of these bytes: ?dup_0069fd20@@YAXXZ, byte-verified from Code/GameEngine/Source/Common/Audio/GameAudio.cpp over the same 15-byte range. The Code/gen_asm/d_0069c4f0.asm dump reproduces those bytes but carries no identity."
?d_0069fdb0@@YAXXZ,0x0069FDB0,"gen-dump placeholder superseded by the real identity of these bytes: ?dup_0069fdb0@@YAXXZ, byte-verified from Code/GameEngine/Source/Common/Audio/GameAudio.cpp over the same 16-byte range. The Code/gen_asm/d_0069c4f0.asm dump reproduces those bytes but carries no identity."
?d_006a0010@@YAXXZ,0x006A0010,"gen-dump placeholder superseded by the real identity of these bytes: ?dup_006a0010@@YAXXZ, byte-verified from Code/GameEngine/Source/Common/Audio/GameAudio.cpp over the same 15-byte range. The Code/gen_asm/d_0069c4f0.asm dump reproduces those bytes but carries no identity."
?d_006a0070@@YAXXZ,0x006A0070,"gen-dump placeholder superseded by the real identity of these bytes: ?dup_006a0070@@YAXXZ, byte-verified from Code/GameEngine/Source/Common/Audio/GameAudio.cpp over the same 15-byte range. The Code/gen_asm/d_0069c4f0.asm dump reproduces those bytes but carries no identity."
?d_006a0170@@YAXXZ,0x006A0170,"gen-dump placeholder superseded by the real identity of these bytes: ?dup_006a0170@@YAXXZ, byte-verified from Code/GameEngine/Source/Common/Audio/GameAudio.cpp over the same 16-byte range. The Code/gen_asm/d_0069c4f0.asm dump reproduces those bytes but carries no identity."
?d_006a01e0@@YAXXZ,0x006A01E0,"gen-dump placeholder superseded by the real identity of these bytes: ?dup_006a01e0@@YAXXZ, byte-verified from Code/GameEngine/Source/Common/Audio/GameAudio.cpp over the same 16-byte range. The Code/gen_asm/d_0069c4f0.asm dump reproduces those bytes but carries no identity."
?d_006a0250@@YAXXZ,0x006A0250,"gen-dump placeholder superseded by the real identity of these bytes: ?dup_006a0250@@YAXXZ, byte-verified from Code/GameEngine/Source/Common/Audio/GameAudio.cpp over the same 16-byte range. The Code/gen_asm/d_0069c4f0.asm dump reproduces those bytes but carries no identity."
?d_006a02c0@@YAXXZ,0x006A02C0,"gen-dump placeholder superseded by the real identity of these bytes: ?dup_006a02c0@@YAXXZ, byte-verified from Code/GameEngine/Source/Common/Audio/GameAudio.cpp over the same 15-byte range. The Code/gen_asm/d_0069c4f0.asm dump reproduces those bytes but carries no identity."
?d_006c06e0@@YAXXZ,0x006C06E0,"gen-dump placeholder superseded by the real identity of these bytes: ?dup_006c06e0@@YAXXZ, byte-verified from Code/GameEngine/Source/Common/Audio/GameAudio.cpp over the same 11-byte range. The Code/gen_asm/d_0069c4f0.asm dump reproduces those bytes but carries no identity."
?d_006c5240@@YAXXZ,0x006C5240,"gen-dump placeholder superseded by the real identity of these bytes: ?dup_006c5240@@YAXXZ, byte-verified from Code/GameEngine/Source/Common/Audio/GameAudio.cpp over the same 11-byte range. The Code/gen_asm/d_0069c4f0.asm dump reproduces those bytes but carries no identity."
?d_006cf4b0@@YAXXZ,0x006CF4B0,"gen-dump placeholder superseded by the real identity of these bytes: ?dup_006cf4b0@@YAXXZ, byte-verified from Code/GameEngine/Source/Common/Audio/GameAudio.cpp over the same 5-byte range. The Code/gen_asm/d_0069c4f0.asm dump reproduces those bytes but carries no identity."
?d_006daf50@@YAXXZ,0x006DAF50,"gen-dump placeholder superseded by the real identity of these bytes: ?dup_006daf50@@YAXXZ, byte-verified from Code/GameEngine/Source/Common/Audio/GameAudio.cpp over the same 6-byte range. The Code/gen_asm/d_0069c4f0.asm dump reproduces those bytes but carries no identity."
?d_006dafc0@@YAXXZ,0x006DAFC0,"gen-dump placeholder superseded by the real identity of these bytes: ?dup_006dafc0@@YAXXZ, byte-verified from Code/GameEngine/Source/Common/Audio/GameAudio.cpp over the same 11-byte range. The Code/gen_asm/d_0069c4f0.asm dump reproduces those bytes but carries no identity."
?d_006dafd0@@YAXXZ,0x006DAFD0,"gen-dump placeholder superseded by the real identity of these bytes: ?dup_006dafd0@@YAXXZ, byte-verified from Code/GameEngine/Source/Common/Audio/GameAudio.cpp over the same 13-byte range. The Code/gen_asm/d_0069c4f0.asm dump reproduces those bytes but carries no identity."
?d_006db090@@YAXXZ,0x006DB090,"gen-dump placeholder superseded by the real identity of these bytes: ?dup_006db090@@YAXXZ, byte-verified from Code/GameEngine/Source/Common/Audio/GameAudio.cpp over the same 11-byte range. The Code/gen_asm/d_0069c4f0.asm dump reproduces those bytes but carries no identity."
?d_006db0c0@@YAXXZ,0x006DB0C0,"gen-dump placeholder superseded by the real identity of these bytes: ?dup_006db0c0@@YAXXZ, byte-verified from Code/GameEngine/Source/Common/Audio/GameAudio.cpp over the same 19-byte range. The Code/gen_asm/d_0069c4f0.asm dump reproduces those bytes but carries no identity."
?d_006db0f0@@YAXXZ,0x006DB0F0,"gen-dump placeholder superseded by the real identity of these bytes: ?dup_006db0f0@@YAXXZ, byte-verified from Code/GameEngine/Source/Common/Audio/GameAudio.cpp over the same 7-byte range. The Code/gen_asm/d_0069c4f0.asm dump reproduces those bytes but carries no identity."
?d_006db2d0@@YAXXZ,0x006DB2D0,"gen-dump placeholder superseded by the real identity of these bytes: ?dup_006db2d0@@YAXXZ, byte-verified from Code/GameEngine/Source/Common/Audio/GameAudio.cpp over the same 17-byte range. The Code/gen_asm/d_0069c4f0.asm dump reproduces those bytes but carries no identity."
?d_006db5b0@@YAXXZ,0x006DB5B0,"gen-dump placeholder superseded by the real identity of these bytes: ?dup_006db5b0@@YAXXZ, byte-verified from Code/GameEngine/Source/Common/Audio/GameAudio.cpp over the same 11-byte range. The Code/gen_asm/d_0069c4f0.asm dump reproduces those bytes but carries no identity."
?d_006db610@@YAXXZ,0x006DB610,"gen-dump placeholder superseded by the real identity of these bytes: ?dup_006db610@@YAXXZ, byte-verified from Code/GameEngine/Source/Common/Audio/GameAudio.cpp over the same 11-byte range. The Code/gen_asm/d_0069c4f0.asm dump reproduces those bytes but carries no identity."
?d_006db670@@YAXXZ,0x006DB670,"gen-dump placeholder superseded by the real identity of these bytes: ?dup_006db670@@YAXXZ, byte-verified from Code/GameEngine/Source/Common/Audio/GameAudio.cpp over the same 11-byte range. The Code/gen_asm/d_0069c4f0.asm dump reproduces those bytes but carries no identity."
?d_006dbdf0@@YAXXZ,0x006DBDF0,"gen-dump placeholder superseded by the real identity of these bytes: ?dup_006dbdf0@@YAXXZ, byte-verified from Code/GameEngine/Source/Common/Audio/GameAudio.cpp over the same 11-byte range. The Code/gen_asm/d_0069c4f0.asm dump reproduces those bytes but carries no identity."
?d_006ead00@@YAXXZ,0x006EAD00,"gen-dump placeholder superseded by the real identity of these bytes: ?dup_006ead00@@YAXXZ, byte-verified from Code/GameEngine/Source/Common/Audio/GameAudio.cpp over the same 23-byte range. The Code/gen_asm/d_006e7d70.asm dump reproduces those bytes but carries no identity."
?d_006eada0@@YAXXZ,0x006EADA0,"gen-dump placeholder superseded by the real identity of these bytes: ?dup_006eada0@@YAXXZ, byte-verified from Code/GameEngine/Source/Common/Audio/GameAudio.cpp over the same 23-byte range. The Code/gen_asm/d_006e7d70.asm dump reproduces those bytes but carries no identity."
?d_006eae60@@YAXXZ,0x006EAE60,"gen-dump placeholder superseded by the real identity of these bytes: ?dup_006eae60@@YAXXZ, byte-verified from Code/GameEngine/Source/Common/Audio/GameAudio.cpp over the same 17-byte range. The Code/gen_asm/d_006e7d70.asm dump reproduces those bytes but carries no identity."
?d_006eaed0@@YAXXZ,0x006EAED0,"gen-dump placeholder superseded by the real identity of these bytes: ?dup_006eaed0@@YAXXZ, byte-verified from Code/GameEngine/Source/Common/Audio/GameAudio.cpp over the same 29-byte range. The Code/gen_asm/d_006e7d70.asm dump reproduces those bytes but carries no identity."
?d_006ed1f0@@YAXXZ,0x006ED1F0,"gen-dump placeholder superseded by the real identity of these bytes: ?dup_006ed1f0@@YAXXZ, byte-verified from Code/GameEngine/Source/Common/Audio/GameAudio.cpp over the same 11-byte range. The Code/gen_asm/d_006e7d70.asm dump reproduces those bytes but carries no identity."
?d_006ed200@@YAXXZ,0x006ED200,"gen-dump placeholder superseded by the real identity of these bytes: ?dup_006ed200@@YAXXZ, byte-verified from Code/GameEngine/Source/Common/Audio/GameAudio.cpp over the same 11-byte range. The Code/gen_asm/d_006e7d70.asm dump reproduces those bytes but carries no identity."
?d_006ef6a0@@YAXXZ,0x006EF6A0,"gen-dump placeholder superseded by the real identity of these bytes: ?dup_006ef6a0@@YAXXZ, byte-verified from Code/GameEngine/Source/Common/Audio/GameAudio.cpp over the same 15-byte range. The Code/gen_asm/d_006e7d70.asm dump reproduces those bytes but carries no identity."
?d_006ef700@@YAXXZ,0x006EF700,"gen-dump placeholder superseded by the real identity of these bytes: ?dup_006ef700@@YAXXZ, byte-verified from Code/GameEngine/Source/Common/Audio/GameAudio.cpp over the same 15-byte range. The Code/gen_asm/d_006e7d70.asm dump reproduces those bytes but carries no identity."
?d_006f7630@@YAXXZ,0x006F7630,"gen-dump placeholder superseded by the real identity of these bytes: ?dup_006f7630@@YAXXZ, byte-verified from Code/GameEngine/Source/Common/Audio/GameAudio.cpp over the same 13-byte range. The Code/gen_asm/d_006e7d70.asm dump reproduces those bytes but carries no identity."
?d_006f7650@@YAXXZ,0x006F7650,"gen-dump placeholder superseded by the real identity of these bytes: ?dup_006f7650@@YAXXZ, byte-verified from Code/GameEngine/Source/Common/Audio/GameAudio.cpp over the same 9-byte range. The Code/gen_asm/d_006e7d70.asm dump reproduces those bytes but carries no identity."
?d_006f76a0@@YAXXZ,0x006F76A0,"gen-dump placeholder superseded by the real identity of these bytes: ?dup_006f76a0@@YAXXZ, byte-verified from Code/GameEngine/Source/Common/Audio/GameAudio.cpp over the same 11-byte range. The Code/gen_asm/d_006e7d70.asm dump reproduces those bytes but carries no identity."
?d_006f7700@@YAXXZ,0x006F7700,"gen-dump placeholder superseded by the real identity of these bytes: ?dup_006f7700@@YAXXZ, byte-verified from Code/GameEngine/Source/Common/Audio/GameAudio.cpp over the same 11-byte range. The Code/gen_asm/d_006e7d70.asm dump reproduces those bytes but carries no identity."
?d_006f7740@@YAXXZ,0x006F7740,"gen-dump placeholder superseded by the real identity of these bytes: ?dup_006f7740@@YAXXZ, byte-verified from Code/GameEngine/Source/Common/Audio/GameAudio.cpp over the same 17-byte range. The Code/gen_asm/d_006e7d70.asm dump reproduces those bytes but carries no identity."
?d_006f77a0@@YAXXZ,0x006F77A0,"gen-dump placeholder superseded by the real identity of these bytes: ?dup_006f77a0@@YAXXZ, byte-verified from Code/GameEngine/Source/Common/Audio/GameAudio.cpp over the same 9-byte range. The Code/gen_asm/d_006e7d70.asm dump reproduces those bytes but carries no identity."
?d_006f80a0@@YAXXZ,0x006F80A0,"gen-dump placeholder superseded by the real identity of these bytes: ?dup_006f80a0@@YAXXZ, byte-verified from Code/GameEngine/Source/Common/Audio/GameAudio.cpp over the same 13-byte range. The Code/gen_asm/d_006e7d70.asm dump reproduces those bytes but carries no identity."
?d_006f80f0@@YAXXZ,0x006F80F0,"gen-dump placeholder superseded by the real identity of these bytes: ?dup_006f80f0@@YAXXZ, byte-verified from Code/GameEngine/Source/Common/Audio/GameAudio.cpp over the same 13-byte range. The Code/gen_asm/d_006e7d70.asm dump reproduces those bytes but carries no identity."
?d_006f8150@@YAXXZ,0x006F8150,"gen-dump placeholder superseded by the real identity of these bytes: ?dup_006f8150@@YAXXZ, byte-verified from Code/GameEngine/Source/Common/Audio/GameAudio.cpp over the same 11-byte range. The Code/gen_asm/d_006e7d70.asm dump reproduces those bytes but carries no identity."
?d_006fa110@@YAXXZ,0x006FA110,"gen-dump placeholder superseded by the real identity of these bytes: ?dup_006fa110@@YAXXZ, byte-verified from Code/GameEngine/Source/Common/Audio/GameAudio.cpp over the same 23-byte range. The Code/gen_asm/d_006e7d70.asm dump reproduces those bytes but carries no identity."
?d_006fa1e0@@YAXXZ,0x006FA1E0,"gen-dump placeholder superseded by the real identity of these bytes: ?dup_006fa1e0@@YAXXZ, byte-verified from Code/GameEngine/Source/Common/Audio/GameAudio.cpp over the same 11-byte range. The Code/gen_asm/d_006e7d70.asm dump reproduces those bytes but carries no identity."
?d_00710f30@@YAXXZ,0x00710F30,"gen-dump placeholder superseded by the real identity of these bytes: ?dup_00710f30@@YAXXZ, byte-verified from Code/GameEngine/Source/Common/Audio/GameAudio.cpp over the same 11-byte range. The Code/gen_asm/d_006e7d70.asm dump reproduces those bytes but carries no identity."
?d_00710f40@@YAXXZ,0x00710F40,"gen-dump placeholder superseded by the real identity of these bytes: ?dup_00710f40@@YAXXZ, byte-verified from Code/GameEngine/Source/Common/Audio/GameAudio.cpp over the same 7-byte range. The Code/gen_asm/d_006e7d70.asm dump reproduces those bytes but carries no identity."
?d_00711c30@@YAXXZ,0x00711C30,"gen-dump placeholder superseded by the real identity of these bytes: ?dup_00711c30@@YAXXZ, byte-verified from Code/GameEngine/Source/Common/Audio/GameAudio.cpp over the same 9-byte range. The Code/gen_asm/d_006e7d70.asm dump reproduces those bytes but carries no identity."
?d_00711cd0@@YAXXZ,0x00711CD0,"gen-dump placeholder superseded by the real identity of these bytes: ?dup_00711cd0@@YAXXZ, byte-verified from Code/GameEngine/Source/Common/Audio/GameAudio.cpp over the same 11-byte range. The Code/gen_asm/d_006e7d70.asm dump reproduces those bytes but carries no identity."
?d_00711d00@@YAXXZ,0x00711D00,"gen-dump placeholder superseded by the real identity of these bytes: ?dup_00711d00@@YAXXZ, byte-verified from Code/GameEngine/Source/Common/Audio/GameAudio.cpp over the same 23-byte range. The Code/gen_asm/d_006e7d70.asm dump reproduces those bytes but carries no identity."
?d_00711dd0@@YAXXZ,0x00711DD0,"gen-dump placeholder superseded by the real identity of these bytes: ?dup_00711dd0@@YAXXZ, byte-verified from Code/GameEngine/Source/Common/Audio/GameAudio.cpp over the same 17-byte range. The Code/gen_asm/d_006e7d70.asm dump reproduces those bytes but carries no identity."
?d_00711df0@@YAXXZ,0x00711DF0,"gen-dump placeholder superseded by the real identity of these bytes: ?dup_00711df0@@YAXXZ, byte-verified from Code/GameEngine/Source/Common/Audio/GameAudio.cpp over the same 29-byte range. The Code/gen_asm/d_006e7d70.asm dump reproduces those bytes but carries no identity."
?d_00712270@@YAXXZ,0x00712270,"gen-dump placeholder superseded by the real identity of these bytes: ?dup_00712270@@YAXXZ, byte-verified from Code/GameEngine/Source/Common/Audio/GameAudio.cpp over the same 11-byte range. The Code/gen_asm/d_006e7d70.asm dump reproduces those bytes but carries no identity."
?d_007122e0@@YAXXZ,0x007122E0,"gen-dump placeholder superseded by the real identity of these bytes: ?dup_007122e0@@YAXXZ, byte-verified from Code/GameEngine/Source/Common/Audio/GameAudio.cpp over the same 11-byte range. The Code/gen_asm/d_006e7d70.asm dump reproduces those bytes but carries no identity."
?d_007122f0@@YAXXZ,0x007122F0,"gen-dump placeholder superseded by the real identity of these bytes: ?dup_007122f0@@YAXXZ, byte-verified from Code/GameEngine/Source/Common/Audio/GameAudio.cpp over the same 11-byte range. The Code/gen_asm/d_006e7d70.asm dump reproduces those bytes but carries no identity."
?d_00712e20@@YAXXZ,0x00712E20,"gen-dump placeholder superseded by the real identity of these bytes: ?dup_00712e20@@YAXXZ, byte-verified from Code/GameEngine/Source/Common/Audio/GameAudio.cpp over the same 15-byte range. The Code/gen_asm/d_006e7d70.asm dump reproduces those bytes but carries no identity."
?d_00717b30@@YAXXZ,0x00717B30,"gen-dump placeholder superseded by the real identity of these bytes: ?dup_00717b30@@YAXXZ, byte-verified from Code/GameEngine/Source/Common/Audio/GameAudio.cpp over the same 23-byte range. The Code/gen_asm/d_006e7d70.asm dump reproduces those bytes but carries no identity."
?d_0073d9e0@@YAXXZ,0x0073D9E0,"gen-dump placeholder superseded by the real identity of these bytes: ?dup_0073d9e0@@YAXXZ, byte-verified from Code/GameEngine/Source/Common/Audio/GameAudio.cpp over the same 23-byte range. The Code/gen_asm/d_00733000.asm dump reproduces those bytes but carries no identity."
?d_007408b0@@YAXXZ,0x007408B0,"gen-dump placeholder superseded by the real identity of these bytes: ?dup_007408b0@@YAXXZ, byte-verified from Code/GameEngine/Source/Common/Audio/GameAudio.cpp over the same 11-byte range. The Code/gen_asm/d_00733000.asm dump reproduces those bytes but carries no identity."
?d_00741d00@@YAXXZ,0x00741D00,"gen-dump placeholder superseded by the real identity of these bytes: ?dup_00741d00@@YAXXZ, byte-verified from Code/GameEngine/Source/Common/Audio/GameAudio.cpp over the same 15-byte range. The Code/gen_asm/d_00733000.asm dump reproduces those bytes but carries no identity."
?d_00749120@@YAXXZ,0x00749120,"gen-dump placeholder superseded by the real identity of these bytes: ?dup_00749120@@YAXXZ, byte-verified from Code/GameEngine/Source/Common/Audio/GameAudio.cpp over the same 23-byte range. The Code/gen_asm/d_00733000.asm dump reproduces those bytes but carries no identity."
?d_00749180@@YAXXZ,0x00749180,"gen-dump placeholder superseded by the real identity of these bytes: ?dup_00749180@@YAXXZ, byte-verified from Code/GameEngine/Source/Common/Audio/GameAudio.cpp over the same 23-byte range. The Code/gen_asm/d_00733000.asm dump reproduces those bytes but carries no identity."
?d_007491e0@@YAXXZ,0x007491E0,"gen-dump placeholder superseded by the real identity of these bytes: ?dup_007491e0@@YAXXZ, byte-verified from Code/GameEngine/Source/Common/Audio/GameAudio.cpp over the same 23-byte range. The Code/gen_asm/d_00733000.asm dump reproduces those bytes but carries no identity."
?d_0074a820@@YAXXZ,0x0074A820,"gen-dump placeholder superseded by the real identity of these bytes: ?dup_0074a820@@YAXXZ, byte-verified from Code/GameEngine/Source/Common/Audio/GameAudio.cpp over the same 11-byte range. The Code/gen_asm/d_00733000.asm dump reproduces those bytes but carries no identity."
?d_0074a870@@YAXXZ,0x0074A870,"gen-dump placeholder superseded by the real identity of these bytes: ?dup_0074a870@@YAXXZ, byte-verified from Code/GameEngine/Source/Common/Audio/GameAudio.cpp over the same 11-byte range. The Code/gen_asm/d_00733000.asm dump reproduces those bytes but carries no identity."
?d_0074a8c0@@YAXXZ,0x0074A8C0,"gen-dump placeholder superseded by the real identity of these bytes: ?dup_0074a8c0@@YAXXZ, byte-verified from Code/GameEngine/Source/Common/Audio/GameAudio.cpp over the same 11-byte range. The Code/gen_asm/d_00733000.asm dump reproduces those bytes but carries no identity."
?d_0074a950@@YAXXZ,0x0074A950,"gen-dump placeholder superseded by the real identity of these bytes: ?dup_0074a950@@YAXXZ, byte-verified from Code/GameEngine/Source/Common/Audio/GameAudio.cpp over the same 11-byte range. The Code/gen_asm/d_00733000.asm dump reproduces those bytes but carries no identity."
?d_0074d520@@YAXXZ,0x0074D520,"gen-dump placeholder superseded by the real identity of these bytes: ?dup_0074d520@@YAXXZ, byte-verified from Code/GameEngine/Source/Common/Audio/GameAudio.cpp over the same 15-byte range. The Code/gen_asm/d_00733000.asm dump reproduces those bytes but carries no identity."
?d_0074d570@@YAXXZ,0x0074D570,"gen-dump placeholder superseded by the real identity of these bytes: ?dup_0074d570@@YAXXZ, byte-verified from Code/GameEngine/Source/Common/Audio/GameAudio.cpp over the same 15-byte range. The Code/gen_asm/d_00733000.asm dump reproduces those bytes but carries no identity."
?d_0074d590@@YAXXZ,0x0074D590,"gen-dump placeholder superseded by the real identity of these bytes: ?dup_0074d590@@YAXXZ, byte-verified from Code/GameEngine/Source/Common/Audio/GameAudio.cpp over the same 15-byte range. The Code/gen_asm/d_00733000.asm dump reproduces those bytes but carries no identity."
?d_00752160@@YAXXZ,0x00752160,"gen-dump placeholder superseded by the real identity of these bytes: ?dup_00752160@@YAXXZ, byte-verified from Code/GameEngine/Source/Common/Audio/GameAudio.cpp over the same 6-byte range. The Code/gen_asm/d_00733000.asm dump reproduces those bytes but carries no identity."
?d_007521d0@@YAXXZ,0x007521D0,"gen-dump placeholder superseded by the real identity of these bytes: ?dup_007521d0@@YAXXZ, byte-verified from Code/GameEngine/Source/Common/Audio/GameAudio.cpp over the same 23-byte range. The Code/gen_asm/d_00733000.asm dump reproduces those bytes but carries no identity."
?d_00752280@@YAXXZ,0x00752280,"gen-dump placeholder superseded by the real identity of these bytes: ?dup_00752280@@YAXXZ, byte-verified from Code/GameEngine/Source/Common/Audio/GameAudio.cpp over the same 23-byte range. The Code/gen_asm/d_00733000.asm dump reproduces those bytes but carries no identity."
?d_007523c0@@YAXXZ,0x007523C0,"gen-dump placeholder superseded by the real identity of these bytes: ?dup_007523c0@@YAXXZ, byte-verified from Code/GameEngine/Source/Common/Audio/GameAudio.cpp over the same 23-byte range. The Code/gen_asm/d_00733000.asm dump reproduces those bytes but carries no identity."
?d_00752460@@YAXXZ,0x00752460,"gen-dump placeholder superseded by the real identity of these bytes: ?dup_00752460@@YAXXZ, byte-verified from Code/GameEngine/Source/Common/Audio/GameAudio.cpp over the same 11-byte range. The Code/gen_asm/d_00733000.asm dump reproduces those bytes but carries no identity."
?d_00752470@@YAXXZ,0x00752470,"gen-dump placeholder superseded by the real identity of these bytes: ?dup_00752470@@YAXXZ, byte-verified from Code/GameEngine/Source/Common/Audio/GameAudio.cpp over the same 13-byte range. The Code/gen_asm/d_00733000.asm dump reproduces those bytes but carries no identity."
?d_007524c0@@YAXXZ,0x007524C0,"gen-dump placeholder superseded by the real identity of these bytes: ?dup_007524c0@@YAXXZ, byte-verified from Code/GameEngine/Source/Common/Audio/GameAudio.cpp over the same 17-byte range. The Code/gen_asm/d_00733000.asm dump reproduces those bytes but carries no identity."
?d_007524f0@@YAXXZ,0x007524F0,"gen-dump placeholder superseded by the real identity of these bytes: ?dup_007524f0@@YAXXZ, byte-verified from Code/GameEngine/Source/Common/Audio/GameAudio.cpp over the same 17-byte range. The Code/gen_asm/d_00733000.asm dump reproduces those bytes but carries no identity."
?d_00752510@@YAXXZ,0x00752510,"gen-dump placeholder superseded by the real identity of these bytes: ?dup_00752510@@YAXXZ, byte-verified from Code/GameEngine/Source/Common/Audio/GameAudio.cpp over the same 29-byte range. The Code/gen_asm/d_00733000.asm dump reproduces those bytes but carries no identity."
?d_00752550@@YAXXZ,0x00752550,"gen-dump placeholder superseded by the real identity of these bytes: ?dup_00752550@@YAXXZ, byte-verified from Code/GameEngine/Source/Common/Audio/GameAudio.cpp over the same 29-byte range. The Code/gen_asm/d_00733000.asm dump reproduces those bytes but carries no identity."
?d_00752690@@YAXXZ,0x00752690,"gen-dump placeholder superseded by the real identity of these bytes: ?dup_00752690@@YAXXZ, byte-verified from Code/GameEngine/Source/Common/Audio/GameAudio.cpp over the same 29-byte range. The Code/gen_asm/d_00733000.asm dump reproduces those bytes but carries no identity."
?d_007530e0@@YAXXZ,0x007530E0,"gen-dump placeholder superseded by the real identity of these bytes: ?dup_007530e0@@YAXXZ, byte-verified from Code/GameEngine/Source/Common/Audio/GameAudio.cpp over the same 11-byte range. The Code/gen_asm/d_00752a20.asm dump reproduces those bytes but carries no identity."
?d_00753150@@YAXXZ,0x00753150,"gen-dump placeholder superseded by the real identity of these bytes: ?dup_00753150@@YAXXZ, byte-verified from Code/GameEngine/Source/Common/Audio/GameAudio.cpp over the same 11-byte range. The Code/gen_asm/d_00752a20.asm dump reproduces those bytes but carries no identity."
?d_00753230@@YAXXZ,0x00753230,"gen-dump placeholder superseded by the real identity of these bytes: ?dup_00753230@@YAXXZ, byte-verified from Code/GameEngine/Source/Common/Audio/GameAudio.cpp over the same 29-byte range. The Code/gen_asm/d_00752a20.asm dump reproduces those bytes but carries no identity."
?d_00753ab0@@YAXXZ,0x00753AB0,"gen-dump placeholder superseded by the real identity of these bytes: ?dup_00753ab0@@YAXXZ, byte-verified from Code/GameEngine/Source/Common/Audio/GameAudio.cpp over the same 15-byte range. The Code/gen_asm/d_00752a20.asm dump reproduces those bytes but carries no identity."
?d_00753ad0@@YAXXZ,0x00753AD0,"gen-dump placeholder superseded by the real identity of these bytes: ?dup_00753ad0@@YAXXZ, byte-verified from Code/GameEngine/Source/Common/Audio/GameAudio.cpp over the same 15-byte range. The Code/gen_asm/d_00752a20.asm dump reproduces those bytes but carries no identity."
?d_00753b30@@YAXXZ,0x00753B30,"gen-dump placeholder superseded by the real identity of these bytes: ?dup_00753b30@@YAXXZ, byte-verified from Code/GameEngine/Source/Common/Audio/GameAudio.cpp over the same 15-byte range. The Code/gen_asm/d_00752a20.asm dump reproduces those bytes but carries no identity."
?d_00756d60@@YAXXZ,0x00756D60,"gen-dump placeholder superseded by the real identity of these bytes: ?dup_00756d60@@YAXXZ, byte-verified from Code/GameEngine/Source/Common/Audio/GameAudio.cpp over the same 23-byte range. The Code/gen_asm/d_00752a20.asm dump reproduces those bytes but carries no identity."
?d_00756ee0@@YAXXZ,0x00756EE0,"gen-dump placeholder superseded by the real identity of these bytes: ?dup_00756ee0@@YAXXZ, byte-verified from Code/GameEngine/Source/Common/Audio/GameAudio.cpp over the same 11-byte range. The Code/gen_asm/d_00752a20.asm dump reproduces those bytes but carries no identity."
?d_007577b0@@YAXXZ,0x007577B0,"gen-dump placeholder superseded by the real identity of these bytes: ?dup_007577b0@@YAXXZ, byte-verified from Code/GameEngine/Source/Common/Audio/GameAudio.cpp over the same 15-byte range. The Code/gen_asm/d_00752a20.asm dump reproduces those bytes but carries no identity."
?d_00759f50@@YAXXZ,0x00759F50,"gen-dump placeholder superseded by the real identity of these bytes: ?dup_00759f50@@YAXXZ, byte-verified from Code/GameEngine/Source/Common/Audio/GameAudio.cpp over the same 23-byte range. The Code/gen_asm/d_00752a20.asm dump reproduces those bytes but carries no identity."
?d_0075a140@@YAXXZ,0x0075A140,"gen-dump placeholder superseded by the real identity of these bytes: ?dup_0075a140@@YAXXZ, byte-verified from Code/GameEngine/Source/Common/Audio/GameAudio.cpp over the same 11-byte range. The Code/gen_asm/d_00752a20.asm dump reproduces those bytes but carries no identity."
?d_0075a210@@YAXXZ,0x0075A210,"gen-dump placeholder superseded by the real identity of these bytes: ?dup_0075a210@@YAXXZ, byte-verified from Code/GameEngine/Source/Common/Audio/GameAudio.cpp over the same 15-byte range. The Code/gen_asm/d_00752a20.asm dump reproduces those bytes but carries no identity."
?d_0075d480@@YAXXZ,0x0075D480,"gen-dump placeholder superseded by the real identity of these bytes: ?dup_0075d480@@YAXXZ, byte-verified from Code/GameEngine/Source/Common/Audio/GameAudio.cpp over the same 13-byte range. The Code/gen_asm/d_00752a20.asm dump reproduces those bytes but carries no identity."
?d_0075d4b0@@YAXXZ,0x0075D4B0,"gen-dump placeholder superseded by the real identity of these bytes: ?dup_0075d4b0@@YAXXZ, byte-verified from Code/GameEngine/Source/Common/Audio/GameAudio.cpp over the same 6-byte range. The Code/gen_asm/d_00752a20.asm dump reproduces those bytes but carries no identity."
?d_0075d4c0@@YAXXZ,0x0075D4C0,"gen-dump placeholder superseded by the real identity of these bytes: ?dup_0075d4c0@@YAXXZ, byte-verified from Code/GameEngine/Source/Common/Audio/GameAudio.cpp over the same 9-byte range. The Code/gen_asm/d_00752a20.asm dump reproduces those bytes but carries no identity."
?d_0075d4d0@@YAXXZ,0x0075D4D0,"gen-dump placeholder superseded by the real identity of these bytes: ?dup_0075d4d0@@YAXXZ, byte-verified from Code/GameEngine/Source/Common/Audio/GameAudio.cpp over the same 13-byte range. The Code/gen_asm/d_00752a20.asm dump reproduces those bytes but carries no identity."
?d_0075d4f0@@YAXXZ,0x0075D4F0,"gen-dump placeholder superseded by the real identity of these bytes: ?dup_0075d4f0@@YAXXZ, byte-verified from Code/GameEngine/Source/Common/Audio/GameAudio.cpp over the same 9-byte range. The Code/gen_asm/d_00752a20.asm dump reproduces those bytes but carries no identity."
?d_0075d500@@YAXXZ,0x0075D500,"gen-dump placeholder superseded by the real identity of these bytes: ?dup_0075d500@@YAXXZ, byte-verified from Code/GameEngine/Source/Common/Audio/GameAudio.cpp over the same 13-byte range. The Code/gen_asm/d_00752a20.asm dump reproduces those bytes but carries no identity."
?d_0075d520@@YAXXZ,0x0075D520,"gen-dump placeholder superseded by the real identity of these bytes: ?dup_0075d520@@YAXXZ, byte-verified from Code/GameEngine/Source/Common/Audio/GameAudio.cpp over the same 9-byte range. The Code/gen_asm/d_00752a20.asm dump reproduces those bytes but carries no identity."
?d_0075d6e0@@YAXXZ,0x0075D6E0,"gen-dump placeholder superseded by the real identity of these bytes: ?dup_0075d6e0@@YAXXZ, byte-verified from Code/GameEngine/Source/Common/Audio/GameAudio.cpp over the same 13-byte range. The Code/gen_asm/d_00752a20.asm dump reproduces those bytes but carries no identity."
?d_0075d700@@YAXXZ,0x0075D700,"gen-dump placeholder superseded by the real identity of these bytes: ?dup_0075d700@@YAXXZ, byte-verified from Code/GameEngine/Source/Common/Audio/GameAudio.cpp over the same 11-byte range. The Code/gen_asm/d_00752a20.asm dump reproduces those bytes but carries no identity."
?d_0075d710@@YAXXZ,0x0075D710,"gen-dump placeholder superseded by the real identity of these bytes: ?dup_0075d710@@YAXXZ, byte-verified from Code/GameEngine/Source/Common/Audio/GameAudio.cpp over the same 11-byte range. The Code/gen_asm/d_00752a20.asm dump reproduces those bytes but carries no identity."
?d_0075d720@@YAXXZ,0x0075D720,"gen-dump placeholder superseded by the real identity of these bytes: ?dup_0075d720@@YAXXZ, byte-verified from Code/GameEngine/Source/Common/Audio/GameAudio.cpp over the same 11-byte range. The Code/gen_asm/d_00752a20.asm dump reproduces those bytes but carries no identity."
?d_0075d730@@YAXXZ,0x0075D730,"gen-dump placeholder superseded by the real identity of these bytes: ?dup_0075d730@@YAXXZ, byte-verified from Code/GameEngine/Source/Common/Audio/GameAudio.cpp over the same 13-byte range. The Code/gen_asm/d_00752a20.asm dump reproduces those bytes but carries no identity."
?d_0075d8b0@@YAXXZ,0x0075D8B0,"gen-dump placeholder superseded by the real identity of these bytes: ?dup_0075d8b0@@YAXXZ, byte-verified from Code/GameEngine/Source/Common/Audio/GameAudio.cpp over the same 23-byte range. The Code/gen_asm/d_00752a20.asm dump reproduces those bytes but carries no identity."
?d_0075d930@@YAXXZ,0x0075D930,"gen-dump placeholder superseded by the real identity of these bytes: ?dup_0075d930@@YAXXZ, byte-verified from Code/GameEngine/Source/Common/Audio/GameAudio.cpp over the same 23-byte range. The Code/gen_asm/d_00752a20.asm dump reproduces those bytes but carries no identity."
?d_0075d9b0@@YAXXZ,0x0075D9B0,"gen-dump placeholder superseded by the real identity of these bytes: ?dup_0075d9b0@@YAXXZ, byte-verified from Code/GameEngine/Source/Common/Audio/GameAudio.cpp over the same 23-byte range. The Code/gen_asm/d_00752a20.asm dump reproduces those bytes but carries no identity."
?d_0075da80@@YAXXZ,0x0075DA80,"gen-dump placeholder superseded by the real identity of these bytes: ?dup_0075da80@@YAXXZ, byte-verified from Code/GameEngine/Source/Common/Audio/GameAudio.cpp over the same 6-byte range. The Code/gen_asm/d_00752a20.asm dump reproduces those bytes but carries no identity."
?d_0075db10@@YAXXZ,0x0075DB10,"gen-dump placeholder superseded by the real identity of these bytes: ?dup_0075db10@@YAXXZ, byte-verified from Code/GameEngine/Source/Common/Audio/GameAudio.cpp over the same 7-byte range. The Code/gen_asm/d_00752a20.asm dump reproduces those bytes but carries no identity."
?d_0075db70@@YAXXZ,0x0075DB70,"gen-dump placeholder superseded by the real identity of these bytes: ?dup_0075db70@@YAXXZ, byte-verified from Code/GameEngine/Source/Common/Audio/GameAudio.cpp over the same 23-byte range. The Code/gen_asm/d_00752a20.asm dump reproduces those bytes but carries no identity."
?d_0075dc20@@YAXXZ,0x0075DC20,"gen-dump placeholder superseded by the real identity of these bytes: ?dup_0075dc20@@YAXXZ, byte-verified from Code/GameEngine/Source/Common/Audio/GameAudio.cpp over the same 23-byte range. The Code/gen_asm/d_00752a20.asm dump reproduces those bytes but carries no identity."
?d_0075dce0@@YAXXZ,0x0075DCE0,"gen-dump placeholder superseded by the real identity of these bytes: ?dup_0075dce0@@YAXXZ, byte-verified from Code/GameEngine/Source/Common/Audio/GameAudio.cpp over the same 23-byte range. The Code/gen_asm/d_00752a20.asm dump reproduces those bytes but carries no identity."
?d_0075dd80@@YAXXZ,0x0075DD80,"gen-dump placeholder superseded by the real identity of these bytes: ?dup_0075dd80@@YAXXZ, byte-verified from Code/GameEngine/Source/Common/Audio/GameAudio.cpp over the same 23-byte range. The Code/gen_asm/d_00752a20.asm dump reproduces those bytes but carries no identity."
?d_0075dda0@@YAXXZ,0x0075DDA0,"gen-dump placeholder superseded by the real identity of these bytes: ?dup_0075dda0@@YAXXZ, byte-verified from Code/GameEngine/Source/Common/Audio/GameAudio.cpp over the same 23-byte range. The Code/gen_asm/d_00752a20.asm dump reproduces those bytes but carries no identity."
?d_0075ddc0@@YAXXZ,0x0075DDC0,"gen-dump placeholder superseded by the real identity of these bytes: ?dup_0075ddc0@@YAXXZ, byte-verified from Code/GameEngine/Source/Common/Audio/GameAudio.cpp over the same 23-byte range. The Code/gen_asm/d_00752a20.asm dump reproduces those bytes but carries no identity."
?d_0075de60@@YAXXZ,0x0075DE60,"gen-dump placeholder superseded by the real identity of these bytes: ?dup_0075de60@@YAXXZ, byte-verified from Code/GameEngine/Source/Common/Audio/GameAudio.cpp over the same 23-byte range. The Code/gen_asm/d_00752a20.asm dump reproduces those bytes but carries no identity."
?d_0075df00@@YAXXZ,0x0075DF00,"gen-dump placeholder superseded by the real identity of these bytes: ?dup_0075df00@@YAXXZ, byte-verified from Code/GameEngine/Source/Common/Audio/GameAudio.cpp over the same 23-byte range. The Code/gen_asm/d_00752a20.asm dump reproduces those bytes but carries no identity."
?d_0075dff0@@YAXXZ,0x0075DFF0,"gen-dump placeholder superseded by the real identity of these bytes: ?dup_0075dff0@@YAXXZ, byte-verified from Code/GameEngine/Source/Common/Audio/GameAudio.cpp over the same 23-byte range. The Code/gen_asm/d_00752a20.asm dump reproduces those bytes but carries no identity."
?d_0075e0a0@@YAXXZ,0x0075E0A0,"gen-dump placeholder superseded by the real identity of these bytes: ?dup_0075e0a0@@YAXXZ, byte-verified from Code/GameEngine/Source/Common/Audio/GameAudio.cpp over the same 6-byte range. The Code/gen_asm/d_00752a20.asm dump reproduces those bytes but carries no identity."
?d_0075e150@@YAXXZ,0x0075E150,"gen-dump placeholder superseded by the real identity of these bytes: ?dup_0075e150@@YAXXZ, byte-verified from Code/GameEngine/Source/Common/Audio/GameAudio.cpp over the same 23-byte range. The Code/gen_asm/d_00752a20.asm dump reproduces those bytes but carries no identity."
?d_0075e1f0@@YAXXZ,0x0075E1F0,"gen-dump placeholder superseded by the real identity of these bytes: ?dup_0075e1f0@@YAXXZ, byte-verified from Code/GameEngine/Source/Common/Audio/GameAudio.cpp over the same 11-byte range. The Code/gen_asm/d_00752a20.asm dump reproduces those bytes but carries no identity."
?d_0075e200@@YAXXZ,0x0075E200,"gen-dump placeholder superseded by the real identity of these bytes: ?dup_0075e200@@YAXXZ, byte-verified from Code/GameEngine/Source/Common/Audio/GameAudio.cpp over the same 11-byte range. The Code/gen_asm/d_00752a20.asm dump reproduces those bytes but carries no identity."
?d_0075e3a0@@YAXXZ,0x0075E3A0,"gen-dump placeholder superseded by the real identity of these bytes: ?dup_0075e3a0@@YAXXZ, byte-verified from Code/GameEngine/Source/Common/Audio/GameAudio.cpp over the same 7-byte range. The Code/gen_asm/d_00752a20.asm dump reproduces those bytes but carries no identity."
?d_0075e680@@YAXXZ,0x0075E680,"gen-dump placeholder superseded by the real identity of these bytes: ?dup_0075e680@@YAXXZ, byte-verified from Code/GameEngine/Source/Common/Audio/GameAudio.cpp over the same 15-byte range. The Code/gen_asm/d_00752a20.asm dump reproduces those bytes but carries no identity."
?d_0075e6a0@@YAXXZ,0x0075E6A0,"gen-dump placeholder superseded by the real identity of these bytes: ?dup_0075e6a0@@YAXXZ, byte-verified from Code/GameEngine/Source/Common/Audio/GameAudio.cpp over the same 13-byte range. The Code/gen_asm/d_00752a20.asm dump reproduces those bytes but carries no identity."
?d_0075e6c0@@YAXXZ,0x0075E6C0,"gen-dump placeholder superseded by the real identity of these bytes: ?dup_0075e6c0@@YAXXZ, byte-verified from Code/GameEngine/Source/Common/Audio/GameAudio.cpp over the same 15-byte range. The Code/gen_asm/d_00752a20.asm dump reproduces those bytes but carries no identity."
?d_0075e6e0@@YAXXZ,0x0075E6E0,"gen-dump placeholder superseded by the real identity of these bytes: ?dup_0075e6e0@@YAXXZ, byte-verified from Code/GameEngine/Source/Common/Audio/GameAudio.cpp over the same 11-byte range. The Code/gen_asm/d_00752a20.asm dump reproduces those bytes but carries no identity."
?d_0075e730@@YAXXZ,0x0075E730,"gen-dump placeholder superseded by the real identity of these bytes: ?dup_0075e730@@YAXXZ, byte-verified from Code/GameEngine/Source/Common/Audio/GameAudio.cpp over the same 7-byte range. The Code/gen_asm/d_00752a20.asm dump reproduces those bytes but carries no identity."
?d_0075e770@@YAXXZ,0x0075E770,"gen-dump placeholder superseded by the real identity of these bytes: ?dup_0075e770@@YAXXZ, byte-verified from Code/GameEngine/Source/Common/Audio/GameAudio.cpp over the same 23-byte range. The Code/gen_asm/d_00752a20.asm dump reproduces those bytes but carries no identity."
?d_0075eed0@@YAXXZ,0x0075EED0,"gen-dump placeholder superseded by the real identity of these bytes: ?dup_0075eed0@@YAXXZ, byte-verified from Code/GameEngine/Source/Common/Audio/GameAudio.cpp over the same 17-byte range. The Code/gen_asm/d_00752a20.asm dump reproduces those bytes but carries no identity."
?d_007609f0@@YAXXZ,0x007609F0,"gen-dump placeholder superseded by the real identity of these bytes: ?dup_007609f0@@YAXXZ, byte-verified from Code/GameEngine/Source/Common/Audio/GameAudio.cpp over the same 13-byte range. The Code/gen_asm/d_00752a20.asm dump reproduces those bytes but carries no identity."
?d_00760a20@@YAXXZ,0x00760A20,"gen-dump placeholder superseded by the real identity of these bytes: ?dup_00760a20@@YAXXZ, byte-verified from Code/GameEngine/Source/Common/Audio/GameAudio.cpp over the same 11-byte range. The Code/gen_asm/d_00752a20.asm dump reproduces those bytes but carries no identity."
?d_00760a70@@YAXXZ,0x00760A70,"gen-dump placeholder superseded by the real identity of these bytes: ?dup_00760a70@@YAXXZ, byte-verified from Code/GameEngine/Source/Common/Audio/GameAudio.cpp over the same 13-byte range. The Code/gen_asm/d_00752a20.asm dump reproduces those bytes but carries no identity."
?d_00760ad0@@YAXXZ,0x00760AD0,"gen-dump placeholder superseded by the real identity of these bytes: ?dup_00760ad0@@YAXXZ, byte-verified from Code/GameEngine/Source/Common/Audio/GameAudio.cpp over the same 7-byte range. The Code/gen_asm/d_00752a20.asm dump reproduces those bytes but carries no identity."
?d_00760da0@@YAXXZ,0x00760DA0,"gen-dump placeholder superseded by the real identity of these bytes: ?dup_00760da0@@YAXXZ, byte-verified from Code/GameEngine/Source/Common/Audio/GameAudio.cpp over the same 7-byte range. The Code/gen_asm/d_00752a20.asm dump reproduces those bytes but carries no identity."
?d_00760db0@@YAXXZ,0x00760DB0,"gen-dump placeholder superseded by the real identity of these bytes: ?dup_00760db0@@YAXXZ, byte-verified from Code/GameEngine/Source/Common/Audio/GameAudio.cpp over the same 11-byte range. The Code/gen_asm/d_00752a20.asm dump reproduces those bytes but carries no identity."
?d_00761010@@YAXXZ,0x00761010,"gen-dump placeholder superseded by the real identity of these bytes: ?dup_00761010@@YAXXZ, byte-verified from Code/GameEngine/Source/Common/Audio/GameAudio.cpp over the same 11-byte range. The Code/gen_asm/d_00752a20.asm dump reproduces those bytes but carries no identity."
?d_007611b0@@YAXXZ,0x007611B0,"gen-dump placeholder superseded by the real identity of these bytes: ?dup_007611b0@@YAXXZ, byte-verified from Code/GameEngine/Source/Common/Audio/GameAudio.cpp over the same 11-byte range. The Code/gen_asm/d_0075fb90.asm dump reproduces those bytes but carries no identity."
?d_007611c0@@YAXXZ,0x007611C0,"gen-dump placeholder superseded by the real identity of these bytes: ?dup_007611c0@@YAXXZ, byte-verified from Code/GameEngine/Source/Common/Audio/GameAudio.cpp over the same 7-byte range. The Code/gen_asm/d_00752a20.asm dump reproduces those bytes but carries no identity."
?d_007611d0@@YAXXZ,0x007611D0,"gen-dump placeholder superseded by the real identity of these bytes: ?dup_007611d0@@YAXXZ, byte-verified from Code/GameEngine/Source/Common/Audio/GameAudio.cpp over the same 11-byte range. The Code/gen_asm/d_00752a20.asm dump reproduces those bytes but carries no identity."
?d_007611f0@@YAXXZ,0x007611F0,"gen-dump placeholder superseded by the real identity of these bytes: ?dup_007611f0@@YAXXZ, byte-verified from Code/GameEngine/Source/Common/Audio/GameAudio.cpp over the same 11-byte range. The Code/gen_asm/d_00752a20.asm dump reproduces those bytes but carries no identity."
?d_00761200@@YAXXZ,0x00761200,"gen-dump placeholder superseded by the real identity of these bytes: ?dup_00761200@@YAXXZ, byte-verified from Code/GameEngine/Source/Common/Audio/GameAudio.cpp over the same 11-byte range. The Code/gen_asm/d_00752a20.asm dump reproduces those bytes but carries no identity."
?d_00761210@@YAXXZ,0x00761210,"gen-dump placeholder superseded by the real identity of these bytes: ?dup_00761210@@YAXXZ, byte-verified from Code/GameEngine/Source/Common/Audio/GameAudio.cpp over the same 11-byte range. The Code/gen_asm/d_00752a20.asm dump reproduces those bytes but carries no identity."
?d_00761220@@YAXXZ,0x00761220,"gen-dump placeholder superseded by the real identity of these bytes: ?dup_00761220@@YAXXZ, byte-verified from Code/GameEngine/Source/Common/Audio/GameAudio.cpp over the same 11-byte range. The Code/gen_asm/d_00752a20.asm dump reproduces those bytes but carries no identity."
?d_00761230@@YAXXZ,0x00761230,"gen-dump placeholder superseded by the real identity of these bytes: ?dup_00761230@@YAXXZ, byte-verified from Code/GameEngine/Source/Common/Audio/GameAudio.cpp over the same 11-byte range. The Code/gen_asm/d_00752a20.asm dump reproduces those bytes but carries no identity."
?d_00761240@@YAXXZ,0x00761240,"gen-dump placeholder superseded by the real identity of these bytes: ?dup_00761240@@YAXXZ, byte-verified from Code/GameEngine/Source/Common/Audio/GameAudio.cpp over the same 11-byte range. The Code/gen_asm/d_00752a20.asm dump reproduces those bytes but carries no identity."
?d_00761270@@YAXXZ,0x00761270,"gen-dump placeholder superseded by the real identity of these bytes: ?dup_00761270@@YAXXZ, byte-verified from Code/GameEngine/Source/Common/Audio/GameAudio.cpp over the same 11-byte range. The Code/gen_asm/d_00752a20.asm dump reproduces those bytes but carries no identity."
?d_00761280@@YAXXZ,0x00761280,"gen-dump placeholder superseded by the real identity of these bytes: ?dup_00761280@@YAXXZ, byte-verified from Code/GameEngine/Source/Common/Audio/GameAudio.cpp over the same 11-byte range. The Code/gen_asm/d_00752a20.asm dump reproduces those bytes but carries no identity."
?d_00761290@@YAXXZ,0x00761290,"gen-dump placeholder superseded by the real identity of these bytes: ?dup_00761290@@YAXXZ, byte-verified from Code/GameEngine/Source/Common/Audio/GameAudio.cpp over the same 11-byte range. The Code/gen_asm/d_00752a20.asm dump reproduces those bytes but carries no identity."
?d_007612a0@@YAXXZ,0x007612A0,"gen-dump placeholder superseded by the real identity of these bytes: ?dup_007612a0@@YAXXZ, byte-verified from Code/GameEngine/Source/Common/Audio/GameAudio.cpp over the same 11-byte range. The Code/gen_asm/d_00752a20.asm dump reproduces those bytes but carries no identity."
?d_00764960@@YAXXZ,0x00764960,"gen-dump placeholder superseded by the real identity of these bytes: ?dup_00764960@@YAXXZ, byte-verified from Code/GameEngine/Source/Common/Audio/GameAudio.cpp over the same 15-byte range. The Code/gen_asm/d_00752a20.asm dump reproduces those bytes but carries no identity."
?d_00764980@@YAXXZ,0x00764980,"gen-dump placeholder superseded by the real identity of these bytes: ?dup_00764980@@YAXXZ, byte-verified from Code/GameEngine/Source/Common/Audio/GameAudio.cpp over the same 15-byte range. The Code/gen_asm/d_00752a20.asm dump reproduces those bytes but carries no identity."
?d_007649a0@@YAXXZ,0x007649A0,"gen-dump placeholder superseded by the real identity of these bytes: ?dup_007649a0@@YAXXZ, byte-verified from Code/GameEngine/Source/Common/Audio/GameAudio.cpp over the same 15-byte range. The Code/gen_asm/d_00752a20.asm dump reproduces those bytes but carries no identity."
?d_007649c0@@YAXXZ,0x007649C0,"gen-dump placeholder superseded by the real identity of these bytes: ?dup_007649c0@@YAXXZ, byte-verified from Code/GameEngine/Source/Common/Audio/GameAudio.cpp over the same 11-byte range. The Code/gen_asm/d_00752a20.asm dump reproduces those bytes but carries no identity."
?d_007649f0@@YAXXZ,0x007649F0,"gen-dump placeholder superseded by the real identity of these bytes: ?dup_007649f0@@YAXXZ, byte-verified from Code/GameEngine/Source/Common/Audio/GameAudio.cpp over the same 11-byte range. The Code/gen_asm/d_00752a20.asm dump reproduces those bytes but carries no identity."
?d_007683f0@@YAXXZ,0x007683F0,"gen-dump placeholder superseded by the real identity of these bytes: ?dup_007683f0@@YAXXZ, byte-verified from Code/GameEngine/Source/Common/Audio/GameAudio.cpp over the same 15-byte range. The Code/gen_asm/d_00752a20.asm dump reproduces those bytes but carries no identity."
?d_00768410@@YAXXZ,0x00768410,"gen-dump placeholder superseded by the real identity of these bytes: ?dup_00768410@@YAXXZ, byte-verified from Code/GameEngine/Source/Common/Audio/GameAudio.cpp over the same 15-byte range. The Code/gen_asm/d_00752a20.asm dump reproduces those bytes but carries no identity."
?d_00768430@@YAXXZ,0x00768430,"gen-dump placeholder superseded by the real identity of these bytes: ?dup_00768430@@YAXXZ, byte-verified from Code/GameEngine/Source/Common/Audio/GameAudio.cpp over the same 15-byte range. The Code/gen_asm/d_00752a20.asm dump reproduces those bytes but carries no identity."
?d_00768450@@YAXXZ,0x00768450,"gen-dump placeholder superseded by the real identity of these bytes: ?dup_00768450@@YAXXZ, byte-verified from Code/GameEngine/Source/Common/Audio/GameAudio.cpp over the same 15-byte range. The Code/gen_asm/d_00752a20.asm dump reproduces those bytes but carries no identity."
?d_00768470@@YAXXZ,0x00768470,"gen-dump placeholder superseded by the real identity of these bytes: ?dup_00768470@@YAXXZ, byte-verified from Code/GameEngine/Source/Common/Audio/GameAudio.cpp over the same 15-byte range. The Code/gen_asm/d_00752a20.asm dump reproduces those bytes but carries no identity."
?d_00768490@@YAXXZ,0x00768490,"gen-dump placeholder superseded by the real identity of these bytes: ?dup_00768490@@YAXXZ, byte-verified from Code/GameEngine/Source/Common/Audio/GameAudio.cpp over the same 15-byte range. The Code/gen_asm/d_00752a20.asm dump reproduces those bytes but carries no identity."
?d_007684b0@@YAXXZ,0x007684B0,"gen-dump placeholder superseded by the real identity of these bytes: ?dup_007684b0@@YAXXZ, byte-verified from Code/GameEngine/Source/Common/Audio/GameAudio.cpp over the same 15-byte range. The Code/gen_asm/d_00752a20.asm dump reproduces those bytes but carries no identity."
?d_007684d0@@YAXXZ,0x007684D0,"gen-dump placeholder superseded by the real identity of these bytes: ?dup_007684d0@@YAXXZ, byte-verified from Code/GameEngine/Source/Common/Audio/GameAudio.cpp over the same 15-byte range. The Code/gen_asm/d_00752a20.asm dump reproduces those bytes but carries no identity."
?d_007685b0@@YAXXZ,0x007685B0,"gen-dump placeholder superseded by the real identity of these bytes: ?dup_007685b0@@YAXXZ, byte-verified from Code/GameEngine/Source/Common/Audio/GameAudio.cpp over the same 15-byte range. The Code/gen_asm/d_00752a20.asm dump reproduces those bytes but carries no identity."
?d_00782c20@@YAXXZ,0x00782C20,"gen-dump placeholder superseded by the real identity of these bytes: ?dup_00782c20@@YAXXZ, byte-verified from Code/GameEngine/Source/Common/Audio/GameAudio.cpp over the same 18-byte range. The Code/gen_asm/d_00770ed0.asm dump reproduces those bytes but carries no identity."
?d_00783980@@YAXXZ,0x00783980,"gen-dump placeholder superseded by the real identity of these bytes: ?dup_00783980@@YAXXZ, byte-verified from Code/GameEngine/Source/Common/Audio/GameAudio.cpp over the same 6-byte range. The Code/gen_asm/d_00770ed0.asm dump reproduces those bytes but carries no identity."
?d_00783990@@YAXXZ,0x00783990,"gen-dump placeholder superseded by the real identity of these bytes: ?dup_00783990@@YAXXZ, byte-verified from Code/GameEngine/Source/Common/Audio/GameAudio.cpp over the same 9-byte range. The Code/gen_asm/d_00770ed0.asm dump reproduces those bytes but carries no identity."
?d_00783a80@@YAXXZ,0x00783A80,"gen-dump placeholder superseded by the real identity of these bytes: ?dup_00783a80@@YAXXZ, byte-verified from Code/GameEngine/Source/Common/Audio/GameAudio.cpp over the same 11-byte range. The Code/gen_asm/d_00770ed0.asm dump reproduces those bytes but carries no identity."
?d_00783a90@@YAXXZ,0x00783A90,"gen-dump placeholder superseded by the real identity of these bytes: ?dup_00783a90@@YAXXZ, byte-verified from Code/GameEngine/Source/Common/Audio/GameAudio.cpp over the same 13-byte range. The Code/gen_asm/d_00770ed0.asm dump reproduces those bytes but carries no identity."
?d_00783af0@@YAXXZ,0x00783AF0,"gen-dump placeholder superseded by the real identity of these bytes: ?dup_00783af0@@YAXXZ, byte-verified from Code/GameEngine/Source/Common/Audio/GameAudio.cpp over the same 23-byte range. The Code/gen_asm/d_00770ed0.asm dump reproduces those bytes but carries no identity."
?d_00783b10@@YAXXZ,0x00783B10,"gen-dump placeholder superseded by the real identity of these bytes: ?dup_00783b10@@YAXXZ, byte-verified from Code/GameEngine/Source/Common/Audio/GameAudio.cpp over the same 23-byte range. The Code/gen_asm/d_00770ed0.asm dump reproduces those bytes but carries no identity."
?d_00783b30@@YAXXZ,0x00783B30,"gen-dump placeholder superseded by the real identity of these bytes: ?dup_00783b30@@YAXXZ, byte-verified from Code/GameEngine/Source/Common/Audio/GameAudio.cpp over the same 23-byte range. The Code/gen_asm/d_00770ed0.asm dump reproduces those bytes but carries no identity."
?d_00783bb0@@YAXXZ,0x00783BB0,"gen-dump placeholder superseded by the real identity of these bytes: ?dup_00783bb0@@YAXXZ, byte-verified from Code/GameEngine/Source/Common/Audio/GameAudio.cpp over the same 18-byte range. The Code/gen_asm/d_00770ed0.asm dump reproduces those bytes but carries no identity."
?d_00783be0@@YAXXZ,0x00783BE0,"gen-dump placeholder superseded by the real identity of these bytes: ?dup_00783be0@@YAXXZ, byte-verified from Code/GameEngine/Source/Common/Audio/GameAudio.cpp over the same 18-byte range. The Code/gen_asm/d_00770ed0.asm dump reproduces those bytes but carries no identity."
?d_00783c00@@YAXXZ,0x00783C00,"gen-dump placeholder superseded by the real identity of these bytes: ?dup_00783c00@@YAXXZ, byte-verified from Code/GameEngine/Source/Common/Audio/GameAudio.cpp over the same 18-byte range. The Code/gen_asm/d_00770ed0.asm dump reproduces those bytes but carries no identity."
?d_00783c20@@YAXXZ,0x00783C20,"gen-dump placeholder superseded by the real identity of these bytes: ?dup_00783c20@@YAXXZ, byte-verified from Code/GameEngine/Source/Common/Audio/GameAudio.cpp over the same 18-byte range. The Code/gen_asm/d_00770ed0.asm dump reproduces those bytes but carries no identity."
?d_00783c40@@YAXXZ,0x00783C40,"gen-dump placeholder superseded by the real identity of these bytes: ?dup_00783c40@@YAXXZ, byte-verified from Code/GameEngine/Source/Common/Audio/GameAudio.cpp over the same 17-byte range. The Code/gen_asm/d_00770ed0.asm dump reproduces those bytes but carries no identity."
?d_00783c60@@YAXXZ,0x00783C60,"gen-dump placeholder superseded by the real identity of these bytes: ?dup_00783c60@@YAXXZ, byte-verified from Code/GameEngine/Source/Common/Audio/GameAudio.cpp over the same 29-byte range. The Code/gen_asm/d_00770ed0.asm dump reproduces those bytes but carries no identity."
?d_00783d30@@YAXXZ,0x00783D30,"gen-dump placeholder superseded by the real identity of these bytes: ?dup_00783d30@@YAXXZ, byte-verified from Code/GameEngine/Source/Common/Audio/GameAudio.cpp over the same 17-byte range. The Code/gen_asm/d_00770ed0.asm dump reproduces those bytes but carries no identity."
?d_00783dd0@@YAXXZ,0x00783DD0,"gen-dump placeholder superseded by the real identity of these bytes: ?dup_00783dd0@@YAXXZ, byte-verified from Code/GameEngine/Source/Common/Audio/GameAudio.cpp over the same 7-byte range. The Code/gen_asm/d_00770ed0.asm dump reproduces those bytes but carries no identity."
?d_00783de0@@YAXXZ,0x00783DE0,"gen-dump placeholder superseded by the real identity of these bytes: ?dup_00783de0@@YAXXZ, byte-verified from Code/GameEngine/Source/Common/Audio/GameAudio.cpp over the same 7-byte range. The Code/gen_asm/d_00770ed0.asm dump reproduces those bytes but carries no identity."
?d_00783e30@@YAXXZ,0x00783E30,"gen-dump placeholder superseded by the real identity of these bytes: ?dup_00783e30@@YAXXZ, byte-verified from Code/GameEngine/Source/Common/Audio/GameAudio.cpp over the same 22-byte range. The Code/gen_asm/d_00770ed0.asm dump reproduces those bytes but carries no identity."
?d_00783e50@@YAXXZ,0x00783E50,"gen-dump placeholder superseded by the real identity of these bytes: ?dup_00783e50@@YAXXZ, byte-verified from Code/GameEngine/Source/Common/Audio/GameAudio.cpp over the same 22-byte range. The Code/gen_asm/d_00770ed0.asm dump reproduces those bytes but carries no identity."
?d_00783e90@@YAXXZ,0x00783E90,"gen-dump placeholder superseded by the real identity of these bytes: ?dup_00783e90@@YAXXZ, byte-verified from Code/GameEngine/Source/Common/Audio/GameAudio.cpp over the same 10-byte range. The Code/gen_asm/d_00770ed0.asm dump reproduces those bytes but carries no identity."
?d_00783ec0@@YAXXZ,0x00783EC0,"gen-dump placeholder superseded by the real identity of these bytes: ?dup_00783ec0@@YAXXZ, byte-verified from Code/GameEngine/Source/Common/Audio/GameAudio.cpp over the same 19-byte range. The Code/gen_asm/d_00770ed0.asm dump reproduces those bytes but carries no identity."
?d_00783ee0@@YAXXZ,0x00783EE0,"gen-dump placeholder superseded by the real identity of these bytes: ?dup_00783ee0@@YAXXZ, byte-verified from Code/GameEngine/Source/Common/Audio/GameAudio.cpp over the same 10-byte range. The Code/gen_asm/d_00770ed0.asm dump reproduces those bytes but carries no identity."
?d_00783f10@@YAXXZ,0x00783F10,"gen-dump placeholder superseded by the real identity of these bytes: ?dup_00783f10@@YAXXZ, byte-verified from Code/GameEngine/Source/Common/Audio/GameAudio.cpp over the same 19-byte range. The Code/gen_asm/d_00770ed0.asm dump reproduces those bytes but carries no identity."
?d_00784be0@@YAXXZ,0x00784BE0,"gen-dump placeholder superseded by the real identity of these bytes: ?dup_00784be0@@YAXXZ, byte-verified from Code/GameEngine/Source/Common/Audio/GameAudio.cpp over the same 11-byte range. The Code/gen_asm/d_00770ed0.asm dump reproduces those bytes but carries no identity."
?d_00784c70@@YAXXZ,0x00784C70,"gen-dump placeholder superseded by the real identity of these bytes: ?dup_00784c70@@YAXXZ, byte-verified from Code/GameEngine/Source/Common/Audio/GameAudio.cpp over the same 11-byte range. The Code/gen_asm/d_00770ed0.asm dump reproduces those bytes but carries no identity."
?d_00784c80@@YAXXZ,0x00784C80,"gen-dump placeholder superseded by the real identity of these bytes: ?dup_00784c80@@YAXXZ, byte-verified from Code/GameEngine/Source/Common/Audio/GameAudio.cpp over the same 11-byte range. The Code/gen_asm/d_00770ed0.asm dump reproduces those bytes but carries no identity."
?d_00784c90@@YAXXZ,0x00784C90,"gen-dump placeholder superseded by the real identity of these bytes: ?dup_00784c90@@YAXXZ, byte-verified from Code/GameEngine/Source/Common/Audio/GameAudio.cpp over the same 11-byte range. The Code/gen_asm/d_00770ed0.asm dump reproduces those bytes but carries no identity."
?d_00784ca0@@YAXXZ,0x00784CA0,"gen-dump placeholder superseded by the real identity of these bytes: ?dup_00784ca0@@YAXXZ, byte-verified from Code/GameEngine/Source/Common/Audio/GameAudio.cpp over the same 18-byte range. The Code/gen_asm/d_00770ed0.asm dump reproduces those bytes but carries no identity."
?d_00784cc0@@YAXXZ,0x00784CC0,"gen-dump placeholder superseded by the real identity of these bytes: ?dup_00784cc0@@YAXXZ, byte-verified from Code/GameEngine/Source/Common/Audio/GameAudio.cpp over the same 11-byte range. The Code/gen_asm/d_00770ed0.asm dump reproduces those bytes but carries no identity."
?d_00784d50@@YAXXZ,0x00784D50,"gen-dump placeholder superseded by the real identity of these bytes: ?dup_00784d50@@YAXXZ, byte-verified from Code/GameEngine/Source/Common/Audio/GameAudio.cpp over the same 18-byte range. The Code/gen_asm/d_00770ed0.asm dump reproduces those bytes but carries no identity."
?d_00785c20@@YAXXZ,0x00785C20,"gen-dump placeholder superseded by the real identity of these bytes: ?dup_00785c20@@YAXXZ, byte-verified from Code/GameEngine/Source/Common/Audio/GameAudio.cpp over the same 16-byte range. The Code/gen_asm/d_00770ed0.asm dump reproduces those bytes but carries no identity."
?d_00785c40@@YAXXZ,0x00785C40,"gen-dump placeholder superseded by the real identity of these bytes: ?dup_00785c40@@YAXXZ, byte-verified from Code/GameEngine/Source/Common/Audio/GameAudio.cpp over the same 16-byte range. The Code/gen_asm/d_00770ed0.asm dump reproduces those bytes but carries no identity."
?d_00786320@@YAXXZ,0x00786320,"gen-dump placeholder superseded by the real identity of these bytes: ?dup_00786320@@YAXXZ, byte-verified from Code/GameEngine/Source/Common/Audio/GameAudio.cpp over the same 15-byte range. The Code/gen_asm/d_00770ed0.asm dump reproduces those bytes but carries no identity."
?d_00786380@@YAXXZ,0x00786380,"gen-dump placeholder superseded by the real identity of these bytes: ?dup_00786380@@YAXXZ, byte-verified from Code/GameEngine/Source/Common/Audio/GameAudio.cpp over the same 15-byte range. The Code/gen_asm/d_00770ed0.asm dump reproduces those bytes but carries no identity."
?d_007863a0@@YAXXZ,0x007863A0,"gen-dump placeholder superseded by the real identity of these bytes: ?dup_007863a0@@YAXXZ, byte-verified from Code/GameEngine/Source/Common/Audio/GameAudio.cpp over the same 15-byte range. The Code/gen_asm/d_00770ed0.asm dump reproduces those bytes but carries no identity."
?d_007863c0@@YAXXZ,0x007863C0,"gen-dump placeholder superseded by the real identity of these bytes: ?dup_007863c0@@YAXXZ, byte-verified from Code/GameEngine/Source/Common/Audio/GameAudio.cpp over the same 16-byte range. The Code/gen_asm/d_00770ed0.asm dump reproduces those bytes but carries no identity."
?d_00786430@@YAXXZ,0x00786430,"gen-dump placeholder superseded by the real identity of these bytes: ?dup_00786430@@YAXXZ, byte-verified from Code/GameEngine/Source/Common/Audio/GameAudio.cpp over the same 16-byte range. The Code/gen_asm/d_00770ed0.asm dump reproduces those bytes but carries no identity."
?d_0078aeb0@@YAXXZ,0x0078AEB0,"gen-dump placeholder superseded by the real identity of these bytes: ?dup_0078aeb0@@YAXXZ, byte-verified from Code/GameEngine/Source/Common/Audio/GameAudio.cpp over the same 22-byte range. The Code/gen_asm/d_00770ed0.asm dump reproduces those bytes but carries no identity."
?d_0079fde0@@YAXXZ,0x0079FDE0,"gen-dump placeholder superseded by the real identity of these bytes: ?dup_0079fde0@@YAXXZ, byte-verified from Code/GameEngine/Source/Common/Audio/GameAudio.cpp over the same 13-byte range. The Code/gen_asm/d_00770ed0.asm dump reproduces those bytes but carries no identity."
?d_0079fe00@@YAXXZ,0x0079FE00,"gen-dump placeholder superseded by the real identity of these bytes: ?dup_0079fe00@@YAXXZ, byte-verified from Code/GameEngine/Source/Common/Audio/GameAudio.cpp over the same 15-byte range. The Code/gen_asm/d_00770ed0.asm dump reproduces those bytes but carries no identity."
?d_0079fe60@@YAXXZ,0x0079FE60,"gen-dump placeholder superseded by the real identity of these bytes: ?dup_0079fe60@@YAXXZ, byte-verified from Code/GameEngine/Source/Common/Audio/GameAudio.cpp over the same 19-byte range. The Code/gen_asm/d_00770ed0.asm dump reproduces those bytes but carries no identity."
?d_0079fe80@@YAXXZ,0x0079FE80,"gen-dump placeholder superseded by the real identity of these bytes: ?dup_0079fe80@@YAXXZ, byte-verified from Code/GameEngine/Source/Common/Audio/GameAudio.cpp over the same 11-byte range. The Code/gen_asm/d_00770ed0.asm dump reproduces those bytes but carries no identity."
?d_0079fee0@@YAXXZ,0x0079FEE0,"gen-dump placeholder superseded by the real identity of these bytes: ?dup_0079fee0@@YAXXZ, byte-verified from Code/GameEngine/Source/Common/Audio/GameAudio.cpp over the same 11-byte range. The Code/gen_asm/d_00770ed0.asm dump reproduces those bytes but carries no identity."
?d_007a0170@@YAXXZ,0x007A0170,"gen-dump placeholder superseded by the real identity of these bytes: ?dup_007a0170@@YAXXZ, byte-verified from Code/GameEngine/Source/Common/Audio/GameAudio.cpp over the same 17-byte range. The Code/gen_asm/d_00770ed0.asm dump reproduces those bytes but carries no identity."
?d_007a0210@@YAXXZ,0x007A0210,"gen-dump placeholder superseded by the real identity of these bytes: ?dup_007a0210@@YAXXZ, byte-verified from Code/GameEngine/Source/Common/Audio/GameAudio.cpp over the same 10-byte range. The Code/gen_asm/d_00770ed0.asm dump reproduces those bytes but carries no identity."
?d_007a0250@@YAXXZ,0x007A0250,"gen-dump placeholder superseded by the real identity of these bytes: ?dup_007a0250@@YAXXZ, byte-verified from Code/GameEngine/Source/Common/Audio/GameAudio.cpp over the same 9-byte range. The Code/gen_asm/d_00770ed0.asm dump reproduces those bytes but carries no identity."
?d_007a0460@@YAXXZ,0x007A0460,"gen-dump placeholder superseded by the real identity of these bytes: ?dup_007a0460@@YAXXZ, byte-verified from Code/GameEngine/Source/Common/Audio/GameAudio.cpp over the same 16-byte range. The Code/gen_asm/d_00770ed0.asm dump reproduces those bytes but carries no identity."
?d_007a0c30@@YAXXZ,0x007A0C30,"gen-dump placeholder superseded by the real identity of these bytes: ?dup_007a0c30@@YAXXZ, byte-verified from Code/GameEngine/Source/Common/Audio/GameAudio.cpp over the same 13-byte range. The Code/gen_asm/d_00770ed0.asm dump reproduces those bytes but carries no identity."
?d_007a0c90@@YAXXZ,0x007A0C90,"gen-dump placeholder superseded by the real identity of these bytes: ?dup_007a0c90@@YAXXZ, byte-verified from Code/GameEngine/Source/Common/Audio/GameAudio.cpp over the same 13-byte range. The Code/gen_asm/d_00770ed0.asm dump reproduces those bytes but carries no identity."
?d_007a0cf0@@YAXXZ,0x007A0CF0,"gen-dump placeholder superseded by the real identity of these bytes: ?dup_007a0cf0@@YAXXZ, byte-verified from Code/GameEngine/Source/Common/Audio/GameAudio.cpp over the same 11-byte range. The Code/gen_asm/d_00770ed0.asm dump reproduces those bytes but carries no identity."
?d_007a4670@@YAXXZ,0x007A4670,"gen-dump placeholder superseded by the real identity of these bytes: ?dup_007a4670@@YAXXZ, byte-verified from Code/GameEngine/Source/Common/Audio/GameAudio.cpp over the same 78-byte range. The Code/gen_asm/d_00770ed0.asm dump reproduces those bytes but carries no identity."
?d_007a7d50@@YAXXZ,0x007A7D50,"gen-dump placeholder superseded by the real identity of these bytes: ?dup_007a7d50@@YAXXZ, byte-verified from Code/GameEngine/Source/Common/Audio/GameAudio.cpp over the same 15-byte range. The Code/gen_asm/d_00770ed0.asm dump reproduces those bytes but carries no identity."
?d_007af090@@YAXXZ,0x007AF090,"gen-dump placeholder superseded by the real identity of these bytes: ?dup_007af090@@YAXXZ, byte-verified from Code/GameEngine/Source/Common/Audio/GameAudio.cpp over the same 6-byte range. The Code/gen_asm/d_00770ed0.asm dump reproduces those bytes but carries no identity."
?d_007af0a0@@YAXXZ,0x007AF0A0,"gen-dump placeholder superseded by the real identity of these bytes: ?dup_007af0a0@@YAXXZ, byte-verified from Code/GameEngine/Source/Common/Audio/GameAudio.cpp over the same 9-byte range. The Code/gen_asm/d_00770ed0.asm dump reproduces those bytes but carries no identity."
?d_007af0d0@@YAXXZ,0x007AF0D0,"gen-dump placeholder superseded by the real identity of these bytes: ?dup_007af0d0@@YAXXZ, byte-verified from Code/GameEngine/Source/Common/Audio/GameAudio.cpp over the same 11-byte range. The Code/gen_asm/d_00770ed0.asm dump reproduces those bytes but carries no identity."
?d_007af1b0@@YAXXZ,0x007AF1B0,"gen-dump placeholder superseded by the real identity of these bytes: ?dup_007af1b0@@YAXXZ, byte-verified from Code/GameEngine/Source/Common/Audio/GameAudio.cpp over the same 17-byte range. The Code/gen_asm/d_00770ed0.asm dump reproduces those bytes but carries no identity."
?d_007b1210@@YAXXZ,0x007B1210,"gen-dump placeholder superseded by the real identity of these bytes: ?dup_007b1210@@YAXXZ, byte-verified from Code/GameEngine/Source/Common/Audio/GameAudio.cpp over the same 13-byte range. The Code/gen_asm/d_007afaa0.asm dump reproduces those bytes but carries no identity."
?d_007b1270@@YAXXZ,0x007B1270,"gen-dump placeholder superseded by the real identity of these bytes: ?dup_007b1270@@YAXXZ, byte-verified from Code/GameEngine/Source/Common/Audio/GameAudio.cpp over the same 11-byte range. The Code/gen_asm/d_007afaa0.asm dump reproduces those bytes but carries no identity."
?d_007b7c80@@YAXXZ,0x007B7C80,"gen-dump placeholder superseded by the real identity of these bytes: ?dup_007b7c80@@YAXXZ, byte-verified from Code/GameEngine/Source/Common/Audio/GameAudio.cpp over the same 25-byte range. The Code/gen_asm/d_007afaa0.asm dump reproduces those bytes but carries no identity."
?d_007d0cd0@@YAXXZ,0x007D0CD0,"gen-dump placeholder superseded by the real identity of these bytes: ?dup_007d0cd0@@YAXXZ, byte-verified from Code/GameEngine/Source/Common/Audio/GameAudio.cpp over the same 5-byte range. The Code/gen_asm/d_007afaa0.asm dump reproduces those bytes but carries no identity."
?d_007d1e80@@YAXXZ,0x007D1E80,"gen-dump placeholder superseded by the real identity of these bytes: ?dup_007d1e80@@YAXXZ, byte-verified from Code/GameEngine/Source/Common/Audio/GameAudio.cpp over the same 5-byte range. The Code/gen_asm/d_007afaa0.asm dump reproduces those bytes but carries no identity."
?d_007d2380@@YAXXZ,0x007D2380,"gen-dump placeholder superseded by the real identity of these bytes: ?dup_007d2380@@YAXXZ, byte-verified from Code/GameEngine/Source/Common/Audio/GameAudio.cpp over the same 5-byte range. The Code/gen_asm/d_007d1f00.asm dump reproduces those bytes but carries no identity."
?d_007d35a0@@YAXXZ,0x007D35A0,"gen-dump placeholder superseded by the real identity of these bytes: ?dup_007d35a0@@YAXXZ, byte-verified from Code/GameEngine/Source/Common/Audio/GameAudio.cpp over the same 5-byte range. The Code/gen_asm/d_007d1f00.asm dump reproduces those bytes but carries no identity."
?d_007d3750@@YAXXZ,0x007D3750,"gen-dump placeholder superseded by the real identity of these bytes: ?dup_007d3750@@YAXXZ, byte-verified from Code/GameEngine/Source/Common/Audio/GameAudio.cpp over the same 5-byte range. The Code/gen_asm/d_007d1f00.asm dump reproduces those bytes but carries no identity."
?d_007d4790@@YAXXZ,0x007D4790,"gen-dump placeholder superseded by the real identity of these bytes: ?dup_007d4790@@YAXXZ, byte-verified from Code/GameEngine/Source/Common/Audio/GameAudio.cpp over the same 5-byte range. The Code/gen_asm/d_007d1f00.asm dump reproduces those bytes but carries no identity."
?d_007d65d0@@YAXXZ,0x007D65D0,"gen-dump placeholder superseded by the real identity of these bytes: ?dup_007d65d0@@YAXXZ, byte-verified from Code/GameEngine/Source/Common/Audio/GameAudio.cpp over the same 11-byte range. The Code/gen_asm/d_007d1f00.asm dump reproduces those bytes but carries no identity."
?d_007d6a40@@YAXXZ,0x007D6A40,"gen-dump placeholder superseded by the real identity of these bytes: ?dup_007d6a40@@YAXXZ, byte-verified from Code/GameEngine/Source/Common/Audio/GameAudio.cpp over the same 15-byte range. The Code/gen_asm/d_007d1f00.asm dump reproduces those bytes but carries no identity."
?d_007d6bc0@@YAXXZ,0x007D6BC0,"gen-dump placeholder superseded by the real identity of these bytes: ?dup_007d6bc0@@YAXXZ, byte-verified from Code/GameEngine/Source/Common/Audio/GameAudio.cpp over the same 5-byte range. The Code/gen_asm/d_007d1f00.asm dump reproduces those bytes but carries no identity."
?d_007d7470@@YAXXZ,0x007D7470,"gen-dump placeholder superseded by the real identity of these bytes: ?dup_007d7470@@YAXXZ, byte-verified from Code/GameEngine/Source/Common/Audio/GameAudio.cpp over the same 5-byte range. The Code/gen_asm/d_007d1f00.asm dump reproduces those bytes but carries no identity."
?d_007d75d0@@YAXXZ,0x007D75D0,"gen-dump placeholder superseded by the real identity of these bytes: ?dup_007d75d0@@YAXXZ, byte-verified from Code/GameEngine/Source/Common/Audio/GameAudio.cpp over the same 5-byte range. The Code/gen_asm/d_007d1f00.asm dump reproduces those bytes but carries no identity."
?d_007db880@@YAXXZ,0x007DB880,"gen-dump placeholder superseded by the real identity of these bytes: ?dup_007db880@@YAXXZ, byte-verified from Code/GameEngine/Source/Common/Audio/GameAudio.cpp over the same 5-byte range. The Code/gen_asm/d_007d9aa0.asm dump reproduces those bytes but carries no identity."
?d_007db9c0@@YAXXZ,0x007DB9C0,"gen-dump placeholder superseded by the real identity of these bytes: ?dup_007db9c0@@YAXXZ, byte-verified from Code/GameEngine/Source/Common/Audio/GameAudio.cpp over the same 5-byte range. The Code/gen_asm/d_007d9aa0.asm dump reproduces those bytes but carries no identity."
?d_0081c6a0@@YAXXZ,0x0081C6A0,"gen-dump placeholder superseded by the real identity of these bytes: ?dup_0081c6a0@@YAXXZ, byte-verified from Code/GameEngine/Source/Common/Audio/GameAudio.cpp over the same 11-byte range. The Code/gen_asm/d_00800f40.asm dump reproduces those bytes but carries no identity."
?d_0081d5e0@@YAXXZ,0x0081D5E0,"gen-dump placeholder superseded by the real identity of these bytes: ?dup_0081d5e0@@YAXXZ, byte-verified from Code/GameEngine/Source/Common/Audio/GameAudio.cpp over the same 11-byte range. The Code/gen_asm/d_00800f40.asm dump reproduces those bytes but carries no identity."
?d_008fee70@@YAXXZ,0x008FEE70,"gen-dump placeholder superseded by the real identity of these bytes: ?dup_008fee70@@YAXXZ, byte-verified from Code/GameEngine/Source/Common/Audio/GameAudio.cpp over the same 11-byte range. The Code/gen_asm/d_008c3e70.asm dump reproduces those bytes but carries no identity."
?d_0090e390@@YAXXZ,0x0090E390,"gen-dump placeholder superseded by the real identity of these bytes: ?dup_0090e390@@YAXXZ, byte-verified from Code/GameEngine/Source/Common/Audio/GameAudio.cpp over the same 11-byte range. The Code/gen_asm/d_008c3e70.asm dump reproduces those bytes but carries no identity."
?d_0093d500@@YAXXZ,0x0093D500,"gen-dump placeholder superseded by the real identity of these bytes: ?dup_0093d500@@YAXXZ, byte-verified from Code/GameEngine/Source/Common/Audio/GameAudio.cpp over the same 11-byte range. The Code/gen_asm/d_008c3e70.asm dump reproduces those bytes but carries no identity."
?d_00942db0@@YAXXZ,0x00942DB0,"gen-dump placeholder superseded by the real identity of these bytes: ?dup_00942db0@@YAXXZ, byte-verified from Code/GameEngine/Source/Common/Audio/GameAudio.cpp over the same 23-byte range. The Code/gen_asm/d_008c3e70.asm dump reproduces those bytes but carries no identity."
?d_0094c200@@YAXXZ,0x0094C200,"gen-dump placeholder superseded by the real identity of these bytes: ?dup_0094c200@@YAXXZ, byte-verified from Code/GameEngine/Source/Common/Audio/GameAudio.cpp over the same 11-byte range. The Code/gen_asm/d_008c3e70.asm dump reproduces those bytes but carries no identity."
?d_009597d0@@YAXXZ,0x009597D0,"gen-dump placeholder superseded by the real identity of these bytes: ?dup_009597d0@@YAXXZ, byte-verified from Code/GameEngine/Source/Common/Audio/GameAudio.cpp over the same 5-byte range. The Code/gen_asm/d_008c3e70.asm dump reproduces those bytes but carries no identity."
?d_009597e0@@YAXXZ,0x009597E0,"gen-dump placeholder superseded by the real identity of these bytes: ?dup_009597e0@@YAXXZ, byte-verified from Code/GameEngine/Source/Common/Audio/GameAudio.cpp over the same 5-byte range. The Code/gen_asm/d_008c3e70.asm dump reproduces those bytes but carries no identity."
?d_009597f0@@YAXXZ,0x009597F0,"gen-dump placeholder superseded by the real identity of these bytes: ?dup_009597f0@@YAXXZ, byte-verified from Code/GameEngine/Source/Common/Audio/GameAudio.cpp over the same 5-byte range. The Code/gen_asm/d_008c3e70.asm dump reproduces those bytes but carries no identity."
?d_00959800@@YAXXZ,0x00959800,"gen-dump placeholder superseded by the real identity of these bytes: ?dup_00959800@@YAXXZ, byte-verified from Code/GameEngine/Source/Common/Audio/GameAudio.cpp over the same 5-byte range. The Code/gen_asm/d_008c3e70.asm dump reproduces those bytes but carries no identity."
?d_00959810@@YAXXZ,0x00959810,"gen-dump placeholder superseded by the real identity of these bytes: ?dup_00959810@@YAXXZ, byte-verified from Code/GameEngine/Source/Common/Audio/GameAudio.cpp over the same 5-byte range. The Code/gen_asm/d_008c3e70.asm dump reproduces those bytes but carries no identity."
?d_00959820@@YAXXZ,0x00959820,"gen-dump placeholder superseded by the real identity of these bytes: ?dup_00959820@@YAXXZ, byte-verified from Code/GameEngine/Source/Common/Audio/GameAudio.cpp over the same 5-byte range. The Code/gen_asm/d_008c3e70.asm dump reproduces those bytes but carries no identity."
?d_009a1990@@YAXXZ,0x009A1990,"gen-dump placeholder superseded by the real identity of these bytes: ?dup_009a1990@@YAXXZ, byte-verified from Code/GameEngine/Source/Common/Audio/GameAudio.cpp over the same 11-byte range. The Code/gen_asm/d_00968910.asm dump reproduces those bytes but carries no identity."
?d_009a3440@@YAXXZ,0x009A3440,"gen-dump placeholder superseded by the real identity of these bytes: ?dup_009a3440@@YAXXZ, byte-verified from Code/GameEngine/Source/Common/Audio/GameAudio.cpp over the same 11-byte range. The Code/gen_asm/d_00968910.asm dump reproduces those bytes but carries no identity."
?d_009c9350@@YAXXZ,0x009C9350,"gen-dump placeholder superseded by the real identity of these bytes: ?dup_009c9350@@YAXXZ, byte-verified from Code/GameEngine/Source/Common/Audio/GameAudio.cpp over the same 11-byte range. The Code/gen_asm/d_009b9700.asm dump reproduces those bytes but carries no identity."
?d_009cbc00@@YAXXZ,0x009CBC00,"gen-dump placeholder superseded by the real identity of these bytes: ?dup_009cbc00@@YAXXZ, byte-verified from Code/GameEngine/Source/Common/Audio/GameAudio.cpp over the same 11-byte range. The Code/gen_asm/d_009b9700.asm dump reproduces those bytes but carries no identity."
?d_009d21d0@@YAXXZ,0x009D21D0,"gen-dump placeholder superseded by the real identity of these bytes: ?dup_009d21d0@@YAXXZ, byte-verified from Code/GameEngine/Source/Common/Audio/GameAudio.cpp over the same 5-byte range. The Code/gen_asm/d_009b9700.asm dump reproduces those bytes but carries no identity."
?d_009ed490@@YAXXZ,0x009ED490,"gen-dump placeholder superseded by the real identity of these bytes: ?dup_009ed490@@YAXXZ, byte-verified from Code/GameEngine/Source/Common/Audio/GameAudio.cpp over the same 11-byte range. The Code/gen_asm/d_009b9700.asm dump reproduces those bytes but carries no identity."
?d_009f3010@@YAXXZ,0x009F3010,"gen-dump placeholder superseded by the real identity of these bytes: ?dup_009f3010@@YAXXZ, byte-verified from Code/GameEngine/Source/Common/Audio/GameAudio.cpp over the same 11-byte range. The Code/gen_asm/d_009b9700.asm dump reproduces those bytes but carries no identity."
?d_009f4b30@@YAXXZ,0x009F4B30,"gen-dump placeholder superseded by the real identity of these bytes: ?dup_009f4b30@@YAXXZ, byte-verified from Code/GameEngine/Source/Common/Audio/GameAudio.cpp over the same 11-byte range. The Code/gen_asm/d_009b9700.asm dump reproduces those bytes but carries no identity."
?d_00061d70@@YAXXZ,0x00061D70,"gen-dump placeholder superseded by the real identity of these bytes: ?dup_00061d70@@YAXXZ, byte-verified from Code/GameEngine/Source/Common/GameEngine.cpp over the same 8-byte range. The Code/gen_asm/d_0005b6c0.asm dump reproduces those bytes but carries no identity."
?d_00061eb0@@YAXXZ,0x00061EB0,"gen-dump placeholder superseded by the real identity of these bytes: ?dup_00061eb0@@YAXXZ, byte-verified from Code/GameEngine/Source/Common/GameEngine.cpp over the same 8-byte range. The Code/gen_asm/d_0005b6c0.asm dump reproduces those bytes but carries no identity."
