name,target_rva,target_size,source,notes
??1Gen_dtorv_0005e7b0@@UAE@XZ,0x0005DBE0,12,Code/gen_small/dtorsv_000.cpp,reloc-derived;call-sites=1;identity=generated
??1Gen_dtor_0093e860@@UAE@XZ,0x0005E960,45,Code/gen_small/dtors_009.cpp,reloc-derived;call-sites=1;identity=generated
??1Gen_dtor_0005fa60@@UAE@XZ,0x0005EC20,134,Code/gen_small/dtors_000.cpp,reloc-derived;call-sites=1;identity=generated
??1Gen_dtor_0005fe80@@UAE@XZ,0x0005F4B0,103,Code/gen_small/dtors_000.cpp,reloc-derived;call-sites=1;identity=generated
??1PendingSurfaceStruct@Render2DSentenceClass@@QAE@XZ,0x0005F5E0,59,Code/GameEngineDevice/Source/W3DDevice/GameClient/GUI/GUICallbacks/W3DControlBar.cpp,reloc-derived;call-sites=1;identity=real
?Gen00061F00@@YAHHH@Z,0x00061F00,216,Code/GameEngine/Source/Common/BigObfHookWrappers.cpp,reloc-derived;call-sites=1;identity=generated
??0Obf00062D90@@QAE@PAH0@Z,0x00062D90,173,Code/GameEngine/Source/Common/BigObfHookWrappers.cpp,reloc-derived;call-sites=1;identity=real
?gen000647B0@@YAXPAX0@Z,0x000647B0,53,Code/GameEngine/Source/Common/AllocateThenInitialise.cpp,reloc-derived;call-sites=1;identity=generated
??$_M_allocate_and_copy@PAUGen_t_00065800_p4cd@@@?$vector@UGen_t_00065800_p4cd@@V?$allocator@UGen_t_00065800_p4cd@@@_STL@@@_STL@@IAEPAUGen_t_00065800_p4cd@@IPAU2@0@Z,0x000656F0,94,Code/gen_small/tgrid_100.cpp,reloc-derived;call-sites=1;identity=generated
??1Gen_dtor_00065a10@@UAE@XZ,0x000659E0,14,Code/gen_small/dtors_000.cpp,reloc-derived;call-sites=1;identity=generated
?_M_insert@?$hashtable@U?$pair@$$CBW4NameKeyType@@VDamageFX@@@_STL@@W4NameKeyType@@U?$hash@W4NameKeyType@@@rts@@U?$_Select1st@U?$pair@$$CBW4NameKeyType@@VDamageFX@@@_STL@@@2@U?$equal_to@W4NameKeyType@@@5@V?$allocator@U?$pair@$$CBW4NameKeyType@@VDamageFX@@@_STL@@@2@@_STL@@QAEAAU?$pair@$$CBW4NameKeyType@@VDamageFX@@@2@ABU32@@Z,0x000675E0,114,Code/GameEngine/Source/Common/DamageFX.cpp,reloc-derived;call-sites=1;identity=real
??1Gen_dtor_00067a30@@UAE@XZ,0x000678B0,98,Code/gen_small/dtors_000.cpp,reloc-derived;call-sites=1;identity=generated
?setNameAndType@DictPair@Dict@@QAEXW4NameKeyType@@W4DataType@2@@Z,0x00068120,102,Code/GameEngine/Source/Common/Dict.cpp,reloc-derived;call-sites=2;identity=real
?releaseData@Dict@@AAEXXZ,0x000681C0,127,Code/GameEngine/Source/Common/Dict.cpp,reloc-derived;call-sites=4;identity=real
?ensureUnique@Dict@@AAEPAUDictPair@1@H_NPAU21@@Z,0x000683D0,278,Code/GameEngine/Source/Common/Dict.cpp,reloc-derived;call-sites=3;identity=real
?getAsciiString@Dict@@QBE?AVAsciiString@@W4NameKeyType@@PA_N@Z,0x00068580,96,Code/GameEngineDevice/Source/W3DDevice/GameClient/WorldHeightMap.cpp,reloc-derived;call-sites=1;identity=real
?Gen00069DF0@@YAXPAX0000@Z,0x00069DF0,71,Code/GameEngine/Source/Common/Q2TrailingZeroForwarders.cpp,reloc-derived;call-sites=1;identity=generated
?Gen00069E60@@YAXPAX0000@Z,0x00069E60,73,Code/GameEngine/Source/Common/Q2TrailingZeroForwarders.cpp,reloc-derived;call-sites=1;identity=generated
?_M_advance@?$_Deque_iterator_base@UGen_t_0006a3a0_p12cd@@@_STL@@QAEXH@Z,0x00069F00,130,Code/gen_small/tgrid_133.cpp,reloc-derived;call-sites=1;identity=generated
??1Gen_dtor_0006b110@@UAE@XZ,0x0006B140,11,Code/gen_small/dtors_000.cpp,reloc-derived;call-sites=1;identity=generated
??1Gen_dtor_0006e3e0@@UAE@XZ,0x0006B690,11,Code/gen_small/dtors_000.cpp,reloc-derived;call-sites=1;identity=generated
?Gen0006EF90@@YAHHH@Z,0x0006EF90,215,Code/GameEngine/Source/Common/BigObfHookWrappers.cpp,reloc-derived;call-sites=1;identity=generated
?Gen0006F0D0@@YAHHH@Z,0x0006F0D0,216,Code/GameEngine/Source/Common/BigObfHookWrappers.cpp,reloc-derived;call-sites=1;identity=generated
?Gen0006F200@@YAHHH@Z,0x0006F200,215,Code/GameEngine/Source/Common/BigObfHookWrappers.cpp,reloc-derived;call-sites=1;identity=generated
?Gen0006F330@@YAHHH@Z,0x0006F330,216,Code/GameEngine/Source/Common/BigObfHookWrappers.cpp,reloc-derived;call-sites=1;identity=generated
??1Gen_dtor_00075d40@@UAE@XZ,0x00075D70,106,Code/gen_small/dtors_000.cpp,reloc-derived;call-sites=1;identity=generated
??0Obf00076550@@QAE@PAH0@Z,0x00076550,171,Code/GameEngine/Source/Common/BigObfHookWrappers.cpp,reloc-derived;call-sites=1;identity=real
??0Obf00076630@@QAE@PAH0@Z,0x00076630,171,Code/GameEngine/Source/Common/BigObfHookWrappers.cpp,reloc-derived;call-sites=1;identity=real
??0Obf00076710@@QAE@PAH0@Z,0x00076710,171,Code/GameEngine/Source/Common/BigObfHookWrappers.cpp,reloc-derived;call-sites=1;identity=real
??0Obf000767F0@@QAE@PAH0@Z,0x000767F0,171,Code/GameEngine/Source/Common/BigObfHookWrappers.cpp,reloc-derived;call-sites=1;identity=real
??1Gen_dtor_00076c50@@UAE@XZ,0x00076C80,82,Code/gen_small/dtors_000.cpp,reloc-derived;call-sites=1;identity=generated
?equal_range@?$hashtable@U?$pair@$$CBHUGen_t_000774f0_p12cd@@@_STL@@HU?$hash@H@2@U?$_Select1st@U?$pair@$$CBHUGen_t_000774f0_p12cd@@@_STL@@@2@U?$equal_to@H@2@V?$allocator@U?$pair@$$CBHUGen_t_000774f0_p12cd@@@_STL@@@2@@_STL@@QAE?AU?$pair@U?$_Ht_iterator@U?$pair@$$CBHUGen_t_000774f0_p12cd@@@_STL@@U?$_Nonconst_traits@U?$pair@$$CBHUGen_t_000774f0_p12cd@@@_STL@@@2@HU?$hash@H@2@U?$_Select1st@U?$pair@$$CBHUGen_t_000774f0_p12cd@@@_STL@@@2@U?$equal_to@H@2@V?$allocator@U?$pair@$$CBHUGen_t_000774f0_p12cd@@@_STL@@@2@@_STL@@U12@@2@ABH@Z,0x00076F80,145,Code/gen_small/tgrid_127.cpp,reloc-derived;call-sites=1;identity=generated
?equal_range@?$hashtable@U?$pair@$$CBHUGen_t_00077510_p12cd@@@_STL@@HU?$hash@H@2@U?$_Select1st@U?$pair@$$CBHUGen_t_00077510_p12cd@@@_STL@@@2@U?$equal_to@H@2@V?$allocator@U?$pair@$$CBHUGen_t_00077510_p12cd@@@_STL@@@2@@_STL@@QAE?AU?$pair@U?$_Ht_iterator@U?$pair@$$CBHUGen_t_00077510_p12cd@@@_STL@@U?$_Nonconst_traits@U?$pair@$$CBHUGen_t_00077510_p12cd@@@_STL@@@2@HU?$hash@H@2@U?$_Select1st@U?$pair@$$CBHUGen_t_00077510_p12cd@@@_STL@@@2@U?$equal_to@H@2@V?$allocator@U?$pair@$$CBHUGen_t_00077510_p12cd@@@_STL@@@2@@_STL@@U12@@2@ABH@Z,0x00077040,145,Code/gen_small/tgrid_127.cpp,reloc-derived;call-sites=1;identity=generated
??1Gen_dtor_00077530@@UAE@XZ,0x00077560,114,Code/gen_small/dtors_000.cpp,reloc-derived;call-sites=1;identity=generated
??1Mem00078B80@@QAE@XZ,0x00078B80,181,Code/GameEngine/Source/Common/BigPairMemberDtors.cpp,reloc-derived;call-sites=1;identity=real
??1Gen_dtor_0007ba60@@UAE@XZ,0x0007B8B0,33,Code/gen_small/dtors_000.cpp,reloc-derived;call-sites=1;identity=generated
?getStaticGameLODIndex@GameLODManager@@QAEHVAsciiString@@@Z,0x0007CDB0,203,Code/GameEngine/Source/Common/GameLOD.cpp,reloc-derived;call-sites=2;identity=real
?getDynamicGameLODIndex@GameLODManager@@QAEHVAsciiString@@@Z,0x0007CFB0,203,Code/GameEngine/Source/Common/GameLOD.cpp,reloc-derived;call-sites=1;identity=real
?getAudioLODIndex@GameLODManager@@QAEHABVAsciiString@@@Z,0x0007D0C0,234,Code/GameEngine/Source/Common/GameLOD.cpp,reloc-derived;call-sites=1;identity=real
??$_M_insert_dispatch@U?$_List_iterator@VAsciiString@@U?$_Const_traits@VAsciiString@@@_STL@@@_STL@@@?$list@VAsciiString@@V?$allocator@VAsciiString@@@_STL@@@_STL@@QAEXU?$_List_iterator@VAsciiString@@U?$_Nonconst_traits@VAsciiString@@@_STL@@@1@U?$_List_iterator@VAsciiString@@U?$_Const_traits@VAsciiString@@@_STL@@@1@1ABU__false_type@1@@Z,0x000801C0,75,Code/GameEngine/Source/GameClient/GUI/GUICallbacks/Menus/WOLLoginMenu.cpp,reloc-derived;call-sites=2;identity=real
?insert_unique@?$_Rb_tree@VAsciiString@@U?$pair@$$CBVAsciiString@@V?$list@VAsciiString@@V?$allocator@VAsciiString@@@_STL@@@_STL@@@_STL@@U?$_Select1st@U?$pair@$$CBVAsciiString@@V?$list@VAsciiString@@V?$allocator@VAsciiString@@@_STL@@@_STL@@@_STL@@@3@U?$less@VAsciiString@@@3@V?$allocator@U?$pair@$$CBVAsciiString@@V?$list@VAsciiString@@V?$allocator@VAsciiString@@@_STL@@@_STL@@@_STL@@@3@@_STL@@QAE?AU?$pair@U?$_Rb_tree_iterator@U?$pair@$$CBVAsciiString@@V?$list@VAsciiString@@V?$allocator@VAsciiString@@@_STL@@@_STL@@@_STL@@U?$_Nonconst_traits@U?$pair@$$CBVAsciiString@@V?$list@VAsciiString@@V?$allocator@VAsciiString@@@_STL@@@_STL@@@_STL@@@2@@_STL@@_N@2@ABU?$pair@$$CBVAsciiString@@V?$list@VAsciiString@@V?$allocator@VAsciiString@@@_STL@@@_STL@@@2@@Z,0x000818B0,310,Code/GameEngine/Source/GameClient/GUI/GUICallbacks/Menus/WOLLoginMenu.cpp,reloc-derived;call-sites=2;identity=real
??1Gen_dtor_000844e0@@UAE@XZ,0x00084030,939,Code/gen_small/dtors_000.cpp,reloc-derived;call-sites=1;identity=generated
??0GlobalData@@QAE@XZ,0x00084510,4499,Code/GameEngine/Source/Common/GlobalData_newOverride_Thunk.cpp,reloc-derived;call-sites=1;identity=real
?getNumRemoteIPs@LANPreferences@@QAEHXZ,0x00086C00,84,Code/GameEngine/Source/GameClient/GUI/GUICallbacks/Menus/NetworkDirectConnect.cpp,reloc-derived;call-sites=1;identity=real
?getRemoteIPEntry@LANPreferences@@QAE?AVUnicodeString@@H@Z,0x00086C70,563,Code/GameEngine/Source/GameClient/GUI/GUICallbacks/Menus/NetworkDirectConnect.cpp,reloc-derived;call-sites=1;identity=real
?gen00087C30@Gen00087C30_00088480@@QAEXXZ,0x00087C30,105,Code/GameEngine/Source/Common/TailPairForwarders.cpp,reloc-derived;call-sites=1;identity=generated
?gen000889A0@Gen000889A0_00089450@@QAEXXZ,0x000889A0,157,Code/GameEngine/Source/Common/TailPairForwarders.cpp,reloc-derived;call-sites=1;identity=generated
?_M_initialize_map@?$_Deque_base@HV?$allocator@H@_STL@@@_STL@@IAEXI@Z,0x00089190,203,Code/gen_small/tgrid_007.cpp,reloc-derived;call-sites=2;identity=real
?_M_reallocate_map@?$deque@UGen_t_00089c70_p12cd@@V?$allocator@UGen_t_00089c70_p12cd@@@_STL@@@_STL@@IAEXI_N@Z,0x00089850,367,Code/gen_small/tgrid_133.cpp,reloc-derived;call-sites=1;identity=generated
?allocArg@GameMessage@@AAEPAUArgument@1@XZ,0x0008AAE0,83,Code/GameEngine/Source/Common/System/message_stream.cpp,reloc-derived;call-sites=11;identity=real
??0?$pair@$$CBUGen_t_0008e700_k4@@UGen_t_0008e700_p12cd@@@_STL@@QAE@ABU01@@Z,0x0008E560,91,Code/gen_small/tgrid_101.cpp,reloc-derived;call-sites=1;identity=generated
?findMultiplayerColorDefinitionByName@MultiplayerSettings@@QAEPAVMultiplayerColorDefinition@@VAsciiString@@@Z,0x0008E760,275,Code/GameEngine/Source/Common/INI/INIMultiplayer.cpp,reloc-derived;call-sites=1;identity=real
?_M_insert@?$_Rb_tree@HU?$pair@$$CBHUGen_t_0008ec00_p12cd@@@_STL@@U?$_Select1st@U?$pair@$$CBHUGen_t_0008ec00_p12cd@@@_STL@@@2@U?$less@H@2@V?$allocator@U?$pair@$$CBHUGen_t_0008ec00_p12cd@@@_STL@@@2@@_STL@@AAE?AU?$_Rb_tree_iterator@U?$pair@$$CBHUGen_t_0008ec00_p12cd@@@_STL@@U?$_Nonconst_traits@U?$pair@$$CBHUGen_t_0008ec00_p12cd@@@_STL@@@2@@2@PAU_Rb_tree_node_base@2@0ABU?$pair@$$CBHUGen_t_0008ec00_p12cd@@@2@0@Z,0x0008E9C0,176,Code/gen_small/tgrid_101.cpp,reloc-derived;call-sites=9;identity=generated
?insert_unique@?$_Rb_tree@HU?$pair@$$CBHUGen_t_0008ec00_p12cd@@@_STL@@U?$_Select1st@U?$pair@$$CBHUGen_t_0008ec00_p12cd@@@_STL@@@2@U?$less@H@2@V?$allocator@U?$pair@$$CBHUGen_t_0008ec00_p12cd@@@_STL@@@2@@_STL@@QAE?AU?$pair@U?$_Rb_tree_iterator@U?$pair@$$CBHUGen_t_0008ec00_p12cd@@@_STL@@U?$_Nonconst_traits@U?$pair@$$CBHUGen_t_0008ec00_p12cd@@@_STL@@@2@@_STL@@_N@2@ABU?$pair@$$CBHUGen_t_0008ec00_p12cd@@@2@@Z,0x0008EAA0,145,Code/gen_small/tgrid_101.cpp,reloc-derived;call-sites=4;identity=generated
??0MultiplayerSettings@@QAE@XZ,0x0008EF80,205,Code/GameEngine/Source/Common/INI/INIMultiplayer.cpp,reloc-derived;call-sites=1;identity=real
??A?$map@HVMultiplayerColorDefinition@@U?$less@H@_STL@@V?$allocator@U?$pair@$$CBHVMultiplayerColorDefinition@@@_STL@@@3@@_STL@@QAEAAVMultiplayerColorDefinition@@ABH@Z,0x0008F160,188,Code/GameEngine/Source/Common/MultiplayerSettings.cpp,reloc-derived;call-sites=1;identity=real
?newMultiplayerColorDefinition@MultiplayerSettings@@QAEPAVMultiplayerColorDefinition@@VAsciiString@@@Z,0x0008F2B0,169,Code/GameEngine/Source/Common/INI/INIMultiplayer.cpp,reloc-derived;call-sites=1;identity=real
??1Gen_dtor_0008f810@@UAE@XZ,0x0008F840,14,Code/gen_small/dtors_000.cpp,reloc-derived;call-sites=1;identity=generated
?keyToName@NameKeyGenerator@@QAE?AVAsciiString@@W4NameKeyType@@@Z,0x0008FD30,119,Code/GameEngine/Source/Common/RTS/PlayerTemplate.cpp,reloc-derived;call-sites=2;identity=real
??1Gen_dtor_0008ff90@@UAE@XZ,0x0008FE00,95,Code/gen_small/dtors_000.cpp,reloc-derived;call-sites=1;identity=generated
?nameToLowercaseKey@NameKeyGenerator@@QAE?AW4NameKeyType@@PBD@Z,0x00090140,259,Code/GameEngine/Source/GameClient/System/Image.cpp,reloc-derived;call-sites=2;identity=real
??0OptionPreferences@@QAE@XZ,0x000904E0,92,Code/GameEngine/Source/GameClient/GUI/GUICallbacks/Menus/DifficultySelect.cpp,reloc-derived;call-sites=3;identity=real
?_M_insert@?$_Rb_tree@UGen_t_00093990_mc4@@U1@U?$_Identity@UGen_t_00093990_mc4@@@_STL@@U?$less@UGen_t_00093990_mc4@@@3@V?$allocator@UGen_t_00093990_mc4@@@3@@_STL@@AAE?AU?$_Rb_tree_iterator@UGen_t_00093990_mc4@@U?$_Nonconst_traits@UGen_t_00093990_mc4@@@_STL@@@2@PAU_Rb_tree_node_base@2@0ABUGen_t_00093990_mc4@@0@Z,0x00093670,183,Code/gen_small/fam_008.cpp,reloc-derived;call-sites=9;identity=generated
?insert_unique@?$_Rb_tree@UGen_t_00093990_mc4@@U1@U?$_Identity@UGen_t_00093990_mc4@@@_STL@@U?$less@UGen_t_00093990_mc4@@@3@V?$allocator@UGen_t_00093990_mc4@@@3@@_STL@@QAE?AU?$pair@U?$_Rb_tree_iterator@UGen_t_00093990_mc4@@U?$_Nonconst_traits@UGen_t_00093990_mc4@@@_STL@@@_STL@@_N@2@ABUGen_t_00093990_mc4@@@Z,0x00093760,275,Code/gen_small/fam_008.cpp,reloc-derived;call-sites=2;identity=generated
??1Gen_dtor_00094910@@UAE@XZ,0x00094940,31,Code/gen_small/dtors_000.cpp,reloc-derived;call-sites=1;identity=generated
?set@Gen0002A1B2@@QAEXHHM@Z,0x00094970,300,Code/GameEngine/Source/Common/S2SubobjectSetCtors.cpp,reloc-derived;call-sites=6;identity=generated
??$__copy_ptrs@PBUGen_t_00095d30_p8pod@@PAU1@@_STL@@YAPAUGen_t_00095d30_p8pod@@PBU1@0PAU1@ABU__false_type@0@@Z,0x00095390,46,Code/gen_small/tgrid_101.cpp,reloc-derived;call-sites=2;identity=generated
??$_M_allocate_and_copy@PBUGen_t_00095d30_p8pod@@@?$vector@UGen_t_00095d30_p8pod@@V?$allocator@UGen_t_00095d30_p8pod@@@_STL@@@_STL@@IAEPAUGen_t_00095d30_p8pod@@IPBU2@0@Z,0x00095760,94,Code/gen_small/tgrid_101.cpp,reloc-derived;call-sites=1;identity=generated
?_M_insert_overflow@?$vector@UGen_t_00096350_p8cd@@V?$allocator@UGen_t_00096350_p8cd@@@_STL@@@_STL@@IAEXPAUGen_t_00096350_p8cd@@ABU3@ABU__false_type@2@I_N@Z,0x000960A0,306,Code/gen_small/tgrid_101.cpp,reloc-derived;call-sites=1;identity=generated
?GetGameLogicRandomValueReal@@YAMMMPADH@Z,0x00096DD0,141,Code/GameEngine/Source/GameLogic/Object/Behavior/SlowDeathBehavior.cpp,reloc-derived;call-sites=5;identity=real
?writeArgument@RecorderClass@@IAEXW4GameMessageArgumentDataType@@TGameMessageArgumentType@@@Z,0x000973A0,265,Code/GameEngine/Source/Common/Recorder.cpp,reloc-derived;call-sites=1;identity=real
?isMultiplayer@RecorderClass@@QAE_NXZ,0x00097800,103,Code/GameEngine/Source/Common/RTS/Science.cpp,reloc-derived;call-sites=2;identity=real
?Gen00098C80@@YAHHH@Z,0x00098C80,216,Code/GameEngine/Source/Common/BigObfHookWrappers.cpp,reloc-derived;call-sites=1;identity=generated
??1Gen_dtor_00099460@@UAE@XZ,0x00099070,125,Code/gen_small/dtors_000.cpp,reloc-derived;call-sites=1;identity=generated
??0RecorderClass@@QAE@XZ,0x000993E0,103,Code/GameEngine/Source/Common/RecorderCreate.cpp,reloc-derived;call-sites=1;identity=real
??0Obf0009A430@@QAE@PAH0@Z,0x0009A430,173,Code/GameEngine/Source/Common/BigObfHookWrappers.cpp,reloc-derived;call-sites=1;identity=real
??1Gen_dtor_0009c1f0@@UAE@XZ,0x0009C1E0,11,Code/gen_small/dtors_000.cpp,reloc-derived;call-sites=1;identity=generated
?_M_fill_insert@?$list@UGen_t_0009f4d0_m12cd@@V?$allocator@UGen_t_0009f4d0_m12cd@@@_STL@@@_STL@@QAEXU?$_List_iterator@UGen_t_0009f4d0_m12cd@@U?$_Nonconst_traits@UGen_t_0009f4d0_m12cd@@@_STL@@@2@IABUGen_t_0009f4d0_m12cd@@@Z,0x0009F290,65,Code/gen_small/fam_008.cpp,reloc-derived;call-sites=1;identity=generated
??1Gen_dtor_0009fa30@@UAE@XZ,0x0009F7A0,103,Code/gen_small/dtors_000.cpp,reloc-derived;call-sites=1;identity=generated
?internalSetState@StateMachine@@QAE?AW4StateReturnType@@I@Z,0x000A1360,200,Code/GameEngine/Source/Common/State_friend_checkForSleepTransitions_Thunk.cpp,reloc-derived;call-sites=1;identity=real
?handle@Gen000A1510@@QAEXPAVFlagPairTarget@@@Z,0x000A1510,640,Code/GameEngine/Source/Common/FlagPairThenDirectCallers.cpp,reloc-derived;call-sites=15;identity=generated
??0State@@QAE@PAVStateMachine@@VAsciiString@@@Z,0x000A19E0,59,Code/GameEngine/Source/GameLogic/AI/AIAttackAimAtTargetStateCtorThunk.cpp,reloc-derived;call-sites=17;identity=real
?compare@?$StringBase@D@@QBEHPBD@Z,0x000A2BB0,90,Code/GameEngine/Source/GameLogic/ScriptEngine/ScriptActions_doTeamAttackNamed_Thunk.cpp,reloc-derived;call-sites=6;identity=real
?_M_insert@?$_Rb_tree@HU?$pair@$$CBHUGen_t_000a4c90_p12cd@@@_STL@@U?$_Select1st@U?$pair@$$CBHUGen_t_000a4c90_p12cd@@@_STL@@@2@U?$less@H@2@V?$allocator@U?$pair@$$CBHUGen_t_000a4c90_p12cd@@@_STL@@@2@@_STL@@AAE?AU?$_Rb_tree_iterator@U?$pair@$$CBHUGen_t_000a4c90_p12cd@@@_STL@@U?$_Nonconst_traits@U?$pair@$$CBHUGen_t_000a4c90_p12cd@@@_STL@@@2@@2@PAU_Rb_tree_node_base@2@0ABU?$pair@$$CBHUGen_t_000a4c90_p12cd@@@2@0@Z,0x000A3D70,176,Code/gen_small/tgrid_101.cpp,reloc-derived;call-sites=9;identity=generated
?_M_copy@?$_Rb_tree@HU?$pair@$$CBHUGen_t_000a4bb0_p12cd@@@_STL@@U?$_Select1st@U?$pair@$$CBHUGen_t_000a4bb0_p12cd@@@_STL@@@2@U?$less@H@2@V?$allocator@U?$pair@$$CBHUGen_t_000a4bb0_p12cd@@@_STL@@@2@@_STL@@AAEPAU?$_Rb_tree_node@U?$pair@$$CBHUGen_t_000a4bb0_p12cd@@@_STL@@@2@PAU32@0@Z,0x000A3E50,171,Code/gen_small/tgrid_101.cpp,reloc-derived;call-sites=1;identity=generated
??$append@PAD@?$basic_string@DV?$char_traits@D@_STL@@V?$allocator@D@2@@_STL@@AAEAAV01@PAD0ABUforward_iterator_tag@1@@Z,0x000A4030,313,Code/GameEngine/Source/GameNetwork/GameSpy/PeerDefs.cpp,reloc-derived;call-sites=3;identity=real
??$append@PBD@?$basic_string@DV?$char_traits@D@_STL@@V?$allocator@D@2@@_STL@@AAEAAV01@PBD0ABUforward_iterator_tag@1@@Z,0x000A4F80,313,Code/GameEngine/Source/GameNetwork/GameSpy/PeerDefs.cpp,reloc-derived;call-sites=53;identity=real
??1PSPlayerStats@@QAE@XZ,0x000A5150,654,Code/GameEngine/Source/Common/PSRequestDestructorThunk.cpp,reloc-derived;call-sites=4;identity=real
??$_M_allocate_and_copy@PBUGen_t_000a7cb0_p4pod@@@?$vector@UGen_t_000a7cb0_p4pod@@V?$allocator@UGen_t_000a7cb0_p4pod@@@_STL@@@_STL@@IAEPAUGen_t_000a7cb0_p4pod@@IPBU2@0@Z,0x000A7820,88,Code/gen_small/tgrid_101.cpp,reloc-derived;call-sites=1;identity=generated
??$__uninitialized_copy@PBUParticleSysBoneInfo@@PAU1@@_STL@@YAPAUParticleSysBoneInfo@@PBU1@0PAU1@ABU__false_type@0@@Z,0x000A7AA0,45,Code/GameEngineDevice/Source/W3DDevice/GameClient/Drawable/Draw/W3DModelDraw.cpp,reloc-derived;call-sites=1;identity=real
?findTerrain@TerrainTypeCollection@@QAEPAVTerrainType@@VAsciiString@@@Z,0x000A7AF0,246,Code/GameEngine/Source/Common/INI/INITerrain.cpp,reloc-derived;call-sites=1;identity=real
??$_M_allocate_and_copy@PBUParticleSysBoneInfo@@@?$vector@UParticleSysBoneInfo@@V?$allocator@UParticleSysBoneInfo@@@_STL@@@_STL@@IAEPAUParticleSysBoneInfo@@IPBU2@0@Z,0x000A7E00,94,Code/GameEngineDevice/Source/W3DDevice/GameClient/Drawable/Draw/W3DModelDraw.cpp,reloc-derived;call-sites=1;identity=real
?_M_insert_overflow@?$vector@UGen_t_000a8040_m4pod@@V?$allocator@UGen_t_000a8040_m4pod@@@_STL@@@_STL@@IAEXPAUGen_t_000a8040_m4pod@@ABU3@ABU__false_type@2@I_N@Z,0x000A7EB0,282,Code/gen_small/fam_019.cpp,reloc-derived;call-sites=1;identity=generated
??1Gen_dtor_000a8650@@UAE@XZ,0x000A83D0,147,Code/gen_small/dtors_000.cpp,reloc-derived;call-sites=1;identity=generated
?_M_insert_overflow@?$vector@UGen_t_000a8780_p8cd@@V?$allocator@UGen_t_000a8780_p8cd@@@_STL@@@_STL@@IAEXPAUGen_t_000a8780_p8cd@@ABU3@ABU__false_type@2@I_N@Z,0x000A8500,268,Code/gen_small/tgrid_101.cpp,reloc-derived;call-sites=1;identity=generated
?setBool@UserPreferences@@QAEXVAsciiString@@_N@Z,0x000A95B0,122,Code/GameEngine/Source/Common/SkirmishBattleHonorsLoyalGames.cpp,reloc-derived;call-sites=3;identity=real
?setInt@UserPreferences@@QAEXVAsciiString@@H@Z,0x000A96F0,122,Code/GameEngine/Source/Common/SkirmishBattleHonorsLoyalGames.cpp,reloc-derived;call-sites=6;identity=real
?_M_insert@?$_Rb_tree@HU?$pair@$$CBHVAsciiString@@@_STL@@U?$_Select1st@U?$pair@$$CBHVAsciiString@@@_STL@@@2@U?$less@H@2@V?$allocator@U?$pair@$$CBHVAsciiString@@@_STL@@@2@@_STL@@AAE?AU?$_Rb_tree_iterator@U?$pair@$$CBHVAsciiString@@@_STL@@U?$_Nonconst_traits@U?$pair@$$CBHVAsciiString@@@_STL@@@2@@2@PAU_Rb_tree_node_base@2@0ABU?$pair@$$CBHVAsciiString@@@2@0@Z,0x000AA290,176,Code/GameEngine/Source/GameNetwork/GameSpy/PeerDefs.cpp,reloc-derived;call-sites=10;identity=real
?getBool@UserPreferences@@QBE_NVAsciiString@@_N@Z,0x000AA4E0,291,Code/GameEngine/Source/Common/SkirmishBattleHonorsLoyalGames.cpp,reloc-derived;call-sites=3;identity=real
?_M_insert@?$_Rb_tree@JU?$pair@$$CBJVLadderPref@@@_STL@@U?$_Select1st@U?$pair@$$CBJVLadderPref@@@_STL@@@2@U?$less@J@2@V?$allocator@U?$pair@$$CBJVLadderPref@@@_STL@@@2@@_STL@@AAE?AU?$_Rb_tree_iterator@U?$pair@$$CBJVLadderPref@@@_STL@@U?$_Nonconst_traits@U?$pair@$$CBJVLadderPref@@@_STL@@@2@@2@PAU_Rb_tree_node_base@2@0ABU?$pair@$$CBJVLadderPref@@@2@0@Z,0x000AAD50,176,Code/GameEngine/Source/Common/UserPreferences.cpp,reloc-derived;call-sites=10;identity=real
??1UserPreferences@@UAE@XZ,0x000AAF30,85,Code/GameEngine/Source/Common/UserPreferences.cpp,reloc-derived;call-sites=3;identity=real
??1Gen_dtor_000aba00@@UAE@XZ,0x000AAFC0,11,Code/gen_small/dtors_000.cpp,reloc-derived;call-sites=1;identity=generated
??A?$map@HVAsciiString@@U?$less@H@_STL@@V?$allocator@U?$pair@$$CBHVAsciiString@@@_STL@@@3@@_STL@@QAEAAVAsciiString@@ABH@Z,0x000AB0C0,199,Code/GameEngine/Source/GameNetwork/GameSpy/PeerDefs.cpp,reloc-derived;call-sites=1;identity=real
??0QuickMatchPreferences@@QAE@XZ,0x000AB6D0,192,Code/GameEngine/Source/GameClient/GUI/GUICallbacks/Menus/WOLQuickMatchMenu.cpp,reloc-derived;call-sites=1;identity=real
??0CustomMatchPreferences@@QAE@XZ,0x000AB7F0,192,Code/GameEngine/Source/GameClient/GUI/GUICallbacks/Menus/PopupHostGame.cpp,reloc-derived;call-sites=1;identity=real
?getIgnores@IgnorePreferences@@QAE?AV?$map@HVAsciiString@@U?$less@H@_STL@@V?$allocator@U?$pair@$$CBHVAsciiString@@@_STL@@@3@@_STL@@XZ,0x000AC9D0,315,Code/GameEngine/Source/GameNetwork/GameSpy/GameSpyInfo_loadSavedIgnoreList_Thunk.cpp,reloc-derived;call-sites=1;identity=real
?setLastLadder@QuickMatchPreferences@@QAEXABVAsciiString@@G@Z,0x000AD140,223,Code/GameEngine/Source/GameClient/GUI/GUICallbacks/Menus/WOLQuickMatchMenu.cpp,reloc-derived;call-sites=1;identity=real
?setIgnore@IgnorePreferences@@QAEXABVAsciiString@@H_N@Z,0x000AE990,151,Code/GameEngine/Source/GameNetwork/GameSpy/GameSpyInfoRemoveFromSavedIgnoreListThunk.cpp,reloc-derived;call-sites=2;identity=real
?_M_insert_overflow@?$vector@UGen_t_000b0910_p8pod@@V?$allocator@UGen_t_000b0910_p8pod@@@_STL@@@_STL@@IAEXPAUGen_t_000b0910_p8pod@@ABU3@ABU__false_type@2@I_N@Z,0x000B0760,302,Code/gen_small/tgrid_102.cpp,reloc-derived;call-sites=1;identity=generated
??1Gen_dtor_000b1b40@@UAE@XZ,0x000B0DF0,206,Code/gen_small/dtors_000.cpp,reloc-derived;call-sites=1;identity=generated
?_M_insert_overflow@?$vector@UGen_t_000b1da0_p8cd@@V?$allocator@UGen_t_000b1da0_p8cd@@@_STL@@@_STL@@IAEXPAUGen_t_000b1da0_p8cd@@ABU3@ABU__false_type@2@I_N@Z,0x000B19F0,268,Code/gen_small/tgrid_102.cpp,reloc-derived;call-sites=1;identity=generated
??4AudioEventRTS@@QAEAAV0@ABV0@@Z,0x000B2690,360,Code/GameEngine/Source/Common/Thing/ThingTemplate.cpp,reloc-derived;call-sites=5;identity=real
?setEventName@AudioEventRTS@@QAEXVAsciiString@@@Z,0x000B38C0,140,Code/GameEngine/Source/Common/INI/ini.cpp,reloc-derived;call-sites=1;identity=real
??0AudioEventRTS@@QAE@ABVAsciiString@@W4ObjectID@@@Z,0x000B4350,188,Code/GameEngine/Source/GameLogic/Object/Update/FlammableUpdateStartBurningSoundThunk.cpp,reloc-derived;call-sites=2;identity=real
??1Gen_dtor_000b5490@@UAE@XZ,0x000B5240,85,Code/gen_small/dtors_000.cpp,reloc-derived;call-sites=1;identity=generated
?evaluateBezSegmentAtT@BezierSegment@@QBEXMPAUCoord3D@@@Z,0x000B69A0,286,Code/GameEngine/Source/Common/bezier_segment.cpp,reloc-derived;call-sites=1;identity=real
??0BezierSegment@@QAE@XZ,0x000B6D00,64,Code/GameEngine/Source/Common/Bezier/BezFwdIterator.cpp,reloc-derived;call-sites=2;identity=real
?_M_fill_insert@?$vector@UCoord3D@@V?$allocator@UCoord3D@@@_STL@@@_STL@@QAEXPAUCoord3D@@IABU3@@Z,0x000B7AF0,310,Code/Libraries/Source/WWVegas/WWLib/Coord3DVectorResizeThunk.cpp,reloc-derived;call-sites=1;identity=real
??0SkyboxTextureSet@@QAE@XZ,0x000B83B0,185,Code/GameEngine/Source/Common/INI/INISkyboxTextureSet.cpp,reloc-derived;call-sites=1;identity=real
??1Gen_dtor_000b84a0@@UAE@XZ,0x000B84D0,122,Code/gen_small/dtors_000.cpp,reloc-derived;call-sites=1;identity=generated
?_M_bkt_num_key@?$hashtable@U?$pair@$$CBVAsciiString@@PAUAudioEventInfo@@@_STL@@VAsciiString@@U?$hash@VAsciiString@@@rts@@U?$_Select1st@U?$pair@$$CBVAsciiString@@PAUAudioEventInfo@@@_STL@@@2@U?$equal_to@VAsciiString@@@5@V?$allocator@U?$pair@$$CBVAsciiString@@PAUAudioEventInfo@@@_STL@@@2@@_STL@@ABEIABVAsciiString@@I@Z,0x000B8670,41,Code/GameEngine/Source/Common/Audio/GameAudio.cpp,reloc-derived;call-sites=1;identity=real
??$_M_find@VAsciiString@@@?$hashtable@U?$pair@$$CBVAsciiString@@PAVSkyboxTextureSet@@@_STL@@VAsciiString@@U?$hash@VAsciiString@@@rts@@U?$_Select1st@U?$pair@$$CBVAsciiString@@PAVSkyboxTextureSet@@@_STL@@@2@U?$equal_to@VAsciiString@@@5@V?$allocator@U?$pair@$$CBVAsciiString@@PAVSkyboxTextureSet@@@_STL@@@2@@_STL@@ABEPAU?$_Hashtable_node@U?$pair@$$CBVAsciiString@@PAVSkyboxTextureSet@@@_STL@@@1@ABVAsciiString@@@Z,0x000B8A10,159,Code/GameEngine/Source/Common/INI/INISkyboxTextureSet.cpp,reloc-derived;call-sites=1;identity=real
??A?$hash_map@VAsciiString@@PAVSkyboxTextureSet@@U?$hash@VAsciiString@@@rts@@U?$equal_to@VAsciiString@@@4@V?$allocator@U?$pair@$$CBVAsciiString@@PAVSkyboxTextureSet@@@_STL@@@_STL@@@_STL@@QAEAAPAVSkyboxTextureSet@@ABVAsciiString@@@Z,0x000B8BD0,142,Code/GameEngine/Source/Common/INI/INISkyboxTextureSet.cpp,reloc-derived;call-sites=2;identity=real
??1Gen_dtor_000b9aa0@@UAE@XZ,0x000B9AD0,14,Code/gen_small/dtors_000.cpp,reloc-derived;call-sites=1;identity=generated
?Gen000247E9@@YAHPAVGenArgA@@PAVGenArgB@@PA_N@Z,0x000BB5D0,62,Code/GameEngine/Source/Common/S2FlagOutForwarders.cpp,reloc-derived;call-sites=2;identity=generated
??$_M_allocate_and_copy@PBUGen_t_000bc4b0_p4pod@@@?$vector@UGen_t_000bc4b0_p4pod@@V?$allocator@UGen_t_000bc4b0_p4pod@@@_STL@@@_STL@@IAEPAUGen_t_000bc4b0_p4pod@@IPBU2@0@Z,0x000BB620,88,Code/gen_small/tgrid_102.cpp,reloc-derived;call-sites=1;identity=generated
??0?$pair@$$CBUGen_t_000bc360_k4@@UGen_t_000bc360_p12cd@@@_STL@@QAE@ABU01@@Z,0x000BB890,76,Code/gen_small/tgrid_102.cpp,reloc-derived;call-sites=1;identity=generated
?_M_insert_overflow@?$vector@W4ScienceType@@V?$allocator@W4ScienceType@@@_STL@@@_STL@@IAEXPAW4ScienceType@@ABW43@ABU__false_type@2@I_N@Z,0x000BC600,282,Code/GameEngine/Source/Common/INI/ParsePrerequisiteScienceThunk.cpp,reloc-derived;call-sites=3;identity=real
?_M_insert_overflow@?$vector@UGen_t_000bdbf0_p4cd@@V?$allocator@UGen_t_000bdbf0_p4cd@@@_STL@@@_STL@@IAEXPAUGen_t_000bdbf0_p4cd@@ABU3@ABU__false_type@2@I_N@Z,0x000BD3B0,328,Code/gen_small/tgrid_102.cpp,reloc-derived;call-sites=1;identity=generated
??$_M_insert_dispatch@U?$_List_iterator@UCoord3D@@U?$_Const_traits@UCoord3D@@@_STL@@@_STL@@@?$list@UCoord3D@@V?$allocator@UCoord3D@@@_STL@@@_STL@@QAEXU?$_List_iterator@UCoord3D@@U?$_Nonconst_traits@UCoord3D@@@_STL@@@1@U?$_List_iterator@UCoord3D@@U?$_Const_traits@UCoord3D@@@_STL@@@1@1ABU__false_type@1@@Z,0x000BF260,75,Code/GameEngine/Source/Common/INI/INIMapCache.cpp,reloc-derived;call-sites=3;identity=real
?gen000BF2C0@@YAXPAX0@Z,0x000BF2C0,91,Code/GameEngine/Source/Common/AllocateThenInitialise.cpp,reloc-derived;call-sites=1;identity=generated
?_M_copy@?$_Rb_tree@VAsciiString@@U?$pair@$$CBVAsciiString@@UCoord3D@@@_STL@@U?$_Select1st@U?$pair@$$CBVAsciiString@@UCoord3D@@@_STL@@@3@U?$less@VAsciiString@@@3@V?$allocator@U?$pair@$$CBVAsciiString@@UCoord3D@@@_STL@@@3@@_STL@@AAEPAU?$_Rb_tree_node@U?$pair@$$CBVAsciiString@@UCoord3D@@@_STL@@@2@PAU32@0@Z,0x000BFF50,171,Code/GameEngine/Source/Common/INI/INIMapCache.cpp,reloc-derived;call-sites=2;identity=real
?insert_unique@?$_Rb_tree@VAsciiString@@V1@U?$_Identity@VAsciiString@@@_STL@@U?$less@VAsciiString@@@3@V?$allocator@VAsciiString@@@3@@_STL@@QAE?AU?$pair@U?$_Rb_tree_iterator@VAsciiString@@U?$_Nonconst_traits@VAsciiString@@@_STL@@@_STL@@_N@2@ABVAsciiString@@@Z,0x000C0430,310,Code/GameEngine/Source/GameNetwork/GameSpy/PeerDefs.cpp,reloc-derived;call-sites=2;identity=real
??0Gen_t_000c1420_p12cd@@QAE@ABU0@@Z,0x000C1240,323,Code/gen_small/tgrid_102.cpp,reloc-derived;call-sites=1;identity=generated
??4WaterTransparencySetting@@QAEAAV0@ABV0@@Z,0x000C3660,113,Code/GameEngine/Source/Common/INI/INIWater.cpp,reloc-derived;call-sites=1;identity=real
??1Gen_dtor_000c3950@@UAE@XZ,0x000C3980,95,Code/gen_small/dtors_000.cpp,reloc-derived;call-sites=1;identity=generated
??1Gen_dtor_000c4580@@UAE@XZ,0x000C4040,11,Code/gen_small/dtors_000.cpp,reloc-derived;call-sites=1;identity=generated
?canGetHealedAt@ActionManager@@QAE_NPBVObject@@0W4CommandSourceType@@@Z,0x000C5140,185,Code/GameEngine/Source/GameLogic/AI/AIUpdateInterface_privateGetHealed_Thunk.cpp,reloc-derived;call-sites=1;identity=real
?canEnterObject@BFMEActionManager@@QAE_NPBVObject@@0W4CommandSourceType@@W4CanEnterType@@PA_N@Z,0x000C5440,849,Code/GameEngine/Source/GameLogic/AI/AIStates.cpp,reloc-derived;call-sites=1;identity=real
?getCanAttackObject@ActionManager@@QAE?AW4CanAttackResult@@PBVObject@@0W4CommandSourceType@@W4AbleToAttackType@@@Z,0x000C58F0,229,Code/GameEngine/Source/GameLogic/AI/AIStates.cpp,reloc-derived;call-sites=1;identity=real
?objectEnteringInfluence@Energy@@QAEXPAVObject@@@Z,0x000C8000,112,Code/GameEngine/Source/Common/ObjectFriendAdjustPower.cpp,reloc-derived;call-sites=1;identity=real
?objectLeavingInfluence@Energy@@QAEXPAVObject@@@Z,0x000C8090,112,Code/GameEngine/Source/Common/ObjectFriendAdjustPower.cpp,reloc-derived;call-sites=1;identity=real
?withdraw@Money@@QAEII_N@Z,0x000C8610,230,Code/GameEngine/Source/Common/ScriptActions_doGiveMoney_Thunk.cpp,reloc-derived;call-sites=2;identity=real
?deposit@Money@@QAEXI_N@Z,0x000C8730,202,Code/GameEngine/Source/Common/RTS/PlayerTemplate.cpp,reloc-derived;call-sites=3;identity=real
?newMap@Player@@QAEXXZ,0x000C9200,43,Code/GameEngine/Source/Common/RTS/PlayerList.cpp,reloc-derived;call-sites=1;identity=real
?isPlayerObserver@Player@@QBE_NXZ,0x000C9CF0,7,Code/GameEngine/Source/GameLogic/ScriptEngine/victory_conditions.cpp,reloc-derived;call-sites=4;identity=real
?unidentified_00012eea@PlayerShim@@QBE_NXZ,0x000C9D00,7,Code/GameEngine/Source/GameLogic/ScriptEngine/victory_conditions.cpp,reloc-derived;call-sites=1;identity=real
?disableRadar@Player@@QAEXXZ,0x000CC1C0,193,Code/GameEngine/Source/Common/RTS/Player.cpp,reloc-derived;call-sites=1;identity=real
?enableRadar@Player@@QAEXXZ,0x000CC2C0,186,Code/GameEngine/Source/Common/RTS/Player.cpp,reloc-derived;call-sites=1;identity=real
??$_M_allocate_and_copy@PAUGen_t_000d1420_p4pod@@@?$vector@UGen_t_000d1420_p4pod@@V?$allocator@UGen_t_000d1420_p4pod@@@_STL@@@_STL@@IAEPAUGen_t_000d1420_p4pod@@IPAU2@0@Z,0x000CD450,88,Code/gen_small/tgrid_102.cpp,reloc-derived;call-sites=1;identity=generated
?iterateObjects@Player@@QBEXP6AXPAVObject@@PAX@Z1@Z,0x000CDCF0,77,Code/GameEngine/Source/Common/RTS/Player.cpp,reloc-derived;call-sites=4;identity=real
?countObjectsByThingTemplate@Player@@QBEXHPBQBVThingTemplate@@_NPAH1@Z,0x000CDD50,84,Code/GameEngine/Source/Common/RTS/ProductionPrerequisite.cpp,reloc-derived;call-sites=1;identity=real
?hasAnyBuildings@Player@@QBE_NV?$BitFlags@$0MA@@@_N@Z,0x000CDF70,118,Code/GameEngine/Source/GameLogic/ScriptEngine/victory_conditions.cpp,reloc-derived;call-sites=1;identity=real
?hasAnyUnits@Player@@QBE_NXZ,0x000CE070,48,Code/GameEngine/Source/GameLogic/ScriptEngine/victory_conditions.cpp,reloc-derived;call-sites=1;identity=real
?hasAnyObjects@Player@@QBE_N_N@Z,0x000CE0B0,60,Code/GameEngine/Source/GameLogic/ScriptEngine/victory_conditions.cpp,reloc-derived;call-sites=1;identity=real
?friend_applyDifficultyBonusesForObject@Player@@QAEXPAVObject@@_N@Z,0x000CE560,336,Code/GameEngine/Source/GameLogic/Object/Object_setReceivingDifficultyBonus.cpp,reloc-derived;call-sites=1;identity=real
??1AudioEventRTS@@UAE@XZ,0x000CFA40,77,Code/GameEngine/Source/Common/Thing/ModuleFactory.cpp,reloc-derived;call-sites=1;identity=real
?unidentified_000CFE80@Player@@QAE?AW4ScienceAvailabilityType@@ABVAsciiString@@@Z,0x000CFE80,126,Code/GameEngine/Source/Common/ScriptActions_doPlayerSetScienceAvailability_Thunk.cpp,reloc-derived;call-sites=1;identity=real
?_M_bkt_num_key@?$hashtable@U?$pair@$$CBVAsciiString@@PBVCommandButton@@@_STL@@VAsciiString@@U?$hash@VAsciiString@@@rts@@U?$_Select1st@U?$pair@$$CBVAsciiString@@PBVCommandButton@@@_STL@@@2@U?$equal_to@VAsciiString@@@5@V?$allocator@U?$pair@$$CBVAsciiString@@PBVCommandButton@@@_STL@@@2@@_STL@@ABEIABVAsciiString@@I@Z,0x000D1070,41,Code/GameEngine/Source/GameLogic/System/GameLogic.cpp,reloc-derived;call-sites=1;identity=real
??1Gen_dtor_000d17c0@@UAE@XZ,0x000D1730,111,Code/gen_small/dtors_000.cpp,reloc-derived;call-sites=1;identity=generated
?addUpgrade@Player@@QAEPAVUpgrade@@PBVUpgradeTemplate@@W4UpgradeStatusType@@@Z,0x000D24C0,238,Code/GameEngine/Source/GameLogic/Object/Create/GrantUpgradeCreate.cpp,reloc-derived;call-sites=2;identity=real
?getOrStartSpecialPowerReadyFrame@Player@@QAEIPBVSpecialPowerTemplate@@@Z,0x000D28F0,156,Code/GameEngine/Source/Common/SpecialPowerModule_getReadyFrame_Thunk.cpp,reloc-derived;call-sites=2;identity=real
?_M_insert@?$hashtable@U?$pair@$$CBHH@_STL@@HU?$hash@H@2@U?$_Select1st@U?$pair@$$CBHH@_STL@@@2@U?$equal_to@H@2@V?$allocator@U?$pair@$$CBHH@_STL@@@2@@_STL@@QAEAAU?$pair@$$CBHH@2@ABU32@@Z,0x000D3430,111,Code/gen_small/fam_005.cpp,reloc-derived;call-sites=1;identity=real
?_M_insert@?$hashtable@U?$pair@$$CBHPAX@_STL@@HU?$hash@H@2@U?$_Select1st@U?$pair@$$CBHPAX@_STL@@@2@U?$equal_to@H@2@V?$allocator@U?$pair@$$CBHPAX@_STL@@@2@@_STL@@QAEAAU?$pair@$$CBHPAX@2@ABU32@@Z,0x000D3600,111,Code/gen_small/fam_008.cpp,reloc-derived;call-sites=1;identity=real
??1Gen_dtor_000d7480@@UAE@XZ,0x000D3FA0,89,Code/gen_small/dtors_000.cpp,reloc-derived;call-sites=1;identity=generated
?addScience@Player@@AAE_NW4ScienceType@@@Z,0x000D5380,438,Code/GameEngine/Source/Common/RTS/Player.cpp,reloc-derived;call-sites=2;identity=real
?localApplyBattlePlanBonusesToObject@@YAXPAVObject@@PAX@Z,0x000D5A40,352,Code/GameEngine/Source/GameLogic/Player_becomingTeamMember_Thunk.cpp,reloc-derived;call-sites=2;identity=real
?removeBattlePlanBonusesForObject@Player@@QBEXPAVObject@@@Z,0x000D5C20,196,Code/GameEngine/Source/GameLogic/Player_becomingTeamMember_Thunk.cpp,reloc-derived;call-sites=1;identity=real
?erase@?$hashtable@U?$pair@$$CBHUGen_t_000d81e0_p12cd@@@_STL@@HU?$hash@H@2@U?$_Select1st@U?$pair@$$CBHUGen_t_000d81e0_p12cd@@@_STL@@@2@U?$equal_to@H@2@V?$allocator@U?$pair@$$CBHUGen_t_000d81e0_p12cd@@@_STL@@@2@@_STL@@QAEXABU?$_Ht_iterator@U?$pair@$$CBHUGen_t_000d81e0_p12cd@@@_STL@@U?$_Const_traits@U?$pair@$$CBHUGen_t_000d81e0_p12cd@@@_STL@@@2@HU?$hash@H@2@U?$_Select1st@U?$pair@$$CBHUGen_t_000d81e0_p12cd@@@_STL@@@2@U?$equal_to@H@2@V?$allocator@U?$pair@$$CBHUGen_t_000d81e0_p12cd@@@_STL@@@2@@2@@Z,0x000D64A0,154,Code/gen_small/tgrid_127.cpp,reloc-derived;call-sites=1;identity=generated
?gen000D6FB0@@YAPAXXZ,0x000D6FB0,65,Code/GameEngine/Source/Common/CachedPointerFills.cpp,reloc-derived;call-sites=2;identity=generated
?evaluate@Gen000D7180@@QAEPAXPAX@Z,0x000D7180,159,Code/GameEngine/Source/Common/SelfPairReturners.cpp,reloc-derived;call-sites=4;identity=generated
?evaluate@Gen000D7250@@QAEPAXPAX@Z,0x000D7250,159,Code/GameEngine/Source/Common/SelfPairReturners.cpp,reloc-derived;call-sites=1;identity=generated
?aiMoveToPosition@AICommandInterface@@QAEXPBUCoord3D@@W4CommandSourceType@@@Z,0x000D86C0,219,Code/GameEngine/Source/GameLogic/Object/Contain/TunnelContain.cpp,reloc-derived;call-sites=1;identity=real
?aiEnter@AICommandInterface@@QAEXPAVObject@@W4CommandSourceType@@@Z,0x000D89C0,203,Code/GameEngine/Source/GameLogic/AI/AIUpdateInterface_privateGetHealed_Thunk.cpp,reloc-derived;call-sites=1;identity=real
?init@Player@@QAEXPBVPlayerTemplate@@@Z,0x000DA610,2043,Code/GameEngine/Source/Common/RTS/PlayerListSetLocalPlayer.cpp,reloc-derived;call-sites=2;identity=real
??1Gen_dtor_000dddf0@@UAE@XZ,0x000DD440,1043,Code/gen_small/dtors_000.cpp,reloc-derived;call-sites=1;identity=generated
??$__copy_backward@PAUGen_t_000de650_p128pod@@PAU1@H@_STL@@YAPAUGen_t_000de650_p128pod@@PAU1@00ABUrandom_access_iterator_tag@0@PAH@Z,0x000DE490,74,Code/gen_small/tgrid_133.cpp,reloc-derived;call-sites=1;identity=generated
??$_M_allocate_and_copy@PAUGen_t_000de9e0_p16cd@@@?$vector@UGen_t_000de9e0_p16cd@@V?$allocator@UGen_t_000de9e0_p16cd@@@_STL@@@_STL@@IAEPAUGen_t_000de9e0_p16cd@@IPAU2@0@Z,0x000DE5D0,94,Code/gen_small/tgrid_103.cpp,reloc-derived;call-sites=1;identity=generated
?_M_insert_overflow@?$vector@UEvaSideSounds@@V?$allocator@UEvaSideSounds@@@_STL@@@_STL@@IAEXPAUEvaSideSounds@@ABU3@ABU__false_type@2@I_N@Z,0x000DEA80,267,Code/GameEngine/Source/GameClient/Eva.cpp,reloc-derived;call-sites=1;identity=real
?parseBlock@BfmePlayerAITypeSet@@QAEXPAVINI@@@Z,0x000DEEC0,578,Code/GameEngine/Source/Common/INI/INIPlayerAIType.cpp,reloc-derived;call-sites=1;identity=real
?_M_insert@?$_Rb_tree@HU?$pair@$$CBHUGen_t_000e1c50_p12cd@@@_STL@@U?$_Select1st@U?$pair@$$CBHUGen_t_000e1c50_p12cd@@@_STL@@@2@U?$less@H@2@V?$allocator@U?$pair@$$CBHUGen_t_000e1c50_p12cd@@@_STL@@@2@@_STL@@AAE?AU?$_Rb_tree_iterator@U?$pair@$$CBHUGen_t_000e1c50_p12cd@@@_STL@@U?$_Nonconst_traits@U?$pair@$$CBHUGen_t_000e1c50_p12cd@@@_STL@@@2@@2@PAU_Rb_tree_node_base@2@0ABU?$pair@$$CBHUGen_t_000e1c50_p12cd@@@2@0@Z,0x000E1890,176,Code/gen_small/tgrid_103.cpp,reloc-derived;call-sites=9;identity=generated
?insert_unique@?$_Rb_tree@HU?$pair@$$CBHUGen_t_000e1c50_p12cd@@@_STL@@U?$_Select1st@U?$pair@$$CBHUGen_t_000e1c50_p12cd@@@_STL@@@2@U?$less@H@2@V?$allocator@U?$pair@$$CBHUGen_t_000e1c50_p12cd@@@_STL@@@2@@_STL@@QAE?AU?$pair@U?$_Rb_tree_iterator@U?$pair@$$CBHUGen_t_000e1c50_p12cd@@@_STL@@U?$_Nonconst_traits@U?$pair@$$CBHUGen_t_000e1c50_p12cd@@@_STL@@@2@@_STL@@_N@2@ABU?$pair@$$CBHUGen_t_000e1c50_p12cd@@@2@@Z,0x000E1970,145,Code/gen_small/tgrid_103.cpp,reloc-derived;call-sites=4;identity=generated
?_M_insert@?$_Rb_tree@HU?$pair@$$CBHUGen_t_000e1f40_p12cd@@@_STL@@U?$_Select1st@U?$pair@$$CBHUGen_t_000e1f40_p12cd@@@_STL@@@2@U?$less@H@2@V?$allocator@U?$pair@$$CBHUGen_t_000e1f40_p12cd@@@_STL@@@2@@_STL@@AAE?AU?$_Rb_tree_iterator@U?$pair@$$CBHUGen_t_000e1f40_p12cd@@@_STL@@U?$_Nonconst_traits@U?$pair@$$CBHUGen_t_000e1f40_p12cd@@@_STL@@@2@@2@PAU_Rb_tree_node_base@2@0ABU?$pair@$$CBHUGen_t_000e1f40_p12cd@@@2@0@Z,0x000E1A30,176,Code/gen_small/tgrid_103.cpp,reloc-derived;call-sites=9;identity=generated
?insert_unique@?$_Rb_tree@HU?$pair@$$CBHUGen_t_000e1f40_p12cd@@@_STL@@U?$_Select1st@U?$pair@$$CBHUGen_t_000e1f40_p12cd@@@_STL@@@2@U?$less@H@2@V?$allocator@U?$pair@$$CBHUGen_t_000e1f40_p12cd@@@_STL@@@2@@_STL@@QAE?AU?$pair@U?$_Rb_tree_iterator@U?$pair@$$CBHUGen_t_000e1f40_p12cd@@@_STL@@U?$_Nonconst_traits@U?$pair@$$CBHUGen_t_000e1f40_p12cd@@@_STL@@@2@@_STL@@_N@2@ABU?$pair@$$CBHUGen_t_000e1f40_p12cd@@@2@@Z,0x000E1B10,145,Code/gen_small/tgrid_103.cpp,reloc-derived;call-sites=4;identity=generated
??1PlayerTemplate@@QAE@XZ,0x000E27A0,702,Code/GameEngine/Source/Common/RTS/PlayerTemplate.cpp,reloc-derived;call-sites=7;identity=real
??0PlayerTemplate@@QAE@ABV0@@Z,0x000E2E50,918,Code/GameEngine/Source/Common/RTS/PlayerTemplate.cpp,reloc-derived;call-sites=2;identity=real
??4PlayerTemplate@@QAEAAV0@ABV0@@Z,0x000E32D0,903,Code/GameEngine/Source/Common/RTS/PlayerTemplate.cpp,reloc-derived;call-sites=1;identity=real
??1?$vector@VPlayerTemplate@@V?$allocator@VPlayerTemplate@@@_STL@@@_STL@@QAE@XZ,0x000E3D80,171,Code/GameEngine/Source/Common/RTS/PlayerTemplate.cpp,reloc-derived;call-sites=1;identity=real
?_M_insert_overflow@?$vector@VPlayerTemplate@@V?$allocator@VPlayerTemplate@@@_STL@@@_STL@@IAEXPAVPlayerTemplate@@ABV3@ABU__false_type@2@I_N@Z,0x000E4000,289,Code/GameEngine/Source/Common/RTS/PlayerTemplate.cpp,reloc-derived;call-sites=2;identity=real
?_M_insert_overflow@?$vector@UGen_t_000e5750_p12cd@@V?$allocator@UGen_t_000e5750_p12cd@@@_STL@@@_STL@@IAEXPAUGen_t_000e5750_p12cd@@ABU3@ABU__false_type@2@I_N@Z,0x000E5580,281,Code/gen_small/tgrid_103.cpp,reloc-derived;call-sites=1;identity=generated
??1Gen_dtor_000e6840@@UAE@XZ,0x000E6140,175,Code/gen_small/dtors_000.cpp,reloc-derived;call-sites=1;identity=generated
?equal_range@?$hashtable@U?$pair@$$CBHUGen_t_000e7b60_m12pod@@@_STL@@HU?$hash@H@2@U?$_Select1st@U?$pair@$$CBHUGen_t_000e7b60_m12pod@@@_STL@@@2@U?$equal_to@H@2@V?$allocator@U?$pair@$$CBHUGen_t_000e7b60_m12pod@@@_STL@@@2@@_STL@@QAE?AU?$pair@U?$_Ht_iterator@U?$pair@$$CBHUGen_t_000e7b60_m12pod@@@_STL@@U?$_Nonconst_traits@U?$pair@$$CBHUGen_t_000e7b60_m12pod@@@_STL@@@2@HU?$hash@H@2@U?$_Select1st@U?$pair@$$CBHUGen_t_000e7b60_m12pod@@@_STL@@@2@U?$equal_to@H@2@V?$allocator@U?$pair@$$CBHUGen_t_000e7b60_m12pod@@@_STL@@@2@@_STL@@U12@@2@ABH@Z,0x000E7930,145,Code/gen_small/fam_008.cpp,reloc-derived;call-sites=1;identity=generated
??1ScienceVecStandIn@@QAE@XZ,0x000E80F0,203,Code/GameEngine/Source/Common/ScienceInfoDestructorThunk.cpp,reloc-derived;call-sites=1;identity=real
?_bfme_recordPointsEarned@BfmeAcademyPointRecorder@@QAEXH@Z,0x000E88D0,36,Code/GameEngine/Source/Common/RTS/Player_addSciencePurchasePoints.cpp,reloc-derived;call-sites=1;identity=real
?_M_insert@?$_Rb_tree@PAXPAXU?$_Identity@PAX@_STL@@U?$less@PAX@2@V?$allocator@PAX@2@@_STL@@AAE?AU?$_Rb_tree_iterator@PAXU?$_Nonconst_traits@PAX@_STL@@@2@PAU_Rb_tree_node_base@2@0ABQAX0@Z,0x000E9770,176,Code/gen_small/tgrid_006.cpp,reloc-derived;call-sites=9;identity=real
?insert_unique@?$_Rb_tree@PAXPAXU?$_Identity@PAX@_STL@@U?$less@PAX@2@V?$allocator@PAX@2@@_STL@@QAE?AU?$pair@U?$_Rb_tree_iterator@PAXU?$_Nonconst_traits@PAX@_STL@@@_STL@@_N@2@ABQAX@Z,0x000E9850,145,Code/gen_small/tgrid_006.cpp,reloc-derived;call-sites=4;identity=real
??1Gen_dtor_000e9fe0@@UAE@XZ,0x000E9A40,150,Code/gen_small/dtors_000.cpp,reloc-derived;call-sites=1;identity=generated
?findSpecialPowerTemplatePrivate@SpecialPowerStore@@IAEPAVSpecialPowerTemplate@@VAsciiString@@@Z,0x000EBA20,298,Code/GameEngine/Source/Common/INI/ini.cpp,reloc-derived;call-sites=1;identity=real
??0DamageInfo@@QAE@XZ,0x000ED430,39,Code/GameEngine/Source/GameLogic/Object/Object_kill.cpp,reloc-derived;call-sites=1;identity=real
??0DelayedLuaEventList@@QAE@XZ,0x000EDBB0,84,Code/GameEngine/Source/GameLogic/ScriptEngine/DelayedLuaEventUpdateCtorThunk.cpp,reloc-derived;call-sites=1;identity=real
?gen000EEFA0@@YAXPAX0@Z,0x000EEFA0,79,Code/GameEngine/Source/Common/SubobjectConstructingFactories.cpp,reloc-derived;call-sites=2;identity=generated
?h000EF060@Glo00EED810@@QAEXH@Z,0x000EF060,90,Code/GameEngine/Source/Common/R1ForwardToStoredObject.cpp,reloc-derived;call-sites=1;identity=real
?insert_unique@?$_Rb_tree@U?$pair@HH@_STL@@U?$pair@$$CBU?$pair@HH@_STL@@PAVTeamPrototype@@@2@U?$_Select1st@U?$pair@$$CBU?$pair@HH@_STL@@PAVTeamPrototype@@@_STL@@@2@U?$less@U?$pair@HH@_STL@@@2@V?$allocator@U?$pair@$$CBU?$pair@HH@_STL@@PAVTeamPrototype@@@_STL@@@2@@_STL@@QAE?AU?$_Rb_tree_iterator@U?$pair@$$CBU?$pair@HH@_STL@@PAVTeamPrototype@@@_STL@@U?$_Nonconst_traits@U?$pair@$$CBU?$pair@HH@_STL@@PAVTeamPrototype@@@_STL@@@2@@2@U32@ABU?$pair@$$CBU?$pair@HH@_STL@@PAVTeamPrototype@@@2@@Z,0x000EF750,684,Code/GameEngine/Source/Common/RTS/TeamFactoryCtorThunk.cpp,reloc-derived;call-sites=2;identity=real
?handle@Gen000EFCF0@@QAEXPAXH@Z,0x000EFCF0,41,Code/GameEngine/Source/Common/SpanCountForwarders.cpp,reloc-derived;call-sites=2;identity=generated
?_M_copy@?$_Rb_tree@HU?$pair@$$CBHUGen_t_000f3aa0_p8cd@@@_STL@@U?$_Select1st@U?$pair@$$CBHUGen_t_000f3aa0_p8cd@@@_STL@@@2@U?$less@H@2@V?$allocator@U?$pair@$$CBHUGen_t_000f3aa0_p8cd@@@_STL@@@2@@_STL@@AAEPAU?$_Rb_tree_node@U?$pair@$$CBHUGen_t_000f3aa0_p8cd@@@_STL@@@2@PAU32@0@Z,0x000F1D00,171,Code/gen_small/tgrid_103.cpp,reloc-derived;call-sites=1;identity=generated
?evaluate@Gen000F2010@@QAEPAXPAX@Z,0x000F2010,159,Code/GameEngine/Source/Common/SelfPairReturners.cpp,reloc-derived;call-sites=4;identity=generated
?unidentified_000F20F0@Object@@QAEXHH@Z,0x000F20F0,68,Code/GameEngine/Source/Common/AIPanicState_onExit_Thunk.cpp,reloc-derived;call-sites=1;identity=real
??1Gen_dtor_000f3c20@@UAE@XZ,0x000F21C0,89,Code/gen_small/dtors_000.cpp,reloc-derived;call-sites=1;identity=generated
??0TeamPrototype@@QAE@PAVTeamFactory@@ABVAsciiString@@1PAVPlayer@@_NPAVDict@@H@Z,0x000F3E40,367,Code/GameEngine/Source/Common/RTS/TeamFactoryCtorThunk.cpp,reloc-derived;call-sites=1;identity=real
?getTeamAsAIGroup@Team@@QAEXPAVAIGroup@@@Z,0x000F45A0,126,Code/GameEngine/Source/GameLogic/ScriptEngine/ScriptActions_doTeamAttackNamed_Thunk.cpp,reloc-derived;call-sites=3;identity=real
?countBuildings@Team@@QAEHXZ,0x000F4900,103,Code/GameEngine/Source/Common/RTS/TeamPrototype_countBuildings.cpp,reloc-derived;call-sites=1;identity=real
?erase@?$hashtable@U?$pair@$$CBHUGen_t_000f73d0_p12cd@@@_STL@@HU?$hash@H@2@U?$_Select1st@U?$pair@$$CBHUGen_t_000f73d0_p12cd@@@_STL@@@2@U?$equal_to@H@2@V?$allocator@U?$pair@$$CBHUGen_t_000f73d0_p12cd@@@_STL@@@2@@_STL@@QAEXABU?$_Ht_iterator@U?$pair@$$CBHUGen_t_000f73d0_p12cd@@@_STL@@U?$_Const_traits@U?$pair@$$CBHUGen_t_000f73d0_p12cd@@@_STL@@@2@HU?$hash@H@2@U?$_Select1st@U?$pair@$$CBHUGen_t_000f73d0_p12cd@@@_STL@@@2@U?$equal_to@H@2@V?$allocator@U?$pair@$$CBHUGen_t_000f73d0_p12cd@@@_STL@@@2@@2@@Z,0x000F6B50,154,Code/gen_small/tgrid_127.cpp,reloc-derived;call-sites=1;identity=generated
??1Gen_dtor_000f7580@@UAE@XZ,0x000F6E40,257,Code/gen_small/dtors_000.cpp,reloc-derived;call-sites=1;identity=generated
?updateState@Team@@QAEXXZ,0x000F71C0,143,Code/GameEngine/Source/Common/RTS/Player_updateTeamStates.cpp,reloc-derived;call-sites=1;identity=real
?healObject@TunnelTracker@@SAXPAVObject@@PAX@Z,0x000F8640,144,Code/GameEngine/Source/Common/RTS/TunnelTracker.cpp,reloc-derived;call-sites=1;identity=real
??0TunnelTracker@@QAE@XZ,0x000F8980,140,Code/GameEngine/Source/GameLogic/System/CaveSystem.cpp,reloc-derived;call-sites=1;identity=real
??1Gen_dtor_000f8d50@@UAE@XZ,0x000F8A40,156,Code/gen_small/dtors_000.cpp,reloc-derived;call-sites=1;identity=generated
?getCurNemesis@TunnelTracker@@QAEPAVObject@@XZ,0x000F8BA0,92,Code/GameEngine/Source/Common/RTS/TunnelTracker.cpp,reloc-derived;call-sites=2;identity=real
?onTunnelDestroyed@TunnelTracker@@QAEXPBVObject@@@Z,0x000F8C20,176,Code/GameEngine/Source/GameLogic/Object/Contain/CaveContainTryToSetCaveIndex.cpp,reloc-derived;call-sites=1;identity=real
?playerFromParam@ScriptConditions@@IAEPAVPlayer@@PAVParameter@@@Z,0x000F94B0,68,Code/GameEngine/Source/GameLogic/ScriptEngine/ScriptConditions.cpp,reloc-derived;call-sites=1;identity=real
??0?$pair@$$CBUGen_t_000fa390_k4@@UGen_t_000fa390_p12cd@@@_STL@@QAE@ABU01@@Z,0x000F9FF0,181,Code/gen_small/tgrid_103.cpp,reloc-derived;call-sites=1;identity=generated
??$__copy_backward@PAUGen_t_000fa3f0_p128pod@@PAU1@H@_STL@@YAPAUGen_t_000fa3f0_p128pod@@PAU1@00ABUrandom_access_iterator_tag@0@PAH@Z,0x000FA0E0,69,Code/gen_small/tgrid_133.cpp,reloc-derived;call-sites=1;identity=generated
??$__copy_backward@PAUGen_t_000fd5c0_p128pod@@PAU1@H@_STL@@YAPAUGen_t_000fd5c0_p128pod@@PAU1@00ABUrandom_access_iterator_tag@0@PAH@Z,0x000FCF70,123,Code/gen_small/tgrid_133.cpp,reloc-derived;call-sites=1;identity=generated
?gen000FD650@@YAXPAUElem16@@PBU1@@Z,0x000FD650,88,Code/GameEngine/Source/Common/ElementStrideWalks.cpp,reloc-derived;call-sites=1;identity=generated
??$_M_allocate_and_copy@PBUGen_t_000ffa60_p16cd@@@?$vector@UGen_t_000ffa60_p16cd@@V?$allocator@UGen_t_000ffa60_p16cd@@@_STL@@@_STL@@IAEPAUGen_t_000ffa60_p16cd@@IPBU2@0@Z,0x000FD9E0,94,Code/gen_small/tgrid_103.cpp,reloc-derived;call-sites=1;identity=generated
??1Gen_dtor_000fe210@@UAE@XZ,0x000FDB40,139,Code/gen_small/dtors_000.cpp,reloc-derived;call-sites=1;identity=generated
??1Gen000FF700@@QAE@XZ,0x000FF700,167,Code/GameEngine/Source/Common/R4VptrTailDestructors.cpp,reloc-derived;call-sites=1;identity=generated
??0?$pair@$$CBUGen_t_00138860_k4@@UGen_t_00138860_p12cd@@@_STL@@QAE@ABU01@@Z,0x000FFD10,194,Code/gen_small/tgrid_105.cpp,reloc-derived;call-sites=1;identity=generated
?handle@Q1Forwardee0000871A@@QAEXH@Z,0x00102610,37,Code/GameEngine/Source/Common/Q1SharedStoreForwarders.cpp,reloc-derived;call-sites=16;identity=real
?writeAsciiString@DataChunkOutput@@QAEXABVAsciiString@@@Z,0x00102C80,97,Code/GameEngine/Source/GameLogic/ScriptEngine/Parameter_WriteParameter_Thunk.cpp,reloc-derived;call-sites=2;identity=real
??1Gen_dtor_00102e10@@UAE@XZ,0x00102E40,14,Code/gen_small/dtors_000.cpp,reloc-derived;call-sites=1;identity=generated
??1Gen_dtor_00103180@@UAE@XZ,0x001031B0,83,Code/gen_small/dtors_000.cpp,reloc-derived;call-sites=1;identity=generated
?readDict@DataChunkInput@@QAE?AVDict@@XZ,0x001039C0,561,Code/GameEngine/Source/GameClient/MapUtil.cpp,reloc-derived;call-sites=2;identity=real
?findMapping@DataChunkTableOfContents@@AAEPAVMapping@@ABVAsciiString@@@Z,0x00103CA0,126,Code/GameEngine/Source/Common/System/DataChunk.cpp,reloc-derived;call-sites=1;identity=real
?allocateID@DataChunkTableOfContents@@QAEIABVAsciiString@@@Z,0x00103D60,100,Code/GameEngine/Source/Common/System/DataChunkOutput_writeNameKey_Thunk.cpp,reloc-derived;call-sites=1;identity=real
?parse@DataChunkInput@@QAE_NPAX@Z,0x00103DE0,820,Code/GameEngine/Source/GameClient/MapUtil_ParseObjectsDataChunk_Thunk.cpp,reloc-derived;call-sites=2;identity=real
?openDataChunk@DataChunkOutput@@QAEXPADG@Z,0x001041F0,216,Code/GameEngine/Source/Common/ScriptList_WriteScriptsDataChunk_Thunk.cpp,reloc-derived;call-sites=6;identity=real
??1Gen_dtor_00105540@@UAE@XZ,0x00105350,11,Code/gen_small/dtors_000.cpp,reloc-derived;call-sites=1;identity=generated
_bfme_timeGetTime@0,0x00105750,49,Code/GameEngine/Source/Common/ProcessAnimateWindowSlideFromBottomTimed_initReverseAnimateWindow_Thunk.cpp,reloc-derived;call-sites=8;identity=real
?deleteListResources@Radar@@IAEXXZ,0x00106A90,130,Code/GameEngine/Source/Common/RadarDestructorThunk.cpp,reloc-derived;call-sites=2;identity=real
?radarToWorld@Radar@@QAE_NPBUICoord2D@@PAUCoord3D@@@Z,0x00106C60,152,Code/GameEngine/Source/Common/System/Radar.cpp,reloc-derived;call-sites=1;identity=real
?localPixelToRadar@Radar@@QAE_NPBUICoord2D@@PAU2@@Z,0x00107AB0,327,Code/GameEngine/Source/Common/System/Radar.cpp,reloc-derived;call-sites=2;identity=real
?internalCreateEvent@Radar@@IAEXPBUCoord3D@@W4RadarEventType@@MPBURGBAColorInt@@2@Z,0x00107D60,510,Code/GameEngine/Source/Common/System/Radar.cpp,reloc-derived;call-sites=1;identity=real
??0UpgradeTemplate@@QAE@XZ,0x0010ABD0,175,Code/GameEngine/Source/Common/UpgradeCenter_newUpgrade_Thunk.cpp,reloc-derived;call-sites=1;identity=real
??1Gen_dtor_0010bd60@@UAE@XZ,0x0010BC80,176,Code/gen_small/dtors_000.cpp,reloc-derived;call-sites=1;identity=generated
?xferInteger@@YAXAAVXfer@@AAH@Z,0x0010C320,25,Code/GameEngine/Source/GameClient/System/FXParticleSystem/fx_particle_system_bulk.cpp,reloc-derived;call-sites=1;identity=real
?xferRandomVariable@@YAXAAVXfer@@AAVGameClientRandomVariable@@@Z,0x0010C4D0,177,Code/GameEngine/Source/GameClient/System/FXParticleSystem/fx_particle_system_bulk.cpp,reloc-derived;call-sites=31;identity=real
??1Gen_t_0010dae0_p12cd@@QAE@XZ,0x0010D700,128,Code/gen_small/tgrid_103.cpp,reloc-derived;call-sites=1;identity=generated
??0?$pair@$$CBUGen_t_0056ce40_k4@@UGen_t_0056ce40_p12cd@@@_STL@@QAE@ABU01@@Z,0x0010DFC0,93,Code/gen_small/tgrid_117.cpp,reloc-derived;call-sites=1;identity=generated
?getFilePathInSaveDirectory@GameState@@QBE?AVAsciiString@@ABV2@@Z,0x0010F120,151,Code/GameEngine/Source/Common/GameState_clearAvailableGamesMethodThunk.cpp,reloc-derived;call-sites=2;identity=real
?xferSaveData@GameState@@AAEXPAVXfer@@W4SnapshotType@@@Z,0x0010FBD0,550,Code/GameEngine/Source/Common/System/SaveGame/GameState.cpp,reloc-derived;call-sites=1;identity=real
??1Gen_dtor_00113960@@UAE@XZ,0x00113200,95,Code/gen_small/dtors_000.cpp,reloc-derived;call-sites=1;identity=generated
??1Gen_dtor_001249e0@@UAE@XZ,0x00121D10,11,Code/gen_small/dtors_000.cpp,reloc-derived;call-sites=1;identity=generated
??1Gen_dtor_00124af0@@UAE@XZ,0x00124B20,11,Code/gen_small/dtors_000.cpp,reloc-derived;call-sites=1;identity=generated
??1Gen_dtor_00124bc0@@UAE@XZ,0x00124BF0,11,Code/gen_small/dtors_000.cpp,reloc-derived;call-sites=1;identity=generated
??0?$_STLP_alloc_proxy@PAUGen_t_001263a0_m4pod@@U1@V?$allocator@UGen_t_001263a0_m4pod@@@_STL@@@_STL@@QAE@ABV?$allocator@UGen_t_001263a0_m4pod@@@1@PAUGen_t_001263a0_m4pod@@@Z,0x00124F40,11,Code/gen_small/fam_017.cpp,reloc-derived;call-sites=1;identity=generated
??0?$_STLP_alloc_proxy@PAUGen_t_001263d0_m4pod@@U1@V?$allocator@UGen_t_001263d0_m4pod@@@_STL@@@_STL@@QAE@ABV?$allocator@UGen_t_001263d0_m4pod@@@1@PAUGen_t_001263d0_m4pod@@@Z,0x00124F50,11,Code/gen_small/fam_017.cpp,reloc-derived;call-sites=1;identity=generated
?_M_insert@?$_Rb_tree@HU?$pair@$$CBHUGen_t_00128200_p12cd@@@_STL@@U?$_Select1st@U?$pair@$$CBHUGen_t_00128200_p12cd@@@_STL@@@2@U?$less@H@2@V?$allocator@U?$pair@$$CBHUGen_t_00128200_p12cd@@@_STL@@@2@@_STL@@AAE?AU?$_Rb_tree_iterator@U?$pair@$$CBHUGen_t_00128200_p12cd@@@_STL@@U?$_Nonconst_traits@U?$pair@$$CBHUGen_t_00128200_p12cd@@@_STL@@@2@@2@PAU_Rb_tree_node_base@2@0ABU?$pair@$$CBHUGen_t_00128200_p12cd@@@2@0@Z,0x00127770,176,Code/gen_small/tgrid_104.cpp,reloc-derived;call-sites=9;identity=generated
?insert_unique@?$_Rb_tree@HU?$pair@$$CBHUGen_t_00128200_p12cd@@@_STL@@U?$_Select1st@U?$pair@$$CBHUGen_t_00128200_p12cd@@@_STL@@@2@U?$less@H@2@V?$allocator@U?$pair@$$CBHUGen_t_00128200_p12cd@@@_STL@@@2@@_STL@@QAE?AU?$pair@U?$_Rb_tree_iterator@U?$pair@$$CBHUGen_t_00128200_p12cd@@@_STL@@U?$_Nonconst_traits@U?$pair@$$CBHUGen_t_00128200_p12cd@@@_STL@@@2@@_STL@@_N@2@ABU?$pair@$$CBHUGen_t_00128200_p12cd@@@2@@Z,0x00127850,145,Code/gen_small/tgrid_104.cpp,reloc-derived;call-sites=4;identity=generated
?cleanup@HordeContainOwnedBuffer@@AAEXXZ,0x00129220,58,Code/GameEngine/Source/Common/HordeContainModuleDataDestructorThunk.cpp,reloc-derived;call-sites=1;identity=real
??AModuleTemplateMap@ModuleFactory@@QAEAAVModuleTemplate@1@ABH@Z,0x001296E0,144,Code/GameEngine/Source/Common/System/module_factory.cpp,reloc-derived;call-sites=102;identity=real
??0AutoHealBehaviorModuleData@@QAE@XZ,0x00129D50,180,Code/GameEngine/Source/GameLogic/Object/Behavior/AutoHealBehaviorFriendNewModuleDataThunk.cpp,reloc-derived;call-sites=1;identity=real
??0S4ModuleData0012A070@@QAE@XZ,0x00129F80,189,Code/GameEngine/Source/Common/S4NewModuleData.cpp,reloc-derived;call-sites=1;identity=real
??0StealthUpdateModuleData@@QAE@XZ,0x0012A3A0,372,Code/GameEngine/Source/GameLogic/Object/Update/StealthUpdateFriendNewModuleDataThunk.cpp,reloc-derived;call-sites=1;identity=real
??1Gen_dtor_0012a580@@UAE@XZ,0x0012A5B0,160,Code/gen_small/dtors_001.cpp,reloc-derived;call-sites=1;identity=generated
??0RandomSoundSelectorClientBehaviorModuleData@@QAE@XZ,0x0012BCC0,169,Code/GameEngine/Source/Common/Thing/RandomSoundSelectorClientBehaviorFriendNewModuleDataThunk.cpp,reloc-derived;call-sites=1;identity=real
??1Gen_dtor_0012bda0@@UAE@XZ,0x0012BDD0,107,Code/gen_small/dtors_001.cpp,reloc-derived;call-sites=1;identity=generated
?setTransformMatrix@Thing@@QAEXPBVMatrix3D@@@Z,0x00132200,257,Code/GameEngine/Source/Common/Thing/Thing.cpp,reloc-derived;call-sites=1;identity=real
?setOrientation@Thing@@QAEXM@Z,0x00132E40,441,Code/GameEngine/Source/GameLogic/Object/Contain/TunnelContain.cpp,reloc-derived;call-sites=3;identity=real
??$__copy_backward@PAUGen_t_00133f20_p128pod@@PAU1@H@_STL@@YAPAUGen_t_00133f20_p128pod@@PAU1@00ABUrandom_access_iterator_tag@0@PAH@Z,0x00133700,77,Code/gen_small/tgrid_133.cpp,reloc-derived;call-sites=1;identity=generated
??$__copy_backward@PAUGen_t_00134080_p128pod@@PAU1@H@_STL@@YAPAUGen_t_00134080_p128pod@@PAU1@00ABUrandom_access_iterator_tag@0@PAH@Z,0x00133860,105,Code/gen_small/tgrid_133.cpp,reloc-derived;call-sites=1;identity=generated
??0?$pair@$$CBUGen_t_00134f70_k4@@UGen_t_00134f70_p12cd@@@_STL@@QAE@ABU01@@Z,0x00134500,105,Code/gen_small/tgrid_104.cpp,reloc-derived;call-sites=1;identity=generated
?handle@Gen00134B70@@QAEXPAXH@Z,0x00134B70,41,Code/GameEngine/Source/Common/SpanCountForwarders.cpp,reloc-derived;call-sites=2;identity=generated
??$_M_allocate_and_copy@PBUGen_t_00136ec0_p4pod@@@?$vector@UGen_t_00136ec0_p4pod@@V?$allocator@UGen_t_00136ec0_p4pod@@@_STL@@@_STL@@IAEPAUGen_t_00136ec0_p4pod@@IPBU2@0@Z,0x00134C90,88,Code/gen_small/tgrid_104.cpp,reloc-derived;call-sites=1;identity=generated
??$_M_allocate_and_copy@PBUGen_t_00138360_p12cd@@@?$vector@UGen_t_00138360_p12cd@@V?$allocator@UGen_t_00138360_p12cd@@@_STL@@@_STL@@IAEPAUGen_t_00138360_p12cd@@IPBU2@0@Z,0x00135C90,97,Code/gen_small/tgrid_104.cpp,reloc-derived;call-sites=1;identity=generated
?_M_copy@?$_Rb_tree@HU?$pair@$$CBHUGen_t_00137010_p12cd@@@_STL@@U?$_Select1st@U?$pair@$$CBHUGen_t_00137010_p12cd@@@_STL@@@2@U?$less@H@2@V?$allocator@U?$pair@$$CBHUGen_t_00137010_p12cd@@@_STL@@@2@@_STL@@AAEPAU?$_Rb_tree_node@U?$pair@$$CBHUGen_t_00137010_p12cd@@@_STL@@@2@PAU32@0@Z,0x001363B0,171,Code/gen_small/tgrid_104.cpp,reloc-derived;call-sites=1;identity=generated
?_M_copy@?$_Rb_tree@HU?$pair@$$CBHUGen_t_001370f0_p12cd@@@_STL@@U?$_Select1st@U?$pair@$$CBHUGen_t_001370f0_p12cd@@@_STL@@@2@U?$less@H@2@V?$allocator@U?$pair@$$CBHUGen_t_001370f0_p12cd@@@_STL@@@2@@_STL@@AAEPAU?$_Rb_tree_node@U?$pair@$$CBHUGen_t_001370f0_p12cd@@@_STL@@@2@PAU32@0@Z,0x00136490,171,Code/gen_small/tgrid_104.cpp,reloc-derived;call-sites=1;identity=generated
?_M_copy@?$_Rb_tree@HU?$pair@$$CBHUGen_t_001371d0_p12cd@@@_STL@@U?$_Select1st@U?$pair@$$CBHUGen_t_001371d0_p12cd@@@_STL@@@2@U?$less@H@2@V?$allocator@U?$pair@$$CBHUGen_t_001371d0_p12cd@@@_STL@@@2@@_STL@@AAEPAU?$_Rb_tree_node@U?$pair@$$CBHUGen_t_001371d0_p12cd@@@_STL@@@2@PAU32@0@Z,0x001365C0,171,Code/gen_small/tgrid_104.cpp,reloc-derived;call-sites=1;identity=generated
?evaluate@Gen001366A0@@QAEPAXPAX@Z,0x001366A0,159,Code/GameEngine/Source/Common/SelfPairReturners.cpp,reloc-derived;call-sites=4;identity=generated
?_M_copy@?$_Rb_tree@HU?$pair@$$CBHUGen_t_00137960_p12cd@@@_STL@@U?$_Select1st@U?$pair@$$CBHUGen_t_00137960_p12cd@@@_STL@@@2@U?$less@H@2@V?$allocator@U?$pair@$$CBHUGen_t_00137960_p12cd@@@_STL@@@2@@_STL@@AAEPAU?$_Rb_tree_node@U?$pair@$$CBHUGen_t_00137960_p12cd@@@_STL@@@2@PAU32@0@Z,0x001373D0,179,Code/gen_small/tgrid_104.cpp,reloc-derived;call-sites=1;identity=generated
?_M_copy@?$_Rb_tree@HU?$pair@$$CBHUGen_t_00137a40_p12cd@@@_STL@@U?$_Select1st@U?$pair@$$CBHUGen_t_00137a40_p12cd@@@_STL@@@2@U?$less@H@2@V?$allocator@U?$pair@$$CBHUGen_t_00137a40_p12cd@@@_STL@@@2@@_STL@@AAEPAU?$_Rb_tree_node@U?$pair@$$CBHUGen_t_00137a40_p12cd@@@_STL@@@2@PAU32@0@Z,0x001374C0,171,Code/gen_small/tgrid_104.cpp,reloc-derived;call-sites=1;identity=generated
??1Gen_dtor_001384d0@@UAE@XZ,0x00137C90,92,Code/gen_small/dtors_001.cpp,reloc-derived;call-sites=1;identity=generated
?_M_advance@?$_Deque_iterator_base@UGen_t_00138500_p12cd@@@_STL@@QAEXH@Z,0x00138090,294,Code/gen_small/tgrid_133.cpp,reloc-derived;call-sites=1;identity=generated
?_M_copy@?$_Rb_tree@HU?$pair@$$CBHUGen_t_00138a10_p12cd@@@_STL@@U?$_Select1st@U?$pair@$$CBHUGen_t_00138a10_p12cd@@@_STL@@@2@U?$less@H@2@V?$allocator@U?$pair@$$CBHUGen_t_00138a10_p12cd@@@_STL@@@2@@_STL@@AAEPAU?$_Rb_tree_node@U?$pair@$$CBHUGen_t_00138a10_p12cd@@@_STL@@@2@PAU32@0@Z,0x00138720,171,Code/gen_small/tgrid_105.cpp,reloc-derived;call-sites=1;identity=generated
??$__copy_backward@PAUGen_t_00138af0_p128pod@@PAU1@H@_STL@@YAPAUGen_t_00138af0_p128pod@@PAU1@00ABUrandom_access_iterator_tag@0@PAH@Z,0x00138800,77,Code/gen_small/tgrid_133.cpp,reloc-derived;call-sites=1;identity=generated
??0GenBase00138960@@QAE@XZ,0x00138960,129,Code/GameEngine/Source/Common/MidVptrOnlyDerivedCtors.cpp,reloc-derived;call-sites=1;identity=real
??$__copy_backward@PAUGen_t_00138d40_p128pod@@PAU1@H@_STL@@YAPAUGen_t_00138d40_p128pod@@PAU1@00ABUrandom_access_iterator_tag@0@PAH@Z,0x00138BA0,93,Code/gen_small/tgrid_133.cpp,reloc-derived;call-sites=1;identity=generated
?gen0013AE00@Gen0013AE00_0013A820@@QAEXXZ,0x0013AE00,468,Code/GameEngine/Source/Common/TailPairForwarders.cpp,reloc-derived;call-sites=1;identity=generated
??4StringClass@@QAEABV0@ABV0@@Z,0x0013B600,73,Code/Libraries/Source/WWVegas/WW3D2/rendobj.cpp,reloc-derived;call-sites=8;identity=real
?cleanup@Gen0013BF00Owner@@QAEXXZ,0x0013BF00,58,Code/GameEngine/Source/Common/Q2NodePoolReleases.cpp,reloc-derived;call-sites=2;identity=generated
?_M_insert@?$_Rb_tree@HU?$pair@$$CBHUGen_t_001423b0_p12cd@@@_STL@@U?$_Select1st@U?$pair@$$CBHUGen_t_001423b0_p12cd@@@_STL@@@2@U?$less@H@2@V?$allocator@U?$pair@$$CBHUGen_t_001423b0_p12cd@@@_STL@@@2@@_STL@@AAE?AU?$_Rb_tree_iterator@U?$pair@$$CBHUGen_t_001423b0_p12cd@@@_STL@@U?$_Nonconst_traits@U?$pair@$$CBHUGen_t_001423b0_p12cd@@@_STL@@@2@@2@PAU_Rb_tree_node_base@2@0ABU?$pair@$$CBHUGen_t_001423b0_p12cd@@@2@0@Z,0x00140D00,176,Code/gen_small/tgrid_105.cpp,reloc-derived;call-sites=9;identity=generated
?insert_unique@?$_Rb_tree@HU?$pair@$$CBHUGen_t_001423b0_p12cd@@@_STL@@U?$_Select1st@U?$pair@$$CBHUGen_t_001423b0_p12cd@@@_STL@@@2@U?$less@H@2@V?$allocator@U?$pair@$$CBHUGen_t_001423b0_p12cd@@@_STL@@@2@@_STL@@QAE?AU?$pair@U?$_Rb_tree_iterator@U?$pair@$$CBHUGen_t_001423b0_p12cd@@@_STL@@U?$_Nonconst_traits@U?$pair@$$CBHUGen_t_001423b0_p12cd@@@_STL@@@2@@_STL@@_N@2@ABU?$pair@$$CBHUGen_t_001423b0_p12cd@@@2@@Z,0x00140DE0,145,Code/gen_small/tgrid_105.cpp,reloc-derived;call-sites=4;identity=generated
?insert_unique@?$_Rb_tree@$$CBV?$BitFlags@$0L@@@U?$pair@$$CBV?$BitFlags@$0L@@@PBVArmorTemplateSet@@@_STL@@U?$_Select1st@U?$pair@$$CBV?$BitFlags@$0L@@@PBVArmorTemplateSet@@@_STL@@@3@UMapHelper@?$SparseMatchFinder@VArmorTemplateSet@@V?$BitFlags@$0L@@@@@V?$allocator@U?$pair@$$CBV?$BitFlags@$0L@@@PBVArmorTemplateSet@@@_STL@@@3@@_STL@@QAE?AU?$_Rb_tree_iterator@U?$pair@$$CBV?$BitFlags@$0L@@@PBVArmorTemplateSet@@@_STL@@U?$_Nonconst_traits@U?$pair@$$CBV?$BitFlags@$0L@@@PBVArmorTemplateSet@@@_STL@@@2@@2@U32@ABU?$pair@$$CBV?$BitFlags@$0L@@@PBVArmorTemplateSet@@@2@@Z,0x001426A0,629,Code/GameEngine/Source/Common/Thing/ThingTemplate.cpp,reloc-derived;call-sites=2;identity=real
?insert_unique@?$_Rb_tree@$$CBV?$BitFlags@$0BB@@@U?$pair@$$CBV?$BitFlags@$0BB@@@PBVWeaponTemplateSet@@@_STL@@U?$_Select1st@U?$pair@$$CBV?$BitFlags@$0BB@@@PBVWeaponTemplateSet@@@_STL@@@3@UMapHelper@?$SparseMatchFinder@VWeaponTemplateSet@@V?$BitFlags@$0BB@@@@@V?$allocator@U?$pair@$$CBV?$BitFlags@$0BB@@@PBVWeaponTemplateSet@@@_STL@@@3@@_STL@@QAE?AU?$_Rb_tree_iterator@U?$pair@$$CBV?$BitFlags@$0BB@@@PBVWeaponTemplateSet@@@_STL@@U?$_Nonconst_traits@U?$pair@$$CBV?$BitFlags@$0BB@@@PBVWeaponTemplateSet@@@_STL@@@2@@2@U32@ABU?$pair@$$CBV?$BitFlags@$0BB@@@PBVWeaponTemplateSet@@@2@@Z,0x001429C0,629,Code/GameEngine/Source/Common/Thing/ThingTemplate.cpp,reloc-derived;call-sites=2;identity=real
?_M_lower_bound@?$_Rb_tree@UGen_t_001448a0_m12cd@@U1@U?$_Identity@UGen_t_001448a0_m12cd@@@_STL@@U?$less@UGen_t_001448a0_m12cd@@@3@V?$allocator@UGen_t_001448a0_m12cd@@@3@@_STL@@ABEPAU?$_Rb_tree_node@UGen_t_001448a0_m12cd@@@2@ABUGen_t_001448a0_m12cd@@@Z,0x001430D0,194,Code/gen_small/fam_009.cpp,reloc-derived;call-sites=1;identity=generated
?_M_insert_overflow@?$vector@U?$pair@UICoord2D@@UCoord3D@@@_STL@@V?$allocator@U?$pair@UICoord2D@@UCoord3D@@@_STL@@@2@@_STL@@IAEXPAU?$pair@UICoord2D@@UCoord3D@@@2@ABU32@ABU__false_type@2@I_N@Z,0x00143CE0,287,Code/GameEngineDevice/Source/W3DDevice/GameClient/W3DView.cpp,reloc-derived;call-sites=1;identity=real
?equal_range@?$hashtable@U?$pair@$$CBHUGen_t_00144fa0_m12pod@@@_STL@@HU?$hash@H@2@U?$_Select1st@U?$pair@$$CBHUGen_t_00144fa0_m12pod@@@_STL@@@2@U?$equal_to@H@2@V?$allocator@U?$pair@$$CBHUGen_t_00144fa0_m12pod@@@_STL@@@2@@_STL@@QAE?AU?$pair@U?$_Ht_iterator@U?$pair@$$CBHUGen_t_00144fa0_m12pod@@@_STL@@U?$_Nonconst_traits@U?$pair@$$CBHUGen_t_00144fa0_m12pod@@@_STL@@@2@HU?$hash@H@2@U?$_Select1st@U?$pair@$$CBHUGen_t_00144fa0_m12pod@@@_STL@@@2@U?$equal_to@H@2@V?$allocator@U?$pair@$$CBHUGen_t_00144fa0_m12pod@@@_STL@@@2@@_STL@@U12@@2@ABH@Z,0x00144560,310,Code/gen_small/fam_009.cpp,reloc-derived;call-sites=1;identity=generated
?_M_insert@?$_Rb_tree@HU?$pair@$$CBHUGen_t_001463b0_p12cd@@@_STL@@U?$_Select1st@U?$pair@$$CBHUGen_t_001463b0_p12cd@@@_STL@@@2@U?$less@H@2@V?$allocator@U?$pair@$$CBHUGen_t_001463b0_p12cd@@@_STL@@@2@@_STL@@AAE?AU?$_Rb_tree_iterator@U?$pair@$$CBHUGen_t_001463b0_p12cd@@@_STL@@U?$_Nonconst_traits@U?$pair@$$CBHUGen_t_001463b0_p12cd@@@_STL@@@2@@2@PAU_Rb_tree_node_base@2@0ABU?$pair@$$CBHUGen_t_001463b0_p12cd@@@2@0@Z,0x00145280,176,Code/gen_small/tgrid_105.cpp,reloc-derived;call-sites=9;identity=generated
?insert_unique@?$_Rb_tree@HU?$pair@$$CBHUGen_t_001463b0_p12cd@@@_STL@@U?$_Select1st@U?$pair@$$CBHUGen_t_001463b0_p12cd@@@_STL@@@2@U?$less@H@2@V?$allocator@U?$pair@$$CBHUGen_t_001463b0_p12cd@@@_STL@@@2@@_STL@@QAE?AU?$pair@U?$_Rb_tree_iterator@U?$pair@$$CBHUGen_t_001463b0_p12cd@@@_STL@@U?$_Nonconst_traits@U?$pair@$$CBHUGen_t_001463b0_p12cd@@@_STL@@@2@@_STL@@_N@2@ABU?$pair@$$CBHUGen_t_001463b0_p12cd@@@2@@Z,0x00145360,145,Code/gen_small/tgrid_105.cpp,reloc-derived;call-sites=4;identity=generated
?_M_insert_overflow@?$vector@VProductionPrerequisite@@V?$allocator@VProductionPrerequisite@@@_STL@@@_STL@@IAEXPAVProductionPrerequisite@@ABV3@ABU__false_type@2@I_N@Z,0x00146940,287,Code/GameEngine/Source/Common/INI/ParsePrerequisiteScienceThunk.cpp,reloc-derived;call-sites=1;identity=real
??1Gen_dtor_00147e70@@UAE@XZ,0x00146BA0,842,Code/gen_small/dtors_001.cpp,reloc-derived;call-sites=1;identity=generated
?addNoFlyZone@AerialPathfinder@@QAEXPAVPolygonTrigger@@M@Z,0x00148C10,75,Code/GameEngine/Source/GameLogic/AI/INIAerialPathfindNoFlyZone.cpp,reloc-derived;call-sites=1;identity=real
?getAdjustedVisionRangeForObject@AI@@SAMPBVObject@@H@Z,0x0014A620,125,Code/GameEngine/Source/GameLogic/AI/AIGuard.cpp,reloc-derived;call-sites=3;identity=real
??1Gen_dtor_0014ad90@@UAE@XZ,0x0014AC60,215,Code/gen_small/dtors_001.cpp,reloc-derived;call-sites=1;identity=generated
??1Gen_dtor_0014b800@@UAE@XZ,0x0014AE40,95,Code/gen_small/dtors_001.cpp,reloc-derived;call-sites=1;identity=generated
?findClosestRepulsor@AI@@QAEPAVObject@@PBV2@M@Z,0x0014B090,154,Code/GameEngine/Source/GameLogic/AI/AIMoveAwayFromRepulsorsState_onEnter_Thunk.cpp,reloc-derived;call-sites=1;identity=real
??1Gen_dtor_0014b760@@UAE@XZ,0x0014B790,86,Code/gen_small/dtors_001.cpp,reloc-derived;call-sites=1;identity=generated
??1Gen_dtor_0014c600@@UAE@XZ,0x0014C3B0,162,Code/gen_small/dtors_001.cpp,reloc-derived;call-sites=1;identity=generated
??$_M_insert_dispatch@U?$_List_iterator@UGen_t_0014c770_m12cd@@U?$_Const_traits@UGen_t_0014c770_m12cd@@@_STL@@@_STL@@@?$list@UGen_t_0014c770_m12cd@@V?$allocator@UGen_t_0014c770_m12cd@@@_STL@@@_STL@@QAEXU?$_List_iterator@UGen_t_0014c770_m12cd@@U?$_Nonconst_traits@UGen_t_0014c770_m12cd@@@_STL@@@1@U?$_List_iterator@UGen_t_0014c770_m12cd@@U?$_Const_traits@UGen_t_0014c770_m12cd@@@_STL@@@1@1ABU__false_type@1@@Z,0x0014C5A0,75,Code/gen_small/fam_009.cpp,reloc-derived;call-sites=1;identity=generated
?createGroup@AI@@QAEPAVAIGroup@@XZ,0x0014C630,127,Code/GameEngine/Source/GameLogic/ScriptEngine/ScriptActions_doTeamAttackNamed_Thunk.cpp,reloc-derived;call-sites=3;identity=real
??1Gen_dtor_0014e100@@UAE@XZ,0x0014C850,111,Code/gen_small/dtors_001.cpp,reloc-derived;call-sites=1;identity=generated
?newOverride@AIParseDefinitionAIShim@@QAEXXZ,0x0014E2B0,571,Code/GameEngine/Source/GameLogic/AI/ai.cpp,reloc-derived;call-sites=1;identity=real
??1Gen_dtor_0014f120@@UAE@XZ,0x0014E640,11,Code/gen_small/dtors_001.cpp,reloc-derived;call-sites=1;identity=generated
??0AIInternalMoveToState@@QAE@PAVStateMachine@@VAsciiString@@@Z,0x0014F280,149,Code/GameEngine/Source/GameLogic/AI/AIEnterStateCtorThunk.cpp,reloc-derived;call-sites=7;identity=real
?findMyDrone@AIDockProcessDockState@@QAEPAVObject@@XZ,0x0014FC70,90,Code/GameEngine/Source/GameLogic/AI/AIDock.cpp,reloc-derived;call-sites=1;identity=real
??4DamageInfoInput@@QAEAAV0@ABV0@@Z,0x0014FDC0,127,Code/GameEngine/Source/Common/DamageInfoAssignThunk.cpp,reloc-derived;call-sites=1;identity=real
??$__uninitialized_copy@PBUGen_t_00152530_p12pod@@PAU1@@_STL@@YAPAUGen_t_00152530_p12pod@@PBU1@0PAU1@ABU__false_type@0@@Z,0x00150420,45,Code/gen_small/tgrid_105.cpp,reloc-derived;call-sites=1;identity=generated
??$_M_allocate_and_copy@PBUGen_t_00152530_p12pod@@@?$vector@UGen_t_00152530_p12pod@@V?$allocator@UGen_t_00152530_p12pod@@@_STL@@@_STL@@IAEPAUGen_t_00152530_p12pod@@IPBU2@0@Z,0x001508E0,97,Code/gen_small/tgrid_105.cpp,reloc-derived;call-sites=1;identity=generated
?groupDoCommandButtonAtPosition@AIGroup@@QAEXPBVCommandButton@@PBUCoord3D@@W4CommandSourceType@@@Z,0x00150F40,54,Code/GameEngine/Source/GameLogic/ScriptEngine/ScriptActions_doTeamUseCommandButtonAbilityAtWaypoint_Thunk.cpp,reloc-derived;call-sites=1;identity=real
?groupDoCommandButtonAtObject@AIGroup@@QAEXPBVCommandButton@@PAVObject@@W4CommandSourceType@@@Z,0x00150F90,54,Code/GameEngine/Source/GameLogic/ScriptEngine/ScriptActions_doTeamUseCommandButtonOnNamed_Thunk.cpp,reloc-derived;call-sites=1;identity=real
?getSpecialPowerSourceObject@AIGroup@@QAEPAVObject@@I@Z,0x001513D0,77,Code/GameEngine/Source/GameLogic/ScriptEngine/ScriptActions_doTeamUseCommandButtonOnNamed_Thunk.cpp,reloc-derived;call-sites=1;identity=real
?getCommandButtonSourceObject@AIGroup@@QAEPAVObject@@W4GUICommandType@@@Z,0x00151430,112,Code/GameEngine/Source/GameLogic/ScriptEngine/ScriptActions_doTeamUseCommandButtonOnNamed_Thunk.cpp,reloc-derived;call-sites=1;identity=real
??1Gen_dtor_00152690@@UAE@XZ,0x00151D10,246,Code/gen_small/dtors_001.cpp,reloc-derived;call-sites=1;identity=generated
?aiAttackObject@AICommandInterface@@QAEXPAVObject@@HW4CommandSourceType@@@Z,0x001535A0,214,Code/GameEngine/Source/GameLogic/AI/AIStates.cpp,reloc-derived;call-sites=1;identity=real
?aiGetHealed@AICommandInterface@@QAEXPAVObject@@W4CommandSourceType@@@Z,0x00153F10,203,Code/GameEngine/Source/GameLogic/Object/Update/AutoFindHealingUpdate.cpp,reloc-derived;call-sites=1;identity=real
?groupAttackObjectPrivate@AIGroup@@AAEX_NPAVObject@@HW4CommandSourceType@@@Z,0x00155DA0,568,Code/GameEngine/Source/GameLogic/ScriptEngine/ScriptActions.cpp,reloc-derived;call-sites=4;identity=real
??1Gen_dtor_0015c030@@UAE@XZ,0x0015B9D0,11,Code/gen_small/dtors_001.cpp,reloc-derived;call-sites=1;identity=generated
??1Gen_dtor_0015c540@@UAE@XZ,0x0015C4B0,105,Code/gen_small/dtors_001.cpp,reloc-derived;call-sites=1;identity=generated
?lookForInnerTarget@AIGuardMachine@@QAE_NXZ,0x0015D530,2514,Code/GameEngine/Source/GameLogic/AI/AIGuard.cpp,reloc-derived;call-sites=1;identity=real
??1Gen_dtor_0015ebb0@@UAE@XZ,0x0015E730,11,Code/gen_small/dtors_001.cpp,reloc-derived;call-sites=1;identity=generated
??1Gen_dtor_0015fa60@@UAE@XZ,0x0015F730,11,Code/gen_small/dtors_001.cpp,reloc-derived;call-sites=1;identity=generated
?isLocationSafe@AIPlayer@@QAE_NPBUCoord3D@@PBVThingTemplate@@@Z,0x00163030,388,Code/GameEngine/Source/GameLogic/AI/AIPlayer.cpp,reloc-derived;call-sites=2;identity=real
?findSupplyCenter@AIPlayer@@IAEPAVObject@@H@Z,0x00164C10,883,Code/GameEngine/Source/GameLogic/AI/AIPlayer.cpp,reloc-derived;call-sites=1;identity=real
?appendNode@Path@@QAEXPBUCoord3D@@W4PathfindLayerEnum@@@Z,0x0016A4B0,180,Code/GameEngine/Source/GameLogic/AI/AIStates.cpp,reloc-derived;call-sites=1;identity=real
??1Gen_dtor_0016e570@@UAE@XZ,0x0016AB00,11,Code/gen_small/dtors_001.cpp,reloc-derived;call-sites=1;identity=generated
??1Gen_dtor_0016e5a0@@UAE@XZ,0x0016AB50,11,Code/gen_small/dtors_001.cpp,reloc-derived;call-sites=1;identity=generated
??1Gen_dtor_0016e5d0@@UAE@XZ,0x0016ABA0,11,Code/gen_small/dtors_001.cpp,reloc-derived;call-sites=1;identity=generated
??1Gen_dtor_0016e600@@UAE@XZ,0x0016ABF0,11,Code/gen_small/dtors_001.cpp,reloc-derived;call-sites=1;identity=generated
??1Gen_dtor_0016e630@@UAE@XZ,0x0016AC40,11,Code/gen_small/dtors_001.cpp,reloc-derived;call-sites=1;identity=generated
??1Gen_dtor_0016e660@@UAE@XZ,0x0016AC60,11,Code/gen_small/dtors_001.cpp,reloc-derived;call-sites=1;identity=generated
??1Gen_dtor_0016e690@@UAE@XZ,0x0016ACE0,11,Code/gen_small/dtors_001.cpp,reloc-derived;call-sites=1;identity=generated
?handle@Gen0016B140@@QAEXPAVFlagPairTarget@@@Z,0x0016B140,145,Code/GameEngine/Source/Common/FlagPairThenDirectCallers.cpp,reloc-derived;call-sites=3;identity=generated
??1Gen_dtor_0016e990@@UAE@XZ,0x0016B230,11,Code/gen_small/dtors_001.cpp,reloc-derived;call-sites=1;identity=generated
??1Gen_dtor_0016ed10@@UAE@XZ,0x0016B5A0,11,Code/gen_small/dtors_001.cpp,reloc-derived;call-sites=1;identity=generated
??1Gen_dtor_0016f310@@UAE@XZ,0x0016CB60,11,Code/gen_small/dtors_001.cpp,reloc-derived;call-sites=1;identity=generated
?outOfWeaponRangeObject@@YA_NPAVState@@PAX@Z,0x00171E70,275,Code/GameEngine/Source/GameLogic/AI/AIStates.cpp,reloc-derived;call-sites=1;identity=real
?onExit@AIInternalMoveToState@@UAEXW4StateExitType@@@Z,0x00172D80,189,Code/GameEngine/Source/Common/AIEnterState_onExit_Thunk.cpp,reloc-derived;call-sites=14;identity=real
?update@AIInternalMoveToState@@UAE?AW4StateReturnType@@XZ,0x00172E70,1166,Code/GameEngine/Source/GameLogic/AI/AIStates.cpp,reloc-derived;call-sites=2;identity=real
?handle@Gen00039BD5@@QAEXH@Z,0x0017BA90,897,Code/GameEngine/Source/Common/TinyIndexedForwarders.cpp,reloc-derived;call-sites=1;identity=generated
??1Gen_dtor_001840e0@@UAE@XZ,0x0017CA40,126,Code/gen_small/dtors_001.cpp,reloc-derived;call-sites=1;identity=generated
??1Gen_dtor_00187240@@UAE@XZ,0x00181DF0,163,Code/gen_small/dtors_001.cpp,reloc-derived;call-sites=1;identity=generated
??1Gen_dtor_00189e10@@UAE@XZ,0x00189B00,11,Code/gen_small/dtors_001.cpp,reloc-derived;call-sites=1;identity=generated
??1Gen_dtor_0018cf30@@UAE@XZ,0x0018C2D0,11,Code/gen_small/dtors_001.cpp,reloc-derived;call-sites=1;identity=generated
?isTryingToAimAtTarget@TurretAI@@QBE_NPBVObject@@@Z,0x0018D080,64,Code/GameEngine/Source/GameLogic/Object/Update/AIUpdate.cpp,reloc-derived;call-sites=1;identity=real
?setTurretTargetPosition@TurretAI@@QAEXPBUCoord3D@@@Z,0x0018D260,241,Code/GameEngine/Source/GameLogic/Object/Update/AIUpdate.cpp,reloc-derived;call-sites=1;identity=real
??1Gen_dtor_0018d860@@UAE@XZ,0x0018D600,135,Code/gen_small/dtors_001.cpp,reloc-derived;call-sites=1;identity=generated
??0TurretState@@IAE@PAVTurretStateMachine@@VAsciiString@@@Z,0x0018D890,105,Code/GameEngine/Source/GameLogic/AI/TurretAIAimTurretStateCtorThunk.cpp,reloc-derived;call-sites=5;identity=real
?pointInTrigger@PolygonTrigger@@QBE_NAAUICoord3D@@@Z,0x0018F8A0,307,Code/GameEngine/Source/GameLogic/Object/PartitionManager.cpp,reloc-derived;call-sites=1;identity=real
??1Gen_dtor_00191380@@UAE@XZ,0x00190490,167,Code/gen_small/dtors_001.cpp,reloc-derived;call-sites=1;identity=generated
??1Gen_dtor_00192770@@UAE@XZ,0x00191640,134,Code/gen_small/dtors_001.cpp,reloc-derived;call-sites=1;identity=generated
??4BuildListInfo@@QAEAAV0@ABV0@@Z,0x001927A0,277,Code/GameEngine/Source/GameLogic/Map/SidesList.cpp,reloc-derived;call-sites=2;identity=real
??0?$pair@$$CBUGen_t_00195060_k4@@UGen_t_00195060_p12cd@@@_STL@@QAE@ABU01@@Z,0x00193D50,294,Code/gen_small/tgrid_105.cpp,reloc-derived;call-sites=1;identity=generated
??0BuildListInfo@@QAE@XZ,0x00194210,212,Code/GameEngine/Source/GameLogic/Map/SidesList.cpp,reloc-derived;call-sites=2;identity=real
??0?$pair@$$CBUGen_t_00195b60_k4@@UGen_t_00195b60_p12cd@@@_STL@@QAE@ABU01@@Z,0x001953B0,85,Code/gen_small/tgrid_106.cpp,reloc-derived;call-sites=1;identity=generated
??1Gen00196F30@@QAE@XZ,0x00196F30,174,Code/GameEngine/Source/Common/R4TwoMemberDestructors.cpp,reloc-derived;call-sites=2;identity=generated
??1Mem00197C60@@QAE@XZ,0x00197C60,150,Code/GameEngine/Source/Common/BigPairMemberDtors.cpp,reloc-derived;call-sites=1;identity=real
?_M_insert_overflow@?$vector@UGen_t_00199ad0_p12pod@@V?$allocator@UGen_t_00199ad0_p12pod@@@_STL@@@_STL@@IAEXPAUGen_t_00199ad0_p12pod@@ABU3@ABU__false_type@2@I_N@Z,0x00197EA0,314,Code/gen_small/tgrid_133.cpp,reloc-derived;call-sites=1;identity=generated
?_M_insert_overflow@?$vector@UGen_t_0019a890_p16cd@@V?$allocator@UGen_t_0019a890_p16cd@@@_STL@@@_STL@@IAEXPAUGen_t_0019a890_p16cd@@ABU3@ABU__false_type@2@I_N@Z,0x00199B20,267,Code/gen_small/tgrid_106.cpp,reloc-derived;call-sites=1;identity=generated
?equal_range@?$hashtable@U?$pair@$$CBHUGen_t_0019a850_m12pod@@@_STL@@HU?$hash@H@2@U?$_Select1st@U?$pair@$$CBHUGen_t_0019a850_m12pod@@@_STL@@@2@U?$equal_to@H@2@V?$allocator@U?$pair@$$CBHUGen_t_0019a850_m12pod@@@_STL@@@2@@_STL@@QAE?AU?$pair@U?$_Ht_iterator@U?$pair@$$CBHUGen_t_0019a850_m12pod@@@_STL@@U?$_Nonconst_traits@U?$pair@$$CBHUGen_t_0019a850_m12pod@@@_STL@@@2@HU?$hash@H@2@U?$_Select1st@U?$pair@$$CBHUGen_t_0019a850_m12pod@@@_STL@@@2@U?$equal_to@H@2@V?$allocator@U?$pair@$$CBHUGen_t_0019a850_m12pod@@@_STL@@@2@@_STL@@U12@@2@ABH@Z,0x00199EC0,505,Code/gen_small/fam_009.cpp,reloc-derived;call-sites=1;identity=generated
?_M_insert_overflow@?$vector@UGen_t_0019bcc0_p8cd@@V?$allocator@UGen_t_0019bcc0_p8cd@@@_STL@@@_STL@@IAEXPAUGen_t_0019bcc0_p8cd@@ABU3@ABU__false_type@2@I_N@Z,0x0019A900,268,Code/gen_small/tgrid_106.cpp,reloc-derived;call-sites=1;identity=generated
?equal_range@?$hashtable@U?$pair@$$CBHUGen_t_0019d750_m12pod@@@_STL@@HU?$hash@H@2@U?$_Select1st@U?$pair@$$CBHUGen_t_0019d750_m12pod@@@_STL@@@2@U?$equal_to@H@2@V?$allocator@U?$pair@$$CBHUGen_t_0019d750_m12pod@@@_STL@@@2@@_STL@@QAE?AU?$pair@U?$_Ht_iterator@U?$pair@$$CBHUGen_t_0019d750_m12pod@@@_STL@@U?$_Nonconst_traits@U?$pair@$$CBHUGen_t_0019d750_m12pod@@@_STL@@@2@HU?$hash@H@2@U?$_Select1st@U?$pair@$$CBHUGen_t_0019d750_m12pod@@@_STL@@@2@U?$equal_to@H@2@V?$allocator@U?$pair@$$CBHUGen_t_0019d750_m12pod@@@_STL@@@2@@_STL@@U12@@2@ABH@Z,0x0019BD50,145,Code/gen_small/fam_009.cpp,reloc-derived;call-sites=1;identity=generated
?_M_insert_overflow@?$vector@UGen_t_0019e270_p12cd@@V?$allocator@UGen_t_0019e270_p12cd@@@_STL@@@_STL@@IAEXPAUGen_t_0019e270_p12cd@@ABU3@ABU__false_type@2@I_N@Z,0x0019E030,281,Code/gen_small/tgrid_106.cpp,reloc-derived;call-sites=1;identity=generated
?equal_range@?$hashtable@U?$pair@$$CBHUGen_t_0019e530_m12pod@@@_STL@@HU?$hash@H@2@U?$_Select1st@U?$pair@$$CBHUGen_t_0019e530_m12pod@@@_STL@@@2@U?$equal_to@H@2@V?$allocator@U?$pair@$$CBHUGen_t_0019e530_m12pod@@@_STL@@@2@@_STL@@QAE?AU?$pair@U?$_Ht_iterator@U?$pair@$$CBHUGen_t_0019e530_m12pod@@@_STL@@U?$_Nonconst_traits@U?$pair@$$CBHUGen_t_0019e530_m12pod@@@_STL@@@2@HU?$hash@H@2@U?$_Select1st@U?$pair@$$CBHUGen_t_0019e530_m12pod@@@_STL@@@2@U?$equal_to@H@2@V?$allocator@U?$pair@$$CBHUGen_t_0019e530_m12pod@@@_STL@@@2@@_STL@@U12@@2@ABH@Z,0x0019E470,145,Code/gen_small/fam_009.cpp,reloc-derived;call-sites=1;identity=generated
?isCellOnEnd@Bridge@@QAE_NPBURegion2D@@@Z,0x001A24B0,431,Code/GameEngine/Source/GameLogic/Map/TerrainLogic.cpp,reloc-derived;call-sites=1;identity=real
?isPointOnBridge@Bridge@@QAE_NPBUCoord3D@@@Z,0x001A5F40,344,Code/GameEngine/Source/GameLogic/Map/TerrainLogic.cpp,reloc-derived;call-sites=3;identity=real
?addWaypointLink@TerrainLogic@@IAEXHH@Z,0x001A60F0,195,Code/GameEngine/Source/GameLogic/Map/TerrainLogic.cpp,reloc-derived;call-sites=2;identity=real
??$_M_allocate_and_copy@PAUGen_t_001ac070_p48cd@@@?$vector@UGen_t_001ac070_p48cd@@V?$allocator@UGen_t_001ac070_p48cd@@@_STL@@@_STL@@IAEPAUGen_t_001ac070_p48cd@@IPAU2@0@Z,0x001A6E50,97,Code/gen_small/tgrid_124.cpp,reloc-derived;call-sites=1;identity=generated
??1Gen_dtor_001a87f0@@UAE@XZ,0x001A7350,101,Code/gen_small/dtors_002.cpp,reloc-derived;call-sites=1;identity=generated
?getBridgeHeight@Bridge@@QAEMPBUCoord3D@@PAU2@@Z,0x001A7520,664,Code/GameEngine/Source/GameLogic/Map/TerrainLogic.cpp,reloc-derived;call-sites=1;identity=real
?getLayerForDestination@TerrainLogic@@QAE?AW4PathfindLayerEnum@@PAVObject@@PBUCoord3D@@@Z,0x001A7C20,245,Code/GameEngine/Source/Common/Pathfinder_moveAlliesAwayFromDestination_Thunk.cpp,reloc-derived;call-sites=3;identity=real
?_M_insert@?$_Rb_tree@IU?$pair@$$CBIE@_STL@@U?$_Select1st@U?$pair@$$CBIE@_STL@@@2@U?$less@I@2@V?$allocator@U?$pair@$$CBIE@_STL@@@2@@_STL@@AAE?AU?$_Rb_tree_iterator@U?$pair@$$CBIE@_STL@@U?$_Nonconst_traits@U?$pair@$$CBIE@_STL@@@2@@2@PAU_Rb_tree_node_base@2@0ABU?$pair@$$CBIE@2@0@Z,0x001A9580,176,Code/Libraries/Source/WWVegas/WWLib/STLUnsignedIntByteTreeInsertUnique.cpp,reloc-derived;call-sites=10;identity=real
??0Bridge@@QAE@PAVObject@@@Z,0x001A9CE0,1412,Code/GameEngine/Source/GameLogic/Map/TerrainLogic_addLandmarkBridgeToLogic_Thunk.cpp,reloc-derived;call-sites=1;identity=real
?updateDamageState@Bridge@@QAEXXZ,0x001AA410,317,Code/GameEngine/Source/GameLogic/Map/TerrainLogic_updateBridgeDamageStates_Thunk.cpp,reloc-derived;call-sites=1;identity=real
??1Gen_dtor_001ac1b0@@UAE@XZ,0x001ABA80,235,Code/gen_small/dtors_002.cpp,reloc-derived;call-sites=1;identity=generated
?_M_insert_overflow@?$vector@UGen_t_001acec0_p48cd@@V?$allocator@UGen_t_001acec0_p48cd@@@_STL@@@_STL@@IAEXPAUGen_t_001acec0_p48cd@@ABU3@ABU__false_type@2@I_N@Z,0x001ACA90,337,Code/gen_small/tgrid_124.cpp,reloc-derived;call-sites=1;identity=generated
?reset@TerrainLogic@@UAEXXZ,0x001ACF90,183,Code/GameEngineDevice/Source/W3DDevice/GameLogic/W3DTerrainLogic_initReset_Thunk.cpp,reloc-derived;call-sites=1;identity=real
??0TerrainLogicBase@@QAE@XZ,0x001ADB80,305,Code/GameEngine/Source/GameLogic/Map/TerrainLogicCtorThunk.cpp,reloc-derived;call-sites=1;identity=real
?clear@?$hashtable@U?$pair@$$CBHUGen_t_001b06e0_p12cd@@@_STL@@HU?$hash@H@2@U?$_Select1st@U?$pair@$$CBHUGen_t_001b06e0_p12cd@@@_STL@@@2@U?$equal_to@H@2@V?$allocator@U?$pair@$$CBHUGen_t_001b06e0_p12cd@@@_STL@@@2@@_STL@@QAEXXZ,0x001B03A0,86,Code/gen_small/tgrid_127.cpp,reloc-derived;call-sites=1;identity=generated
??1Gen_dtor_001b0980@@UAE@XZ,0x001B0820,98,Code/gen_small/dtors_002.cpp,reloc-derived;call-sites=1;identity=generated
??A?$hash_map@W4NameKeyType@@VArmorTemplate@@U?$hash@W4NameKeyType@@@rts@@U?$equal_to@W4NameKeyType@@@4@V?$allocator@U?$pair@$$CBW4NameKeyType@@VArmorTemplate@@@_STL@@@_STL@@@_STL@@QAEAAVArmorTemplate@@ABW4NameKeyType@@@Z,0x001B08D0,133,Code/GameEngine/Source/GameLogic/Object/Armor.cpp,reloc-derived;call-sites=1;identity=real
??0GODupBase@@QAE@XZ,0x001B0D20,85,Code/GameEngine/Source/Common/System/GhostObjectManagerDupThunk.cpp,reloc-derived;call-sites=1;identity=real
?handle@Gen001B0E20@@QAEXPAVFlagPairTarget@@@Z,0x001B0E20,42,Code/GameEngine/Source/Common/FlagPairThenDirectCallers.cpp,reloc-derived;call-sites=1;identity=generated
??1Gen_dtor_001b2660@@UAE@XZ,0x001B22F0,98,Code/gen_small/dtors_002.cpp,reloc-derived;call-sites=1;identity=generated
??1Gen_dtor_001b2f80@@UAE@XZ,0x001B2AA0,18,Code/gen_small/dtors_002.cpp,reloc-derived;call-sites=1;identity=generated
??1Gen_dtor_001b3020@@UAE@XZ,0x001B2B10,25,Code/gen_small/dtors_002.cpp,reloc-derived;call-sites=1;identity=generated
??1Gen_dtor_001b31d0@@UAE@XZ,0x001B2C70,130,Code/gen_small/dtors_002.cpp,reloc-derived;call-sites=1;identity=generated
??1Gen_dtor_001b3ef0@@UAE@XZ,0x001B3E60,107,Code/gen_small/dtors_002.cpp,reloc-derived;call-sites=1;identity=generated
??0LocomotorTemplate@@QAE@XZ,0x001B52C0,41,Code/GameEngine/Source/GameLogic/Object/LocomotorStore_newOverride_Thunk.cpp,reloc-derived;call-sites=1;identity=real
??1Gen_dtor_001b60b0@@UAE@XZ,0x001B5550,101,Code/gen_small/dtors_002.cpp,reloc-derived;call-sites=1;identity=generated
?newLocomotor@LocomotorStore@@QBEPAVLocomotor@@PBVLocomotorTemplate@@@Z,0x001B6920,98,Code/GameEngine/Source/GameLogic/Object/Locomotor.cpp,reloc-derived;call-sites=1;identity=real
?_M_insert@?$_Rb_tree@HU?$pair@$$CBHUGen_t_001b79e0_p12cd@@@_STL@@U?$_Select1st@U?$pair@$$CBHUGen_t_001b79e0_p12cd@@@_STL@@@2@U?$less@H@2@V?$allocator@U?$pair@$$CBHUGen_t_001b79e0_p12cd@@@_STL@@@2@@_STL@@AAE?AU?$_Rb_tree_iterator@U?$pair@$$CBHUGen_t_001b79e0_p12cd@@@_STL@@U?$_Nonconst_traits@U?$pair@$$CBHUGen_t_001b79e0_p12cd@@@_STL@@@2@@2@PAU_Rb_tree_node_base@2@0ABU?$pair@$$CBHUGen_t_001b79e0_p12cd@@@2@0@Z,0x001B6CC0,176,Code/gen_small/tgrid_106.cpp,reloc-derived;call-sites=9;identity=generated
?insert_unique@?$_Rb_tree@HU?$pair@$$CBHUGen_t_001b79e0_p12cd@@@_STL@@U?$_Select1st@U?$pair@$$CBHUGen_t_001b79e0_p12cd@@@_STL@@@2@U?$less@H@2@V?$allocator@U?$pair@$$CBHUGen_t_001b79e0_p12cd@@@_STL@@@2@@_STL@@QAE?AU?$pair@U?$_Rb_tree_iterator@U?$pair@$$CBHUGen_t_001b79e0_p12cd@@@_STL@@U?$_Nonconst_traits@U?$pair@$$CBHUGen_t_001b79e0_p12cd@@@_STL@@@2@@_STL@@_N@2@ABU?$pair@$$CBHUGen_t_001b79e0_p12cd@@@2@@Z,0x001B6DA0,145,Code/gen_small/tgrid_106.cpp,reloc-derived;call-sites=4;identity=generated
??1Gen_dtor_001b7e00@@UAE@XZ,0x001B6F20,209,Code/gen_small/dtors_002.cpp,reloc-derived;call-sites=1;identity=generated
??1Gen_dtor_001bbc10@@UAE@XZ,0x001BA9E0,147,Code/gen_small/dtors_002.cpp,reloc-derived;call-sites=1;identity=generated
?setLayer@Object@@QAEXW4PathfindLayerEnum@@@Z,0x001BEBB0,85,Code/GameEngine/Source/GameLogic/Object/Update/ProductionExitUpdate/SpawnPointProductionExitUpdate.cpp,reloc-derived;call-sites=1;identity=real
?getSpecialPowerModule@Object@@QBEPAVSpecialPowerModuleInterface@@PBVSpecialPowerTemplate@@@Z,0x001BF410,83,Code/GameEngine/Source/Common/SpecialPowerStore_canUseSpecialPower_Thunk.cpp,reloc-derived;call-sites=3;identity=real
?setTransformMatrix@Thing@@QAEXPBVMatrix3D@@@Z,0x001C16A0,155,Code/GameEngine/Source/GameLogic/Object/Update/StructureToppleUpdate.cpp,reloc-derived;call-sites=1;identity=real
?getVisionRange@Object@@QBEMXZ,0x001C17C0,71,Code/GameEngine/Source/GameLogic/AI/AIMoveAwayFromRepulsorsState_onEnter_Thunk.cpp,reloc-derived;call-sites=1;identity=real
?getName@WeaponTemplate@@QBE?AVAsciiString@@XZ,0x001C2D90,33,Code/GameEngine/Source/GameLogic/Object/Weapon_getName_Thunk.cpp,reloc-derived;call-sites=1;identity=real
?gen001C3E00@@YAXPAUElem92@@PBU1@@Z,0x001C3E00,60,Code/GameEngine/Source/Common/ElementStrideWalks.cpp,reloc-derived;call-sites=2;identity=generated
?updateUpgradeModules@Object@@QAEXXZ,0x001C5800,349,Code/GameEngine/Source/GameLogic/Object/ObjectFields.cpp,reloc-derived;call-sites=1;identity=real
?affectedByUpgrade@Object@@QBE_NPBVUpgradeTemplate@@@Z,0x001C5A30,267,Code/GameEngine/Source/GameClient/GUI/ControlBar/ControlBar.cpp,reloc-derived;call-sites=1;identity=real
?applyRva1C7370@Object@@QAEXABVModelConditionFlags@@_N@Z,0x001C7370,220,Code/GameEngine/Source/GameLogic/Object/Object_clearModelConditionState.cpp,reloc-derived;call-sites=1;identity=real
?insert@?$vector@UGen_t_001b6e60_p40pod@@V?$allocator@UGen_t_001b6e60_p40pod@@@_STL@@@_STL@@QAEPAUGen_t_001b6e60_p40pod@@PAU3@ABU3@@Z,0x001C7720,104,Code/gen_small/tgrid_124.cpp,reloc-derived;call-sites=1;identity=generated
?getRelationship@Object@@QBE?AW4Relationship@@PBV1@@Z,0x001C7950,311,Code/GameEngine/Source/Common/ActionManager_canResumeConstructionOf_Thunk.cpp,reloc-derived;call-sites=4;identity=real
?setDisabledUntil@Object@@QAEXW4DisabledType@@I@Z,0x001C81C0,509,Code/GameEngine/Source/GameLogic/Object/Object.cpp,reloc-derived;call-sites=5;identity=real
?isMobile@Object@@QBE_NXZ,0x001C9270,118,Code/GameEngine/Source/GameLogic/Object/Update/AIUpdateInterface_privateDock.cpp,reloc-derived;call-sites=1;identity=real
?isMassSelectable@Object@@QBE_NXZ,0x001C98C0,153,Code/GameEngine/Source/GameClient/Drawable.cpp,reloc-derived;call-sites=1;identity=real
?handle@Gen001C9AC0@@QAEXH@Z,0x001C9AC0,145,Code/GameEngine/Source/Common/R1ForwardToStoredObject.cpp,reloc-derived;call-sites=1;identity=generated
?adjustModelConditionForWeaponStatus@Object@@QAEXXZ,0x001CA0F0,390,Code/GameEngine/Source/GameLogic/Object/Object.cpp,reloc-derived;call-sites=1;identity=real
?resolve@RvaC4390Second@@QAEPAURvaC4390First@@H@Z,0x001CB0C0,119,Code/GameEngine/Source/Common/RvaC4390RelationCheckThunk.cpp,reloc-derived;call-sites=1;identity=real
?setPosition@StructureCollapseRetailObject@@QAEXABVStructureCollapsePosition@@_N@Z,0x001D0520,190,Code/GameEngine/Source/GameLogic/Object/Update/StructureCollapseUpdate.cpp,reloc-derived;call-sites=1;identity=real
?doCommandButton@Object@@QAEXPBVCommandButton@@HH@Z,0x001D1020,2501,Code/GameEngine/Source/Common/ScriptActions_doNamedUseCommandButtonAbility_Thunk.cpp,reloc-derived;call-sites=1;identity=real
??1Gen_dtor_001d5cf0@@UAE@XZ,0x001D4010,1049,Code/gen_small/dtors_002.cpp,reloc-derived;call-sites=1;identity=generated
??0?$pair@$$CBUGen_t_001d7000_k4@@UGen_t_001d7000_p12cd@@@_STL@@QAE@ABU01@@Z,0x001D6B80,98,Code/gen_small/tgrid_107.cpp,reloc-derived;call-sites=1;identity=generated
??1Gen_dtor_001d6d50@@UAE@XZ,0x001D6D80,95,Code/gen_small/dtors_002.cpp,reloc-derived;call-sites=1;identity=generated
??0?$pair@$$CBUGen_t_001d7910_k4@@UGen_t_001d7910_p12cd@@@_STL@@QAE@ABU01@@Z,0x001D7720,90,Code/gen_small/tgrid_107.cpp,reloc-derived;call-sites=1;identity=generated
??1GenericObjectCreationNuggetAnimSets@@QAE@XZ,0x001D79C0,210,Code/GameEngine/Source/Common/GenericObjectCreationNuggetDestructorThunk.cpp,reloc-derived;call-sites=1;identity=real
??0GenericObjectCreationNugget@@QAE@XZ,0x001D7D70,424,Code/GameEngine/Source/Common/GenericObjectCreationNugget_parseDebrisMethodThunk.cpp,reloc-derived;call-sites=1;identity=real
?_M_insert_overflow@?$vector@UGen_t_001da8b0_p12cd@@V?$allocator@UGen_t_001da8b0_p12cd@@@_STL@@@_STL@@IAEXPAUGen_t_001da8b0_p12cd@@ABU3@ABU__false_type@2@I_N@Z,0x001D8410,281,Code/gen_small/tgrid_107.cpp,reloc-derived;call-sites=1;identity=generated
?_M_insert@?$_Rb_tree@HU?$pair@$$CBHUGen_t_001da900_p12cd@@@_STL@@U?$_Select1st@U?$pair@$$CBHUGen_t_001da900_p12cd@@@_STL@@@2@U?$less@H@2@V?$allocator@U?$pair@$$CBHUGen_t_001da900_p12cd@@@_STL@@@2@@_STL@@AAE?AU?$_Rb_tree_iterator@U?$pair@$$CBHUGen_t_001da900_p12cd@@@_STL@@U?$_Nonconst_traits@U?$pair@$$CBHUGen_t_001da900_p12cd@@@_STL@@@2@@2@PAU_Rb_tree_node_base@2@0ABU?$pair@$$CBHUGen_t_001da900_p12cd@@@2@0@Z,0x001D8580,176,Code/gen_small/tgrid_107.cpp,reloc-derived;call-sites=9;identity=generated
?insert_unique@?$_Rb_tree@HU?$pair@$$CBHUGen_t_001da900_p12cd@@@_STL@@U?$_Select1st@U?$pair@$$CBHUGen_t_001da900_p12cd@@@_STL@@@2@U?$less@H@2@V?$allocator@U?$pair@$$CBHUGen_t_001da900_p12cd@@@_STL@@@2@@_STL@@QAE?AU?$pair@U?$_Rb_tree_iterator@U?$pair@$$CBHUGen_t_001da900_p12cd@@@_STL@@U?$_Nonconst_traits@U?$pair@$$CBHUGen_t_001da900_p12cd@@@_STL@@@2@@_STL@@_N@2@ABU?$pair@$$CBHUGen_t_001da900_p12cd@@@2@@Z,0x001D8660,145,Code/gen_small/tgrid_107.cpp,reloc-derived;call-sites=4;identity=generated
??A?$map@W4NameKeyType@@VObjectCreationList@@U?$less@W4NameKeyType@@@_STL@@V?$allocator@U?$pair@$$CBW4NameKeyType@@VObjectCreationList@@@_STL@@@4@@_STL@@QAEAAVObjectCreationList@@ABW4NameKeyType@@@Z,0x001DAF40,214,Code/GameEngine/Source/GameLogic/Object/ObjectCreationList.cpp,reloc-derived;call-sites=1;identity=real
??1Gen_dtor_001db340@@UAE@XZ,0x001DB2C0,101,Code/gen_small/dtors_002.cpp,reloc-derived;call-sites=1;identity=generated
??1Gen_dtor_001bde70@@UAE@XZ,0x001DB3E0,50,Code/gen_small/dtors_002.cpp,reloc-derived;call-sites=1;identity=generated
?_M_fill_insert@?$vector@HV?$allocator@H@_STL@@@_STL@@QAEXPAHIABH@Z,0x001DBAB0,282,Code/GameEngine/Source/GameLogic/Object/IntVectorResizeThunk.cpp,reloc-derived;call-sites=2;identity=real
??$__uninitialized_copy@PBUGen_t_001dc1c0_m12cd@@PAU1@@_STL@@YAPAUGen_t_001dc1c0_m12cd@@PBU1@0PAU1@ABU__false_type@0@@Z,0x001DBC10,547,Code/gen_small/fam_009.cpp,reloc-derived;call-sites=1;identity=generated
??1Gen_dtor_001e02f0@@UAE@XZ,0x001DFF40,101,Code/gen_small/dtors_002.cpp,reloc-derived;call-sites=1;identity=generated
?_M_insert_overflow@?$vector@UGen_t_001e0320_p24cd@@V?$allocator@UGen_t_001e0320_p24cd@@@_STL@@@_STL@@IAEXPAUGen_t_001e0320_p24cd@@ABU3@ABU__false_type@2@I_N@Z,0x001DFFF0,287,Code/gen_small/tgrid_107.cpp,reloc-derived;call-sites=1;identity=generated
?isWithinTargetPitch@Weapon@@QBE_NPBVObject@@0@Z,0x001E2C50,190,Code/GameEngine/Source/GameLogic/Object/WeaponSet_pitchAndReload_Thunk.cpp,reloc-derived;call-sites=1;identity=real
??$_M_allocate_and_copy@PBUGen_t_001e7330_p8pod@@@?$vector@UGen_t_001e7330_p8pod@@V?$allocator@UGen_t_001e7330_p8pod@@@_STL@@@_STL@@IAEPAUGen_t_001e7330_p8pod@@IPBU2@0@Z,0x001E3D20,94,Code/gen_small/tgrid_107.cpp,reloc-derived;call-sites=1;identity=generated
??$__copy_ptrs@PBUGen_t_001e7330_p8pod@@PAU1@@_STL@@YAPAUGen_t_001e7330_p8pod@@PBU1@0PAU1@ABU__false_type@0@@Z,0x001E3DA0,46,Code/gen_small/tgrid_107.cpp,reloc-derived;call-sites=2;identity=generated
??$_M_allocate_and_copy@PBUGen_t_001e71d0_p12pod@@@?$vector@UGen_t_001e71d0_p12pod@@V?$allocator@UGen_t_001e71d0_p12pod@@@_STL@@@_STL@@IAEPAUGen_t_001e71d0_p12pod@@IPBU2@0@Z,0x001E4E50,97,Code/gen_small/tgrid_107.cpp,reloc-derived;call-sites=1;identity=generated
??$_M_insert_dispatch@U?$_List_iterator@UGen_t_001e51f0_m12cd@@U?$_Const_traits@UGen_t_001e51f0_m12cd@@@_STL@@@_STL@@@?$list@UGen_t_001e51f0_m12cd@@V?$allocator@UGen_t_001e51f0_m12cd@@@_STL@@@_STL@@QAEXU?$_List_iterator@UGen_t_001e51f0_m12cd@@U?$_Nonconst_traits@UGen_t_001e51f0_m12cd@@@_STL@@@1@U?$_List_iterator@UGen_t_001e51f0_m12cd@@U?$_Const_traits@UGen_t_001e51f0_m12cd@@@_STL@@@1@1ABU__false_type@1@@Z,0x001E4ED0,66,Code/gen_small/fam_010.cpp,reloc-derived;call-sites=1;identity=generated
??0Weapon@@QAE@PBVWeaponTemplate@@W4WeaponSlotType@@@Z,0x001E52D0,158,Code/GameEngine/Source/Common/WeaponStore_allocateNewWeapon_Thunk.cpp,reloc-derived;call-sites=1;identity=real
??1Gen_dtor_001e7f20@@UAE@XZ,0x001E67F0,209,Code/gen_small/dtors_002.cpp,reloc-derived;call-sites=1;identity=generated
??1Gen_dtor_001e9350@@UAE@XZ,0x001E7940,594,Code/gen_small/dtors_002.cpp,reloc-derived;call-sites=1;identity=generated
?_M_insert_overflow@?$vector@UGen_t_001ea750_p8cd@@V?$allocator@UGen_t_001ea750_p8cd@@@_STL@@@_STL@@IAEXPAUGen_t_001ea750_p8cd@@ABU3@ABU__false_type@2@I_N@Z,0x001E9020,306,Code/gen_small/tgrid_107.cpp,reloc-derived;call-sites=1;identity=generated
?_M_insert_overflow@?$vector@UGen_t_001ea7a0_p12cd@@V?$allocator@UGen_t_001ea7a0_p12cd@@@_STL@@@_STL@@IAEXPAUGen_t_001ea7a0_p12cd@@ABU3@ABU__false_type@2@I_N@Z,0x001E91A0,334,Code/gen_small/tgrid_107.cpp,reloc-derived;call-sites=1;identity=generated
?reloadAmmo@Weapon@@QAEXPBVObject@@@Z,0x001E9DE0,95,Code/GameEngine/Source/GameLogic/Object/WeaponSet_pitchAndReload_Thunk.cpp,reloc-derived;call-sites=1;identity=real
?handle@Gen00049A2B@@QAE_NPAVGenItem@@PA_N1@Z,0x001EB180,405,Code/GameEngine/Source/Common/S3SinkDrainLoops.cpp,reloc-derived;call-sites=1;identity=generated
??1Gen_dtor_001ed090@@UAE@XZ,0x001ECEB0,25,Code/gen_small/dtors_002.cpp,reloc-derived;call-sites=1;identity=generated
??1Gen_dtor_001eeb90@@UAE@XZ,0x001EE790,39,Code/gen_small/dtors_002.cpp,reloc-derived;call-sites=1;identity=generated
??$_M_allocate_and_copy@PAUGen_t_001efe90_p12cd@@@?$vector@UGen_t_001efe90_p12cd@@V?$allocator@UGen_t_001efe90_p12cd@@@_STL@@@_STL@@IAEPAUGen_t_001efe90_p12cd@@IPAU2@0@Z,0x001EFAA0,97,Code/gen_small/tgrid_107.cpp,reloc-derived;call-sites=1;identity=generated
?gen001F32A0@@YAXPAX0@Z,0x001F32A0,82,Code/GameEngine/Source/Common/AllocateThenInitialise.cpp,reloc-derived;call-sites=1;identity=generated
?gen001F3310@@YAXPAX0@Z,0x001F3310,82,Code/GameEngine/Source/Common/AllocateThenInitialise.cpp,reloc-derived;call-sites=1;identity=generated
??1Gen_dtor_001f5f30@@UAE@XZ,0x001F5B90,32,Code/gen_small/dtors_002.cpp,reloc-derived;call-sites=1;identity=generated
??1Gen_dtor_001f6180@@UAE@XZ,0x001F5F70,39,Code/gen_small/dtors_002.cpp,reloc-derived;call-sites=1;identity=generated
??1Gen_dtor_001f68d0@@UAE@XZ,0x001F6740,25,Code/gen_small/dtors_002.cpp,reloc-derived;call-sites=1;identity=generated
??1Gen_dtor_001f6d10@@UAE@XZ,0x001F6D40,90,Code/gen_small/dtors_002.cpp,reloc-derived;call-sites=1;identity=generated
??1Gen_dtor_001f71a0@@UAE@XZ,0x001F6EE0,46,Code/gen_small/dtors_002.cpp,reloc-derived;call-sites=1;identity=generated
??1Gen_dtor_001f79c0@@UAE@XZ,0x001F7790,32,Code/gen_small/dtors_002.cpp,reloc-derived;call-sites=1;identity=generated
??1Gen_dtor_001f7fb0@@UAE@XZ,0x001F7DD0,25,Code/gen_small/dtors_002.cpp,reloc-derived;call-sites=1;identity=generated
??1Gen_dtor_001f8a70@@UAE@XZ,0x001F8340,32,Code/gen_small/dtors_002.cpp,reloc-derived;call-sites=1;identity=generated
??1MemoryPool@@QAE@XZ,0x001F84C0,115,Code/GameEngine/Source/Common/DynamicPortalBehaviourDestructorThunk.cpp,reloc-derived;call-sites=4;identity=real
??0?$pair@$$CBUGen_t_001f95d0_k4@@UGen_t_001f95d0_p12cd@@@_STL@@QAE@ABU01@@Z,0x001F9520,76,Code/gen_small/tgrid_107.cpp,reloc-derived;call-sites=1;identity=generated
?_M_insert_overflow@?$vector@UGen_t_001fa030_p8pod@@V?$allocator@UGen_t_001fa030_p8pod@@@_STL@@@_STL@@IAEXPAUGen_t_001fa030_p8pod@@ABU3@ABU__false_type@2@I_N@Z,0x001F9E80,302,Code/gen_small/tgrid_133.cpp,reloc-derived;call-sites=1;identity=generated
??1CritterEmitterUpdateModuleDataUnknownB4@@QAE@XZ,0x001FA220,203,Code/GameEngine/Source/Common/CritterEmitterUpdateModuleDataDestructorThunk.cpp,reloc-derived;call-sites=1;identity=real
?_M_insert_overflow@?$vector@UGen_t_001fa830_p12cd@@V?$allocator@UGen_t_001fa830_p12cd@@@_STL@@@_STL@@IAEXPAUGen_t_001fa830_p12cd@@ABU3@ABU__false_type@2@I_N@Z,0x001FA5B0,281,Code/gen_small/tgrid_107.cpp,reloc-derived;call-sites=1;identity=generated
??1Gen_dtor_001fad50@@UAE@XZ,0x001FAD80,25,Code/gen_small/dtors_002.cpp,reloc-derived;call-sites=1;identity=generated
??1Gen_dtor_001fc080@@UAE@XZ,0x001FBFC0,39,Code/gen_small/dtors_002.cpp,reloc-derived;call-sites=1;identity=generated
??1Gen_dtor_001fc680@@UAE@XZ,0x001FC330,56,Code/gen_small/dtors_002.cpp,reloc-derived;call-sites=1;identity=generated
??0S4New001142A0@@QAE@HH@Z,0x001FE380,182,Code/GameEngine/Source/Common/S4NewWithTwoArgs.cpp,reloc-derived;call-sites=1;identity=real
??1Gen_dtor_001ff190@@UAE@XZ,0x001FEB50,178,Code/gen_small/dtors_002.cpp,reloc-derived;call-sites=1;identity=generated
??1Gen_dtor_00200350@@UAE@XZ,0x00200160,25,Code/gen_small/dtors_002.cpp,reloc-derived;call-sites=1;identity=generated
??1Gen_dtor_00200b60@@UAE@XZ,0x00200840,25,Code/gen_small/dtors_002.cpp,reloc-derived;call-sites=1;identity=generated
??1Gen_dtor_00200c90@@UAE@XZ,0x00200870,25,Code/gen_small/dtors_002.cpp,reloc-derived;call-sites=1;identity=generated
??1InstantDeathBehaviorModuleDataAllocator@@QAE@XZ,0x00201590,143,Code/GameEngine/Source/Common/InstantDeathBehaviorModuleDataDestructorThunk.cpp,reloc-derived;call-sites=1;identity=real
??1Gen_dtor_00201cc0@@UAE@XZ,0x00201AE0,25,Code/gen_small/dtors_002.cpp,reloc-derived;call-sites=1;identity=generated
??1Gen_dtor_00202ba0@@UAE@XZ,0x002028E0,32,Code/gen_small/dtors_002.cpp,reloc-derived;call-sites=1;identity=generated
??0PoisonedBehavior@@QAE@PAVThing@@PBVModuleData@@@Z,0x002029F0,164,Code/GameEngine/Source/Common/Thing/ModuleFactory.cpp,reloc-derived;call-sites=2;identity=real
??1Gen_dtor_002030e0@@UAE@XZ,0x00202E80,32,Code/gen_small/dtors_002.cpp,reloc-derived;call-sites=1;identity=generated
??0PropagandaTowerBehavior@@QAE@PAVThing@@PBVModuleData@@@Z,0x00202F40,154,Code/GameEngine/Source/Common/Thing/ModuleFactory.cpp,reloc-derived;call-sites=2;identity=real
??1Gen_dtor_00203d80@@UAE@XZ,0x00203BC0,25,Code/gen_small/dtors_002.cpp,reloc-derived;call-sites=1;identity=generated
??1Gen_dtor_002046e0@@UAE@XZ,0x002043A0,32,Code/gen_small/dtors_002.cpp,reloc-derived;call-sites=1;identity=generated
??1Gen_dtor_00205170@@UAE@XZ,0x00205000,25,Code/gen_small/dtors_002.cpp,reloc-derived;call-sites=1;identity=generated
??1Gen_dtor_002058c0@@UAE@XZ,0x00205660,32,Code/gen_small/dtors_002.cpp,reloc-derived;call-sites=1;identity=generated
?gen00206CB0@Gen00206CB0_002B2070@@QAEXXZ,0x00206CB0,657,Code/GameEngine/Source/Common/TailPairForwarders.cpp,reloc-derived;call-sites=1;identity=generated
??1Gen_dtor_00207da0@@UAE@XZ,0x002077A0,39,Code/GameEngine/Source/Common/GiantBirdSlowDeathBehaviorDestructorThunk.cpp,reloc-derived;call-sites=2;identity=generated
?handle@Gen002077D0@@QAEXPAVFlagPairTarget@@@Z,0x002077D0,157,Code/GameEngine/Source/Common/FlagPairThenDirectCallers.cpp,reloc-derived;call-sites=1;identity=generated
?handle@Gen000140D8@@QAE_NPAVGenItem@@PA_N1@Z,0x00208810,458,Code/GameEngine/Source/Common/S3SinkDrainLoops.cpp,reloc-derived;call-sites=1;identity=generated
??1Gen_dtor_0020cd70@@UAE@XZ,0x0020CC30,25,Code/gen_small/dtors_002.cpp,reloc-derived;call-sites=1;identity=generated
??1Gen_dtor_0020d230@@UAE@XZ,0x0020D090,32,Code/gen_small/dtors_002.cpp,reloc-derived;call-sites=1;identity=generated
??1Gen_dtor_0020d740@@UAE@XZ,0x0020D4E0,32,Code/gen_small/dtors_002.cpp,reloc-derived;call-sites=1;identity=generated
??1Gen_dtor_0020da60@@UAE@XZ,0x0020D930,18,Code/gen_small/dtors_002.cpp,reloc-derived;call-sites=1;identity=generated
??1Gen_dtor_0020e540@@UAE@XZ,0x0020DB20,25,Code/gen_small/dtors_002.cpp,reloc-derived;call-sites=1;identity=generated
??$_M_allocate_and_copy@PBUGen_t_0020f660_p12pod@@@?$vector@UGen_t_0020f660_p12pod@@V?$allocator@UGen_t_0020f660_p12pod@@@_STL@@@_STL@@IAEPAUGen_t_0020f660_p12pod@@IPBU2@0@Z,0x0020E8D0,79,Code/gen_small/tgrid_107.cpp,reloc-derived;call-sites=1;identity=generated
?handle@Gen0020F330@@QAEXPAVFlagPairTarget@@@Z,0x0020F330,585,Code/GameEngine/Source/Common/FlagPairThenDirectCallers.cpp,reloc-derived;call-sites=5;identity=generated
??1Gen_dtor_00210b70@@UAE@XZ,0x0020F8E0,178,Code/gen_small/dtors_002.cpp,reloc-derived;call-sites=1;identity=generated
?_M_insert_overflow@?$vector@UGen_t_002118f0_p12pod@@V?$allocator@UGen_t_002118f0_p12pod@@@_STL@@@_STL@@IAEXPAUGen_t_002118f0_p12pod@@ABU3@ABU__false_type@2@I_N@Z,0x002109B0,314,Code/gen_small/tgrid_133.cpp,reloc-derived;call-sites=1;identity=generated
??1Gen_dtor_00212950@@UAE@XZ,0x00212880,25,Code/gen_small/dtors_002.cpp,reloc-derived;call-sites=1;identity=generated
??1Gen_dtor_00212f90@@UAE@XZ,0x00212D30,35,Code/gen_small/dtors_002.cpp,reloc-derived;call-sites=1;identity=generated
??0DetachableRiderBody@@QAE@PAVThing@@PBVModuleData@@@Z,0x00212EC0,158,Code/GameEngine/Source/Common/Thing/DetachableRiderBodyFriendNewModuleInstanceThunk.cpp,reloc-derived;call-sites=1;identity=real
??0FlightDeckBehaviorModuleData@@QAE@XZ,0x002131B0,50,Code/GameEngine/Source/Common/Thing/ModuleFactory.cpp,reloc-derived;call-sites=1;identity=real
??1Gen_dtor_00213410@@UAE@XZ,0x002132B0,25,Code/gen_small/dtors_002.cpp,reloc-derived;call-sites=1;identity=generated
??1Gen_dtor_002138c0@@UAE@XZ,0x00213800,25,Code/gen_small/dtors_002.cpp,reloc-derived;call-sites=1;identity=generated
??1Gen_dtor_00213aa0@@UAE@XZ,0x002139E0,25,Code/gen_small/dtors_002.cpp,reloc-derived;call-sites=1;identity=generated
??1Gen_dtor_00213e10@@UAE@XZ,0x00213B70,25,Code/gen_small/dtors_002.cpp,reloc-derived;call-sites=1;identity=generated
??1Gen_dtor_00214040@@UAE@XZ,0x00213F80,25,Code/gen_small/dtors_002.cpp,reloc-derived;call-sites=1;identity=generated
??1Gen_dtor_002142a0@@UAE@XZ,0x002141C0,25,Code/gen_small/dtors_002.cpp,reloc-derived;call-sites=1;identity=generated
??1Gen_dtor_00214770@@UAE@XZ,0x002146A0,25,Code/gen_small/dtors_002.cpp,reloc-derived;call-sites=1;identity=generated
??1Gen_dtor_00214c30@@UAE@XZ,0x00214B50,25,Code/gen_small/dtors_002.cpp,reloc-derived;call-sites=1;identity=generated
??1Gen_dtor_00214e70@@UAE@XZ,0x00214CC0,25,Code/gen_small/dtors_002.cpp,reloc-derived;call-sites=1;identity=generated
?ready@GenOwner@@QAE_NXZ,0x00215080,77,Code/GameEngine/Source/Common/S3BackStepGuardedVirtualFloats.cpp,reloc-derived;call-sites=5;identity=real
??1Gen_dtor_00215d90@@UAE@XZ,0x00215A70,32,Code/gen_small/dtors_002.cpp,reloc-derived;call-sites=1;identity=generated
??0AODCrushCollideModuleData@@QAE@XZ,0x00215B90,126,Code/GameEngine/Source/Common/Thing/AODCrushCollideFriendNewModuleDataThunk.cpp,reloc-derived;call-sites=1;identity=real
??1Gen_dtor_00216360@@UAE@XZ,0x002161B0,25,Code/gen_small/dtors_002.cpp,reloc-derived;call-sites=1;identity=generated
??1Gen_dtor_00216890@@UAE@XZ,0x00216760,25,Code/gen_small/dtors_002.cpp,reloc-derived;call-sites=1;identity=generated
??1Gen_dtor_00216c90@@UAE@XZ,0x00216AF0,25,Code/gen_small/dtors_002.cpp,reloc-derived;call-sites=1;identity=generated
??1Gen_dtor_002174d0@@UAE@XZ,0x00217320,25,Code/gen_small/dtors_002.cpp,reloc-derived;call-sites=1;identity=generated
??1Gen_dtor_00217700@@UAE@XZ,0x00217620,25,Code/gen_small/dtors_002.cpp,reloc-derived;call-sites=1;identity=generated
?handle@Gen00217810@@QAEXPAVFlagPairTarget@@@Z,0x00217810,66,Code/GameEngine/Source/Common/FlagPairThenDirectCallers.cpp,reloc-derived;call-sites=6;identity=generated
??1Gen_dtor_00217be0@@UAE@XZ,0x00217B20,25,Code/gen_small/dtors_002.cpp,reloc-derived;call-sites=1;identity=generated
??1Gen_dtor_00217e30@@UAE@XZ,0x00217D60,25,Code/gen_small/dtors_002.cpp,reloc-derived;call-sites=1;identity=generated
??1Gen_dtor_00218190@@UAE@XZ,0x00218090,25,Code/gen_small/dtors_002.cpp,reloc-derived;call-sites=1;identity=generated
??1Gen_dtor_00218800@@UAE@XZ,0x00218670,25,Code/gen_small/dtors_002.cpp,reloc-derived;call-sites=1;identity=generated
??1Gen_dtor_00218990@@UAE@XZ,0x002188C0,25,Code/gen_small/dtors_002.cpp,reloc-derived;call-sites=1;identity=generated
??1Gen_dtor_00218d40@@UAE@XZ,0x00218C30,25,Code/gen_small/dtors_002.cpp,reloc-derived;call-sites=1;identity=generated
??1Gen_dtor_00219c40@@UAE@XZ,0x00219290,77,Code/gen_small/dtors_002.cpp,reloc-derived;call-sites=1;identity=generated
?equal_range@?$hashtable@U?$pair@$$CBHUGen_t_0021c9b0_m12pod@@@_STL@@HU?$hash@H@2@U?$_Select1st@U?$pair@$$CBHUGen_t_0021c9b0_m12pod@@@_STL@@@2@U?$equal_to@H@2@V?$allocator@U?$pair@$$CBHUGen_t_0021c9b0_m12pod@@@_STL@@@2@@_STL@@QAE?AU?$pair@U?$_Ht_iterator@U?$pair@$$CBHUGen_t_0021c9b0_m12pod@@@_STL@@U?$_Nonconst_traits@U?$pair@$$CBHUGen_t_0021c9b0_m12pod@@@_STL@@@2@HU?$hash@H@2@U?$_Select1st@U?$pair@$$CBHUGen_t_0021c9b0_m12pod@@@_STL@@@2@U?$equal_to@H@2@V?$allocator@U?$pair@$$CBHUGen_t_0021c9b0_m12pod@@@_STL@@@2@@_STL@@U12@@2@ABH@Z,0x0021BE20,145,Code/gen_small/fam_010.cpp,reloc-derived;call-sites=1;identity=generated
?handle@Gen0021CE60@@QAEXH@Z,0x0021CE60,214,Code/GameEngine/Source/Common/R1ForwardToStoredObject.cpp,reloc-derived;call-sites=1;identity=generated
??0S4ModuleData00116640@@QAE@XZ,0x0021D6E0,25,Code/GameEngine/Source/Common/S4NewModuleData.cpp,reloc-derived;call-sites=1;identity=real
?putObjectAtGarrisonPoint@GarrisonContain@@IAEXPAVObject@@W4ObjectID@@HH@Z,0x0021D750,161,Code/GameEngine/Source/GameLogic/Object/Contain/GarrisonContainTrackTargets.cpp,reloc-derived;call-sites=1;identity=real
?findClosestFreeGarrisonPointIndex@GarrisonContain@@IAEHHPBUCoord3D@@@Z,0x0021DDA0,653,Code/GameEngine/Source/GameLogic/Object/Contain/GarrisonContainTrackTargets.cpp,reloc-derived;call-sites=1;identity=real
?removeObjectFromGarrisonPoint@GarrisonContain@@IAEXPAVObject@@H@Z,0x0021E260,137,Code/GameEngine/Source/GameLogic/Object/Contain/GarrisonContainTrackTargets.cpp,reloc-derived;call-sites=1;identity=real
??1Gen_dtor_00220350@@UAE@XZ,0x00220240,67,Code/gen_small/dtors_002.cpp,reloc-derived;call-sites=1;identity=generated
?onContaining@OpenContain@@UAEXPAVObject@@_N@Z,0x00221720,154,Code/GameEngine/Source/GameLogic/Object/Contain/CaveContainOnContaining.cpp,reloc-derived;call-sites=1;identity=real
?gen00222540@@YAXPAX0@Z,0x00222540,34,Code/GameEngine/Source/Common/AllocateThenInitialise.cpp,reloc-derived;call-sites=1;identity=generated
?gen00223280@@YAXPAX0@Z,0x00223280,114,Code/GameEngine/Source/Common/AllocateThenInitialise.cpp,reloc-derived;call-sites=1;identity=generated
?_M_insert@?$_Rb_tree@HU?$pair@$$CBHUGen_t_00224ad0_p12cd@@@_STL@@U?$_Select1st@U?$pair@$$CBHUGen_t_00224ad0_p12cd@@@_STL@@@2@U?$less@H@2@V?$allocator@U?$pair@$$CBHUGen_t_00224ad0_p12cd@@@_STL@@@2@@_STL@@AAE?AU?$_Rb_tree_iterator@U?$pair@$$CBHUGen_t_00224ad0_p12cd@@@_STL@@U?$_Nonconst_traits@U?$pair@$$CBHUGen_t_00224ad0_p12cd@@@_STL@@@2@@2@PAU_Rb_tree_node_base@2@0ABU?$pair@$$CBHUGen_t_00224ad0_p12cd@@@2@0@Z,0x00223D20,176,Code/gen_small/tgrid_108.cpp,reloc-derived;call-sites=9;identity=generated
?insert_unique@?$_Rb_tree@HU?$pair@$$CBHUGen_t_00224ad0_p12cd@@@_STL@@U?$_Select1st@U?$pair@$$CBHUGen_t_00224ad0_p12cd@@@_STL@@@2@U?$less@H@2@V?$allocator@U?$pair@$$CBHUGen_t_00224ad0_p12cd@@@_STL@@@2@@_STL@@QAE?AU?$pair@U?$_Rb_tree_iterator@U?$pair@$$CBHUGen_t_00224ad0_p12cd@@@_STL@@U?$_Nonconst_traits@U?$pair@$$CBHUGen_t_00224ad0_p12cd@@@_STL@@@2@@_STL@@_N@2@ABU?$pair@$$CBHUGen_t_00224ad0_p12cd@@@2@@Z,0x00223E00,145,Code/gen_small/tgrid_108.cpp,reloc-derived;call-sites=4;identity=generated
?_M_insert@?$_Rb_tree@IU?$pair@$$CBIUGen_t_00224dc0_m12pod@@@_STL@@U?$_Select1st@U?$pair@$$CBIUGen_t_00224dc0_m12pod@@@_STL@@@2@U?$less@I@2@V?$allocator@U?$pair@$$CBIUGen_t_00224dc0_m12pod@@@_STL@@@2@@_STL@@AAE?AU?$_Rb_tree_iterator@U?$pair@$$CBIUGen_t_00224dc0_m12pod@@@_STL@@U?$_Nonconst_traits@U?$pair@$$CBIUGen_t_00224dc0_m12pod@@@_STL@@@2@@2@PAU_Rb_tree_node_base@2@0ABU?$pair@$$CBIUGen_t_00224dc0_m12pod@@@2@0@Z,0x00223EC0,176,Code/gen_small/fam_005.cpp,reloc-derived;call-sites=9;identity=generated
?insert_unique@?$_Rb_tree@IU?$pair@$$CBIUGen_t_00224dc0_m12pod@@@_STL@@U?$_Select1st@U?$pair@$$CBIUGen_t_00224dc0_m12pod@@@_STL@@@2@U?$less@I@2@V?$allocator@U?$pair@$$CBIUGen_t_00224dc0_m12pod@@@_STL@@@2@@_STL@@QAE?AU?$pair@U?$_Rb_tree_iterator@U?$pair@$$CBIUGen_t_00224dc0_m12pod@@@_STL@@U?$_Nonconst_traits@U?$pair@$$CBIUGen_t_00224dc0_m12pod@@@_STL@@@2@@_STL@@_N@2@ABU?$pair@$$CBIUGen_t_00224dc0_m12pod@@@2@@Z,0x00223FA0,145,Code/gen_small/fam_005.cpp,reloc-derived;call-sites=4;identity=generated
?_M_insert@?$_Rb_tree@HU?$pair@$$CBHUGen_t_002250b0_p12cd@@@_STL@@U?$_Select1st@U?$pair@$$CBHUGen_t_002250b0_p12cd@@@_STL@@@2@U?$less@H@2@V?$allocator@U?$pair@$$CBHUGen_t_002250b0_p12cd@@@_STL@@@2@@_STL@@AAE?AU?$_Rb_tree_iterator@U?$pair@$$CBHUGen_t_002250b0_p12cd@@@_STL@@U?$_Nonconst_traits@U?$pair@$$CBHUGen_t_002250b0_p12cd@@@_STL@@@2@@2@PAU_Rb_tree_node_base@2@0ABU?$pair@$$CBHUGen_t_002250b0_p12cd@@@2@0@Z,0x00224060,176,Code/gen_small/tgrid_108.cpp,reloc-derived;call-sites=9;identity=generated
?insert_unique@?$_Rb_tree@HU?$pair@$$CBHUGen_t_002250b0_p12cd@@@_STL@@U?$_Select1st@U?$pair@$$CBHUGen_t_002250b0_p12cd@@@_STL@@@2@U?$less@H@2@V?$allocator@U?$pair@$$CBHUGen_t_002250b0_p12cd@@@_STL@@@2@@_STL@@QAE?AU?$pair@U?$_Rb_tree_iterator@U?$pair@$$CBHUGen_t_002250b0_p12cd@@@_STL@@U?$_Nonconst_traits@U?$pair@$$CBHUGen_t_002250b0_p12cd@@@_STL@@@2@@_STL@@_N@2@ABU?$pair@$$CBHUGen_t_002250b0_p12cd@@@2@@Z,0x00224140,145,Code/gen_small/tgrid_108.cpp,reloc-derived;call-sites=4;identity=generated
?_M_insert@?$_Rb_tree@HU?$pair@$$CBHUGen_t_00225fe0_p12cd@@@_STL@@U?$_Select1st@U?$pair@$$CBHUGen_t_00225fe0_p12cd@@@_STL@@@2@U?$less@H@2@V?$allocator@U?$pair@$$CBHUGen_t_00225fe0_p12cd@@@_STL@@@2@@_STL@@AAE?AU?$_Rb_tree_iterator@U?$pair@$$CBHUGen_t_00225fe0_p12cd@@@_STL@@U?$_Nonconst_traits@U?$pair@$$CBHUGen_t_00225fe0_p12cd@@@_STL@@@2@@2@PAU_Rb_tree_node_base@2@0ABU?$pair@$$CBHUGen_t_00225fe0_p12cd@@@2@0@Z,0x00224200,176,Code/gen_small/tgrid_108.cpp,reloc-derived;call-sites=9;identity=generated
?_M_insert@?$_Rb_tree@HU?$pair@$$CBHUGen_t_00225cf0_p12cd@@@_STL@@U?$_Select1st@U?$pair@$$CBHUGen_t_00225cf0_p12cd@@@_STL@@@2@U?$less@H@2@V?$allocator@U?$pair@$$CBHUGen_t_00225cf0_p12cd@@@_STL@@@2@@_STL@@AAE?AU?$_Rb_tree_iterator@U?$pair@$$CBHUGen_t_00225cf0_p12cd@@@_STL@@U?$_Nonconst_traits@U?$pair@$$CBHUGen_t_00225cf0_p12cd@@@_STL@@@2@@2@PAU_Rb_tree_node_base@2@0ABU?$pair@$$CBHUGen_t_00225cf0_p12cd@@@2@0@Z,0x00225460,176,Code/gen_small/tgrid_108.cpp,reloc-derived;call-sites=9;identity=generated
?insert_unique@?$_Rb_tree@HU?$pair@$$CBHUGen_t_00225cf0_p12cd@@@_STL@@U?$_Select1st@U?$pair@$$CBHUGen_t_00225cf0_p12cd@@@_STL@@@2@U?$less@H@2@V?$allocator@U?$pair@$$CBHUGen_t_00225cf0_p12cd@@@_STL@@@2@@_STL@@QAE?AU?$pair@U?$_Rb_tree_iterator@U?$pair@$$CBHUGen_t_00225cf0_p12cd@@@_STL@@U?$_Nonconst_traits@U?$pair@$$CBHUGen_t_00225cf0_p12cd@@@_STL@@@2@@_STL@@_N@2@ABU?$pair@$$CBHUGen_t_00225cf0_p12cd@@@2@@Z,0x00225540,145,Code/gen_small/tgrid_108.cpp,reloc-derived;call-sites=4;identity=generated
?handle@Gen002298B0@@QAEXPAVFlagPairTarget@@@Z,0x002298B0,1375,Code/GameEngine/Source/Common/FlagPairThenDirectCallers.cpp,reloc-derived;call-sites=1;identity=generated
??1Gen_dtor_0022f0e0@@UAE@XZ,0x0022EF90,67,Code/gen_small/dtors_002.cpp,reloc-derived;call-sites=1;identity=generated
??$_M_allocate_and_copy@PAUGen_t_002304b0_p24cd@@@?$vector@UGen_t_002304b0_p24cd@@V?$allocator@UGen_t_002304b0_p24cd@@@_STL@@@_STL@@IAEPAUGen_t_002304b0_p24cd@@IPAU2@0@Z,0x00230120,79,Code/gen_small/tgrid_108.cpp,reloc-derived;call-sites=1;identity=generated
?_M_insert_overflow@?$vector@UFlightDeckInfo@FlightDeckBehavior@@V?$allocator@UFlightDeckInfo@FlightDeckBehavior@@@_STL@@@_STL@@IAEXPAUFlightDeckInfo@FlightDeckBehavior@@ABU34@ABU__false_type@2@I_N@Z,0x00231A00,334,Code/GameEngine/Source/GameLogic/Object/Behavior/FlightDeckBehavior.cpp,reloc-derived;call-sites=1;identity=real
??$_M_allocate_and_copy@PAUGen_t_0023dd50_p16pod@@@?$vector@UGen_t_0023dd50_p16pod@@V?$allocator@UGen_t_0023dd50_p16pod@@@_STL@@@_STL@@IAEPAUGen_t_0023dd50_p16pod@@IPAU2@0@Z,0x00233960,94,Code/gen_small/tgrid_108.cpp,reloc-derived;call-sites=1;identity=generated
??$__copy_backward@PAUGen_t_00234a50_p128pod@@PAU1@H@_STL@@YAPAUGen_t_00234a50_p128pod@@PAU1@00ABUrandom_access_iterator_tag@0@PAH@Z,0x00233B60,79,Code/gen_small/tgrid_133.cpp,reloc-derived;call-sites=1;identity=generated
?gen00234780@@YAXPAUElem28@@PBU1@@Z,0x00234780,53,Code/GameEngine/Source/Common/ElementStrideWalks.cpp,reloc-derived;call-sites=3;identity=generated
?_M_insert@?$_Rb_tree@HHU?$_Identity@H@_STL@@U?$less@H@2@V?$allocator@H@2@@_STL@@AAE?AU?$_Rb_tree_iterator@HU?$_Nonconst_traits@H@_STL@@@2@PAU_Rb_tree_node_base@2@0ABH0@Z,0x002348E0,179,Code/GameEngine/Source/GameNetwork/GameSpy/PeerDefs.cpp,reloc-derived;call-sites=1;identity=real
??1Gen_dtor_00235d70@@UAE@XZ,0x00234D60,102,Code/gen_small/dtors_002.cpp,reloc-derived;call-sites=1;identity=generated
?gen00235CD0@@YAXPAX0@Z,0x00235CD0,53,Code/GameEngine/Source/Common/AllocateThenInitialise.cpp,reloc-derived;call-sites=1;identity=generated
?_M_insert@?$_Rb_tree@HU?$pair@$$CBHUGen_t_0023de30_p12cd@@@_STL@@U?$_Select1st@U?$pair@$$CBHUGen_t_0023de30_p12cd@@@_STL@@@2@U?$less@H@2@V?$allocator@U?$pair@$$CBHUGen_t_0023de30_p12cd@@@_STL@@@2@@_STL@@AAE?AU?$_Rb_tree_iterator@U?$pair@$$CBHUGen_t_0023de30_p12cd@@@_STL@@U?$_Nonconst_traits@U?$pair@$$CBHUGen_t_0023de30_p12cd@@@_STL@@@2@@2@PAU_Rb_tree_node_base@2@0ABU?$pair@$$CBHUGen_t_0023de30_p12cd@@@2@0@Z,0x0023B4D0,176,Code/gen_small/tgrid_108.cpp,reloc-derived;call-sites=9;identity=generated
?insert_unique@?$_Rb_tree@HU?$pair@$$CBHUGen_t_0023de30_p12cd@@@_STL@@U?$_Select1st@U?$pair@$$CBHUGen_t_0023de30_p12cd@@@_STL@@@2@U?$less@H@2@V?$allocator@U?$pair@$$CBHUGen_t_0023de30_p12cd@@@_STL@@@2@@_STL@@QAE?AU?$pair@U?$_Rb_tree_iterator@U?$pair@$$CBHUGen_t_0023de30_p12cd@@@_STL@@U?$_Nonconst_traits@U?$pair@$$CBHUGen_t_0023de30_p12cd@@@_STL@@@2@@_STL@@_N@2@ABU?$pair@$$CBHUGen_t_0023de30_p12cd@@@2@@Z,0x0023B5B0,145,Code/gen_small/tgrid_108.cpp,reloc-derived;call-sites=4;identity=generated
?_M_insert_overflow@?$vector@UGen_t_00244990_p16cd@@V?$allocator@UGen_t_00244990_p16cd@@@_STL@@@_STL@@IAEXPAUGen_t_00244990_p16cd@@ABU3@ABU__false_type@2@I_N@Z,0x00240070,305,Code/gen_small/tgrid_108.cpp,reloc-derived;call-sites=1;identity=generated
??1Gen_dtor_00240880@@UAE@XZ,0x00240590,162,Code/gen_small/dtors_002.cpp,reloc-derived;call-sites=1;identity=generated
?_M_insert_overflow@?$vector@UGen_t_00247f80_p4cd@@V?$allocator@UGen_t_00247f80_p4cd@@@_STL@@@_STL@@IAEXPAUGen_t_00247f80_p4cd@@ABU3@ABU__false_type@2@I_N@Z,0x00247180,268,Code/gen_small/tgrid_109.cpp,reloc-derived;call-sites=1;identity=generated
?handle@Gen002475A0@@QAEXPAVFlagPairTarget@@@Z,0x002475A0,1807,Code/GameEngine/Source/Common/FlagPairThenDirectCallers.cpp,reloc-derived;call-sites=1;identity=generated
??1Gen_dtor_0024d4b0@@UAE@XZ,0x0024D2D0,87,Code/gen_small/dtors_002.cpp,reloc-derived;call-sites=1;identity=generated
??1Gen_dtor_0024ea90@@UAE@XZ,0x0024E8E0,141,Code/gen_small/dtors_002.cpp,reloc-derived;call-sites=1;identity=generated
??0S4ModuleData00116D80@@QAE@XZ,0x0024F390,28,Code/GameEngine/Source/Common/S4NewModuleData.cpp,reloc-derived;call-sites=1;identity=real
??1Gen_dtor_0024f3c0@@UAE@XZ,0x0024F3F0,11,Code/gen_small/dtors_002.cpp,reloc-derived;call-sites=1;identity=generated
??1Gen_dtor_0024f4d0@@UAE@XZ,0x0024F400,25,Code/gen_small/dtors_002.cpp,reloc-derived;call-sites=1;identity=generated
?handle@Gen0024F500@@QAEXPAVFlagPairTarget@@@Z,0x0024F500,66,Code/GameEngine/Source/Common/FlagPairThenDirectCallers.cpp,reloc-derived;call-sites=7;identity=generated
??1Gen_dtor_0024f9a0@@UAE@XZ,0x0024F8B0,25,Code/gen_small/dtors_002.cpp,reloc-derived;call-sites=1;identity=generated
??1Gen_dtor_0024fd70@@UAE@XZ,0x0024FC70,25,Code/gen_small/dtors_002.cpp,reloc-derived;call-sites=1;identity=generated
??1Gen_dtor_0024ff90@@UAE@XZ,0x0024FEC0,25,Code/gen_small/dtors_002.cpp,reloc-derived;call-sites=1;identity=generated
??1Gen_dtor_00250190@@UAE@XZ,0x002500C0,25,Code/gen_small/dtors_002.cpp,reloc-derived;call-sites=1;identity=generated
??1Gen_dtor_00250380@@UAE@XZ,0x002502B0,25,Code/gen_small/dtors_002.cpp,reloc-derived;call-sites=1;identity=generated
??1Gen_dtor_00250570@@UAE@XZ,0x002504B0,25,Code/gen_small/dtors_002.cpp,reloc-derived;call-sites=1;identity=generated
??1Gen_dtor_00250710@@UAE@XZ,0x00250640,25,Code/gen_small/dtors_003.cpp,reloc-derived;call-sites=1;identity=generated
??1Gen_dtor_00250850@@UAE@XZ,0x00250660,25,Code/gen_small/dtors_003.cpp,reloc-derived;call-sites=1;identity=generated
??0EvacuateDamageModuleData@@QAE@XZ,0x00250C20,101,Code/GameEngine/Source/Common/Thing/EvacuateDamageFriendNewModuleDataThunk.cpp,reloc-derived;call-sites=1;identity=real
??0EvacuateDamage@@QAE@PAVThing@@PBVModuleData@@@Z,0x00251060,173,Code/GameEngine/Source/Common/Thing/EvacuateDamageFriendNewModuleInstanceThunk.cpp,reloc-derived;call-sites=1;identity=real
??1Gen_dtor_002512f0@@UAE@XZ,0x00251200,116,Code/gen_small/dtors_003.cpp,reloc-derived;call-sites=1;identity=generated
??1Gen_dtor_00251800@@UAE@XZ,0x00251690,25,Code/gen_small/dtors_003.cpp,reloc-derived;call-sites=1;identity=generated
??0?$pair@$$CBUGen_t_00252ab0_k4@@UGen_t_00252ab0_p12cd@@@_STL@@QAE@ABU01@@Z,0x00252A50,73,Code/gen_small/tgrid_109.cpp,reloc-derived;call-sites=1;identity=generated
??$__copy_backward@PAUGen_t_00252ce0_p128pod@@PAU1@H@_STL@@YAPAUGen_t_00252ce0_p128pod@@PAU1@00ABUrandom_access_iterator_tag@0@PAH@Z,0x00252C30,127,Code/gen_small/tgrid_133.cpp,reloc-derived;call-sites=1;identity=generated
??1TensileFormationUpdateMember@@QAE@XZ,0x00252DA0,164,Code/GameEngine/Source/Common/TensileFormationUpdateDestructorThunk.cpp,reloc-derived;call-sites=2;identity=real
??1Gen_dtor_00253cb0@@UAE@XZ,0x00253C00,25,Code/gen_small/dtors_003.cpp,reloc-derived;call-sites=1;identity=generated
??1Gen_dtor_00253f60@@UAE@XZ,0x00253D30,25,Code/gen_small/dtors_003.cpp,reloc-derived;call-sites=1;identity=generated
??1Gen_dtor_00254770@@UAE@XZ,0x002545E0,25,Code/gen_small/dtors_003.cpp,reloc-derived;call-sites=1;identity=generated
??1Gen_dtor_00254c80@@UAE@XZ,0x00254960,25,Code/gen_small/dtors_003.cpp,reloc-derived;call-sites=1;identity=generated
??1Gen_dtor_00255070@@UAE@XZ,0x00254F50,25,Code/gen_small/dtors_003.cpp,reloc-derived;call-sites=1;identity=generated
?isDieApplicable@DieMuxData@@QBE_NPBVObject@@PBVDamageInfo@@@Z,0x002551F0,241,Code/GameEngine/Source/GameLogic/Object/Die/SpecialPowerCompletionDie.cpp,reloc-derived;call-sites=2;identity=real
??1Gen_dtor_00255450@@UAE@XZ,0x00255320,25,Code/gen_small/dtors_003.cpp,reloc-derived;call-sites=1;identity=generated
??1Gen_dtor_00255760@@UAE@XZ,0x00255580,25,Code/gen_small/dtors_003.cpp,reloc-derived;call-sites=1;identity=generated
??1Gen_dtor_00255960@@UAE@XZ,0x00255840,25,Code/gen_small/dtors_003.cpp,reloc-derived;call-sites=1;identity=generated
??1Gen_dtor_00255b70@@UAE@XZ,0x00255A40,25,Code/gen_small/dtors_003.cpp,reloc-derived;call-sites=1;identity=generated
??1Gen_dtor_00255f30@@UAE@XZ,0x00255DD0,25,Code/gen_small/dtors_003.cpp,reloc-derived;call-sites=1;identity=generated
??1Gen_dtor_002561d0@@UAE@XZ,0x002560A0,25,Code/gen_small/dtors_003.cpp,reloc-derived;call-sites=1;identity=generated
??1Gen_dtor_001c0fb0@@UAE@XZ,0x002562C0,25,Code/gen_small/dtors_002.cpp,reloc-derived;call-sites=1;identity=generated
??1Gen_dtor_00256940@@UAE@XZ,0x00256890,96,Code/gen_small/dtors_003.cpp,reloc-derived;call-sites=1;identity=generated
??1Gen_dtor_001c0e70@@UAE@XZ,0x00256C60,25,Code/gen_small/dtors_002.cpp,reloc-derived;call-sites=1;identity=generated
??1Gen_dtor_001c1170@@UAE@XZ,0x00256D20,25,Code/gen_small/dtors_002.cpp,reloc-derived;call-sites=1;identity=generated
??1Gen_dtor_001c12b0@@UAE@XZ,0x00256DB0,25,Code/gen_small/dtors_002.cpp,reloc-derived;call-sites=1;identity=generated
??1Gen_dtor_001c55f0@@UAE@XZ,0x002570C0,146,Code/gen_small/dtors_002.cpp,reloc-derived;call-sites=1;identity=generated
??1Gen_dtor_001c1480@@UAE@XZ,0x00257500,25,Code/gen_small/dtors_002.cpp,reloc-derived;call-sites=1;identity=generated
??1Gen_dtor_00258560@@UAE@XZ,0x00258300,25,Code/gen_small/dtors_003.cpp,reloc-derived;call-sites=1;identity=generated
??1Gen_dtor_00259130@@UAE@XZ,0x00259060,25,Code/gen_small/dtors_003.cpp,reloc-derived;call-sites=1;identity=generated
??1Gen_dtor_00259870@@UAE@XZ,0x00259740,25,Code/gen_small/dtors_003.cpp,reloc-derived;call-sites=1;identity=generated
??1Gen_dtor_00259ca0@@UAE@XZ,0x00259BD0,25,Code/gen_small/dtors_003.cpp,reloc-derived;call-sites=1;identity=generated
??1Gen_dtor_0025a060@@UAE@XZ,0x00259FA0,25,Code/gen_small/dtors_003.cpp,reloc-derived;call-sites=1;identity=generated
??1Gen_dtor_0025a530@@UAE@XZ,0x0025A390,46,Code/gen_small/dtors_003.cpp,reloc-derived;call-sites=1;identity=generated
??1Gen_dtor_0025a8e0@@UAE@XZ,0x0025A810,25,Code/gen_small/dtors_003.cpp,reloc-derived;call-sites=1;identity=generated
??1Gen_dtor_0025ae70@@UAE@XZ,0x0025AD50,32,Code/gen_small/dtors_003.cpp,reloc-derived;call-sites=1;identity=generated
??1Gen_dtor_0025b5b0@@UAE@XZ,0x0025B300,25,Code/gen_small/dtors_003.cpp,reloc-derived;call-sites=1;identity=generated
?_M_insert_overflow@?$vector@UGen_t_0025cd00_p8cd@@V?$allocator@UGen_t_0025cd00_p8cd@@@_STL@@@_STL@@IAEXPAUGen_t_0025cd00_p8cd@@ABU3@ABU__false_type@2@I_N@Z,0x0025CB00,268,Code/gen_small/tgrid_109.cpp,reloc-derived;call-sites=1;identity=generated
??1Gen_dtor_0025d0b0@@UAE@XZ,0x0025CFA0,32,Code/gen_small/dtors_003.cpp,reloc-derived;call-sites=1;identity=generated
??1Gen_dtor_0025d6b0@@UAE@XZ,0x0025D5E0,25,Code/gen_small/dtors_003.cpp,reloc-derived;call-sites=1;identity=generated
??1Gen_dtor_0025dbe0@@UAE@XZ,0x0025DA10,32,Code/gen_small/dtors_003.cpp,reloc-derived;call-sites=1;identity=generated
??1Gen_dtor_0025f1f0@@UAE@XZ,0x0025F130,25,Code/gen_small/dtors_003.cpp,reloc-derived;call-sites=1;identity=generated
??1Gen_dtor_0025f9e0@@UAE@XZ,0x0025F900,32,Code/gen_small/dtors_003.cpp,reloc-derived;call-sites=1;identity=generated
?_M_insert_overflow@?$vector@UGen_t_002619d0_p8pod@@V?$allocator@UGen_t_002619d0_p8pod@@@_STL@@@_STL@@IAEXPAUGen_t_002619d0_p8pod@@ABU3@ABU__false_type@2@I_N@Z,0x00261750,302,Code/gen_small/tgrid_133.cpp,reloc-derived;call-sites=1;identity=generated
?gen00261920@@YAXPAX00H0@Z,0x00261920,123,Code/GameEngine/Source/Common/ConstantZeroForwarders.cpp,reloc-derived;call-sites=1;identity=generated
?Gen00261AE0@@YAXPAUQ3SortElem8@@00HUQ3SortCompare@@@Z,0x00261AE0,229,Code/GameEngine/Source/Common/Q3IntrosortFamilies.cpp,reloc-derived;call-sites=1;identity=generated
?_M_insert_overflow@?$vector@UGen_t_00262280_p16cd@@V?$allocator@UGen_t_00262280_p16cd@@@_STL@@@_STL@@IAEXPAUGen_t_00262280_p16cd@@ABU3@ABU__false_type@2@I_N@Z,0x00262120,267,Code/gen_small/tgrid_109.cpp,reloc-derived;call-sites=1;identity=generated
??1Gen_dtor_00262b90@@UAE@XZ,0x00262930,25,Code/gen_small/dtors_003.cpp,reloc-derived;call-sites=1;identity=generated
?_M_insert_overflow@?$vector@UUpgrades@OCLSpecialPowerModuleData@@V?$allocator@UUpgrades@OCLSpecialPowerModuleData@@@_STL@@@_STL@@IAEXPAUUpgrades@OCLSpecialPowerModuleData@@ABU34@ABU__false_type@2@I_N@Z,0x00262FE0,302,Code/GameEngine/Source/GameLogic/Object/SpecialPower/OCLSpecialPower.cpp,reloc-derived;call-sites=2;identity=real
??1Gen_dtor_00263b50@@UAE@XZ,0x00263A20,25,Code/gen_small/dtors_003.cpp,reloc-derived;call-sites=1;identity=generated
??1Gen_dtor_00264090@@UAE@XZ,0x00263FA0,25,Code/gen_small/dtors_003.cpp,reloc-derived;call-sites=1;identity=generated
??1Gen_dtor_00264920@@UAE@XZ,0x00264840,25,Code/gen_small/dtors_003.cpp,reloc-derived;call-sites=1;identity=generated
??1Gen_dtor_00265900@@UAE@XZ,0x00265930,25,Code/gen_small/dtors_003.cpp,reloc-derived;call-sites=1;identity=generated
??1Gen_dtor_00265cd0@@UAE@XZ,0x00265BF0,39,Code/gen_small/dtors_003.cpp,reloc-derived;call-sites=1;identity=generated
??1Gen_dtor_00267890@@UAE@XZ,0x002675F0,42,Code/gen_small/dtors_003.cpp,reloc-derived;call-sites=1;identity=generated
?handle@Gen00268060@@QAEXPAVFlagPairTarget@@@Z,0x00268060,116,Code/GameEngine/Source/Common/FlagPairThenDirectCallers.cpp,reloc-derived;call-sites=20;identity=generated
?buildFieldParse@Gen0002AF8B@@SAXAAVWideMulti@@@Z,0x002683D0,745,Code/GameEngine/Source/Common/WideBuildFieldParse.cpp,reloc-derived;call-sites=17;identity=generated
??1Gen_dtor_0026b160@@UAE@XZ,0x0026B080,25,Code/gen_small/dtors_003.cpp,reloc-derived;call-sites=1;identity=generated
??1Gen_dtor_0026b4a0@@UAE@XZ,0x0026B3A0,25,Code/gen_small/dtors_003.cpp,reloc-derived;call-sites=1;identity=generated
??1Gen_dtor_0026b770@@UAE@XZ,0x0026B6A0,25,Code/gen_small/dtors_003.cpp,reloc-derived;call-sites=1;identity=generated
??1Gen_dtor_0026c1e0@@UAE@XZ,0x0026C030,32,Code/gen_small/dtors_003.cpp,reloc-derived;call-sites=1;identity=generated
??1Gen_dtor_0026c790@@UAE@XZ,0x0026C550,42,Code/gen_small/dtors_003.cpp,reloc-derived;call-sites=1;identity=generated
??1Gen_dtor_0026ccd0@@UAE@XZ,0x0026CD00,25,Code/gen_small/dtors_003.cpp,reloc-derived;call-sites=1;identity=generated
??1Gen_dtor_0026ddd0@@UAE@XZ,0x0026DCB0,32,Code/gen_small/dtors_003.cpp,reloc-derived;call-sites=1;identity=generated
??1Gen_dtor_0026e130@@UAE@XZ,0x0026E010,32,Code/gen_small/dtors_003.cpp,reloc-derived;call-sites=1;identity=generated
?requestApproachPath@AIUpdateInterface@@QAEXPAUCoord3D@@@Z,0x00270470,270,Code/GameEngine/Source/Common/AIMoveAndTightenState_onEnter_Thunk.cpp,reloc-derived;call-sites=1;identity=real
?requestSafePath@AIUpdateInterface@@QAEXW4ObjectID@@@Z,0x002709B0,316,Code/GameEngine/Source/GameLogic/AI/AIMoveAwayFromRepulsorsState_onEnter_Thunk.cpp,reloc-derived;call-sites=1;identity=real
??0DeployStyleAIUpdateMember@@QAE@XZ,0x0027AE50,181,Code/GameEngine/Source/GameLogic/AI/DeployStyleAIUpdateCtorThunk.cpp,reloc-derived;call-sites=1;identity=real
??1GiantBirdMemberA@@QAE@XZ,0x0027AF40,146,Code/GameEngine/Source/Common/GiantBirdAIUpdateDestructorThunk.cpp,reloc-derived;call-sites=1;identity=real
??1Mem0027E9C0@@QAE@XZ,0x0027E9C0,227,Code/GameEngine/Source/Common/BigTwoMemberDtors.cpp,reloc-derived;call-sites=1;identity=real
??1Gen_dtor_0027fcb0@@UAE@XZ,0x0027FAF0,25,Code/gen_small/dtors_003.cpp,reloc-derived;call-sites=1;identity=generated
??1Gen_dtor_002802a0@@UAE@XZ,0x0027FF70,32,Code/gen_small/dtors_003.cpp,reloc-derived;call-sites=1;identity=generated
??1Gen_dtor_00280eb0@@UAE@XZ,0x00280CD0,25,Code/gen_small/dtors_003.cpp,reloc-derived;call-sites=1;identity=generated
?awardInitialCaptureBonus@AutoDepositUpdate@@QAEXPAVPlayer@@@Z,0x00280EE0,361,Code/GameEngine/Source/GameLogic/Player_becomingTeamMember_Thunk.cpp,reloc-derived;call-sites=1;identity=real
??1Gen_dtor_00281580@@UAE@XZ,0x002813E0,25,Code/gen_small/dtors_003.cpp,reloc-derived;call-sites=1;identity=generated
?scanClosestTarget@AutoFindHealingUpdate@@QAEPAVObject@@XZ,0x00281640,286,Code/GameEngine/Source/GameLogic/Object/Update/AutoFindHealingUpdate.cpp,reloc-derived;call-sites=1;identity=real
??1Gen_dtor_00281c50@@UAE@XZ,0x002818B0,32,Code/gen_small/dtors_003.cpp,reloc-derived;call-sites=1;identity=generated
?_M_insert_overflow@?$vector@UGen_t_00282af0_p12pod@@V?$allocator@UGen_t_00282af0_p12pod@@@_STL@@@_STL@@IAEXPAUGen_t_00282af0_p12pod@@ABU3@ABU__false_type@2@I_N@Z,0x00282910,246,Code/gen_small/tgrid_109.cpp,reloc-derived;call-sites=1;identity=generated
??1Gen_dtor_00283430@@UAE@XZ,0x00282E70,25,Code/gen_small/dtors_003.cpp,reloc-derived;call-sites=1;identity=generated
??0BannerCarrierUpdate@@QAE@PAVThing@@PBVModuleData@@@Z,0x00283330,76,Code/GameEngine/Source/GameLogic/AI/BannerCarrierUpdateFriendNewModuleInstanceThunk.cpp,reloc-derived;call-sites=1;identity=real
??1Gen_dtor_00287100@@UAE@XZ,0x00286DC0,32,Code/gen_small/dtors_003.cpp,reloc-derived;call-sites=1;identity=generated
??0BloodthirstyUpdateModuleData@@QAE@XZ,0x00286EC0,119,Code/GameEngine/Source/Common/Thing/BloodthirstyUpdateFriendNewModuleDataThunk.cpp,reloc-derived;call-sites=1;identity=real
??1Gen_dtor_00287350@@UAE@XZ,0x00287380,96,Code/gen_small/dtors_003.cpp,reloc-derived;call-sites=1;identity=generated
?initTimes@BoneFXUpdate@@IAEXXZ,0x00288540,614,Code/GameEngine/Source/GameLogic/Object/Update/BoneFXUpdate.cpp,reloc-derived;call-sites=1;identity=real
?_M_insert_overflow@?$vector@UGen_t_00288ff0_m4pod@@V?$allocator@UGen_t_00288ff0_m4pod@@@_STL@@@_STL@@IAEXPAUGen_t_00288ff0_m4pod@@ABU3@ABU__false_type@2@I_N@Z,0x00288AF0,282,Code/gen_small/fam_019.cpp,reloc-derived;call-sites=1;identity=generated
??0BoneFXUpdate@@QAE@PAVThing@@PBVModuleData@@@Z,0x00288C50,374,Code/GameEngine/Source/Common/Thing/ModuleFactory.cpp,reloc-derived;call-sites=1;identity=real
??1Gen_dtor_00289550@@UAE@XZ,0x00289030,242,Code/gen_small/dtors_003.cpp,reloc-derived;call-sites=1;identity=generated
??1Gen_dtor_00289bb0@@UAE@XZ,0x00289B00,136,Code/gen_small/dtors_003.cpp,reloc-derived;call-sites=1;identity=generated
??1Gen_dtor_0028a450@@UAE@XZ,0x0028A240,25,Code/gen_small/dtors_003.cpp,reloc-derived;call-sites=1;identity=generated
??0CommandButtonHuntUpdate@@QAE@PAVThing@@PBVModuleData@@@Z,0x0028AB20,161,Code/GameEngine/Source/Common/Thing/ModuleFactory.cpp,reloc-derived;call-sites=2;identity=real
??1Gen_dtor_0028ad70@@UAE@XZ,0x0028AC90,116,Code/gen_small/dtors_003.cpp,reloc-derived;call-sites=1;identity=generated
??1Gen_dtor_0028b7e0@@UAE@XZ,0x0028B600,32,Code/gen_small/dtors_003.cpp,reloc-derived;call-sites=1;identity=generated
??1Gen_dtor_0028c3e0@@UAE@XZ,0x0028C230,32,Code/gen_small/dtors_003.cpp,reloc-derived;call-sites=1;identity=generated
??0S4New00117DC0@@QAE@HH@Z,0x0028C2D0,90,Code/GameEngine/Source/Common/S4NewWithTwoArgs.cpp,reloc-derived;call-sites=1;identity=real
??1Gen_dtor_0028c6b0@@UAE@XZ,0x0028C490,25,Code/gen_small/dtors_003.cpp,reloc-derived;call-sites=1;identity=generated
??0DeletionUpdate@@QAE@PAVThing@@PBVModuleData@@@Z,0x0028C520,183,Code/GameEngine/Source/Common/Thing/ModuleFactory.cpp,reloc-derived;call-sites=2;identity=real
??1Gen_dtor_0028c900@@UAE@XZ,0x0028C7B0,25,Code/gen_small/dtors_003.cpp,reloc-derived;call-sites=1;identity=generated
??1Gen_dtor_0028d090@@UAE@XZ,0x0028CFB0,171,Code/gen_small/dtors_003.cpp,reloc-derived;call-sites=1;identity=generated
??1Gen_dtor_0028d6d0@@UAE@XZ,0x0028D3A0,25,Code/gen_small/dtors_003.cpp,reloc-derived;call-sites=1;identity=generated
??0DetachableRiderUpdate@@QAE@PAVThing@@PBVModuleData@@@Z,0x0028D580,140,Code/GameEngine/Source/Common/Thing/DetachableRiderUpdateFriendNewModuleInstanceThunk.cpp,reloc-derived;call-sites=1;identity=real
?_M_insert_overflow@?$vector@UGen_t_0028dc90_p48pod@@V?$allocator@UGen_t_0028dc90_p48pod@@@_STL@@@_STL@@IAEXPAUGen_t_0028dc90_p48pod@@ABU3@ABU__false_type@2@I_N@Z,0x0028DAB0,346,Code/gen_small/tgrid_124.cpp,reloc-derived;call-sites=1;identity=generated
??1Gen_dtor_00291b80@@UAE@XZ,0x00291890,25,Code/gen_small/dtors_003.cpp,reloc-derived;call-sites=1;identity=generated
??1Gen_dtor_00292380@@UAE@XZ,0x002921D0,25,Code/gen_small/dtors_003.cpp,reloc-derived;call-sites=1;identity=generated
??1Gen_dtor_00292810@@UAE@XZ,0x00292550,25,Code/gen_small/dtors_003.cpp,reloc-derived;call-sites=1;identity=generated
??0FireSpreadUpdate@@QAE@PAVThing@@PBVModuleData@@@Z,0x002926C0,134,Code/GameEngine/Source/Common/Thing/ModuleFactory.cpp,reloc-derived;call-sites=2;identity=real
?_M_insert_overflow@?$vector@UGen_t_00294cb0_p8cd@@V?$allocator@UGen_t_00294cb0_p8cd@@@_STL@@@_STL@@IAEXPAUGen_t_00294cb0_p8cd@@ABU3@ABU__false_type@2@I_N@Z,0x002949D0,268,Code/gen_small/tgrid_109.cpp,reloc-derived;call-sites=1;identity=generated
??1Gen_dtor_002950a0@@UAE@XZ,0x00294EA0,25,Code/gen_small/dtors_003.cpp,reloc-derived;call-sites=1;identity=generated
??1Gen_dtor_00295670@@UAE@XZ,0x002954C0,25,Code/gen_small/dtors_003.cpp,reloc-derived;call-sites=1;identity=generated
??1Gen_dtor_00295c40@@UAE@XZ,0x00295AC0,25,Code/gen_small/dtors_003.cpp,reloc-derived;call-sites=1;identity=generated
??0HijackerUpdate@@QAE@PAVThing@@PBVModuleData@@@Z,0x00295B20,95,Code/GameEngine/Source/Common/Thing/ModuleFactory.cpp,reloc-derived;call-sites=2;identity=real
??1Gen_dtor_00296de0@@UAE@XZ,0x00296250,32,Code/gen_small/dtors_003.cpp,reloc-derived;call-sites=1;identity=generated
??1Gen_dtor_002977f0@@UAE@XZ,0x002974D0,32,Code/gen_small/dtors_003.cpp,reloc-derived;call-sites=1;identity=generated
?handle@Gen0003415D@@QAEXH@Z,0x00297820,89,Code/GameEngine/Source/Common/TinyIndexedForwarders.cpp,reloc-derived;call-sites=1;identity=generated
??1Gen_dtor_002982a0@@UAE@XZ,0x00297DE0,25,Code/gen_small/dtors_003.cpp,reloc-derived;call-sites=1;identity=generated
??1Gen_dtor_002984c0@@UAE@XZ,0x00298380,32,Code/gen_small/dtors_003.cpp,reloc-derived;call-sites=1;identity=generated
??1Gen_dtor_00298a70@@UAE@XZ,0x00298870,25,Code/gen_small/dtors_003.cpp,reloc-derived;call-sites=1;identity=generated
??1Gen_dtor_00298fa0@@UAE@XZ,0x00298CE0,32,Code/gen_small/dtors_003.cpp,reloc-derived;call-sites=1;identity=generated
??0PhysicsBehavior@@QAE@PAVThing@@PBVModuleData@@@Z,0x0029A880,202,Code/GameEngine/Source/GameLogic/Object/Update/PhysicsBehaviorFriendNewModuleInstanceThunk.cpp,reloc-derived;call-sites=1;identity=real
??1Gen_dtor_0029ac10@@UAE@XZ,0x0029AA30,172,Code/gen_small/dtors_003.cpp,reloc-derived;call-sites=1;identity=generated
?applyMotiveForce@PhysicsBehavior@@QAEXPBUCoord3D@@@Z,0x0029AC40,990,Code/GameEngine/Source/Common/ApplyRandomForceNuggetCreateThunk.cpp,reloc-derived;call-sites=1;identity=real
?handle@Gen00006F78@@QAE_NPAVGenItem@@PA_N1@Z,0x0029C7B0,405,Code/GameEngine/Source/Common/S3SinkDrainLoops.cpp,reloc-derived;call-sites=1;identity=generated
?removeEntry@ProductionUpdate@@AAEXPAVProductionEntry@@@Z,0x0029D210,159,Code/GameEngine/Source/Common/ProductionUpdateDestructorThunk.cpp,reloc-derived;call-sites=1;identity=real
??1Gen_dtor_0029ff70@@UAE@XZ,0x0029FDF0,25,Code/gen_small/dtors_003.cpp,reloc-derived;call-sites=1;identity=generated
?startProneEffects@ProneUpdate@@AAEXXZ,0x002A0030,73,Code/GameEngine/Source/GameLogic/Object/Update/ProneUpdate_goProne.cpp,reloc-derived;call-sites=1;identity=real
??1Gen_dtor_002a02f0@@UAE@XZ,0x002A0180,25,Code/gen_small/dtors_003.cpp,reloc-derived;call-sites=1;identity=generated
??0RainOfFireUpdate@@QAE@PAVThing@@PBVModuleData@@@Z,0x002A0920,172,Code/GameEngine/Source/Common/RTS/RainOfFireUpdateFriendNewModuleInstanceThunk.cpp,reloc-derived;call-sites=1;identity=real
??1Gen_dtor_002a1170@@UAE@XZ,0x002A0C90,194,Code/gen_small/dtors_003.cpp,reloc-derived;call-sites=1;identity=generated
??0RespawnUpdate@@QAE@PAVThing@@PBVModuleData@@@Z,0x002A1510,168,Code/GameEngine/Source/Common/Thing/RespawnUpdateFriendNewModuleInstanceThunk.cpp,reloc-derived;call-sites=1;identity=real
??1Gen_dtor_002a16c0@@UAE@XZ,0x002A16F0,25,Code/gen_small/dtors_003.cpp,reloc-derived;call-sites=1;identity=generated
??1Gen_dtor_002a37e0@@UAE@XZ,0x002A3540,32,Code/gen_small/dtors_003.cpp,reloc-derived;call-sites=1;identity=generated
??1Gen_dtor_002a43b0@@UAE@XZ,0x002A41D0,32,Code/gen_small/dtors_003.cpp,reloc-derived;call-sites=1;identity=generated
?handle@Gen002A7790@@QAEXPAVFlagPairTarget@@@Z,0x002A7790,426,Code/GameEngine/Source/Common/FlagPairThenDirectCallers.cpp,reloc-derived;call-sites=6;identity=generated
?onExit@SpecialAbilityUpdate@@AAEX_N0@Z,0x002A8540,814,Code/GameEngine/Source/Common/SpecialAbilityUpdateDestructorThunk.cpp,reloc-derived;call-sites=1;identity=real
??1Gen_dtor_002ab080@@UAE@XZ,0x002AAEF0,25,Code/gen_small/dtors_003.cpp,reloc-derived;call-sites=1;identity=generated
??1Gen_dtor_002ab620@@UAE@XZ,0x002AB3B0,25,Code/gen_small/dtors_003.cpp,reloc-derived;call-sites=1;identity=generated
??0StealthDetectorUpdate@@QAE@PAVThing@@PBVModuleData@@@Z,0x002AB4A0,174,Code/GameEngine/Source/Common/Thing/ModuleFactory.cpp,reloc-derived;call-sites=2;identity=real
??1Gen_dtor_002acd50@@UAE@XZ,0x002AC070,25,Code/gen_small/dtors_003.cpp,reloc-derived;call-sites=1;identity=generated
??1Gen_dtor_002ae3a0@@UAE@XZ,0x002AE130,32,Code/gen_small/dtors_003.cpp,reloc-derived;call-sites=1;identity=generated
??0StructureCollapseUpdate@@QAE@PAVThing@@PBVModuleData@@@Z,0x002AE200,174,Code/GameEngine/Source/Common/Thing/ModuleFactory.cpp,reloc-derived;call-sites=1;identity=real
?doPhaseStuff@StructureCollapseUpdate@@IAEXW4StructureCollapsePhaseType@@PBUCoord3D@@@Z,0x002AE3D0,261,Code/GameEngine/Source/GameLogic/Object/Update/StructureCollapseUpdate.cpp,reloc-derived;call-sites=1;identity=real
?getCollapseHeight@StructureCollapseRetailLayout@@QAEMXZ,0x002AE680,110,Code/GameEngine/Source/GameLogic/Object/Update/StructureCollapseUpdate.cpp,reloc-derived;call-sites=1;identity=real
??1Gen_dtor_002af3a0@@UAE@XZ,0x002AEF80,32,Code/gen_small/dtors_003.cpp,reloc-derived;call-sites=1;identity=generated
??0StructureToppleUpdate@@QAE@PAVThing@@PBVModuleData@@@Z,0x002AF1E0,205,Code/GameEngine/Source/Common/Thing/ModuleFactory.cpp,reloc-derived;call-sites=1;identity=real
?_M_insert_overflow@?$vector@UGen_t_002b0940_p8pod@@V?$allocator@UGen_t_002b0940_p8pod@@@_STL@@@_STL@@IAEXPAUGen_t_002b0940_p8pod@@ABU3@ABU__false_type@2@I_N@Z,0x002B0710,302,Code/gen_small/tgrid_133.cpp,reloc-derived;call-sites=1;identity=generated
??1Gen_dtor_002b0c30@@UAE@XZ,0x002B0A70,25,Code/gen_small/dtors_003.cpp,reloc-derived;call-sites=1;identity=generated
??1Gen_dtor_002b1210@@UAE@XZ,0x002B0F60,32,Code/gen_small/dtors_003.cpp,reloc-derived;call-sites=1;identity=generated
?applyTopplingForce@ToppleUpdate@@QAEXPBUCoord3D@@MI@Z,0x002B1BC0,832,Code/GameEngine/Source/GameLogic/Object/Object.cpp,reloc-derived;call-sites=1;identity=real
?handle@Gen002B2080@@QAEXPAVFlagPairTarget@@@Z,0x002B2080,85,Code/GameEngine/Source/Common/FlagPairThenDirectCallers.cpp,reloc-derived;call-sites=5;identity=generated
??1Gen_dtor_002b2410@@UAE@XZ,0x002B2100,39,Code/gen_small/dtors_004.cpp,reloc-derived;call-sites=1;identity=generated
??1Gen_dtor_002b2c70@@UAE@XZ,0x002B2AB0,39,Code/gen_small/dtors_004.cpp,reloc-derived;call-sites=1;identity=generated
??1Gen_dtor_002b3130@@UAE@XZ,0x002B2F60,49,Code/gen_small/dtors_004.cpp,reloc-derived;call-sites=1;identity=generated
?call_0002105d@AssaultTransportAIUpdateBase@@IAEXXZ,0x002B4320,124,Code/GameEngine/Source/GameLogic/AI/AssaultTransportAIUpdateCtorThunk.cpp,reloc-derived;call-sites=1;identity=real
??1Gen_dtor_002b4770@@UAE@XZ,0x002B43C0,49,Code/gen_small/dtors_004.cpp,reloc-derived;call-sites=1;identity=generated
??1Gen_dtor_002b55d0@@UAE@XZ,0x002B53E0,113,Code/gen_small/dtors_004.cpp,reloc-derived;call-sites=1;identity=generated
??1Gen_dtor_002b6ae0@@UAE@XZ,0x002B6420,11,Code/gen_small/dtors_004.cpp,reloc-derived;call-sites=1;identity=generated
??1Gen_dtor_002bc920@@UAE@XZ,0x002BBAC0,11,Code/gen_small/dtors_004.cpp,reloc-derived;call-sites=1;identity=generated
??1Gen_dtor_002bc950@@UAE@XZ,0x002BBCF0,11,Code/gen_small/dtors_004.cpp,reloc-derived;call-sites=1;identity=generated
??1Gen_dtor_002c0330@@UAE@XZ,0x002C0360,11,Code/gen_small/dtors_004.cpp,reloc-derived;call-sites=1;identity=generated
??1GiantBirdNestedTail@@QAE@XZ,0x002C2280,219,Code/GameEngine/Source/Common/GiantBirdAIUpdateDestructorThunk.cpp,reloc-derived;call-sites=2;identity=real
??1Gen_dtor_002c4450@@UAE@XZ,0x002C4190,49,Code/gen_small/dtors_004.cpp,reloc-derived;call-sites=1;identity=generated
??1Gen_dtor_002c4b30@@UAE@XZ,0x002C4980,49,Code/gen_small/dtors_004.cpp,reloc-derived;call-sites=1;identity=generated
??0S4New0011A720@@QAE@HH@Z,0x002C4A70,153,Code/GameEngine/Source/Common/S4NewWithTwoArgs.cpp,reloc-derived;call-sites=1;identity=real
??1Gen_dtor_002c54a0@@UAE@XZ,0x002C5390,39,Code/gen_small/dtors_004.cpp,reloc-derived;call-sites=1;identity=generated
??1Gen_dtor_002c60d0@@UAE@XZ,0x002C59E0,11,Code/gen_small/dtors_004.cpp,reloc-derived;call-sites=1;identity=generated
??1Gen_dtor_002c7160@@UAE@XZ,0x002C7080,39,Code/gen_small/dtors_004.cpp,reloc-derived;call-sites=1;identity=generated
??1Gen_dtor_002c7690@@UAE@XZ,0x002C7580,39,Code/gen_small/dtors_004.cpp,reloc-derived;call-sites=1;identity=generated
??1Gen_dtor_002c8760@@UAE@XZ,0x002C8120,11,Code/gen_small/dtors_004.cpp,reloc-derived;call-sites=1;identity=generated
?loadPostProcess@DockUpdate@@MAEXXZ,0x002CB240,23,Code/GameEngine/Source/GameLogic/Object/Update/DockUpdate/SupplyWarehouseDockUpdate.cpp,reloc-derived;call-sites=1;identity=real
?computeApproachPosition@DockUpdate@@IAE?AUCoord3D@@HPAVObject@@@Z,0x002CB740,453,Code/GameEngine/Source/GameLogic/Object/Update/DockUpdate/DockUpdate.cpp,reloc-derived;call-sites=3;identity=real
?_M_insert_aux@?$vector@_NV?$allocator@_N@_STL@@@_STL@@IAEXU?$_Bit_iter@U_Bit_reference@_STL@@PAU12@@2@_N@Z,0x002CBF30,566,Code/GameEngine/Source/GameLogic/Object/Update/DockUpdate/DockUpdate.cpp,reloc-derived;call-sites=2;identity=real
?_M_fill_insert@?$vector@_NV?$allocator@_N@_STL@@@_STL@@QAEXU?$_Bit_iter@U_Bit_reference@_STL@@PAU12@@2@I_N@Z,0x002CC290,653,Code/GameEngine/Source/GameLogic/Object/Update/DockUpdate/DockUpdate.cpp,reloc-derived;call-sites=2;identity=real
??1Gen_dtor_002cd180@@UAE@XZ,0x002CCD10,281,Code/gen_small/dtors_004.cpp,reloc-derived;call-sites=1;identity=generated
?handle@Gen002CD700@@QAEXPAVFlagPairTarget@@@Z,0x002CD700,609,Code/GameEngine/Source/Common/FlagPairThenDirectCallers.cpp,reloc-derived;call-sites=1;identity=generated
??1Gen_dtor_002cdbc0@@UAE@XZ,0x002CDAE0,32,Code/gen_small/dtors_004.cpp,reloc-derived;call-sites=1;identity=generated
??1Gen_dtor_002ce580@@UAE@XZ,0x002CE2D0,42,Code/gen_small/dtors_004.cpp,reloc-derived;call-sites=1;identity=generated
?unloadNext@RailedTransportDockUpdate@@IAEXXZ,0x002CE600,277,Code/GameEngine/Source/GameLogic/Object/Update/DockUpdate/RailedTransportDockUpdate.cpp,reloc-derived;call-sites=1;identity=real
??1Gen_dtor_002ceea0@@UAE@XZ,0x002CEDC0,32,Code/gen_small/dtors_004.cpp,reloc-derived;call-sites=1;identity=generated
??1Gen_dtor_002cf290@@UAE@XZ,0x002CF170,32,Code/gen_small/dtors_004.cpp,reloc-derived;call-sites=1;identity=generated
??1Gen_dtor_002cf860@@UAE@XZ,0x002CF6B0,32,Code/gen_small/dtors_004.cpp,reloc-derived;call-sites=1;identity=generated
??1Gen_dtor_002cfee0@@UAE@XZ,0x002CFC30,32,Code/gen_small/dtors_004.cpp,reloc-derived;call-sites=1;identity=generated
??0DefaultProductionExitUpdate@@QAE@PAVThing@@PBVModuleData@@@Z,0x002CFD40,160,Code/GameEngine/Source/Common/Thing/ModuleFactory.cpp,reloc-derived;call-sites=2;identity=real
??1Gen_dtor_002d0780@@UAE@XZ,0x002D0480,32,Code/gen_small/dtors_004.cpp,reloc-derived;call-sites=1;identity=generated
??0SpawnPointProductionExitUpdate@@QAE@PAVThing@@PBVModuleData@@@Z,0x002D1480,422,Code/GameEngine/Source/Common/Thing/ModuleFactory.cpp,reloc-derived;call-sites=2;identity=real
??1Gen_dtor_002d18c0@@UAE@XZ,0x002D17A0,133,Code/gen_small/dtors_004.cpp,reloc-derived;call-sites=1;identity=generated
?initializeBonePositions@SpawnPointProductionExitUpdate@@AAEXXZ,0x002D18F0,1457,Code/GameEngine/Source/GameLogic/Object/Update/ProductionExitUpdate/SpawnPointProductionExitUpdate.cpp,reloc-derived;call-sites=2;identity=real
??1Gen_dtor_002d2490@@UAE@XZ,0x002D2210,32,Code/gen_small/dtors_004.cpp,reloc-derived;call-sites=1;identity=generated
??0SupplyCenterProductionExitUpdate@@QAE@PAVThing@@PBVModuleData@@@Z,0x002D22F0,160,Code/GameEngine/Source/Common/Thing/ModuleFactory.cpp,reloc-derived;call-sites=2;identity=real
??1Gen_dtor_002d2bb0@@UAE@XZ,0x002D2A60,32,Code/gen_small/dtors_004.cpp,reloc-derived;call-sites=1;identity=generated
??1Gen_dtor_002d2fa0@@UAE@XZ,0x002D2E30,32,Code/gen_small/dtors_004.cpp,reloc-derived;call-sites=1;identity=generated
??1Gen_dtor_002d33b0@@UAE@XZ,0x002D3080,141,Code/gen_small/dtors_004.cpp,reloc-derived;call-sites=1;identity=generated
??0AudioLoopUpgrade@@QAE@PAVThing@@PBVModuleData@@@Z,0x002D32B0,193,Code/GameEngine/Source/Common/Thing/AudioLoopUpgradeFriendNewModuleInstanceThunk.cpp,reloc-derived;call-sites=1;identity=real
??0W3DOverlordTankDrawModuleData@@QAE@XZ,0x002D3640,90,Code/GameEngineDevice/Source/W3DDevice/Common/Thing/W3DModuleFactory.cpp,reloc-derived;call-sites=1;identity=real
??1Gen_dtor_002d3740@@UAE@XZ,0x002D36B0,113,Code/gen_small/dtors_004.cpp,reloc-derived;call-sites=1;identity=generated
??1Gen_dtor_002d3900@@UAE@XZ,0x002D3770,32,Code/gen_small/dtors_004.cpp,reloc-derived;call-sites=1;identity=generated
??1Gen_dtor_002d3f20@@UAE@XZ,0x002D3DA0,32,Code/gen_small/dtors_004.cpp,reloc-derived;call-sites=1;identity=generated
??1Gen_dtor_002d42a0@@UAE@XZ,0x002D40E0,32,Code/gen_small/dtors_004.cpp,reloc-derived;call-sites=1;identity=generated
??1Gen_dtor_002d46a0@@UAE@XZ,0x002D44E0,39,Code/gen_small/dtors_004.cpp,reloc-derived;call-sites=1;identity=generated
??0GenerateMinefieldBehaviorModuleData@@QAE@XZ,0x002D4B30,123,Code/GameEngine/Source/Common/Thing/ModuleFactory.cpp,reloc-derived;call-sites=1;identity=real
??1Gen_dtor_002d4bd0@@UAE@XZ,0x002D4C00,150,Code/gen_small/dtors_004.cpp,reloc-derived;call-sites=1;identity=generated
??1Gen_dtor_002d4e20@@UAE@XZ,0x002D4CC0,32,Code/gen_small/dtors_004.cpp,reloc-derived;call-sites=1;identity=generated
??1Gen_dtor_002d50d0@@UAE@XZ,0x002D4F50,32,Code/gen_small/dtors_004.cpp,reloc-derived;call-sites=1;identity=generated
??1Gen_dtor_002d5380@@UAE@XZ,0x002D5240,32,Code/gen_small/dtors_004.cpp,reloc-derived;call-sites=1;identity=generated
??1Gen_dtor_002d6020@@UAE@XZ,0x002D5E90,32,Code/gen_small/dtors_004.cpp,reloc-derived;call-sites=1;identity=generated
??1Gen_dtor_002d6260@@UAE@XZ,0x002D6110,32,Code/gen_small/dtors_004.cpp,reloc-derived;call-sites=1;identity=generated
??1Gen_dtor_002d64a0@@UAE@XZ,0x002D6320,32,Code/gen_small/dtors_004.cpp,reloc-derived;call-sites=1;identity=generated
??1Gen_dtor_002d67d0@@UAE@XZ,0x002D6650,32,Code/gen_small/dtors_004.cpp,reloc-derived;call-sites=1;identity=generated
??1Gen_dtor_002d6e30@@UAE@XZ,0x002D6B80,56,Code/gen_small/dtors_004.cpp,reloc-derived;call-sites=1;identity=generated
??1Gen_dtor_002d7860@@UAE@XZ,0x002D76F0,32,Code/gen_small/dtors_004.cpp,reloc-derived;call-sites=1;identity=generated
??1Gen_dtor_002d7ba0@@UAE@XZ,0x002D7A20,32,Code/gen_small/dtors_004.cpp,reloc-derived;call-sites=1;identity=generated
??1Gen_dtor_002d7ed0@@UAE@XZ,0x002D7D50,32,Code/gen_small/dtors_004.cpp,reloc-derived;call-sites=1;identity=generated
??1Gen_dtor_002d8100@@UAE@XZ,0x002D7FC0,32,Code/gen_small/dtors_004.cpp,reloc-derived;call-sites=1;identity=generated
??1Gen_dtor_002d84b0@@UAE@XZ,0x002D81F0,32,Code/gen_small/dtors_004.cpp,reloc-derived;call-sites=1;identity=generated
??$_M_range_initialize@PBD@?$basic_string@DV?$char_traits@D@_STL@@V?$allocator@D@2@@_STL@@AAEXPBD0ABUforward_iterator_tag@1@@Z,0x002D8760,97,Code/GameEngine/Source/GameNetwork/GameSpy/Thread/PingThread.cpp,reloc-derived;call-sites=2;identity=real
??1Gen_dtor_002d94e0@@UAE@XZ,0x002D9340,32,Code/gen_small/dtors_004.cpp,reloc-derived;call-sites=1;identity=generated
??1Gen_dtor_002d9860@@UAE@XZ,0x002D96E0,32,Code/gen_small/dtors_004.cpp,reloc-derived;call-sites=1;identity=generated
?handle@Gen002D9BD0@@QAEXPAVFlagPairTarget@@@Z,0x002D9BD0,81,Code/GameEngine/Source/Common/FlagPairThenDirectCallers.cpp,reloc-derived;call-sites=19;identity=generated
?handle@Q1Callee0002E320@@QAEXH@Z,0x002D9C40,151,Code/GameEngine/Source/Common/Q1SubobjectForwarders.cpp,reloc-derived;call-sites=5;identity=real
??1Gen_dtor_002da420@@UAE@XZ,0x002DA2D0,32,Code/gen_small/dtors_004.cpp,reloc-derived;call-sites=1;identity=generated
??1Gen_dtor_002da5e0@@UAE@XZ,0x002DA4A0,32,Code/gen_small/dtors_004.cpp,reloc-derived;call-sites=1;identity=generated
??0Made001E5A20@@QAE@XZ,0x002DAC10,40,Code/GameEngine/Source/Common/Q4MakeNotifyLink.cpp,reloc-derived;call-sites=1;identity=real
?_M_insert_overflow@?$vector@UGen_t_002dc5f0_p8pod@@V?$allocator@UGen_t_002dc5f0_p8pod@@@_STL@@@_STL@@IAEXPAUGen_t_002dc5f0_p8pod@@ABU3@ABU__false_type@2@I_N@Z,0x002DC3D0,264,Code/gen_small/tgrid_133.cpp,reloc-derived;call-sites=1;identity=generated
?q4Notify001E6240@@YAXPAXPAVMade001E6240@@HH@Z,0x002DCF10,76,Code/GameEngine/Source/Common/Q4MakeNotifyLink.cpp,reloc-derived;call-sites=1;identity=real
??0Made001E6240@@QAE@XZ,0x002DD190,35,Code/GameEngine/Source/Common/Q4MakeNotifyLink.cpp,reloc-derived;call-sites=1;identity=real
??0Made001E5F00@@QAE@XZ,0x002DDBE0,58,Code/GameEngine/Source/Common/Q4MakeNotifyLink.cpp,reloc-derived;call-sites=1;identity=real
??0Made001E5BC0@@QAE@XZ,0x002DE130,36,Code/GameEngine/Source/Common/Q4MakeNotifyLink.cpp,reloc-derived;call-sites=1;identity=real
??0Made001E5E30@@QAE@XZ,0x002DE700,32,Code/GameEngine/Source/Common/Q4MakeNotifyLink.cpp,reloc-derived;call-sites=1;identity=real
??0Made001E6170@@QAE@XZ,0x002DE930,86,Code/GameEngine/Source/Common/Q4MakeNotifyLink.cpp,reloc-derived;call-sites=1;identity=real
??1Gen_dtor_002deb50@@UAE@XZ,0x002DEB80,89,Code/gen_small/dtors_004.cpp,reloc-derived;call-sites=1;identity=generated
??0Made001E5AF0@@QAE@XZ,0x002DED90,97,Code/GameEngine/Source/Common/Q4MakeNotifyLink.cpp,reloc-derived;call-sites=1;identity=real
??0GenBase002DF2B0@@QAE@XZ,0x002DF2B0,138,Code/GameEngine/Source/Common/MidVptrOnlyDerivedCtors.cpp,reloc-derived;call-sites=1;identity=real
?q4Notify001E5D60@@YAXPAXPAVMade001E5D60@@HH@Z,0x002DF520,96,Code/GameEngine/Source/Common/Q4MakeNotifyLink.cpp,reloc-derived;call-sites=1;identity=real
??0Made001E5D60@@QAE@XZ,0x002DF670,26,Code/GameEngine/Source/Common/Q4MakeNotifyLink.cpp,reloc-derived;call-sites=1;identity=real
?Gen002DFFD0@@YAXPAX0000@Z,0x002DFFD0,80,Code/GameEngine/Source/Common/Q2TrailingZeroForwarders.cpp,reloc-derived;call-sites=1;identity=generated
??$_M_allocate_and_copy@PBUGen_t_002e13b0_p12cd@@@?$vector@UGen_t_002e13b0_p12cd@@V?$allocator@UGen_t_002e13b0_p12cd@@@_STL@@@_STL@@IAEPAUGen_t_002e13b0_p12cd@@IPBU2@0@Z,0x002E0A10,97,Code/gen_small/tgrid_109.cpp,reloc-derived;call-sites=1;identity=generated
?gen002E0CD0@@YAXPAX00HH@Z,0x002E0CD0,118,Code/GameEngine/Source/Common/ConstantZeroForwarders.cpp,reloc-derived;call-sites=1;identity=generated
?gen002E0D70@@YAXPAX0H0@Z,0x002E0D70,66,Code/GameEngine/Source/Common/ConstantZeroForwarders.cpp,reloc-derived;call-sites=1;identity=generated
??$__insertion_sort@PAUS4SortElem12@@US4Cmp002E1690@@@_STL@@YAXPAUS4SortElem12@@0US4Cmp002E1690@@@Z,0x002E1170,81,Code/GameEngine/Source/Common/S4StlSortHelpers.cpp,reloc-derived;call-sites=2;identity=real
??1Mem002E1260@@QAE@XZ,0x002E1260,166,Code/GameEngine/Source/Common/BigPairMemberDtors.cpp,reloc-derived;call-sites=1;identity=real
??$_M_allocate_and_copy@PAUGen_t_002e1a90_p12cd@@@?$vector@UGen_t_002e1a90_p12cd@@V?$allocator@UGen_t_002e1a90_p12cd@@@_STL@@@_STL@@IAEPAUGen_t_002e1a90_p12cd@@IPAU2@0@Z,0x002E1610,97,Code/gen_small/tgrid_110.cpp,reloc-derived;call-sites=1;identity=generated
?gen002E1710@@YAXPAX00H0@Z,0x002E1710,129,Code/GameEngine/Source/Common/ConstantZeroForwarders.cpp,reloc-derived;call-sites=1;identity=generated
?_M_insert_overflow@?$vector@UGen_t_002e19c0_p12cd@@V?$allocator@UGen_t_002e19c0_p12cd@@@_STL@@@_STL@@IAEXPAUGen_t_002e19c0_p12cd@@ABU3@ABU__false_type@2@I_N@Z,0x002E1820,281,Code/gen_small/tgrid_109.cpp,reloc-derived;call-sites=1;identity=generated
?_M_insert_overflow@?$vector@UGen_t_002e20c0_p12cd@@V?$allocator@UGen_t_002e20c0_p12cd@@@_STL@@@_STL@@IAEXPAUGen_t_002e20c0_p12cd@@ABU3@ABU__false_type@2@I_N@Z,0x002E1DA0,281,Code/gen_small/tgrid_110.cpp,reloc-derived;call-sites=1;identity=generated
?_M_insert_overflow@?$vector@UGen_t_002e8eb0_m4pod@@V?$allocator@UGen_t_002e8eb0_m4pod@@@_STL@@@_STL@@IAEXPAUGen_t_002e8eb0_m4pod@@ABU3@ABU__false_type@2@I_N@Z,0x002E7940,282,Code/gen_small/fam_019.cpp,reloc-derived;call-sites=1;identity=generated
?_M_insert_overflow@?$vector@VWeaponTemplateSet@@V?$allocator@VWeaponTemplateSet@@@_STL@@@_STL@@IAEXPAVWeaponTemplateSet@@ABV3@ABU__false_type@2@I_N@Z,0x002E7AA0,340,Code/GameEngine/Source/Common/Thing/ThingTemplate.cpp,reloc-derived;call-sites=1;identity=real
?Gen002E7EE0@@YAXPAX0000@Z,0x002E7EE0,213,Code/GameEngine/Source/Common/Q2TrailingZeroForwarders.cpp,reloc-derived;call-sites=1;identity=generated
??0?$pair@$$CBUGen_t_002ea020_k4@@UGen_t_002ea020_p12cd@@@_STL@@QAE@ABU01@@Z,0x002E8FC0,87,Code/gen_small/tgrid_110.cpp,reloc-derived;call-sites=1;identity=generated
??$__copy_backward@PAUGen_t_002ea710_p128pod@@PAU1@H@_STL@@YAPAUGen_t_002ea710_p128pod@@PAU1@00ABUrandom_access_iterator_tag@0@PAH@Z,0x002EA100,87,Code/gen_small/tgrid_133.cpp,reloc-derived;call-sites=1;identity=generated
?gen002EACD0@@YAXPAX00HH@Z,0x002EACD0,184,Code/GameEngine/Source/Common/ConstantZeroForwarders.cpp,reloc-derived;call-sites=1;identity=generated
?gen002EADF0@@YAXPAX0H0@Z,0x002EADF0,47,Code/GameEngine/Source/Common/ConstantZeroForwarders.cpp,reloc-derived;call-sites=1;identity=generated
?handle@Gen002EB190@@QAEXPAX0@Z,0x002EB190,76,Code/GameEngine/Source/Common/FieldForwarders.cpp,reloc-derived;call-sites=1;identity=generated
??$__insertion_sort@PAUS4SortElem20@@US4Cmp002EB8E0@@@_STL@@YAXPAUS4SortElem20@@0US4Cmp002EB8E0@@@Z,0x002EB270,144,Code/GameEngine/Source/Common/S4StlSortHelpers.cpp,reloc-derived;call-sites=2;identity=real
?gen002EB330@@YAXPAX00H0@Z,0x002EB330,290,Code/GameEngine/Source/Common/ConstantZeroForwarders.cpp,reloc-derived;call-sites=1;identity=generated
??1Gen_dtor_002eb990@@UAE@XZ,0x002EB5C0,331,Code/gen_small/dtors_004.cpp,reloc-derived;call-sites=1;identity=generated
??1Gen_dtor_002ed440@@UAE@XZ,0x002ED430,11,Code/gen_small/dtors_004.cpp,reloc-derived;call-sites=1;identity=generated
?BfmeShouldShowGameOverEvent@@YA_NXZ,0x002ED8F0,70,Code/GameEngine/Source/GameLogic/ScriptEngine/ScriptActions_doDefeat_Thunk.cpp,reloc-derived;call-sites=1;identity=real
?doDisableInput@ScriptActions@@IAEXXZ,0x002EF010,99,Code/GameEngine/Source/GameLogic/ScriptEngine/ScriptActions_doDefeat_Thunk.cpp,reloc-derived;call-sites=1;identity=real
??1Gen_dtor_002f7b30@@UAE@XZ,0x002F1B80,108,Code/gen_small/dtors_004.cpp,reloc-derived;call-sites=1;identity=generated
?_M_insert_overflow@?$vector@UGen_t_003001d0_p8cd@@V?$allocator@UGen_t_003001d0_p8cd@@@_STL@@@_STL@@IAEXPAUGen_t_003001d0_p8cd@@ABU3@ABU__false_type@2@I_N@Z,0x002FED10,306,Code/gen_small/tgrid_110.cpp,reloc-derived;call-sites=1;identity=generated
??1Gen_dtor_00321ff0@@UAE@XZ,0x00321FE0,11,Code/gen_small/dtors_004.cpp,reloc-derived;call-sites=1;identity=generated
?evaluateTeamInsideAreaPartially@ScriptConditions@@IAE_NPAVParameter@@00@Z,0x00324670,239,Code/GameEngine/Source/GameLogic/ScriptEngine/ScriptConditions.cpp,reloc-derived;call-sites=1;identity=real
?evaluateNamedInsideArea@ScriptConditions@@IAE_NPAVParameter@@0@Z,0x003247A0,248,Code/GameEngine/Source/GameLogic/ScriptEngine/ScriptConditions.cpp,reloc-derived;call-sites=1;identity=real
?evaluateTeamInsideAreaEntirely@ScriptConditions@@IAE_NPAVParameter@@00@Z,0x00324AC0,213,Code/GameEngine/Source/GameLogic/ScriptEngine/ScriptConditions.cpp,reloc-derived;call-sites=1;identity=real
??1Gen_dtor_003390a0@@UAE@XZ,0x003367E0,80,Code/gen_small/dtors_004.cpp,reloc-derived;call-sites=1;identity=generated
?setObjectsShouldReceiveDifficultyBonus@ScriptEngine@@QAEX_N@Z,0x00337070,13,Code/GameEngine/Source/GameLogic/System/GameLogic_prepareNewGame_Thunk.cpp,reloc-derived;call-sites=1;identity=real
??1Gen_dtor_00339fa0@@UAE@XZ,0x00339E20,86,Code/gen_small/dtors_004.cpp,reloc-derived;call-sites=1;identity=generated
??0?$pair@$$CBUGen_t_0033b980_k4@@UGen_t_0033b980_p12cd@@@_STL@@QAE@ABU01@@Z,0x0033A640,104,Code/gen_small/tgrid_110.cpp,reloc-derived;call-sites=1;identity=generated
??$__copy@PAUHideShowSubObjInfo@ModelConditionInfo@@PAU12@H@_STL@@YAPAUHideShowSubObjInfo@ModelConditionInfo@@PAU12@00ABUrandom_access_iterator_tag@0@PAH@Z,0x0033A990,67,Code/GameEngineDevice/Source/W3DDevice/GameClient/Drawable/Draw/W3DModelDraw.cpp,reloc-derived;call-sites=2;identity=real
?gen0033BCA0@@YAXPAX0@Z,0x0033BCA0,91,Code/GameEngine/Source/Common/AllocateThenInitialise.cpp,reloc-derived;call-sites=1;identity=generated
?gen0033BD70@@YAXPAX0@Z,0x0033BD70,85,Code/GameEngine/Source/Common/AllocateThenInitialise.cpp,reloc-derived;call-sites=1;identity=generated
??1Gen_dtor_0033c260@@UAE@XZ,0x0033C070,11,Code/gen_small/dtors_004.cpp,reloc-derived;call-sites=1;identity=generated
?AppendDebugMessage@ScriptEngine@@QAEXABVAsciiString@@_N@Z,0x0033C8E0,197,Code/GameEngine/Source/Common/ScriptActions_doTeamIncreasePriorityThunk.cpp,reloc-derived;call-sites=3;identity=real
?addActionTemplate@BfmeScriptEngineTemplates@@QAEXPAVTemplate@@@Z,0x0033D680,208,Code/GameEngine/Source/GameLogic/ScriptEngine/INIScriptTemplates.cpp,reloc-derived;call-sites=1;identity=real
?equal_range@?$hashtable@U?$pair@$$CBHH@_STL@@HU?$hash@H@2@U?$_Select1st@U?$pair@$$CBHH@_STL@@@2@U?$equal_to@H@2@V?$allocator@U?$pair@$$CBHH@_STL@@@2@@_STL@@QBE?AU?$pair@U?$_Ht_iterator@U?$pair@$$CBHH@_STL@@U?$_Const_traits@U?$pair@$$CBHH@_STL@@@2@HU?$hash@H@2@U?$_Select1st@U?$pair@$$CBHH@_STL@@@2@U?$equal_to@H@2@V?$allocator@U?$pair@$$CBHH@_STL@@@2@@_STL@@U12@@2@ABH@Z,0x0033FA50,310,Code/gen_small/fam_014.cpp,reloc-derived;call-sites=1;identity=real
??$__median@HUQ4Sort0034BFC0@@@_STL@@YAABHABH00UQ4Sort0034BFC0@@@Z,0x00340710,130,Code/GameEngine/Source/Common/Q4IntrosortLoop.cpp,reloc-derived;call-sites=1;identity=real
??$__unguarded_partition@PAHHUQ4Sort0034BFC0@@@_STL@@YAPAHPAH0HUQ4Sort0034BFC0@@@Z,0x003407C0,121,Code/GameEngine/Source/Common/Q4IntrosortLoop.cpp,reloc-derived;call-sites=1;identity=real
?equal_range@?$hashtable@U?$pair@$$CBHUGen_t_00343e20_m12pod@@@_STL@@HU?$hash@H@2@U?$_Select1st@U?$pair@$$CBHUGen_t_00343e20_m12pod@@@_STL@@@2@U?$equal_to@H@2@V?$allocator@U?$pair@$$CBHUGen_t_00343e20_m12pod@@@_STL@@@2@@_STL@@QAE?AU?$pair@U?$_Ht_iterator@U?$pair@$$CBHUGen_t_00343e20_m12pod@@@_STL@@U?$_Nonconst_traits@U?$pair@$$CBHUGen_t_00343e20_m12pod@@@_STL@@@2@HU?$hash@H@2@U?$_Select1st@U?$pair@$$CBHUGen_t_00343e20_m12pod@@@_STL@@@2@U?$equal_to@H@2@V?$allocator@U?$pair@$$CBHUGen_t_00343e20_m12pod@@@_STL@@@2@@_STL@@U12@@2@ABH@Z,0x003419F0,505,Code/gen_small/fam_011.cpp,reloc-derived;call-sites=1;identity=generated
?equal_range@?$hashtable@U?$pair@$$CBHUGen_t_00343eb0_m12pod@@@_STL@@HU?$hash@H@2@U?$_Select1st@U?$pair@$$CBHUGen_t_00343eb0_m12pod@@@_STL@@@2@U?$equal_to@H@2@V?$allocator@U?$pair@$$CBHUGen_t_00343eb0_m12pod@@@_STL@@@2@@_STL@@QAE?AU?$pair@U?$_Ht_iterator@U?$pair@$$CBHUGen_t_00343eb0_m12pod@@@_STL@@U?$_Nonconst_traits@U?$pair@$$CBHUGen_t_00343eb0_m12pod@@@_STL@@@2@HU?$hash@H@2@U?$_Select1st@U?$pair@$$CBHUGen_t_00343eb0_m12pod@@@_STL@@@2@U?$equal_to@H@2@V?$allocator@U?$pair@$$CBHUGen_t_00343eb0_m12pod@@@_STL@@@2@@_STL@@U12@@2@ABH@Z,0x00341C70,505,Code/gen_small/fam_011.cpp,reloc-derived;call-sites=1;identity=generated
?equal_range@?$hashtable@U?$pair@$$CBHUGen_t_00343f40_m12pod@@@_STL@@HU?$hash@H@2@U?$_Select1st@U?$pair@$$CBHUGen_t_00343f40_m12pod@@@_STL@@@2@U?$equal_to@H@2@V?$allocator@U?$pair@$$CBHUGen_t_00343f40_m12pod@@@_STL@@@2@@_STL@@QAE?AU?$pair@U?$_Ht_iterator@U?$pair@$$CBHUGen_t_00343f40_m12pod@@@_STL@@U?$_Nonconst_traits@U?$pair@$$CBHUGen_t_00343f40_m12pod@@@_STL@@@2@HU?$hash@H@2@U?$_Select1st@U?$pair@$$CBHUGen_t_00343f40_m12pod@@@_STL@@@2@U?$equal_to@H@2@V?$allocator@U?$pair@$$CBHUGen_t_00343f40_m12pod@@@_STL@@@2@@_STL@@U12@@2@ABH@Z,0x00341EF0,505,Code/gen_small/fam_011.cpp,reloc-derived;call-sites=1;identity=generated
?equal_range@?$hashtable@U?$pair@$$CBHUGen_t_00343fd0_m12pod@@@_STL@@HU?$hash@H@2@U?$_Select1st@U?$pair@$$CBHUGen_t_00343fd0_m12pod@@@_STL@@@2@U?$equal_to@H@2@V?$allocator@U?$pair@$$CBHUGen_t_00343fd0_m12pod@@@_STL@@@2@@_STL@@QAE?AU?$pair@U?$_Ht_iterator@U?$pair@$$CBHUGen_t_00343fd0_m12pod@@@_STL@@U?$_Nonconst_traits@U?$pair@$$CBHUGen_t_00343fd0_m12pod@@@_STL@@@2@HU?$hash@H@2@U?$_Select1st@U?$pair@$$CBHUGen_t_00343fd0_m12pod@@@_STL@@@2@U?$equal_to@H@2@V?$allocator@U?$pair@$$CBHUGen_t_00343fd0_m12pod@@@_STL@@@2@@_STL@@U12@@2@ABH@Z,0x00342170,505,Code/gen_small/fam_011.cpp,reloc-derived;call-sites=1;identity=generated
?equal_range@?$hashtable@U?$pair@$$CBHUGen_t_00344010_m12pod@@@_STL@@HU?$hash@H@2@U?$_Select1st@U?$pair@$$CBHUGen_t_00344010_m12pod@@@_STL@@@2@U?$equal_to@H@2@V?$allocator@U?$pair@$$CBHUGen_t_00344010_m12pod@@@_STL@@@2@@_STL@@QAE?AU?$pair@U?$_Ht_iterator@U?$pair@$$CBHUGen_t_00344010_m12pod@@@_STL@@U?$_Nonconst_traits@U?$pair@$$CBHUGen_t_00344010_m12pod@@@_STL@@@2@HU?$hash@H@2@U?$_Select1st@U?$pair@$$CBHUGen_t_00344010_m12pod@@@_STL@@@2@U?$equal_to@H@2@V?$allocator@U?$pair@$$CBHUGen_t_00344010_m12pod@@@_STL@@@2@@_STL@@U12@@2@ABH@Z,0x003423F0,310,Code/gen_small/fam_011.cpp,reloc-derived;call-sites=1;identity=generated
?Gen00342D60@@YAXPAPAHHHPAHUQ3HeapCompare@@@Z,0x00342D60,113,Code/GameEngine/Source/Common/Q3HeapAlgorithmFamily.cpp,reloc-derived;call-sites=5;identity=generated
?gen003442B0@@YAPAXXZ,0x003442B0,65,Code/GameEngine/Source/Common/CachedPointerFills.cpp,reloc-derived;call-sites=2;identity=generated
?Gen00344970@@YAXPAUQ3SortElem4@@0UQ3SortCompare@@@Z,0x00344970,109,Code/GameEngine/Source/Common/Q3IntrosortFamilies.cpp,reloc-derived;call-sites=2;identity=generated
?_M_insert_overflow@?$vector@UGen_t_00349190_p8cd@@V?$allocator@UGen_t_00349190_p8cd@@@_STL@@@_STL@@IAEXPAUGen_t_00349190_p8cd@@ABU3@ABU__false_type@2@I_N@Z,0x00347900,268,Code/gen_small/tgrid_111.cpp,reloc-derived;call-sites=1;identity=generated
?_M_insert_overflow@?$vector@UGen_t_003491e0_p16cd@@V?$allocator@UGen_t_003491e0_p16cd@@@_STL@@@_STL@@IAEXPAUGen_t_003491e0_p16cd@@ABU3@ABU__false_type@2@I_N@Z,0x00347A50,267,Code/gen_small/tgrid_111.cpp,reloc-derived;call-sites=1;identity=generated
?clearFlag@ScriptEngine@@QAEXABVAsciiString@@@Z,0x00348DA0,166,Code/GameEngine/Source/GameLogic/ScriptEngine/ScriptEngineClearTeamFlags.cpp,reloc-derived;call-sites=8;identity=real
??1Gen_dtor_0034b970@@UAE@XZ,0x003492A0,928,Code/gen_small/dtors_004.cpp,reloc-derived;call-sites=1;identity=generated
?getPlayerMaskFromAsciiString@BfmeScriptEngine_getPlayerMaskFromAsciiString@@QAEGABVAsciiString@@PA_N@Z,0x0034CB60,635,Code/GameEngine/Source/Common/ScriptActions_doGiveMoney_Thunk.cpp,reloc-derived;call-sites=5;identity=real
?doNamedMapReveal@ScriptEngine@@QAEXABVAsciiString@@@Z,0x0034D200,226,Code/GameEngine/Source/GameLogic/ScriptEngine/ScriptActions.cpp,reloc-derived;call-sites=1;identity=real
?removeNamedMapReveal@ScriptEngine@@QAEXABVAsciiString@@@Z,0x0034D440,217,Code/GameEngine/Source/GameLogic/ScriptEngine/ScriptActions.cpp,reloc-derived;call-sites=1;identity=real
?unidentified_0034DB40@ScriptEngine@@QAEGABVAsciiString@@@Z,0x0034DB40,215,Code/GameEngine/Source/Common/ScriptConditions_evaluateNamedOwnedByPlayer_Thunk.cpp,reloc-derived;call-sites=1;identity=real
??1Gen_dtor_0034ecb0@@UAE@XZ,0x0034E2E0,110,Code/gen_small/dtors_004.cpp,reloc-derived;call-sites=1;identity=generated
?createNamedMapReveal@ScriptEngine@@QAEXABVAsciiString@@0M0@Z,0x0034EF80,379,Code/GameEngine/Source/GameLogic/ScriptEngine/ScriptActions.cpp,reloc-derived;call-sites=1;identity=real
??1Gen_dtor_00350dd0@@UAE@XZ,0x0034FC90,60,Code/gen_small/dtors_004.cpp,reloc-derived;call-sites=1;identity=generated
?SignalUIInteraction@@YAXH@Z,0x00352550,109,Code/GameEngine/Source/GameNetwork/GameSpyOverlay.cpp,reloc-derived;call-sites=1;identity=real
??1Gen_dtor_00355c60@@UAE@XZ,0x00352C20,156,Code/gen_small/dtors_004.cpp,reloc-derived;call-sites=1;identity=generated
??1Gen_dtor_00355ce0@@UAE@XZ,0x00352D20,106,Code/gen_small/dtors_004.cpp,reloc-derived;call-sites=1;identity=generated
??1Gen_dtor_00356010@@UAE@XZ,0x00354330,106,Code/gen_small/dtors_004.cpp,reloc-derived;call-sites=1;identity=generated
??1Gen_dtor_00356b70@@UAE@XZ,0x00354A00,72,Code/gen_small/dtors_004.cpp,reloc-derived;call-sites=1;identity=generated
?gen00355050@@YAXPAUElem20@@PBU1@@Z,0x00355050,107,Code/GameEngine/Source/Common/ElementStrideWalks.cpp,reloc-derived;call-sites=2;identity=generated
?gen003550F0@@YAXPAUElem20@@PBU1@@Z,0x003550F0,107,Code/GameEngine/Source/Common/ElementStrideWalks.cpp,reloc-derived;call-sites=2;identity=generated
?_M_reallocate_map@?$deque@UGen_t_00359760_p12cd@@V?$allocator@UGen_t_00359760_p12cd@@@_STL@@@_STL@@IAEXI_N@Z,0x00356FA0,367,Code/gen_small/tgrid_133.cpp,reloc-derived;call-sites=1;identity=generated
?_M_reallocate_map@?$deque@UGen_t_00359790_p12cd@@V?$allocator@UGen_t_00359790_p12cd@@@_STL@@@_STL@@IAEXI_N@Z,0x00357170,367,Code/gen_small/tgrid_134.cpp,reloc-derived;call-sites=1;identity=generated
?_M_reallocate_map@?$deque@UGen_t_00359c20_p12cd@@V?$allocator@UGen_t_00359c20_p12cd@@@_STL@@@_STL@@IAEXI_N@Z,0x003573A0,367,Code/gen_small/tgrid_134.cpp,reloc-derived;call-sites=1;identity=generated
?_M_reallocate_map@?$deque@UGen_t_00359c50_p12cd@@V?$allocator@UGen_t_00359c50_p12cd@@@_STL@@@_STL@@IAEXI_N@Z,0x00357570,367,Code/gen_small/tgrid_134.cpp,reloc-derived;call-sites=1;identity=generated
?duplicate@Condition@@QBEPAV1@XZ,0x00357D30,514,Code/GameEngine/Source/GameLogic/ScriptEngine/Scripts.cpp,reloc-derived;call-sites=2;identity=real
?ParseAction@ScriptAction@@KAPAV1@AAVDataChunkInput@@PAUDataChunkInfo@@PAX@Z,0x00358370,843,Code/GameEngine/Source/GameLogic/ScriptEngine/ScriptsParseActionDataChunkThunk.cpp,reloc-derived;call-sites=1;identity=real
??1Gen_dtor_0035c990@@UAE@XZ,0x0035BC20,153,Code/gen_small/dtors_004.cpp,reloc-derived;call-sites=1;identity=generated
??0Gen0035E3B0@@QAE@PAVHost0035E450@@@Z,0x0035E3B0,123,Code/GameEngine/Source/Common/Q4NewOwnerFactories.cpp,reloc-derived;call-sites=1;identity=generated
??1Gen_dtor_0035f120@@UAE@XZ,0x0035F110,11,Code/gen_small/dtors_004.cpp,reloc-derived;call-sites=1;identity=generated
??1Gen_dtor_0035f8f0@@UAE@XZ,0x0035F880,85,Code/gen_small/dtors_004.cpp,reloc-derived;call-sites=1;identity=generated
??1Gen_dtor_00361b00@@UAE@XZ,0x00360F90,128,Code/gen_small/dtors_004.cpp,reloc-derived;call-sites=1;identity=generated
??$__copy_backward@PAUGen_t_00362a60_p128pod@@PAU1@H@_STL@@YAPAUGen_t_00362a60_p128pod@@PAU1@00ABUrandom_access_iterator_tag@0@PAH@Z,0x00362250,83,Code/gen_small/tgrid_134.cpp,reloc-derived;call-sites=1;identity=generated
??$__copy_backward@PAUGen_t_00362ac0_p128pod@@PAU1@H@_STL@@YAPAUGen_t_00362ac0_p128pod@@PAU1@00ABUrandom_access_iterator_tag@0@PAH@Z,0x003622F0,83,Code/gen_small/tgrid_134.cpp,reloc-derived;call-sites=1;identity=generated
??0?$pair@$$CBUGen_t_00363a60_k4@@UGen_t_00363a60_p12cd@@@_STL@@QAE@ABU01@@Z,0x00362F30,229,Code/gen_small/tgrid_111.cpp,reloc-derived;call-sites=1;identity=generated
?handle@Gen00363820@@QAEXPAX0@Z,0x00363820,80,Code/GameEngine/Source/Common/FieldForwarders.cpp,reloc-derived;call-sites=1;identity=generated
?gen00363B80@@YAXPAX0H0@Z,0x00363B80,67,Code/GameEngine/Source/Common/ConstantZeroForwarders.cpp,reloc-derived;call-sites=1;identity=generated
??1Gen_dtor_00364ae0@@UAE@XZ,0x003643C0,137,Code/gen_small/dtors_004.cpp,reloc-derived;call-sites=1;identity=generated
?gen003648E0@@YAXPAX00HH@Z,0x003648E0,122,Code/GameEngine/Source/Common/ConstantZeroForwarders.cpp,reloc-derived;call-sites=1;identity=generated
?gen00364980@@YAXPAX0H0@Z,0x00364980,62,Code/GameEngine/Source/Common/ConstantZeroForwarders.cpp,reloc-derived;call-sites=1;identity=generated
??0LivingWorldPlayerArmy@@QAE@XZ,0x003649D0,192,Code/GameEngine/Source/Common/INI/INILivingWorldPlayerArmy.cpp,reloc-derived;call-sites=1;identity=real
??0?$pair@$$CBUGen_t_003661e0_k4@@UGen_t_003661e0_p12cd@@@_STL@@QAE@ABU01@@Z,0x003651E0,244,Code/gen_small/tgrid_111.cpp,reloc-derived;call-sites=1;identity=generated
??$__copy_backward@PAUGen_t_00366730_p128pod@@PAU1@H@_STL@@YAPAUGen_t_00366730_p128pod@@PAU1@00ABUrandom_access_iterator_tag@0@PAH@Z,0x003662C0,69,Code/gen_small/tgrid_134.cpp,reloc-derived;call-sites=1;identity=generated
?gen003667E0@@YAXPAX00H0@Z,0x003667E0,129,Code/GameEngine/Source/Common/ConstantZeroForwarders.cpp,reloc-derived;call-sites=1;identity=generated
?handle@Gen0002E893@@QAE_NPAVGenItem@@PA_N1@Z,0x00368EA0,405,Code/GameEngine/Source/Common/S3SinkDrainLoops.cpp,reloc-derived;call-sites=1;identity=generated
??1Gen_dtor_0036adc0@@UAE@XZ,0x003691A0,128,Code/gen_small/dtors_004.cpp,reloc-derived;call-sites=1;identity=generated
?_M_insert_overflow@?$vector@UGen_t_00369920_p8pod@@V?$allocator@UGen_t_00369920_p8pod@@@_STL@@@_STL@@IAEXPAUGen_t_00369920_p8pod@@ABU3@ABU__false_type@2@I_N@Z,0x00369590,302,Code/gen_small/tgrid_134.cpp,reloc-derived;call-sites=1;identity=generated
?_M_insert_overflow@?$vector@UGen_t_0036a520_p16cd@@V?$allocator@UGen_t_0036a520_p16cd@@@_STL@@@_STL@@IAEXPAUGen_t_0036a520_p16cd@@ABU3@ABU__false_type@2@I_N@Z,0x00369E60,267,Code/gen_small/tgrid_111.cpp,reloc-derived;call-sites=1;identity=generated
??1Gen_dtor_0036cf10@@UAE@XZ,0x0036BBA0,127,Code/gen_small/dtors_004.cpp,reloc-derived;call-sites=1;identity=generated
??$_M_allocate_and_copy@PAUGen_t_0036ee10_p4pod@@@?$vector@UGen_t_0036ee10_p4pod@@V?$allocator@UGen_t_0036ee10_p4pod@@@_STL@@@_STL@@IAEPAUGen_t_0036ee10_p4pod@@IPAU2@0@Z,0x0036CA60,88,Code/gen_small/tgrid_111.cpp,reloc-derived;call-sites=1;identity=generated
??0?$pair@$$CBUGen_t_0036d500_k4@@UGen_t_0036d500_p12cd@@@_STL@@QAE@ABU01@@Z,0x0036CCC0,87,Code/gen_small/tgrid_111.cpp,reloc-derived;call-sites=1;identity=generated
??$__copy@PAUPayload@DeliverPayloadNugget@@PAU12@H@_STL@@YAPAUPayload@DeliverPayloadNugget@@PAU12@00ABUrandom_access_iterator_tag@0@PAH@Z,0x0036D980,67,Code/GameEngine/Source/GameLogic/Object/ObjectCreationList.cpp,reloc-derived;call-sites=2;identity=real
?gen0036E2D0@@YAXPAX0@Z,0x0036E2D0,94,Code/GameEngine/Source/Common/AllocateThenInitialise.cpp,reloc-derived;call-sites=1;identity=generated
?equal_range@?$hashtable@U?$pair@$$CBHUGen_t_00374ae0_m12pod@@@_STL@@HU?$hash@H@2@U?$_Select1st@U?$pair@$$CBHUGen_t_00374ae0_m12pod@@@_STL@@@2@U?$equal_to@H@2@V?$allocator@U?$pair@$$CBHUGen_t_00374ae0_m12pod@@@_STL@@@2@@_STL@@QAE?AU?$pair@U?$_Ht_iterator@U?$pair@$$CBHUGen_t_00374ae0_m12pod@@@_STL@@U?$_Nonconst_traits@U?$pair@$$CBHUGen_t_00374ae0_m12pod@@@_STL@@@2@HU?$hash@H@2@U?$_Select1st@U?$pair@$$CBHUGen_t_00374ae0_m12pod@@@_STL@@@2@U?$equal_to@H@2@V?$allocator@U?$pair@$$CBHUGen_t_00374ae0_m12pod@@@_STL@@@2@@_STL@@U12@@2@ABH@Z,0x00372570,145,Code/gen_small/fam_011.cpp,reloc-derived;call-sites=1;identity=generated
??1SpyVisionUpdateModuleDataMemberG@@QAE@XZ,0x00374990,197,Code/GameEngine/Source/GameLogic/Object/Update/SpyVisionUpdateModuleDataDtorThunk.cpp,reloc-derived;call-sites=1;identity=real
?_M_insert_overflow@?$vector@UGen_t_00375e50_p8cd@@V?$allocator@UGen_t_00375e50_p8cd@@@_STL@@@_STL@@IAEXPAUGen_t_00375e50_p8cd@@ABU3@ABU__false_type@2@I_N@Z,0x003751A0,268,Code/gen_small/tgrid_112.cpp,reloc-derived;call-sites=1;identity=generated
?_M_insert_overflow@?$vector@UGen_t_00375ea0_p12cd@@V?$allocator@UGen_t_00375ea0_p12cd@@@_STL@@@_STL@@IAEXPAUGen_t_00375ea0_p12cd@@ABU3@ABU__false_type@2@I_N@Z,0x003752F0,281,Code/gen_small/tgrid_112.cpp,reloc-derived;call-sites=1;identity=generated
?equal_range@?$hashtable@U?$pair@$$CBHUGen_t_003779e0_m12pod@@@_STL@@HU?$hash@H@2@U?$_Select1st@U?$pair@$$CBHUGen_t_003779e0_m12pod@@@_STL@@@2@U?$equal_to@H@2@V?$allocator@U?$pair@$$CBHUGen_t_003779e0_m12pod@@@_STL@@@2@@_STL@@QAE?AU?$pair@U?$_Ht_iterator@U?$pair@$$CBHUGen_t_003779e0_m12pod@@@_STL@@U?$_Nonconst_traits@U?$pair@$$CBHUGen_t_003779e0_m12pod@@@_STL@@@2@HU?$hash@H@2@U?$_Select1st@U?$pair@$$CBHUGen_t_003779e0_m12pod@@@_STL@@@2@U?$equal_to@H@2@V?$allocator@U?$pair@$$CBHUGen_t_003779e0_m12pod@@@_STL@@@2@@_STL@@U12@@2@ABH@Z,0x00375F30,145,Code/gen_small/fam_011.cpp,reloc-derived;call-sites=1;identity=generated
?canSwitchIndexToIndex@CaveSystem@@QAE_NHH@Z,0x003782D0,89,Code/GameEngine/Source/GameLogic/Object/Contain/CaveContainTryToSetCaveIndex.cpp,reloc-derived;call-sites=1;identity=real
??1Gen_dtor_00378890@@UAE@XZ,0x00378650,136,Code/gen_small/dtors_004.cpp,reloc-derived;call-sites=1;identity=generated
?friend_findCrateTemplate@CrateSystem@@QAEPAVCrateTemplate@@VAsciiString@@@Z,0x003795E0,320,Code/GameEngine/Source/GameLogic/System/CrateSystem.cpp,reloc-derived;call-sites=1;identity=real
??$_M_insert_dispatch@U?$_List_iterator@UcrateCreationEntry@@U?$_Const_traits@UcrateCreationEntry@@@_STL@@@_STL@@@?$list@UcrateCreationEntry@@V?$allocator@UcrateCreationEntry@@@_STL@@@_STL@@QAEXU?$_List_iterator@UcrateCreationEntry@@U?$_Nonconst_traits@UcrateCreationEntry@@@_STL@@@1@U?$_List_iterator@UcrateCreationEntry@@U?$_Const_traits@UcrateCreationEntry@@@_STL@@@1@1ABU__false_type@1@@Z,0x00379C60,75,Code/GameEngine/Source/GameLogic/System/CrateSystem.cpp,reloc-derived;call-sites=2;identity=real
?newCrateTemplateOverride@CrateSystem@@QAEPAVCrateTemplate@@PAV2@@Z,0x0037A230,143,Code/GameEngine/Source/GameLogic/System/CrateSystem.cpp,reloc-derived;call-sites=1;identity=real
?_M_insert@?$_Rb_tree@GU?$pair@$$CBGH@_STL@@U?$_Select1st@U?$pair@$$CBGH@_STL@@@2@U?$less@G@2@V?$allocator@U?$pair@$$CBGH@_STL@@@2@@_STL@@AAE?AU?$_Rb_tree_iterator@U?$pair@$$CBGH@_STL@@U?$_Nonconst_traits@U?$pair@$$CBGH@_STL@@@2@@2@PAU_Rb_tree_node_base@2@0ABU?$pair@$$CBGH@2@0@Z,0x0037B600,178,Code/gen_small/fam_005.cpp,reloc-derived;call-sites=9;identity=real
?insert_unique@?$_Rb_tree@GU?$pair@$$CBGH@_STL@@U?$_Select1st@U?$pair@$$CBGH@_STL@@@2@U?$less@G@2@V?$allocator@U?$pair@$$CBGH@_STL@@@2@@_STL@@QAE?AU?$pair@U?$_Rb_tree_iterator@U?$pair@$$CBGH@_STL@@U?$_Nonconst_traits@U?$pair@$$CBGH@_STL@@@2@@_STL@@_N@2@ABU?$pair@$$CBGH@2@@Z,0x0037B6E0,145,Code/gen_small/fam_005.cpp,reloc-derived;call-sites=4;identity=real
??0EmotionNugget@@QAE@XZ,0x0037B7A0,194,Code/GameEngine/Source/Common/INI/INIEmotion.cpp,reloc-derived;call-sites=1;identity=real
?createEmotion@EmotionSystem@@QAEPAVEmotion@@PAVEmotionTrackerUpdateEntry@@PAVObject@@@Z,0x0037CAD0,114,Code/GameEngine/Source/GameLogic/Object/Update/EmotionTrackerUpdateCtor.cpp,reloc-derived;call-sites=1;identity=real
?addNugget@EmotionSystem@@QAEXPAVEmotionNugget@@@Z,0x0037CF10,173,Code/GameEngine/Source/Common/INI/INIEmotion.cpp,reloc-derived;call-sites=1;identity=real
??$__copy@PAUFXBoneInfo@@PAU1@H@_STL@@YAPAUFXBoneInfo@@PAU1@00ABUrandom_access_iterator_tag@0@PAH@Z,0x0037DED0,69,Code/GameEngine/Source/Common/Thing/ModuleFactory.cpp,reloc-derived;call-sites=2;identity=real
?erase@?$list@UGen_t_00381e80_p12cd@@V?$allocator@UGen_t_00381e80_p12cd@@@_STL@@@_STL@@QAE?AU?$_List_iterator@UGen_t_00381e80_p12cd@@U?$_Nonconst_traits@UGen_t_00381e80_p12cd@@@_STL@@@2@U32@0@Z,0x0037E680,65,Code/gen_small/tgrid_112.cpp,reloc-derived;call-sites=1;identity=generated
?handle@Gen0037E8F0@@QAEXPAD@Z,0x0037E8F0,35,Code/GameEngine/Source/Common/LocalByteOutForwarders.cpp,reloc-derived;call-sites=1;identity=generated
??0ExperienceScalarTable@@QAE@ABVAsciiString@@@Z,0x0037EF50,76,Code/GameEngine/Source/Common/INI/INIExperienceScalarTable.cpp,reloc-derived;call-sites=1;identity=real
??1Gen_dtor_0037fb90@@UAE@XZ,0x0037EFB0,128,Code/gen_small/dtors_004.cpp,reloc-derived;call-sites=1;identity=generated
??1Gen_dtor_00381450@@UAE@XZ,0x00380C00,221,Code/gen_small/dtors_004.cpp,reloc-derived;call-sites=1;identity=generated
??1Gen_dtor_00381610@@UAE@XZ,0x00380D30,340,Code/gen_small/dtors_004.cpp,reloc-derived;call-sites=1;identity=generated
?_M_insert_overflow@?$vector@UGen_t_00381640_p8cd@@V?$allocator@UGen_t_00381640_p8cd@@@_STL@@@_STL@@IAEXPAUGen_t_00381640_p8cd@@ABU3@ABU__false_type@2@I_N@Z,0x00381300,268,Code/gen_small/tgrid_112.cpp,reloc-derived;call-sites=1;identity=generated
??4Gen_t_00381e80_p12cd@@QAEAAU0@ABU0@@Z,0x00381690,689,Code/gen_small/tgrid_112.cpp,reloc-derived;call-sites=1;identity=generated
??0?$pair@$$CBUGen_t_00381c30_k4@@UGen_t_00381c30_p12cd@@@_STL@@QAE@ABU01@@Z,0x00381B60,166,Code/gen_small/tgrid_112.cpp,reloc-derived;call-sites=1;identity=generated
?isGamePaused@BfmeGameLogicPause@@QAE_NXZ,0x00383480,7,Code/GameEngine/Source/GameClient/GUI/GUICallbacks/Menus/PopupSaveLoad.cpp,reloc-derived;call-sites=2;identity=real
?setGamePaused@BfmeGameLogicPause@@QAEX_NH0@Z,0x00383490,300,Code/GameEngine/Source/GameClient/GUI/GUICallbacks/Menus/PopupSaveLoad.cpp,reloc-derived;call-sites=3;identity=real
?unidentified_0000f5fb@GameLogicShim@@QAEXH@Z,0x00383C30,35,Code/GameEngine/Source/GameLogic/ScriptEngine/victory_conditions.cpp,reloc-derived;call-sites=1;identity=real
??$__uninitialized_copy@PBUGen_t_00385c90_m12cd@@PAU1@@_STL@@YAPAUGen_t_00385c90_m12cd@@PBU1@0PAU1@ABU__false_type@0@@Z,0x00384FD0,120,Code/gen_small/fam_012.cpp,reloc-derived;call-sites=1;identity=generated
?Gen003859B0@@YAHHH@Z,0x003859B0,216,Code/GameEngine/Source/Common/BigObfHookWrappers.cpp,reloc-derived;call-sites=1;identity=generated
?Gen00385AE0@@YAHHH@Z,0x00385AE0,216,Code/GameEngine/Source/Common/BigObfHookWrappers.cpp,reloc-derived;call-sites=1;identity=generated
?getName@GameSlot@@QBE?AVUnicodeString@@XZ,0x003879C0,32,Code/GameEngine/Source/GameNetwork/LANGameSlot_isUser_Thunk.cpp,reloc-derived;call-sites=1;identity=real
??0Obf003881E0@@QAE@PAH0@Z,0x003881E0,173,Code/GameEngine/Source/Common/BigObfHookWrappers.cpp,reloc-derived;call-sites=1;identity=real
??0Obf003882C0@@QAE@PAH0@Z,0x003882C0,173,Code/GameEngine/Source/Common/BigObfHookWrappers.cpp,reloc-derived;call-sites=1;identity=real
?_M_insert@?$hashtable@U?$pair@$$CBIH@_STL@@IU?$hash@I@2@U?$_Select1st@U?$pair@$$CBIH@_STL@@@2@U?$equal_to@I@2@V?$allocator@U?$pair@$$CBIH@_STL@@@2@@_STL@@QAEAAU?$pair@$$CBIH@2@ABU32@@Z,0x00389A20,111,Code/gen_small/fam_012.cpp,reloc-derived;call-sites=1;identity=real
?_M_insert_overflow@?$vector@UGen_t_0038eb40_p8cd@@V?$allocator@UGen_t_0038eb40_p8cd@@@_STL@@@_STL@@IAEXPAUGen_t_0038eb40_p8cd@@ABU3@ABU__false_type@2@I_N@Z,0x0038BAD0,306,Code/gen_small/tgrid_112.cpp,reloc-derived;call-sites=1;identity=generated
??$_M_find@VAsciiString@@@?$hashtable@U?$pair@$$CBVAsciiString@@W4BuildableStatus@@@_STL@@VAsciiString@@U?$hash@VAsciiString@@@rts@@U?$_Select1st@U?$pair@$$CBVAsciiString@@W4BuildableStatus@@@_STL@@@2@U?$equal_to@VAsciiString@@@5@V?$allocator@U?$pair@$$CBVAsciiString@@W4BuildableStatus@@@_STL@@@2@@_STL@@ABEPAU?$_Hashtable_node@U?$pair@$$CBVAsciiString@@W4BuildableStatus@@@_STL@@@1@ABVAsciiString@@@Z,0x0038BE40,159,Code/GameEngine/Source/GameLogic/System/GameLogic.cpp,reloc-derived;call-sites=1;identity=real
?evaluate@Gen0038BF10@@QAEPAXPAX@Z,0x0038BF10,159,Code/GameEngine/Source/Common/SelfPairReturners.cpp,reloc-derived;call-sites=3;identity=generated
?friend_awakenUpdateModule@GameLogic@@QAEXPAVObject@@PAVUpdateModule@@I@Z,0x0038D870,329,Code/GameEngine/Source/GameLogic/Object/Update/UpdateModule.cpp,reloc-derived;call-sites=1;identity=real
?gen0038EEA0@@YAPAXXZ,0x0038EEA0,65,Code/GameEngine/Source/Common/CachedPointerFills.cpp,reloc-derived;call-sites=1;identity=generated
?gen0038EF00@@YAPAXXZ,0x0038EF00,65,Code/GameEngine/Source/Common/CachedPointerFills.cpp,reloc-derived;call-sites=1;identity=generated
??A?$hash_map@VAsciiString@@W4BuildableStatus@@U?$hash@VAsciiString@@@rts@@U?$equal_to@VAsciiString@@@4@V?$allocator@U?$pair@$$CBVAsciiString@@W4BuildableStatus@@@_STL@@@_STL@@@_STL@@QAEAAW4BuildableStatus@@ABVAsciiString@@@Z,0x00390660,142,Code/GameEngine/Source/GameLogic/System/GameLogic.cpp,reloc-derived;call-sites=1;identity=real
?findOrInsert@ControlBarOverrideMapABI@@QAEAAPBVCommandButton@@ABVAsciiString@@@Z,0x00390750,142,Code/GameEngine/Source/Common/GameLogicSetControlBarOverride.cpp,reloc-derived;call-sites=1;identity=real
?findControlBarOverride@GameLogic@@QBE_NABVAsciiString@@HAAPBVCommandButton@@@Z,0x00391B30,206,Code/GameEngine/Source/GameClient/GUI/ControlBar/ControlBar.cpp,reloc-derived;call-sites=1;identity=real
??1Gen_dtor_0039b530@@UAE@XZ,0x0039B560,134,Code/gen_small/dtors_004.cpp,reloc-derived;call-sites=1;identity=generated
?_bfme_allows@BfmeSpecialPowerAllowanceStore@@QAEEPAVBfmePlayerSpecialPowerState@@PBVSpecialPowerTemplate@@@Z,0x0039BE50,61,Code/GameEngine/Source/Common/Player_bfme_allowsSpecialPower.cpp,reloc-derived;call-sites=1;identity=real
??1Gen_dtor_0039c130@@UAE@XZ,0x0039C060,165,Code/gen_small/dtors_004.cpp,reloc-derived;call-sites=1;identity=generated
??1Gen_dtor_0039ca80@@UAE@XZ,0x0039C6D0,194,Code/gen_small/dtors_004.cpp,reloc-derived;call-sites=1;identity=generated
??0?$pair@$$CBUGen_t_0039e0a0_k4@@UGen_t_0039e0a0_p12cd@@@_STL@@QAE@ABU01@@Z,0x0039DE20,511,Code/gen_small/tgrid_112.cpp,reloc-derived;call-sites=1;identity=generated
??$__copy_backward@PAUGen_t_0039e9d0_p128pod@@PAU1@H@_STL@@YAPAUGen_t_0039e9d0_p128pod@@PAU1@00ABUrandom_access_iterator_tag@0@PAH@Z,0x0039E860,75,Code/gen_small/tgrid_134.cpp,reloc-derived;call-sites=1;identity=generated
?handle@Gen0039EB70@@QAEXPAX0@Z,0x0039EB70,79,Code/GameEngine/Source/Common/FieldForwarders.cpp,reloc-derived;call-sites=1;identity=generated
?_M_insert_overflow@?$vector@URunwayInfo@FlightDeckBehavior@@V?$allocator@URunwayInfo@FlightDeckBehavior@@@_STL@@@_STL@@IAEXPAURunwayInfo@FlightDeckBehavior@@ABU34@ABU__false_type@2@I_N@Z,0x0039EC70,287,Code/GameEngine/Source/GameLogic/Object/Behavior/FlightDeckBehavior.cpp,reloc-derived;call-sites=1;identity=real
?setPolicies@RespawnPolicyMember@@QAEXURespawnPolicy@@0@Z,0x0039FBA0,421,Code/GameEngine/Source/GameLogic/Object/Behavior/RespawnBodyModuleDataCtorThunk.cpp,reloc-derived;call-sites=1;identity=real
?accepts@Rva2225E0Filter@@QAE_NPAVObject@@PAVPlayer@@@Z,0x003A04A0,72,Code/GameEngine/Source/Common/Rva2225E0FilteredCountThunk.cpp,reloc-derived;call-sites=1;identity=real
??$__copy_backward@PAUGen_t_003a24c0_p128pod@@PAU1@H@_STL@@YAPAUGen_t_003a24c0_p128pod@@PAU1@00ABUrandom_access_iterator_tag@0@PAH@Z,0x003A13E0,84,Code/gen_small/tgrid_134.cpp,reloc-derived;call-sites=1;identity=generated
??$__copy_backward@PAUGen_t_003a2570_p128pod@@PAU1@H@_STL@@YAPAUGen_t_003a2570_p128pod@@PAU1@00ABUrandom_access_iterator_tag@0@PAH@Z,0x003A1450,83,Code/gen_small/tgrid_134.cpp,reloc-derived;call-sites=1;identity=generated
??0?$pair@$$CBUGen_t_003a2460_k4@@UGen_t_003a2460_p12cd@@@_STL@@QAE@ABU01@@Z,0x003A2360,130,Code/gen_small/tgrid_112.cpp,reloc-derived;call-sites=1;identity=generated
??$__copy_backward@PAUGen_t_003a46d0_p128pod@@PAU1@H@_STL@@YAPAUGen_t_003a46d0_p128pod@@PAU1@00ABUrandom_access_iterator_tag@0@PAH@Z,0x003A4270,101,Code/gen_small/tgrid_134.cpp,reloc-derived;call-sites=1;identity=generated
??0?$pair@$$CBUGen_t_003a4670_k4@@UGen_t_003a4670_p12cd@@@_STL@@QAE@ABU01@@Z,0x003A4420,103,Code/gen_small/tgrid_112.cpp,reloc-derived;call-sites=1;identity=generated
??1Gen_dtor_003a58b0@@UAE@XZ,0x003A5670,388,Code/gen_small/dtors_004.cpp,reloc-derived;call-sites=1;identity=generated
??$__uninitialized_copy@PBUGen_t_003b4b60_p16cd@@PAU1@@_STL@@YAPAUGen_t_003b4b60_p16cd@@PBU1@0PAU1@ABU__false_type@0@@Z,0x003A8340,57,Code/gen_small/tgrid_113.cpp,reloc-derived;call-sites=1;identity=generated
??0?$pair@$$CBUGen_t_003a9180_k4@@UGen_t_003a9180_p12cd@@@_STL@@QAE@ABU01@@Z,0x003A86D0,163,Code/gen_small/tgrid_113.cpp,reloc-derived;call-sites=1;identity=generated
??0?$pair@$$CBUGen_t_003a91e0_k4@@UGen_t_003a91e0_p12cd@@@_STL@@QAE@ABU01@@Z,0x003A87D0,208,Code/gen_small/tgrid_113.cpp,reloc-derived;call-sites=1;identity=generated
??0?$pair@$$CBUGen_t_003a9240_k4@@UGen_t_003a9240_p12cd@@@_STL@@QAE@ABU01@@Z,0x003A8910,134,Code/gen_small/tgrid_113.cpp,reloc-derived;call-sites=1;identity=generated
??1Gen_dtor_003a8a20@@UAE@XZ,0x003A8A50,14,Code/gen_small/dtors_005.cpp,reloc-derived;call-sites=1;identity=generated
??0?$pair@$$CBUGen_t_003a9310_k4@@UGen_t_003a9310_p12cd@@@_STL@@QAE@ABU01@@Z,0x003A8A70,116,Code/gen_small/tgrid_113.cpp,reloc-derived;call-sites=1;identity=generated
??0?$pair@$$CBUGen_t_003a94d0_k4@@UGen_t_003a94d0_p12cd@@@_STL@@QAE@ABU01@@Z,0x003A8BE0,98,Code/gen_small/tgrid_113.cpp,reloc-derived;call-sites=1;identity=generated
?gen003A9370@@YAXPAUElem20@@PBU1@@Z,0x003A9370,101,Code/GameEngine/Source/Common/ElementStrideWalks.cpp,reloc-derived;call-sites=3;identity=generated
??$__uninitialized_copy@PBUHideShowSubObjInfo@ModelConditionInfo@@PAU12@@_STL@@YAPAUHideShowSubObjInfo@ModelConditionInfo@@PBU12@0PAU12@ABU__false_type@0@@Z,0x003AA480,45,Code/GameEngineDevice/Source/W3DDevice/GameClient/Drawable/Draw/W3DModelDraw.cpp,reloc-derived;call-sites=1;identity=real
??$__uninitialized_copy@PBVW3DAnimationInfo@@PAV1@@_STL@@YAPAVW3DAnimationInfo@@PBV1@0PAV1@ABU__false_type@0@@Z,0x003AA640,45,Code/GameEngineDevice/Source/W3DDevice/GameClient/Drawable/Draw/W3DModelDraw.cpp,reloc-derived;call-sites=1;identity=real
??0LivingWorldCampaign@@QAE@ABVAsciiString@@@Z,0x003AA750,94,Code/GameEngine/Source/Common/INI/INILivingWorldCampaign.cpp,reloc-derived;call-sites=1;identity=real
??0?$pair@$$CBUGen_t_003ab7e0_k4@@UGen_t_003ab7e0_p12cd@@@_STL@@QAE@ABU01@@Z,0x003AB690,129,Code/gen_small/tgrid_113.cpp,reloc-derived;call-sites=1;identity=generated
??$__uninitialized_copy@PBUPrereqUnitRec@ProductionPrerequisite@@PAU12@@_STL@@YAPAUPrereqUnitRec@ProductionPrerequisite@@PBU12@0PAU12@ABU__false_type@0@@Z,0x003AB7A0,45,Code/GameEngine/Source/Common/Thing/ThingTemplate.cpp,reloc-derived;call-sites=1;identity=real
??$__uninitialized_copy@PBVProductionPrerequisite@@PAV1@@_STL@@YAPAVProductionPrerequisite@@PBV1@0PAV1@ABU__false_type@0@@Z,0x003ABB40,45,Code/GameEngine/Source/Common/Thing/ThingTemplate.cpp,reloc-derived;call-sites=1;identity=real
??0?$pair@$$CBUGen_t_003abf20_k4@@UGen_t_003abf20_p12cd@@@_STL@@QAE@ABU01@@Z,0x003ABC80,490,Code/gen_small/tgrid_113.cpp,reloc-derived;call-sites=1;identity=generated
??$__copy_backward@PAUGen_t_003aea50_p128pod@@PAU1@H@_STL@@YAPAUGen_t_003aea50_p128pod@@PAU1@00ABUrandom_access_iterator_tag@0@PAH@Z,0x003ACD80,353,Code/gen_small/tgrid_134.cpp,reloc-derived;call-sites=1;identity=generated
??$__copy_backward@PAUGen_t_003af250_p128pod@@PAU1@H@_STL@@YAPAUGen_t_003af250_p128pod@@PAU1@00ABUrandom_access_iterator_tag@0@PAH@Z,0x003AEB00,61,Code/gen_small/tgrid_134.cpp,reloc-derived;call-sites=1;identity=generated
??$__copy_backward@PAUGen_t_003af430_p128pod@@PAU1@H@_STL@@YAPAUGen_t_003af430_p128pod@@PAU1@00ABUrandom_access_iterator_tag@0@PAH@Z,0x003AEBB0,117,Code/gen_small/tgrid_134.cpp,reloc-derived;call-sites=1;identity=generated
??$__copy_backward@PAUGen_t_003af4e0_p128pod@@PAU1@H@_STL@@YAPAUGen_t_003af4e0_p128pod@@PAU1@00ABUrandom_access_iterator_tag@0@PAH@Z,0x003AEC50,86,Code/gen_small/tgrid_134.cpp,reloc-derived;call-sites=1;identity=generated
??$__copy_backward@PAUGen_t_003af610_p128pod@@PAU1@H@_STL@@YAPAUGen_t_003af610_p128pod@@PAU1@00ABUrandom_access_iterator_tag@0@PAH@Z,0x003AECC0,95,Code/gen_small/tgrid_134.cpp,reloc-derived;call-sites=1;identity=generated
??$__copy_backward@PAUGen_t_003af640_p128pod@@PAU1@H@_STL@@YAPAUGen_t_003af640_p128pod@@PAU1@00ABUrandom_access_iterator_tag@0@PAH@Z,0x003AED40,134,Code/gen_small/tgrid_134.cpp,reloc-derived;call-sites=1;identity=generated
?handle@Gen003AF7A0@@QAEXPAX0@Z,0x003AF7A0,77,Code/GameEngine/Source/Common/FieldForwarders.cpp,reloc-derived;call-sites=1;identity=generated
?_M_clear@?$vector@UHideShowSubObjInfo@ModelConditionInfo@@V?$allocator@UHideShowSubObjInfo@ModelConditionInfo@@@_STL@@@_STL@@IAEXXZ,0x003AFA40,82,Code/GameEngineDevice/Source/W3DDevice/GameClient/Drawable/Draw/W3DModelDraw.cpp,reloc-derived;call-sites=1;identity=real
?_M_clear@?$vector@UGen_t_003b5310_p40cd@@V?$allocator@UGen_t_003b5310_p40cd@@@_STL@@@_STL@@IAEXXZ,0x003AFAB0,99,Code/gen_small/tgrid_124.cpp,reloc-derived;call-sites=1;identity=generated
?_M_clear@?$vector@UGen_t_003b5480_p48cd@@V?$allocator@UGen_t_003b5480_p48cd@@@_STL@@@_STL@@IAEXXZ,0x003AFB30,99,Code/gen_small/tgrid_124.cpp,reloc-derived;call-sites=1;identity=generated
?_M_clear@?$vector@UGen_t_003b55d0_p32cd@@V?$allocator@UGen_t_003b55d0_p32cd@@@_STL@@@_STL@@IAEXXZ,0x003AFBB0,82,Code/gen_small/tgrid_113.cpp,reloc-derived;call-sites=1;identity=generated
?_M_clear@?$vector@UGen_t_003b56f0_p12cd@@V?$allocator@UGen_t_003b56f0_p12cd@@@_STL@@@_STL@@IAEXXZ,0x003AFC20,98,Code/gen_small/tgrid_113.cpp,reloc-derived;call-sites=1;identity=generated
?_M_clear@?$vector@UGen_t_003b4920_p32cd@@V?$allocator@UGen_t_003b4920_p32cd@@@_STL@@@_STL@@IAEXXZ,0x003AFDA0,82,Code/gen_small/tgrid_113.cpp,reloc-derived;call-sites=1;identity=generated
?_M_clear@?$vector@VProductionPrerequisite@@V?$allocator@VProductionPrerequisite@@@_STL@@@_STL@@IAEXXZ,0x003AFE10,99,Code/GameEngine/Source/Common/Thing/ThingTemplate.cpp,reloc-derived;call-sites=1;identity=real
?_M_clear@?$vector@UGen_t_003b4a40_p16cd@@V?$allocator@UGen_t_003b4a40_p16cd@@@_STL@@@_STL@@IAEXXZ,0x003AFF10,82,Code/gen_small/tgrid_113.cpp,reloc-derived;call-sites=1;identity=generated
?_M_clear@?$vector@UGen_t_003b4b60_p16cd@@V?$allocator@UGen_t_003b4b60_p16cd@@@_STL@@@_STL@@IAEXXZ,0x003AFF80,82,Code/gen_small/tgrid_113.cpp,reloc-derived;call-sites=1;identity=generated
?_M_insert_overflow@?$vector@UGen_t_003b1000_p8cd@@V?$allocator@UGen_t_003b1000_p8cd@@@_STL@@@_STL@@IAEXPAUGen_t_003b1000_p8cd@@ABU3@ABU__false_type@2@I_N@Z,0x003B0060,268,Code/gen_small/tgrid_113.cpp,reloc-derived;call-sites=1;identity=generated
?_M_insert_overflow@?$vector@UGen_t_003b1050_p40cd@@V?$allocator@UGen_t_003b1050_p40cd@@@_STL@@@_STL@@IAEXPAUGen_t_003b1050_p40cd@@ABU3@ABU__false_type@2@I_N@Z,0x003B01B0,287,Code/gen_small/tgrid_124.cpp,reloc-derived;call-sites=1;identity=generated
?_M_insert_overflow@?$vector@UGen_t_003b10a0_p48cd@@V?$allocator@UGen_t_003b10a0_p48cd@@@_STL@@@_STL@@IAEXPAUGen_t_003b10a0_p48cd@@ABU3@ABU__false_type@2@I_N@Z,0x003B0320,289,Code/gen_small/tgrid_124.cpp,reloc-derived;call-sites=1;identity=generated
?_M_insert_overflow@?$vector@UGen_t_003b10f0_p32cd@@V?$allocator@UGen_t_003b10f0_p32cd@@@_STL@@@_STL@@IAEXPAUGen_t_003b10f0_p32cd@@ABU3@ABU__false_type@2@I_N@Z,0x003B0490,267,Code/gen_small/tgrid_113.cpp,reloc-derived;call-sites=1;identity=generated
?_M_insert_overflow@?$vector@UGen_t_003b1140_p12cd@@V?$allocator@UGen_t_003b1140_p12cd@@@_STL@@@_STL@@IAEXPAUGen_t_003b1140_p12cd@@ABU3@ABU__false_type@2@I_N@Z,0x003B05F0,281,Code/gen_small/tgrid_113.cpp,reloc-derived;call-sites=1;identity=generated
?_M_insert_overflow@?$vector@UGen_t_003b11e0_p32cd@@V?$allocator@UGen_t_003b11e0_p32cd@@@_STL@@@_STL@@IAEXPAUGen_t_003b11e0_p32cd@@ABU3@ABU__false_type@2@I_N@Z,0x003B08D0,267,Code/gen_small/tgrid_113.cpp,reloc-derived;call-sites=1;identity=generated
?_M_insert_overflow@?$vector@UGen_t_003b1280_p16cd@@V?$allocator@UGen_t_003b1280_p16cd@@@_STL@@@_STL@@IAEXPAUGen_t_003b1280_p16cd@@ABU3@ABU__false_type@2@I_N@Z,0x003B0BA0,267,Code/gen_small/tgrid_113.cpp,reloc-derived;call-sites=1;identity=generated
?_M_insert_overflow@?$vector@UGen_t_003b1bb0_p16cd@@V?$allocator@UGen_t_003b1bb0_p16cd@@@_STL@@@_STL@@IAEXPAUGen_t_003b1bb0_p16cd@@ABU3@ABU__false_type@2@I_N@Z,0x003B1340,267,Code/gen_small/tgrid_113.cpp,reloc-derived;call-sites=1;identity=generated
?_M_insert_overflow@?$vector@UGen_t_003b1c00_p12cd@@V?$allocator@UGen_t_003b1c00_p12cd@@@_STL@@@_STL@@IAEXPAUGen_t_003b1c00_p12cd@@ABU3@ABU__false_type@2@I_N@Z,0x003B14A0,281,Code/gen_small/tgrid_113.cpp,reloc-derived;call-sites=1;identity=generated
??1Gen_dtor_003abef0@@UAE@XZ,0x003B16B0,325,Code/gen_small/dtors_005.cpp,reloc-derived;call-sites=1;identity=generated
?_M_insert_overflow@?$vector@UGen_t_003b1eb0_p12cd@@V?$allocator@UGen_t_003b1eb0_p12cd@@@_STL@@@_STL@@IAEXPAUGen_t_003b1eb0_p12cd@@ABU3@ABU__false_type@2@I_N@Z,0x003B1C50,281,Code/gen_small/tgrid_113.cpp,reloc-derived;call-sites=1;identity=generated
??$__copy_backward@PAUGen_t_003b22b0_p128pod@@PAU1@H@_STL@@YAPAUGen_t_003b22b0_p128pod@@PAU1@00ABUrandom_access_iterator_tag@0@PAH@Z,0x003B1F80,89,Code/gen_small/tgrid_134.cpp,reloc-derived;call-sites=1;identity=generated
??$__copy_backward@PAUGen_t_003b25a0_p128pod@@PAU1@H@_STL@@YAPAUGen_t_003b25a0_p128pod@@PAU1@00ABUrandom_access_iterator_tag@0@PAH@Z,0x003B22E0,123,Code/gen_small/tgrid_134.cpp,reloc-derived;call-sites=1;identity=generated
?_M_insert_overflow@?$vector@UGen_t_003b27d0_p24cd@@V?$allocator@UGen_t_003b27d0_p24cd@@@_STL@@@_STL@@IAEXPAUGen_t_003b27d0_p24cd@@ABU3@ABU__false_type@2@I_N@Z,0x003B23D0,287,Code/gen_small/tgrid_113.cpp,reloc-derived;call-sites=1;identity=generated
?handle@Gen003B2540@@QAEXPAX0@Z,0x003B2540,77,Code/GameEngine/Source/Common/FieldForwarders.cpp,reloc-derived;call-sites=1;identity=generated
?handle@Gen003B2830@@QAEXPAX0@Z,0x003B2830,77,Code/GameEngine/Source/Common/FieldForwarders.cpp,reloc-derived;call-sites=1;identity=generated
??$__copy_backward@PAUGen_t_003b3cf0_p128pod@@PAU1@H@_STL@@YAPAUGen_t_003b3cf0_p128pod@@PAU1@00ABUrandom_access_iterator_tag@0@PAH@Z,0x003B34D0,105,Code/gen_small/tgrid_134.cpp,reloc-derived;call-sites=1;identity=generated
??$__copy_backward@PAUGen_t_003b3dd0_p128pod@@PAU1@H@_STL@@YAPAUGen_t_003b3dd0_p128pod@@PAU1@00ABUrandom_access_iterator_tag@0@PAH@Z,0x003B3720,95,Code/gen_small/tgrid_134.cpp,reloc-derived;call-sites=1;identity=generated
??$__copy@PBVW3DAnimationInfo@@PAV1@H@_STL@@YAPAVW3DAnimationInfo@@PBV1@0PAV1@ABUrandom_access_iterator_tag@0@PAH@Z,0x003B3800,99,Code/GameEngineDevice/Source/W3DDevice/GameClient/Drawable/Draw/W3DModelDraw.cpp,reloc-derived;call-sites=3;identity=real
??$_M_allocate_and_copy@PBUGen_t_003b4920_p32cd@@@?$vector@UGen_t_003b4920_p32cd@@V?$allocator@UGen_t_003b4920_p32cd@@@_STL@@@_STL@@IAEPAUGen_t_003b4920_p32cd@@IPBU2@0@Z,0x003B3D20,94,Code/gen_small/tgrid_113.cpp,reloc-derived;call-sites=1;identity=generated
??$_M_allocate_and_copy@PBUGen_t_003b4b60_p16cd@@@?$vector@UGen_t_003b4b60_p16cd@@V?$allocator@UGen_t_003b4b60_p16cd@@@_STL@@@_STL@@IAEPAUGen_t_003b4b60_p16cd@@IPBU2@0@Z,0x003B3E00,76,Code/gen_small/tgrid_113.cpp,reloc-derived;call-sites=1;identity=generated
??$_M_allocate_and_copy@PBUGen_t_003b4a40_p16cd@@@?$vector@UGen_t_003b4a40_p16cd@@V?$allocator@UGen_t_003b4a40_p16cd@@@_STL@@@_STL@@IAEPAUGen_t_003b4a40_p16cd@@IPBU2@0@Z,0x003B3FF0,94,Code/gen_small/tgrid_113.cpp,reloc-derived;call-sites=1;identity=generated
??$_M_allocate_and_copy@PBUHideShowSubObjInfo@ModelConditionInfo@@@?$vector@UHideShowSubObjInfo@ModelConditionInfo@@V?$allocator@UHideShowSubObjInfo@ModelConditionInfo@@@_STL@@@_STL@@IAEPAUHideShowSubObjInfo@ModelConditionInfo@@IPBU23@0@Z,0x003B4C80,94,Code/GameEngineDevice/Source/W3DDevice/GameClient/Drawable/Draw/W3DModelDraw.cpp,reloc-derived;call-sites=1;identity=real
??$_M_allocate_and_copy@PBUGen_t_003b5310_p40cd@@@?$vector@UGen_t_003b5310_p40cd@@V?$allocator@UGen_t_003b5310_p40cd@@@_STL@@@_STL@@IAEPAUGen_t_003b5310_p40cd@@IPBU2@0@Z,0x003B4D00,97,Code/gen_small/tgrid_124.cpp,reloc-derived;call-sites=1;identity=generated
??$_M_allocate_and_copy@PBUGen_t_003b5480_p48cd@@@?$vector@UGen_t_003b5480_p48cd@@V?$allocator@UGen_t_003b5480_p48cd@@@_STL@@@_STL@@IAEPAUGen_t_003b5480_p48cd@@IPBU2@0@Z,0x003B4D80,97,Code/gen_small/tgrid_124.cpp,reloc-derived;call-sites=1;identity=generated
??$_M_allocate_and_copy@PBUGen_t_003b55d0_p32cd@@@?$vector@UGen_t_003b55d0_p32cd@@V?$allocator@UGen_t_003b55d0_p32cd@@@_STL@@@_STL@@IAEPAUGen_t_003b55d0_p32cd@@IPBU2@0@Z,0x003B4E00,94,Code/gen_small/tgrid_113.cpp,reloc-derived;call-sites=1;identity=generated
??$_M_allocate_and_copy@PBUGen_t_003b56f0_p12cd@@@?$vector@UGen_t_003b56f0_p12cd@@V?$allocator@UGen_t_003b56f0_p12cd@@@_STL@@@_STL@@IAEPAUGen_t_003b56f0_p12cd@@IPBU2@0@Z,0x003B4E80,97,Code/gen_small/tgrid_113.cpp,reloc-derived;call-sites=1;identity=generated
??$_M_allocate_and_copy@PBVW3DAnimationInfo@@@?$vector@VW3DAnimationInfo@@V?$allocator@VW3DAnimationInfo@@@_STL@@@_STL@@IAEPAVW3DAnimationInfo@@IPBV2@0@Z,0x003B5000,94,Code/GameEngineDevice/Source/W3DDevice/GameClient/Drawable/Draw/W3DModelDraw.cpp,reloc-derived;call-sites=1;identity=real
??$_M_allocate_and_copy@PBUGen_t_003b5c60_p12cd@@@?$vector@UGen_t_003b5c60_p12cd@@V?$allocator@UGen_t_003b5c60_p12cd@@@_STL@@@_STL@@IAEPAUGen_t_003b5c60_p12cd@@IPBU2@0@Z,0x003B5080,97,Code/gen_small/tgrid_113.cpp,reloc-derived;call-sites=1;identity=generated
??1Gen_dtor_003b5dd0@@UAE@XZ,0x003B5170,111,Code/gen_small/dtors_005.cpp,reloc-derived;call-sites=1;identity=generated
??$_M_allocate_and_copy@PBUPrereqUnitRec@ProductionPrerequisite@@@?$vector@UPrereqUnitRec@ProductionPrerequisite@@V?$allocator@UPrereqUnitRec@ProductionPrerequisite@@@_STL@@@_STL@@IAEPAUPrereqUnitRec@ProductionPrerequisite@@IPBU23@0@Z,0x003B5E20,97,Code/GameEngine/Source/Common/Thing/ThingTemplate.cpp,reloc-derived;call-sites=1;identity=real
??$__copy_backward@PAUGen_t_003b60a0_p128pod@@PAU1@H@_STL@@YAPAUGen_t_003b60a0_p128pod@@PAU1@00ABUrandom_access_iterator_tag@0@PAH@Z,0x003B5EA0,123,Code/gen_small/tgrid_134.cpp,reloc-derived;call-sites=1;identity=generated
?addPlayerArmy@BfmeLivingWorldCampaignManager@@QAEXPAVLivingWorldPlayerArmy@@@Z,0x003B5FA0,97,Code/GameEngine/Source/Common/INI/INILivingWorldPlayerArmy.cpp,reloc-derived;call-sites=1;identity=real
??$__copy@PBVProductionPrerequisite@@PAV1@H@_STL@@YAPAVProductionPrerequisite@@PBV1@0PAV1@ABUrandom_access_iterator_tag@0@PAH@Z,0x003B6100,89,Code/GameEngine/Source/Common/Thing/ThingTemplate.cpp,reloc-derived;call-sites=3;identity=real
??$_M_allocate_and_copy@PBVProductionPrerequisite@@@?$vector@VProductionPrerequisite@@V?$allocator@VProductionPrerequisite@@@_STL@@@_STL@@IAEPAVProductionPrerequisite@@IPBV2@0@Z,0x003B6460,97,Code/GameEngine/Source/Common/Thing/ThingTemplate.cpp,reloc-derived;call-sites=1;identity=real
??$__copy_backward@PAUGen_t_003b6920_p128pod@@PAU1@H@_STL@@YAPAUGen_t_003b6920_p128pod@@PAU1@00ABUrandom_access_iterator_tag@0@PAH@Z,0x003B6800,75,Code/gen_small/tgrid_134.cpp,reloc-derived;call-sites=1;identity=generated
??0?$pair@$$CBUGen_t_003b6c90_k4@@UGen_t_003b6c90_p12cd@@@_STL@@QAE@ABU01@@Z,0x003B6BA0,116,Code/gen_small/tgrid_113.cpp,reloc-derived;call-sites=1;identity=generated
??$__copy_backward@PAUGen_t_003b6f50_p128pod@@PAU1@H@_STL@@YAPAUGen_t_003b6f50_p128pod@@PAU1@00ABUrandom_access_iterator_tag@0@PAH@Z,0x003B6D70,93,Code/gen_small/tgrid_134.cpp,reloc-derived;call-sites=1;identity=generated
?_M_insert_overflow@?$vector@UGen_t_003b6f80_p32cd@@V?$allocator@UGen_t_003b6f80_p32cd@@@_STL@@@_STL@@IAEXPAUGen_t_003b6f80_p32cd@@ABU3@ABU__false_type@2@I_N@Z,0x003B6DF0,267,Code/gen_small/tgrid_113.cpp,reloc-derived;call-sites=1;identity=generated
?handle@Gen003B6FD0@@QAEXPAX0@Z,0x003B6FD0,77,Code/GameEngine/Source/Common/FieldForwarders.cpp,reloc-derived;call-sites=1;identity=generated
??1Gen_dtor_003a7040@@UAE@XZ,0x003B7740,42,Code/gen_small/dtors_004.cpp,reloc-derived;call-sites=1;identity=generated
??1Gen_dtor_003a86a0@@UAE@XZ,0x003B7B80,14,Code/gen_small/dtors_004.cpp,reloc-derived;call-sites=1;identity=generated
??1Gen_dtor_003a87a0@@UAE@XZ,0x003B7D30,109,Code/gen_small/dtors_004.cpp,reloc-derived;call-sites=1;identity=generated
??1Gen_dtor_003a88e0@@UAE@XZ,0x003B7ED0,148,Code/gen_small/dtors_005.cpp,reloc-derived;call-sites=1;identity=generated
??1Gen_dtor_003a89c0@@UAE@XZ,0x003B8110,96,Code/gen_small/dtors_005.cpp,reloc-derived;call-sites=1;identity=generated
??1Gen_dtor_003a8b10@@UAE@XZ,0x003B8450,132,Code/gen_small/dtors_005.cpp,reloc-derived;call-sites=1;identity=generated
??1Gen_dtor_003a8b80@@UAE@XZ,0x003B85F0,14,Code/gen_small/dtors_005.cpp,reloc-derived;call-sites=1;identity=generated
?_M_copy@?$_Rb_tree@UGen_t_003b8f80_k4@@U1@U?$_Identity@UGen_t_003b8f80_k4@@@_STL@@U?$less@UGen_t_003b8f80_k4@@@3@V?$allocator@UGen_t_003b8f80_k4@@@3@@_STL@@AAEPAU?$_Rb_tree_node@UGen_t_003b8f80_k4@@@2@PAU32@0@Z,0x003B8B80,169,Code/gen_small/tgrid_124.cpp,reloc-derived;call-sites=1;identity=generated
??0?$pair@$$CBUGen_t_003ba380_k4@@UGen_t_003ba380_p12cd@@@_STL@@QAE@ABU01@@Z,0x003B9AD0,87,Code/gen_small/tgrid_114.cpp,reloc-derived;call-sites=1;identity=generated
??1Gen_dtor_003baa40@@UAE@XZ,0x003BA500,96,Code/gen_small/dtors_005.cpp,reloc-derived;call-sites=1;identity=generated
??1Gen_dtor_003ab740@@UAE@XZ,0x003BA580,83,Code/gen_small/dtors_005.cpp,reloc-derived;call-sites=1;identity=generated
??1Gen_dtor_003ab9c0@@UAE@XZ,0x003BA640,14,Code/gen_small/dtors_005.cpp,reloc-derived;call-sites=1;identity=generated
??0GenBase003BB1E0@@QAE@XZ,0x003BB1E0,81,Code/GameEngine/Source/Common/MidVptrOnlyDerivedCtors.cpp,reloc-derived;call-sites=2;identity=real
??1Gen_dtor_003bb4b0@@UAE@XZ,0x003BB260,93,Code/gen_small/dtors_005.cpp,reloc-derived;call-sites=1;identity=generated
??1Gen_dtor_003bb4e0@@UAE@XZ,0x003BB300,11,Code/gen_small/dtors_005.cpp,reloc-derived;call-sites=1;identity=generated
??1Gen_dtor_003bb510@@UAE@XZ,0x003BB330,11,Code/gen_small/dtors_005.cpp,reloc-derived;call-sites=1;identity=generated
??1Gen_dtor_003bc060@@UAE@XZ,0x003BBC20,145,Code/gen_small/dtors_005.cpp,reloc-derived;call-sites=1;identity=generated
??1Gen_dtor_003bc2b0@@UAE@XZ,0x003BC170,89,Code/gen_small/dtors_005.cpp,reloc-derived;call-sites=1;identity=generated
??$__uninitialized_copy@PBUGen_t_003be710_m12cd@@PAU1@@_STL@@YAPAUGen_t_003be710_m12cd@@PBU1@0PAU1@ABU__false_type@0@@Z,0x003BD480,120,Code/gen_small/fam_012.cpp,reloc-derived;call-sites=1;identity=generated
??$_M_allocate_and_copy@PAUGen_t_003c0ce0_p2pod@@@?$vector@UGen_t_003c0ce0_p2pod@@V?$allocator@UGen_t_003c0ce0_p2pod@@@_STL@@@_STL@@IAEPAUGen_t_003c0ce0_p2pod@@IPAU2@0@Z,0x003BE980,87,Code/gen_small/tgrid_114.cpp,reloc-derived;call-sites=1;identity=generated
?_M_fill_insert@?$list@UGen_t_003c0c40_m12cd@@V?$allocator@UGen_t_003c0c40_m12cd@@@_STL@@@_STL@@QAEXU?$_List_iterator@UGen_t_003c0c40_m12cd@@U?$_Nonconst_traits@UGen_t_003c0c40_m12cd@@@_STL@@@2@IABUGen_t_003c0c40_m12cd@@@Z,0x003C0000,65,Code/gen_small/fam_012.cpp,reloc-derived;call-sites=1;identity=generated
?_M_insert_overflow@?$vector@GV?$allocator@G@_STL@@@_STL@@IAEXPAGABGABU__true_type@2@I_N@Z,0x003C16A0,282,Code/GameEngine/Source/GameNetwork/GameSpy/GSConfig.cpp,reloc-derived;call-sites=1;identity=real
??1Gen_dtor_003c3730@@UAE@XZ,0x003C31D0,544,Code/gen_small/dtors_005.cpp,reloc-derived;call-sites=1;identity=generated
??1Gen_dtor_003c60a0@@UAE@XZ,0x003C5160,217,Code/gen_small/dtors_005.cpp,reloc-derived;call-sites=1;identity=generated
?Gen003C7780@@YAHHH@Z,0x003C7780,216,Code/GameEngine/Source/Common/BigObfHookWrappers.cpp,reloc-derived;call-sites=1;identity=generated
?Gen003C78B0@@YAHHH@Z,0x003C78B0,216,Code/GameEngine/Source/Common/BigObfHookWrappers.cpp,reloc-derived;call-sites=1;identity=generated
??0Obf003C86C0@@QAE@PAH0@Z,0x003C86C0,171,Code/GameEngine/Source/Common/BigObfHookWrappers.cpp,reloc-derived;call-sites=1;identity=real
??0Obf003C87A0@@QAE@PAH0@Z,0x003C87A0,171,Code/GameEngine/Source/Common/BigObfHookWrappers.cpp,reloc-derived;call-sites=1;identity=real
??1Gen_dtor_003c9b30@@UAE@XZ,0x003C97B0,366,Code/gen_small/dtors_005.cpp,reloc-derived;call-sites=1;identity=generated
??1Gen_dtor_003ca640@@UAE@XZ,0x003CA480,265,Code/gen_small/dtors_005.cpp,reloc-derived;call-sites=1;identity=generated
??$__median@HUQ4Sort003D15A0@@@_STL@@YAABHABH00UQ4Sort003D15A0@@@Z,0x003CC370,173,Code/GameEngine/Source/Common/Q4IntrosortLoop.cpp,reloc-derived;call-sites=1;identity=real
??0?$pair@$$CBUGen_t_003cd920_k4@@UGen_t_003cd920_p12cd@@@_STL@@QAE@ABU01@@Z,0x003CC780,212,Code/gen_small/tgrid_114.cpp,reloc-derived;call-sites=1;identity=generated
?b_00036a9d@@YAXXZ,0x003CC890,137,Code/GameEngine/Source/Common/S1CallThenMemberStore.cpp,reloc-derived;call-sites=1;identity=real
??0LargeGroupAudioUnusedKnownKeys@@QAE@ABV0@@Z,0x003CD590,87,Code/GameEngine/Source/Common/INI/INILargeGroupAudioUnusedKnownKeys.cpp,reloc-derived;call-sites=1;identity=real
??$_M_allocate_and_copy@PAUGen_t_003cf930_p8pod@@@?$vector@UGen_t_003cf930_p8pod@@V?$allocator@UGen_t_003cf930_p8pod@@@_STL@@@_STL@@IAEPAUGen_t_003cf930_p8pod@@IPAU2@0@Z,0x003CDA80,94,Code/gen_small/tgrid_114.cpp,reloc-derived;call-sites=1;identity=generated
?Gen003CDD00@@YAXPAPAHHHPAHUQ3HeapCompare@@@Z,0x003CDD00,131,Code/GameEngine/Source/Common/Q3HeapAlgorithmFamily.cpp,reloc-derived;call-sites=5;identity=generated
??1Gen_dtor_003cdea0@@UAE@XZ,0x003CDED0,95,Code/gen_small/dtors_005.cpp,reloc-derived;call-sites=1;identity=generated
??$__unguarded_partition@PAHHUQ4Sort003D15A0@@@_STL@@YAPAHPAH0HUQ4Sort003D15A0@@@Z,0x003CE380,100,Code/GameEngine/Source/Common/Q4IntrosortLoop.cpp,reloc-derived;call-sites=1;identity=real
?Gen003CEC30@@YAXPAUQ3SortElem4@@0UQ3SortCompare@@@Z,0x003CEC30,123,Code/GameEngine/Source/Common/Q3IntrosortFamilies.cpp,reloc-derived;call-sites=2;identity=generated
??0LargeGroupAudio@@QAE@XZ,0x003CEF00,176,Code/GameEngine/Source/Common/INI/INILargeGroupAudioUnusedKnownKeys.cpp,reloc-derived;call-sites=1;identity=real
?_M_insert_overflow@?$vector@UGen_t_003d12a0_p8pod@@V?$allocator@UGen_t_003d12a0_p8pod@@@_STL@@@_STL@@IAEXPAUGen_t_003d12a0_p8pod@@ABU3@ABU__false_type@2@I_N@Z,0x003CFF30,302,Code/gen_small/tgrid_134.cpp,reloc-derived;call-sites=1;identity=generated
??1Gen_dtor_003d1350@@UAE@XZ,0x003D0D70,295,Code/gen_small/dtors_005.cpp,reloc-derived;call-sites=1;identity=generated
??1Gen_dtor_003d2190@@UAE@XZ,0x003D18E0,298,Code/gen_small/dtors_005.cpp,reloc-derived;call-sites=1;identity=generated
??1Gen_dtor_003d2f10@@UAE@XZ,0x003D2D00,203,Code/gen_small/dtors_005.cpp,reloc-derived;call-sites=1;identity=generated
?equal_range@?$hashtable@U?$pair@$$CBHUGen_t_003d4680_m12pod@@@_STL@@HU?$hash@H@2@U?$_Select1st@U?$pair@$$CBHUGen_t_003d4680_m12pod@@@_STL@@@2@U?$equal_to@H@2@V?$allocator@U?$pair@$$CBHUGen_t_003d4680_m12pod@@@_STL@@@2@@_STL@@QAE?AU?$pair@U?$_Ht_iterator@U?$pair@$$CBHUGen_t_003d4680_m12pod@@@_STL@@U?$_Nonconst_traits@U?$pair@$$CBHUGen_t_003d4680_m12pod@@@_STL@@@2@HU?$hash@H@2@U?$_Select1st@U?$pair@$$CBHUGen_t_003d4680_m12pod@@@_STL@@@2@U?$equal_to@H@2@V?$allocator@U?$pair@$$CBHUGen_t_003d4680_m12pod@@@_STL@@@2@@_STL@@U12@@2@ABH@Z,0x003D4320,275,Code/gen_small/fam_012.cpp,reloc-derived;call-sites=1;identity=generated
??1LGA_MemberObj@@QAE@XZ,0x003D4490,129,Code/GameEngine/Source/Common/LargeGroupAudioUpdateModuleDataDestructorThunk.cpp,reloc-derived;call-sites=1;identity=real
?removeObjectFromPathfindMap@Pathfinder@@QAEXPAVObject@@@Z,0x003D5810,17,Code/GameEngine/Source/Common/Player_onStructureConstructionComplete_Thunk.cpp,reloc-derived;call-sites=1;identity=real
?addBridge@Pathfinder@@QAE?AW4PathfindLayerEnum@@PAVBridge@@@Z,0x003D5850,87,Code/GameEngine/Source/GameLogic/Map/TerrainLogic_addLandmarkBridgeToLogic_Thunk.cpp,reloc-derived;call-sites=1;identity=real
?validMovementTerrain@Pathfinder@@QAE_NHPBVLocomotor@@PBUCoord3D@@@Z,0x003D85C0,219,Code/GameEngine/Source/Common/TransportContain_isSpecificRiderFreeToExit_Thunk.cpp,reloc-derived;call-sites=1;identity=real
?_M_insert@?$_Rb_tree@IU?$pair@$$CBIUGen_t_003de190_m12pod@@@_STL@@U?$_Select1st@U?$pair@$$CBIUGen_t_003de190_m12pod@@@_STL@@@2@U?$less@I@2@V?$allocator@U?$pair@$$CBIUGen_t_003de190_m12pod@@@_STL@@@2@@_STL@@AAE?AU?$_Rb_tree_iterator@U?$pair@$$CBIUGen_t_003de190_m12pod@@@_STL@@U?$_Nonconst_traits@U?$pair@$$CBIUGen_t_003de190_m12pod@@@_STL@@@2@@2@PAU_Rb_tree_node_base@2@0ABU?$pair@$$CBIUGen_t_003de190_m12pod@@@2@0@Z,0x003DBEA0,176,Code/gen_small/fam_005.cpp,reloc-derived;call-sites=9;identity=generated
?insert_unique@?$_Rb_tree@IU?$pair@$$CBIUGen_t_003de190_m12pod@@@_STL@@U?$_Select1st@U?$pair@$$CBIUGen_t_003de190_m12pod@@@_STL@@@2@U?$less@I@2@V?$allocator@U?$pair@$$CBIUGen_t_003de190_m12pod@@@_STL@@@2@@_STL@@QAE?AU?$pair@U?$_Rb_tree_iterator@U?$pair@$$CBIUGen_t_003de190_m12pod@@@_STL@@U?$_Nonconst_traits@U?$pair@$$CBIUGen_t_003de190_m12pod@@@_STL@@@2@@_STL@@_N@2@ABU?$pair@$$CBIUGen_t_003de190_m12pod@@@2@@Z,0x003DBF80,145,Code/gen_small/fam_005.cpp,reloc-derived;call-sites=4;identity=generated
??1Gen_dtor_003de910@@UAE@XZ,0x003DC040,229,Code/gen_small/dtors_005.cpp,reloc-derived;call-sites=1;identity=generated
?_M_insert_overflow@?$vector@UGen_t_003e2530_p12pod@@V?$allocator@UGen_t_003e2530_p12pod@@@_STL@@@_STL@@IAEXPAUGen_t_003e2530_p12pod@@ABU3@ABU__false_type@2@I_N@Z,0x003DDF00,314,Code/gen_small/tgrid_134.cpp,reloc-derived;call-sites=1;identity=generated
??0TightenPathStruct@@QAE@PAVPathfinder@@PAVObject@@PBVLocomotorSet@@W4PathfindLayerEnum@@PBUCoord3D@@@Z,0x003E1720,92,Code/GameEngine/Source/GameLogic/AI/pathfind_tightenPath.cpp,reloc-derived;call-sites=1;identity=real
?removeGoal@Pathfinder@@QAEXPAVObject@@@Z,0x003E3D20,466,Code/GameEngine/Source/Common/AIMoveAndTightenState_onEnter_Thunk.cpp,reloc-derived;call-sites=2;identity=real
?iterateCellsAlongLine@Pathfinder@@AAEXPBUICoord2D@@0W4PathfindLayerEnum@@PAUMADStruct@@@Z,0x003ED9F0,475,Code/GameEngine/Source/Common/Pathfinder_moveAlliesAwayFromDestination_Thunk.cpp,reloc-derived;call-sites=1;identity=real
?iterateCellsAlongLine@Pathfinder@@IAEHABUICoord2D@@0W4PathfindLayerEnum@@PAX@Z,0x003F1F00,475,Code/GameEngine/Source/GameLogic/AI/pathfind_tightenPath.cpp,reloc-derived;call-sites=1;identity=real
?releaseInto@MixFileInfoBuffer@@QAEXPAX@Z,0x003F6E10,105,Code/Libraries/Source/WWVegas/WWLib/MixFileCreator_FileInfoStruct_dtor.cpp,reloc-derived;call-sites=1;identity=real
?_M_insert_overflow@?$vector@UGen_t_003f90f0_p8pod@@V?$allocator@UGen_t_003f90f0_p8pod@@@_STL@@@_STL@@IAEXPAUGen_t_003f90f0_p8pod@@ABU3@ABU__false_type@2@I_N@Z,0x003F8EF0,302,Code/gen_small/tgrid_134.cpp,reloc-derived;call-sites=1;identity=generated
??1Gen_dtor_001500d0@@UAE@XZ,0x003FEB80,27,Code/gen_small/dtors_001.cpp,reloc-derived;call-sites=1;identity=generated
?_M_insert@?$_Rb_tree@IU?$pair@$$CBIUGen_t_00400a90_m12pod@@@_STL@@U?$_Select1st@U?$pair@$$CBIUGen_t_00400a90_m12pod@@@_STL@@@2@U?$less@I@2@V?$allocator@U?$pair@$$CBIUGen_t_00400a90_m12pod@@@_STL@@@2@@_STL@@AAE?AU?$_Rb_tree_iterator@U?$pair@$$CBIUGen_t_00400a90_m12pod@@@_STL@@U?$_Nonconst_traits@U?$pair@$$CBIUGen_t_00400a90_m12pod@@@_STL@@@2@@2@PAU_Rb_tree_node_base@2@0ABU?$pair@$$CBIUGen_t_00400a90_m12pod@@@2@0@Z,0x003FF7F0,176,Code/gen_small/fam_005.cpp,reloc-derived;call-sites=9;identity=generated
?insert_unique@?$_Rb_tree@IU?$pair@$$CBIUGen_t_00400a90_m12pod@@@_STL@@U?$_Select1st@U?$pair@$$CBIUGen_t_00400a90_m12pod@@@_STL@@@2@U?$less@I@2@V?$allocator@U?$pair@$$CBIUGen_t_00400a90_m12pod@@@_STL@@@2@@_STL@@QAE?AU?$pair@U?$_Rb_tree_iterator@U?$pair@$$CBIUGen_t_00400a90_m12pod@@@_STL@@U?$_Nonconst_traits@U?$pair@$$CBIUGen_t_00400a90_m12pod@@@_STL@@@2@@_STL@@_N@2@ABU?$pair@$$CBIUGen_t_00400a90_m12pod@@@2@@Z,0x003FF8D0,145,Code/gen_small/fam_005.cpp,reloc-derived;call-sites=4;identity=generated
?_M_insert@?$_Rb_tree@HU?$pair@$$CBHUGen_t_00400d80_p12cd@@@_STL@@U?$_Select1st@U?$pair@$$CBHUGen_t_00400d80_p12cd@@@_STL@@@2@U?$less@H@2@V?$allocator@U?$pair@$$CBHUGen_t_00400d80_p12cd@@@_STL@@@2@@_STL@@AAE?AU?$_Rb_tree_iterator@U?$pair@$$CBHUGen_t_00400d80_p12cd@@@_STL@@U?$_Nonconst_traits@U?$pair@$$CBHUGen_t_00400d80_p12cd@@@_STL@@@2@@2@PAU_Rb_tree_node_base@2@0ABU?$pair@$$CBHUGen_t_00400d80_p12cd@@@2@0@Z,0x003FF990,176,Code/gen_small/tgrid_114.cpp,reloc-derived;call-sites=9;identity=generated
?insert_unique@?$_Rb_tree@HU?$pair@$$CBHUGen_t_00400d80_p12cd@@@_STL@@U?$_Select1st@U?$pair@$$CBHUGen_t_00400d80_p12cd@@@_STL@@@2@U?$less@H@2@V?$allocator@U?$pair@$$CBHUGen_t_00400d80_p12cd@@@_STL@@@2@@_STL@@QAE?AU?$pair@U?$_Rb_tree_iterator@U?$pair@$$CBHUGen_t_00400d80_p12cd@@@_STL@@U?$_Nonconst_traits@U?$pair@$$CBHUGen_t_00400d80_p12cd@@@_STL@@@2@@_STL@@_N@2@ABU?$pair@$$CBHUGen_t_00400d80_p12cd@@@2@@Z,0x003FFA70,145,Code/gen_small/tgrid_114.cpp,reloc-derived;call-sites=4;identity=generated
?_M_insert_overflow@?$vector@UGen_t_004019b0_m4pod@@V?$allocator@UGen_t_004019b0_m4pod@@@_STL@@@_STL@@IAEXPAUGen_t_004019b0_m4pod@@ABU3@ABU__false_type@2@I_N@Z,0x004014A0,282,Code/gen_small/fam_019.cpp,reloc-derived;call-sites=1;identity=generated
?_M_insert@?$_Rb_tree@IU?$pair@$$CBIUGen_t_004065d0_m12pod@@@_STL@@U?$_Select1st@U?$pair@$$CBIUGen_t_004065d0_m12pod@@@_STL@@@2@U?$less@I@2@V?$allocator@U?$pair@$$CBIUGen_t_004065d0_m12pod@@@_STL@@@2@@_STL@@AAE?AU?$_Rb_tree_iterator@U?$pair@$$CBIUGen_t_004065d0_m12pod@@@_STL@@U?$_Nonconst_traits@U?$pair@$$CBIUGen_t_004065d0_m12pod@@@_STL@@@2@@2@PAU_Rb_tree_node_base@2@0ABU?$pair@$$CBIUGen_t_004065d0_m12pod@@@2@0@Z,0x00405CD0,176,Code/gen_small/fam_005.cpp,reloc-derived;call-sites=9;identity=generated
?insert_unique@?$_Rb_tree@IU?$pair@$$CBIUGen_t_004065d0_m12pod@@@_STL@@U?$_Select1st@U?$pair@$$CBIUGen_t_004065d0_m12pod@@@_STL@@@2@U?$less@I@2@V?$allocator@U?$pair@$$CBIUGen_t_004065d0_m12pod@@@_STL@@@2@@_STL@@QAE?AU?$pair@U?$_Rb_tree_iterator@U?$pair@$$CBIUGen_t_004065d0_m12pod@@@_STL@@U?$_Nonconst_traits@U?$pair@$$CBIUGen_t_004065d0_m12pod@@@_STL@@@2@@_STL@@_N@2@ABU?$pair@$$CBIUGen_t_004065d0_m12pod@@@2@@Z,0x00405DB0,145,Code/gen_small/fam_005.cpp,reloc-derived;call-sites=4;identity=generated
?m@Gen_00409040Registry@@QAEXPAX@Z,0x00409040,103,Code/GameEngine/Source/Common/Gen_00604be0.cpp,reloc-derived;call-sites=1;identity=generated
??1Gen_dtor_00409420@@UAE@XZ,0x00409250,60,Code/gen_small/dtors_005.cpp,reloc-derived;call-sites=1;identity=generated
??1Gen_dtor_0040b080@@UAE@XZ,0x0040ADF0,70,Code/gen_small/dtors_005.cpp,reloc-derived;call-sites=1;identity=generated
??1Gen_dtor_0040b0b0@@UAE@XZ,0x0040AEB0,121,Code/gen_small/dtors_005.cpp,reloc-derived;call-sites=1;identity=generated
??1Gen_dtor_0040b0e0@@UAE@XZ,0x0040AFF0,104,Code/gen_small/dtors_005.cpp,reloc-derived;call-sites=1;identity=generated
??1Gen_dtor_0040b1d0@@UAE@XZ,0x0040B200,82,Code/gen_small/dtors_005.cpp,reloc-derived;call-sites=1;identity=generated
??1Gen_dtor_0040ba10@@UAE@XZ,0x0040BA40,137,Code/gen_small/dtors_005.cpp,reloc-derived;call-sites=1;identity=generated
??1Gen_dtor_0040ce00@@UAE@XZ,0x0040CB20,226,Code/gen_small/dtors_005.cpp,reloc-derived;call-sites=1;identity=generated
??1Gen_dtor_0040fe10@@UAE@XZ,0x0040F6D0,134,Code/gen_small/dtors_005.cpp,reloc-derived;call-sites=1;identity=generated
??1Gen_dtor_004102a0@@UAE@XZ,0x00410290,11,Code/gen_small/dtors_005.cpp,reloc-derived;call-sites=1;identity=generated
?calcPhysicsXformHoverOrWings@Drawable@@IAEXPBVLocomotor@@AAUPhysicsXformInfo@1@@Z,0x00410E10,195,Code/GameEngine/Source/GameClient/Drawable_calcPhysicsXform_Thunk.cpp,reloc-derived;call-sites=1;identity=real
?setID@Drawable@@QAEXW4DrawableID@@@Z,0x00411600,141,Code/GameEngine/Source/GameClient/GameClient.cpp,reloc-derived;call-sites=1;identity=real
?alt@Gen_00417cb0@@QAEXXZ,0x00411BE0,55,Code/GameEngine/Source/Common/Gen_00417cb0.cpp,reloc-derived;call-sites=1;identity=generated
?invoke@S4Sink004135C0@@QAEXABVAsciiString@@HHHH@Z,0x004135C0,81,Code/GameEngine/Source/Common/S4LuaStringCommands.cpp,reloc-derived;call-sites=4;identity=real
?getPristineBonePositions@BFMEDrawableBoneQuery@@QBEHPBDHPAUCoord3D@@PAVMatrix3D@@HH@Z,0x00413850,175,Code/GameEngine/Source/GameLogic/Object/Object.cpp,reloc-derived;call-sites=1;identity=real
?calcPhysicsXformTreads@Drawable@@IAEXPBVLocomotor@@AAUPhysicsXformInfo@1@@Z,0x004143F0,1013,Code/GameEngine/Source/GameClient/Drawable_calcPhysicsXform_Thunk.cpp,reloc-derived;call-sites=1;identity=real
?Q1Selector0000286A@@YGPAXH@Z,0x00416F20,97,Code/GameEngine/Source/Common/Q1OrdinalSelectorFallbacks.cpp,reloc-derived;call-sites=8;identity=real
?query@Q2FlagOwner@@QAE_NH@Z,0x00416FC0,19,Code/GameEngine/Source/Common/Q2QueriedIndexAssignments.cpp,reloc-derived;call-sites=10;identity=real
?getPerUnitSound@ThingTemplate@@QBEPBVAudioEventRTS@@ABVAsciiString@@@Z,0x00416FE0,97,Code/GameEngine/Source/GameLogic/AI/TurretAIStartRotOrPitchSoundThunk.cpp,reloc-derived;call-sites=1;identity=real
??1Gen_dtor_0041b990@@UAE@XZ,0x00419A10,747,Code/gen_small/dtors_005.cpp,reloc-derived;call-sites=1;identity=generated
?getProjectileLaunchOffset@Drawable@@QBE_NW4WeaponSlotType@@HPAVMatrix3D@@W4WhichTurretType@@PAUCoord3D@@3@Z,0x0041B9C0,196,Code/GameEngine/Source/GameLogic/Object/Weapon.cpp,reloc-derived;call-sites=1;identity=real
?replaceModelConditionState@Drawable@@QAEXABVModelConditionFlags@@II@Z,0x0041CCD0,323,Code/GameEngine/Source/GameLogic/Object/Object_notifyModelConditionChanged.cpp,reloc-derived;call-sites=1;identity=real
?getPosition@BFMERopeDrawable@@QBEPBUCoord3D@@XZ,0x0041D090,147,Code/GameEngineDevice/Source/W3DDevice/GameClient/Drawable/W3DRopeDraw.cpp,reloc-derived;call-sites=1;identity=real
?calcPhysicsXformThrust@Drawable@@IAEXPBVLocomotor@@AAUPhysicsXformInfo@1@@Z,0x00420B60,1740,Code/GameEngine/Source/GameClient/Drawable_calcPhysicsXform_Thunk.cpp,reloc-derived;call-sites=1;identity=real
?_bfme_serviceHighestPriorityCheck@Eva@@AAEXXZ,0x004237E0,716,Code/GameEngine/Source/GameClient/EvaUpdate.cpp,reloc-derived;call-sites=1;identity=real
?gen00423E90@@YAXPAX0@Z,0x00423E90,93,Code/GameEngine/Source/Common/SubobjectConstructingFactories.cpp,reloc-derived;call-sites=1;identity=generated
?evaluate@Gen004246F0@@QAEPAXPAX@Z,0x004246F0,159,Code/GameEngine/Source/Common/SelfPairReturners.cpp,reloc-derived;call-sites=4;identity=generated
?gen00424E90@@YAPAXXZ,0x00424E90,65,Code/GameEngine/Source/Common/CachedPointerFills.cpp,reloc-derived;call-sites=1;identity=generated
?_M_insert_overflow@?$vector@UGen_t_004258e0_p24cd@@V?$allocator@UGen_t_004258e0_p24cd@@@_STL@@@_STL@@IAEXPAUGen_t_004258e0_p24cd@@ABU3@ABU__false_type@2@I_N@Z,0x00425270,335,Code/gen_small/tgrid_115.cpp,reloc-derived;call-sites=1;identity=generated
??$__copy_backward@PAUGen_t_00425fc0_p128pod@@PAU1@H@_STL@@YAPAUGen_t_00425fc0_p128pod@@PAU1@00ABUrandom_access_iterator_tag@0@PAH@Z,0x004259E0,103,Code/gen_small/tgrid_134.cpp,reloc-derived;call-sites=1;identity=generated
??$__copy_backward@PAUGen_t_00425ff0_p128pod@@PAU1@H@_STL@@YAPAUGen_t_00425ff0_p128pod@@PAU1@00ABUrandom_access_iterator_tag@0@PAH@Z,0x00425A60,103,Code/gen_small/tgrid_134.cpp,reloc-derived;call-sites=1;identity=generated
??$__copy_backward@PAUGen_t_00426060_p128pod@@PAU1@H@_STL@@YAPAUGen_t_00426060_p128pod@@PAU1@00ABUrandom_access_iterator_tag@0@PAH@Z,0x00425AE0,105,Code/gen_small/tgrid_134.cpp,reloc-derived;call-sites=1;identity=generated
?gen00425EC0@@YAXPAUElem28@@PBU1@@Z,0x00425EC0,94,Code/GameEngine/Source/Common/ElementStrideWalks.cpp,reloc-derived;call-sites=4;identity=generated
??1EvaCheckInfoVec@@QAE@XZ,0x00426220,166,Code/GameEngine/Source/GameClient/EvaDestructor.cpp,reloc-derived;call-sites=2;identity=real
??1Gen_dtor_00428700@@UAE@XZ,0x00428730,85,Code/gen_small/dtors_005.cpp,reloc-derived;call-sites=1;identity=generated
??1Gen_dtor_0042a170@@UAE@XZ,0x0042A1A0,127,Code/gen_small/dtors_005.cpp,reloc-derived;call-sites=1;identity=generated
??1Gen_dtor_0042cdc0@@UAE@XZ,0x0042B5D0,106,Code/gen_small/dtors_005.cpp,reloc-derived;call-sites=1;identity=generated
??1Gen_dtor_0042b9c0@@UAE@XZ,0x0042B9F0,136,Code/gen_small/dtors_005.cpp,reloc-derived;call-sites=1;identity=generated
??1Gen_dtor_0042d7a0@@UAE@XZ,0x0042D7D0,175,Code/gen_small/dtors_005.cpp,reloc-derived;call-sites=1;identity=generated
?doFxAtBones@FXListAtBonePosFXNugget@@IBEXPBVObject@@H@Z,0x0042D8E0,356,Code/GameEngine/Source/GameClient/FXList.cpp,reloc-derived;call-sites=2;identity=real
?clear@?$hashtable@U?$pair@$$CBHUGen_t_0042dd70_p12cd@@@_STL@@HU?$hash@H@2@U?$_Select1st@U?$pair@$$CBHUGen_t_0042dd70_p12cd@@@_STL@@@2@U?$equal_to@H@2@V?$allocator@U?$pair@$$CBHUGen_t_0042dd70_p12cd@@@_STL@@@2@@_STL@@QAEXXZ,0x0042DC10,95,Code/gen_small/tgrid_128.cpp,reloc-derived;call-sites=1;identity=generated
??1Gen_dtor_0042e0a0@@UAE@XZ,0x0042DE50,98,Code/gen_small/dtors_005.cpp,reloc-derived;call-sites=1;identity=generated
?_M_insert@?$hashtable@U?$pair@$$CBIPAX@_STL@@IU?$hash@I@2@U?$_Select1st@U?$pair@$$CBIPAX@_STL@@@2@U?$equal_to@I@2@V?$allocator@U?$pair@$$CBIPAX@_STL@@@2@@_STL@@QAEAAU?$pair@$$CBIPAX@2@ABU32@@Z,0x00431070,111,Code/gen_small/fam_018.cpp,reloc-derived;call-sites=1;identity=real
??1Gen_dtor_00432750@@UAE@XZ,0x00431380,1040,Code/gen_small/dtors_005.cpp,reloc-derived;call-sites=1;identity=generated
??1Gen_dtor_00433f90@@UAE@XZ,0x00433AE0,128,Code/gen_small/dtors_005.cpp,reloc-derived;call-sites=1;identity=generated
??$__uninitialized_copy@PBUGen_t_00434540_m12cd@@PAU1@@_STL@@YAPAUGen_t_00434540_m12cd@@PBU1@0PAU1@ABU__false_type@0@@Z,0x00433CF0,120,Code/gen_small/fam_012.cpp,reloc-derived;call-sites=1;identity=generated
?_M_insert_overflow@?$vector@UGen_t_004359f0_p8cd@@V?$allocator@UGen_t_004359f0_p8cd@@@_STL@@@_STL@@IAEXPAUGen_t_004359f0_p8cd@@ABU3@ABU__false_type@2@I_N@Z,0x004358A0,268,Code/gen_small/tgrid_115.cpp,reloc-derived;call-sites=1;identity=generated
?Gen004371E0@@YAXPAX0000@Z,0x004371E0,99,Code/GameEngine/Source/Common/Q2TrailingZeroForwarders.cpp,reloc-derived;call-sites=1;identity=generated
?Gen00437260@@YAXPAX0000@Z,0x00437260,99,Code/GameEngine/Source/Common/Q2TrailingZeroForwarders.cpp,reloc-derived;call-sites=1;identity=generated
?Gen00438270@@YAXPAUQ3SortElem8@@0UQ3SortCompare@@@Z,0x00438270,76,Code/GameEngine/Source/Common/Q3IntrosortFamilies.cpp,reloc-derived;call-sites=1;identity=generated
?gen004384D0@@YAXPAX00H0@Z,0x004384D0,161,Code/GameEngine/Source/Common/ConstantZeroForwarders.cpp,reloc-derived;call-sites=1;identity=generated
?Gen004388C0@@YAXPAUQ3SortElem8@@00HUQ3SortCompare@@@Z,0x004388C0,147,Code/GameEngine/Source/Common/Q3IntrosortFamilies.cpp,reloc-derived;call-sites=1;identity=generated
??1Gen_dtor_0043a4b0@@UAE@XZ,0x0043A130,512,Code/gen_small/dtors_005.cpp,reloc-derived;call-sites=1;identity=generated
?clearPopupMessageData@InGameUI@@QAEXXZ,0x0043B890,125,Code/GameEngine/Source/GameClient/GUI/GUICallbacks/InGamePopupMessage.cpp,reloc-derived;call-sites=1;identity=real
??1Gen_dtor_00440a10@@UAE@XZ,0x0043D9F0,127,Code/gen_small/dtors_005.cpp,reloc-derived;call-sites=1;identity=generated
??1Gen_dtor_0043db00@@UAE@XZ,0x0043DB30,83,Code/gen_small/dtors_005.cpp,reloc-derived;call-sites=1;identity=generated
??1Gen_dtor_0043f480@@UAE@XZ,0x0043F4B0,14,Code/gen_small/dtors_005.cpp,reloc-derived;call-sites=1;identity=generated
??1Gen_dtor_00442290@@UAE@XZ,0x0043F550,101,Code/gen_small/dtors_005.cpp,reloc-derived;call-sites=1;identity=generated
?removeNamedTimer@InGameUI@@QAEXABVAsciiString@@@Z,0x0044A1B0,113,Code/GameEngine/Source/GameClient/InGameUI_addNamedTimer_Thunk.cpp,reloc-derived;call-sites=1;identity=real
??A?$map@VAsciiString@@PAVNamedTimerInfo@@U?$less@VAsciiString@@@_STL@@V?$allocator@U?$pair@$$CBVAsciiString@@PAVNamedTimerInfo@@@_STL@@@4@@_STL@@QAEAAPAVNamedTimerInfo@@ABVAsciiString@@@Z,0x0044A860,169,Code/GameEngine/Source/GameClient/InGameUI_addNamedTimer_Thunk.cpp,reloc-derived;call-sites=1;identity=real
?_M_insert@?$_Rb_tree@VUnicodeString@@U?$pair@$$CBVUnicodeString@@_N@_STL@@U?$_Select1st@U?$pair@$$CBVUnicodeString@@_N@_STL@@@3@UUnicodeStringLessThan@@V?$allocator@U?$pair@$$CBVUnicodeString@@_N@_STL@@@3@@_STL@@AAE?AU?$_Rb_tree_iterator@U?$pair@$$CBVUnicodeString@@_N@_STL@@U?$_Nonconst_traits@U?$pair@$$CBVUnicodeString@@_N@_STL@@@2@@2@PAU_Rb_tree_node_base@2@0ABU?$pair@$$CBVUnicodeString@@_N@2@0@Z,0x0044D810,262,Code/GameEngine/Source/GameClient/LanguageFilter.cpp,reloc-derived;call-sites=8;identity=real
?insert_unique@?$_Rb_tree@VUnicodeString@@U?$pair@$$CBVUnicodeString@@_N@_STL@@U?$_Select1st@U?$pair@$$CBVUnicodeString@@_N@_STL@@@3@UUnicodeStringLessThan@@V?$allocator@U?$pair@$$CBVUnicodeString@@_N@_STL@@@3@@_STL@@QAE?AU?$pair@U?$_Rb_tree_iterator@U?$pair@$$CBVUnicodeString@@_N@_STL@@U?$_Nonconst_traits@U?$pair@$$CBVUnicodeString@@_N@_STL@@@2@@_STL@@_N@2@ABU?$pair@$$CBVUnicodeString@@_N@2@@Z,0x0044D960,446,Code/GameEngine/Source/GameClient/LanguageFilter.cpp,reloc-derived;call-sites=2;identity=real
??$__uninitialized_copy@PBUGen_t_00451e60_m12cd@@PAU1@@_STL@@YAPAUGen_t_00451e60_m12cd@@PBU1@0PAU1@ABU__false_type@0@@Z,0x00450B90,208,Code/gen_small/fam_013.cpp,reloc-derived;call-sites=1;identity=generated
?getUserMapDir@MapCache@@QBE?AVAsciiString@@XZ,0x00451460,318,Code/GameEngine/Source/GameClient/MapUtil.cpp,reloc-derived;call-sites=1;identity=real
??$__median@HUQ4Sort004566F0@@@_STL@@YAABHABH00UQ4Sort004566F0@@@Z,0x00452670,130,Code/GameEngine/Source/Common/Q4IntrosortLoop.cpp,reloc-derived;call-sites=1;identity=real
??$__unguarded_partition@PAHHUQ4Sort004566F0@@@_STL@@YAPAHPAH0HUQ4Sort004566F0@@@Z,0x00452720,121,Code/GameEngine/Source/Common/Q4IntrosortLoop.cpp,reloc-derived;call-sites=1;identity=real
??$__median@HUQ4Sort004567A0@@@_STL@@YAABHABH00UQ4Sort004567A0@@@Z,0x004527C0,130,Code/GameEngine/Source/Common/Q4IntrosortLoop.cpp,reloc-derived;call-sites=1;identity=real
??$__unguarded_partition@PAHHUQ4Sort004567A0@@@_STL@@YAPAHPAH0HUQ4Sort004567A0@@@Z,0x00452870,121,Code/GameEngine/Source/Common/Q4IntrosortLoop.cpp,reloc-derived;call-sites=1;identity=real
?Gen00453200@@YAXPAPAHHHPAHUQ3HeapCompare@@@Z,0x00453200,113,Code/GameEngine/Source/Common/Q3HeapAlgorithmFamily.cpp,reloc-derived;call-sites=5;identity=generated
?Gen00453290@@YAXPAPAHHHPAHUQ3HeapCompare@@@Z,0x00453290,113,Code/GameEngine/Source/Common/Q3HeapAlgorithmFamily.cpp,reloc-derived;call-sites=5;identity=generated
?Gen004539D0@@YAXPAUQ3SortElem4@@0UQ3SortCompare@@@Z,0x004539D0,109,Code/GameEngine/Source/Common/Q3IntrosortFamilies.cpp,reloc-derived;call-sites=2;identity=generated
?Gen00453A80@@YAXPAUQ3SortElem4@@0UQ3SortCompare@@@Z,0x00453A80,109,Code/GameEngine/Source/Common/Q3IntrosortFamilies.cpp,reloc-derived;call-sites=2;identity=generated
?resize@?$vector@UICoord2D@@V?$allocator@UICoord2D@@@_STL@@@_STL@@QAEXI@Z,0x00453DF0,90,Code/GameEngine/Source/GameClient/MapUtil.cpp,reloc-derived;call-sites=1;identity=real
?writeCacheINI@MapCache@@AAEX_N@Z,0x004550C0,1814,Code/GameEngine/Source/GameClient/MapUtil.cpp,reloc-derived;call-sites=1;identity=real
?loadUserMaps@MapCache@@AAE_NXZ,0x004577C0,288,Code/GameEngine/Source/GameClient/MapUtil.cpp,reloc-derived;call-sites=1;identity=real
?createRadiusDecal@RadiusDecalTemplate@@QBEXABUCoord3D@@MPBVPlayer@@AAVRadiusDecal@@@Z,0x00458C80,376,Code/GameEngine/Source/GameLogic/Object/Update/RadiusDecalUpdate.cpp,reloc-derived;call-sites=1;identity=real
?setOpacity@Shadow@@QAEXH@Z,0x004597A0,169,Code/GameEngine/Source/GameClient/RadiusDecal.cpp,reloc-derived;call-sites=2;identity=real
??4WeatherSetting@@QAEAAV0@ABV0@@Z,0x0045A9D0,205,Code/GameEngine/Source/GameClient/Snow.cpp,reloc-derived;call-sites=1;identity=real
??1Gen_dtor_0045afb0@@UAE@XZ,0x0045AFE0,95,Code/gen_small/dtors_005.cpp,reloc-derived;call-sites=1;identity=generated
??1Gen_dtor_0045b2b0@@UAE@XZ,0x0045B060,166,Code/gen_small/dtors_005.cpp,reloc-derived;call-sites=1;identity=generated
??1Gen_dtor_0045c440@@UAE@XZ,0x0045C1B0,14,Code/gen_small/dtors_005.cpp,reloc-derived;call-sites=1;identity=generated
?bfmePushBack@BFMEAnimateWindowListPush@@QAEXABQAVAnimateWindow@@@Z,0x0045DAE0,45,Code/GameEngine/Source/GameClient/GUI/AnimateWindowManager.cpp,reloc-derived;call-sites=2;identity=real
??0Gen_t_0045f870_p12cd@@QAE@ABU0@@Z,0x0045E830,163,Code/gen_small/tgrid_116.cpp,reloc-derived;call-sites=1;identity=generated
?handle@Gen0045F510@@QAEXPAXH@Z,0x0045F510,41,Code/GameEngine/Source/Common/SpanCountForwarders.cpp,reloc-derived;call-sites=2;identity=generated
?handle@Gen0045F5C0@@QAEXPAXH@Z,0x0045F5C0,41,Code/GameEngine/Source/Common/SpanCountForwarders.cpp,reloc-derived;call-sites=2;identity=generated
?handle@Gen0045F600@@QAEXPAXH@Z,0x0045F600,41,Code/GameEngine/Source/Common/SpanCountForwarders.cpp,reloc-derived;call-sites=2;identity=generated
?gen004603F0@@YAXPAX0@Z,0x004603F0,86,Code/GameEngine/Source/Common/SubobjectConstructingFactories.cpp,reloc-derived;call-sites=1;identity=generated
?erase@?$hashtable@U?$pair@$$CBHUGen_t_00461570_p12cd@@@_STL@@HU?$hash@H@2@U?$_Select1st@U?$pair@$$CBHUGen_t_00461570_p12cd@@@_STL@@@2@U?$equal_to@H@2@V?$allocator@U?$pair@$$CBHUGen_t_00461570_p12cd@@@_STL@@@2@@_STL@@QAEXABU?$_Ht_iterator@U?$pair@$$CBHUGen_t_00461570_p12cd@@@_STL@@U?$_Const_traits@U?$pair@$$CBHUGen_t_00461570_p12cd@@@_STL@@@2@HU?$hash@H@2@U?$_Select1st@U?$pair@$$CBHUGen_t_00461570_p12cd@@@_STL@@@2@U?$equal_to@H@2@V?$allocator@U?$pair@$$CBHUGen_t_00461570_p12cd@@@_STL@@@2@@2@@Z,0x004609B0,154,Code/gen_small/tgrid_128.cpp,reloc-derived;call-sites=1;identity=generated
?erase@?$hashtable@U?$pair@$$CBHUGen_t_004615a0_p12cd@@@_STL@@HU?$hash@H@2@U?$_Select1st@U?$pair@$$CBHUGen_t_004615a0_p12cd@@@_STL@@@2@U?$equal_to@H@2@V?$allocator@U?$pair@$$CBHUGen_t_004615a0_p12cd@@@_STL@@@2@@_STL@@QAEXABU?$_Ht_iterator@U?$pair@$$CBHUGen_t_004615a0_p12cd@@@_STL@@U?$_Const_traits@U?$pair@$$CBHUGen_t_004615a0_p12cd@@@_STL@@@2@HU?$hash@H@2@U?$_Select1st@U?$pair@$$CBHUGen_t_004615a0_p12cd@@@_STL@@@2@U?$equal_to@H@2@V?$allocator@U?$pair@$$CBHUGen_t_004615a0_p12cd@@@_STL@@@2@@2@@Z,0x00460A70,154,Code/gen_small/tgrid_128.cpp,reloc-derived;call-sites=1;identity=generated
?evaluate@Gen00460B30@@QAEPAXPAX@Z,0x00460B30,159,Code/GameEngine/Source/Common/SelfPairReturners.cpp,reloc-derived;call-sites=2;identity=generated
?evaluate@Gen00460C00@@QAEPAXPAX@Z,0x00460C00,159,Code/GameEngine/Source/Common/SelfPairReturners.cpp,reloc-derived;call-sites=2;identity=generated
?evaluate@Gen00460CD0@@QAEPAXPAX@Z,0x00460CD0,159,Code/GameEngine/Source/Common/SelfPairReturners.cpp,reloc-derived;call-sites=2;identity=generated
?_M_skip_to_next@?$_Hashtable_iterator@U?$pair@$$CBVAsciiString@@PAUAudioEventInfo@@@_STL@@VAsciiString@@U?$hash@VAsciiString@@@rts@@U?$_Select1st@U?$pair@$$CBVAsciiString@@PAUAudioEventInfo@@@_STL@@@2@U?$equal_to@VAsciiString@@@5@V?$allocator@U?$pair@$$CBVAsciiString@@PAUAudioEventInfo@@@_STL@@@2@@_STL@@QAEPAU?$_Hashtable_node@U?$pair@$$CBVAsciiString@@PAUAudioEventInfo@@@_STL@@@2@XZ,0x00460DA0,65,Code/gen_small/zhstl_005.cpp,reloc-derived;call-sites=1;identity=real
?clear@?$hashtable@U?$pair@$$CBHUGen_t_00461d30_p12cd@@@_STL@@HU?$hash@H@2@U?$_Select1st@U?$pair@$$CBHUGen_t_00461d30_p12cd@@@_STL@@@2@U?$equal_to@H@2@V?$allocator@U?$pair@$$CBHUGen_t_00461d30_p12cd@@@_STL@@@2@@_STL@@QAEXXZ,0x004612E0,95,Code/gen_small/tgrid_128.cpp,reloc-derived;call-sites=1;identity=generated
?_M_skip_to_next@?$_Hashtable_iterator@U?$pair@$$CBVAsciiString@@PAUAudioEventInfo@@@_STL@@VAsciiString@@U?$hash@VAsciiString@@@rts@@U?$_Select1st@U?$pair@$$CBVAsciiString@@PAUAudioEventInfo@@@_STL@@@2@U?$equal_to@VAsciiString@@@5@V?$allocator@U?$pair@$$CBVAsciiString@@PAUAudioEventInfo@@@_STL@@@2@@_STL@@QAEPAU?$_Hashtable_node@U?$pair@$$CBVAsciiString@@PAUAudioEventInfo@@@_STL@@@2@XZ,0x00461480,65,Code/gen_small/zhstl_005.cpp,reloc-derived;call-sites=1;identity=real
??1Gen_dtor_004654c0@@UAE@XZ,0x00464E20,140,Code/gen_small/dtors_005.cpp,reloc-derived;call-sites=1;identity=generated
??0BfmeAptScreenLoadScreen@@QAE@PAX@Z,0x00465310,141,Code/GameEngine/Source/GameClient/AptScreenFactories.cpp,reloc-derived;call-sites=1;identity=real
??1Gen_dtor_00465500@@UAE@XZ,0x00465430,113,Code/gen_small/dtors_005.cpp,reloc-derived;call-sites=1;identity=generated
?handle@Gen00467A00@@QAEXPAXH@Z,0x00467A00,41,Code/GameEngine/Source/Common/SpanCountForwarders.cpp,reloc-derived;call-sites=2;identity=generated
?handle@Gen00467A40@@QAEXPAXH@Z,0x00467A40,41,Code/GameEngine/Source/Common/SpanCountForwarders.cpp,reloc-derived;call-sites=2;identity=generated
?handle@Gen00467A80@@QAEXPAXH@Z,0x00467A80,41,Code/GameEngine/Source/Common/SpanCountForwarders.cpp,reloc-derived;call-sites=2;identity=generated
?handle@Gen00467AC0@@QAEXPAXH@Z,0x00467AC0,41,Code/GameEngine/Source/Common/SpanCountForwarders.cpp,reloc-derived;call-sites=2;identity=generated
?handle@Gen00467B00@@QAEXPAXH@Z,0x00467B00,41,Code/GameEngine/Source/Common/SpanCountForwarders.cpp,reloc-derived;call-sites=2;identity=generated
?handle@Gen00467B40@@QAEXPAXH@Z,0x00467B40,41,Code/GameEngine/Source/Common/SpanCountForwarders.cpp,reloc-derived;call-sites=2;identity=generated
?handle@Gen00467B80@@QAEXPAXH@Z,0x00467B80,41,Code/GameEngine/Source/Common/SpanCountForwarders.cpp,reloc-derived;call-sites=2;identity=generated
??0?$pair@$$CBUGen_t_004697d0_k4@@UGen_t_004697d0_p12cd@@@_STL@@QAE@ABU01@@Z,0x00467D60,87,Code/gen_small/tgrid_116.cpp,reloc-derived;call-sites=1;identity=generated
?gen00469840@@YAXPAX0@Z,0x00469840,86,Code/GameEngine/Source/Common/SubobjectConstructingFactories.cpp,reloc-derived;call-sites=1;identity=generated
?evaluate@Gen0046A130@@QAEPAXPAX@Z,0x0046A130,159,Code/GameEngine/Source/Common/SelfPairReturners.cpp,reloc-derived;call-sites=2;identity=generated
?evaluate@Gen0046A200@@QAEPAXPAX@Z,0x0046A200,159,Code/GameEngine/Source/Common/SelfPairReturners.cpp,reloc-derived;call-sites=2;identity=generated
?evaluate@Gen0046A2D0@@QAEPAXPAX@Z,0x0046A2D0,159,Code/GameEngine/Source/Common/SelfPairReturners.cpp,reloc-derived;call-sites=2;identity=generated
?evaluate@Gen0046A3A0@@QAEPAXPAX@Z,0x0046A3A0,159,Code/GameEngine/Source/Common/SelfPairReturners.cpp,reloc-derived;call-sites=2;identity=generated
?evaluate@Gen0046A470@@QAEPAXPAX@Z,0x0046A470,159,Code/GameEngine/Source/Common/SelfPairReturners.cpp,reloc-derived;call-sites=3;identity=generated
?evaluate@Gen0046A540@@QAEPAXPAX@Z,0x0046A540,159,Code/GameEngine/Source/Common/SelfPairReturners.cpp,reloc-derived;call-sites=2;identity=generated
?evaluate@Gen0046A610@@QAEPAXPAX@Z,0x0046A610,159,Code/GameEngine/Source/Common/SelfPairReturners.cpp,reloc-derived;call-sites=3;identity=generated
?gen0046A6E0@@YAXPAX0@Z,0x0046A6E0,86,Code/GameEngine/Source/Common/SubobjectConstructingFactories.cpp,reloc-derived;call-sites=1;identity=generated
?gen0046A7F0@@YAXPAX0@Z,0x0046A7F0,86,Code/GameEngine/Source/Common/SubobjectConstructingFactories.cpp,reloc-derived;call-sites=1;identity=generated
?h0046B2B0@Glo00EF19E8@@QAEXH@Z,0x0046B2B0,105,Code/GameEngine/Source/Common/R1ForwardToStoredObject.cpp,reloc-derived;call-sites=1;identity=real
??1Gen_dtor_0046e820@@UAE@XZ,0x0046D8E0,317,Code/gen_small/dtors_005.cpp,reloc-derived;call-sites=1;identity=generated
??0GenBase0046E5E0@@QAE@XZ,0x0046E5E0,455,Code/GameEngine/Source/Common/MidVptrOnlyDerivedCtors.cpp,reloc-derived;call-sites=1;identity=real
??1Gen_dtor_004705f0@@UAE@XZ,0x00470360,109,Code/gen_small/dtors_005.cpp,reloc-derived;call-sites=1;identity=generated
??0BfmeQuickMatchScreenBase@@QAE@PAX@Z,0x00470620,86,Code/GameEngine/Source/GameClient/AptScreenFactories.cpp,reloc-derived;call-sites=2;identity=real
??0Locomotor@@IAE@PBVLocomotorTemplate@@@Z,0x00470720,199,Code/GameEngine/Source/GameLogic/Object/LocomotorStoreNewLocomotorThunk.cpp,reloc-derived;call-sites=1;identity=real
??1Gen_dtor_00471850@@UAE@XZ,0x00471480,233,Code/gen_small/dtors_005.cpp,reloc-derived;call-sites=1;identity=generated
??1Gen_dtor_004724d0@@UAE@XZ,0x00471F80,98,Code/gen_small/dtors_005.cpp,reloc-derived;call-sites=1;identity=generated
??1Gen_dtor_004734d0@@UAE@XZ,0x004734B0,14,Code/gen_small/dtors_005.cpp,reloc-derived;call-sites=1;identity=generated
?Gen00473A40@@YAXPAX0000@Z,0x00473A40,72,Code/GameEngine/Source/Common/Q2TrailingZeroForwarders.cpp,reloc-derived;call-sites=1;identity=generated
?gen00473B00@@YAXPAX0@Z,0x00473B00,30,Code/GameEngine/Source/Common/SubobjectConstructingFactories.cpp,reloc-derived;call-sites=1;identity=generated
?gen004741D0@@YAXPAX0@Z,0x004741D0,86,Code/GameEngine/Source/Common/SubobjectConstructingFactories.cpp,reloc-derived;call-sites=1;identity=generated
?_M_insert@?$_Rb_tree@HU?$pair@$$CBHUGen_t_00474d90_p12cd@@@_STL@@U?$_Select1st@U?$pair@$$CBHUGen_t_00474d90_p12cd@@@_STL@@@2@U?$less@H@2@V?$allocator@U?$pair@$$CBHUGen_t_00474d90_p12cd@@@_STL@@@2@@_STL@@AAE?AU?$_Rb_tree_iterator@U?$pair@$$CBHUGen_t_00474d90_p12cd@@@_STL@@U?$_Nonconst_traits@U?$pair@$$CBHUGen_t_00474d90_p12cd@@@_STL@@@2@@2@PAU_Rb_tree_node_base@2@0ABU?$pair@$$CBHUGen_t_00474d90_p12cd@@@2@0@Z,0x004745F0,176,Code/gen_small/tgrid_116.cpp,reloc-derived;call-sites=9;identity=generated
?insert_unique@?$_Rb_tree@HU?$pair@$$CBHUGen_t_00474d90_p12cd@@@_STL@@U?$_Select1st@U?$pair@$$CBHUGen_t_00474d90_p12cd@@@_STL@@@2@U?$less@H@2@V?$allocator@U?$pair@$$CBHUGen_t_00474d90_p12cd@@@_STL@@@2@@_STL@@QAE?AU?$pair@U?$_Rb_tree_iterator@U?$pair@$$CBHUGen_t_00474d90_p12cd@@@_STL@@U?$_Nonconst_traits@U?$pair@$$CBHUGen_t_00474d90_p12cd@@@_STL@@@2@@_STL@@_N@2@ABU?$pair@$$CBHUGen_t_00474d90_p12cd@@@2@@Z,0x004746D0,145,Code/gen_small/tgrid_116.cpp,reloc-derived;call-sites=4;identity=generated
?gen004749F0@@YAXPAX00HH@Z,0x004749F0,116,Code/GameEngine/Source/Common/ConstantZeroForwarders.cpp,reloc-derived;call-sites=1;identity=generated
?gen00474A90@@YAXPAX0H0@Z,0x00474A90,70,Code/GameEngine/Source/Common/ConstantZeroForwarders.cpp,reloc-derived;call-sites=1;identity=generated
?Gen00020D65@@YAXPAVRva00476880Elem@@0PAX@Z,0x004761D0,89,Code/GameEngine/Source/Common/S3FinalInsertionSortSplits.cpp,reloc-derived;call-sites=2;identity=generated
??1Gen_dtor_00476aa0@@UAE@XZ,0x004762D0,105,Code/gen_small/dtors_005.cpp,reloc-derived;call-sites=1;identity=generated
??1Gen_dtor_00476410@@UAE@XZ,0x00476440,98,Code/gen_small/dtors_005.cpp,reloc-derived;call-sites=1;identity=generated
?gen004768F0@@YAXPAX00H0@Z,0x004768F0,130,Code/GameEngine/Source/Common/ConstantZeroForwarders.cpp,reloc-derived;call-sites=1;identity=generated
??0BFMERetailFontLibrary@@QAE@XZ,0x004769A0,205,Code/GameEngineDevice/Source/W3DDevice/GameClient/W3DGameClient.cpp,reloc-derived;call-sites=1;identity=real
?_M_insert_overflow@?$vector@UGen_t_00477580_p16cd@@V?$allocator@UGen_t_00477580_p16cd@@@_STL@@@_STL@@IAEXPAUGen_t_00477580_p16cd@@ABU3@ABU__false_type@2@I_N@Z,0x00477050,267,Code/gen_small/tgrid_116.cpp,reloc-derived;call-sites=1;identity=generated
?Gen004775D0@@YAXPAUQ3SortElem16@@00HUQ3SortCompare@@@Z,0x004775D0,217,Code/GameEngine/Source/Common/Q3IntrosortFamilies.cpp,reloc-derived;call-sites=1;identity=generated
?winDrawBorder@GameWindow@@QAEXXZ,0x00478460,15,Code/GameEngine/Source/GameClient/GUI/GameWindowManager_drawWindow_Thunk.cpp,reloc-derived;call-sites=2;identity=real
?winSetFont@GameWindow@@UAEXPAVGameFont@@@Z,0x00478550,131,Code/GameEngine/Source/GameClient/GUI/Gadget/GadgetComboBox.cpp,reloc-derived;call-sites=2;identity=real
?winSetEnabledBorderColor@GameWindow@@QAEHHH@Z,0x00479040,37,Code/GameEngine/Source/GameClient/GUI/Gadget/GadgetComboBox.cpp,reloc-derived;call-sites=6;identity=real
?winSetDisabledBorderColor@GameWindow@@QAEHHH@Z,0x004790E0,40,Code/GameEngine/Source/GameClient/GUI/Gadget/GadgetComboBox.cpp,reloc-derived;call-sites=6;identity=real
?winSetHiliteBorderColor@GameWindow@@QAEHHH@Z,0x00479190,40,Code/GameEngine/Source/GameClient/GUI/Gadget/GadgetComboBox.cpp,reloc-derived;call-sites=6;identity=real
??0GenBase00479230@@QAE@XZ,0x00479230,17,Code/GameEngine/Source/Common/MidVptrOnlyDerivedCtors.cpp,reloc-derived;call-sites=1;identity=real
??1Gen_dtor_00479b50@@UAE@XZ,0x004793C0,102,Code/gen_small/dtors_005.cpp,reloc-derived;call-sites=1;identity=generated
?processDestroyList@GameWindowManager@@IAEXXZ,0x0047C0E0,131,Code/GameEngine/Source/GameClient/GUI/GameWindowManager.cpp,reloc-derived;call-sites=3;identity=real
??$__median@HUQ4Sort00483F70@@@_STL@@YAABHABH00UQ4Sort00483F70@@@Z,0x0047D8F0,122,Code/GameEngine/Source/Common/Q4IntrosortLoop.cpp,reloc-derived;call-sites=1;identity=real
?Gen0047E4F0@@YAXPAPAHHHPAHUQ3HeapCompare@@@Z,0x0047E4F0,111,Code/GameEngine/Source/Common/Q3HeapAlgorithmFamily.cpp,reloc-derived;call-sites=5;identity=generated
??$__unguarded_partition@PAHHUQ4Sort00483F70@@@_STL@@YAPAHPAH0HUQ4Sort00483F70@@@Z,0x00483360,108,Code/GameEngine/Source/Common/Q4IntrosortLoop.cpp,reloc-derived;call-sites=1;identity=real
??0TwiddlerClassBase@@QAE@XZ,0x00483760,127,Code/Libraries/Source/WWVegas/WW3D2/TwiddlerClass_ctor.cpp,reloc-derived;call-sites=1;identity=real
?Gen00483B90@@YAXPAUQ3SortElem4@@0UQ3SortCompare@@@Z,0x00483B90,109,Code/GameEngine/Source/Common/Q3IntrosortFamilies.cpp,reloc-derived;call-sites=2;identity=generated
?h004893E0@Glo00EF3330@@QAEXXZ,0x004893E0,31,Code/GameEngine/Source/Common/R1GuardedReleaseHelpers.cpp,reloc-derived;call-sites=1;identity=real
??1Gen_dtor_00489c60@@UAE@XZ,0x00489BE0,95,Code/gen_small/dtors_005.cpp,reloc-derived;call-sites=1;identity=generated
?isFinished@GameWindowTransitionsHandler@@QAE_NXZ,0x0048A4D0,54,Code/GameEngine/Source/GameClient/GUI/GUICallbacks/Menus/NetworkDirectConnect.cpp,reloc-derived;call-sites=2;identity=real
??1Gen_dtor_0048acc0@@UAE@XZ,0x0048AB20,190,Code/gen_small/dtors_005.cpp,reloc-derived;call-sites=1;identity=generated
?setGroup@TransitionHandler@@QAEXVAsciiString@@H@Z,0x0048AD80,249,Code/GameEngine/Source/Common/ControlBar_onPlayerRankChanged_Thunk.cpp,reloc-derived;call-sites=1;identity=real
?reverse@GameWindowTransitionsHandler@@QAEXVAsciiString@@@Z,0x0048AEC0,230,Code/GameEngine/Source/GameClient/GUI/GUICallbacks/Menus/LanGameOptionsMenu.cpp,reloc-derived;call-sites=6;identity=real
?_M_insert@?$hashtable@U?$pair@$$CBW4NameKeyType@@P6APAVTransition@@XZ@_STL@@W4NameKeyType@@U?$hash@W4NameKeyType@@@rts@@U?$_Select1st@U?$pair@$$CBW4NameKeyType@@P6APAVTransition@@XZ@_STL@@@2@U?$equal_to@W4NameKeyType@@@5@V?$allocator@U?$pair@$$CBW4NameKeyType@@P6APAVTransition@@XZ@_STL@@@2@@_STL@@QAEAAU?$pair@$$CBW4NameKeyType@@P6APAVTransition@@XZ@2@ABU32@@Z,0x0048B2C0,111,Code/GameEngine/Source/GameClient/GUI/GameWindowManager.cpp,reloc-derived;call-sites=1;identity=real
??1Gen_dtor_0048b8a0@@UAE@XZ,0x0048B410,255,Code/gen_small/dtors_005.cpp,reloc-derived;call-sites=1;identity=generated
?getNewGroup@GameWindowTransitionsHandler@@QAEPAVTransitionGroup@@VAsciiString@@@Z,0x0048B550,253,Code/GameEngine/Source/Common/INI/INIWindowTransition.cpp,reloc-derived;call-sites=1;identity=real
??0GameWindowTransitionsHandler@@QAE@XZ,0x0048BF40,210,Code/GameEngine/Source/GameClient/GUI/GameWindowManager.cpp,reloc-derived;call-sites=1;identity=real
??1Gen_dtor_0042e400@@UAE@XZ,0x0048C5B0,165,Code/gen_small/dtors_005.cpp,reloc-derived;call-sites=1;identity=generated
??1Gen_dtor_0048cce0@@UAE@XZ,0x0048CCD0,11,Code/gen_small/dtors_005.cpp,reloc-derived;call-sites=1;identity=generated
??0Gen0048D200@@QAE@XZ,0x0048D200,161,Code/GameEngine/Source/Common/Q4NewNiladicFactories.cpp,reloc-derived;call-sites=1;identity=generated
??1Gen_dtor_0048dea0@@UAE@XZ,0x0048D8B0,216,Code/gen_small/dtors_005.cpp,reloc-derived;call-sites=1;identity=generated
??1Gen_dtor_0048f590@@UAE@XZ,0x0048F3E0,232,Code/gen_small/dtors_005.cpp,reloc-derived;call-sites=1;identity=generated
??1Gen_dtor_004901c0@@UAE@XZ,0x00490100,150,Code/gen_small/dtors_005.cpp,reloc-derived;call-sites=1;identity=generated
??1Gen_dtor_00491030@@UAE@XZ,0x00490350,97,Code/gen_small/dtors_005.cpp,reloc-derived;call-sites=1;identity=generated
?b_00490420@@YAXXZ,0x00490420,40,Code/GameEngine/Source/Common/Gen_0051b690.cpp,reloc-derived;call-sites=1;identity=real
??1Gen_dtor_00491060@@UAE@XZ,0x00490470,107,Code/gen_small/dtors_005.cpp,reloc-derived;call-sites=1;identity=generated
??1Gen_dtor_00491090@@UAE@XZ,0x00490550,18,Code/gen_small/dtors_005.cpp,reloc-derived;call-sites=1;identity=generated
??1Gen_dtor_00491260@@UAE@XZ,0x00490890,197,Code/gen_small/dtors_005.cpp,reloc-derived;call-sites=1;identity=generated
??1Gen_dtor_00491290@@UAE@XZ,0x00490AC0,316,Code/gen_small/dtors_005.cpp,reloc-derived;call-sites=1;identity=generated
??1Gen_dtor_004912c0@@UAE@XZ,0x00490E10,184,Code/gen_small/dtors_005.cpp,reloc-derived;call-sites=1;identity=generated
?newMap@TerrainLogic@@UAEX_N@Z,0x004914C0,109,Code/GameEngineDevice/Source/W3DDevice/GameLogic/W3DTerrainLogic_newMap.cpp,reloc-derived;call-sites=1;identity=real
??1Gen_dtor_00492370@@UAE@XZ,0x00491620,134,Code/gen_small/dtors_005.cpp,reloc-derived;call-sites=1;identity=generated
??1Gen_dtor_004923a0@@UAE@XZ,0x00491940,201,Code/gen_small/dtors_005.cpp,reloc-derived;call-sites=1;identity=generated
??1Gen_dtor_004923d0@@UAE@XZ,0x00491DB0,101,Code/gen_small/dtors_005.cpp,reloc-derived;call-sites=1;identity=generated
?handle@Gen00020B5D@@QAEXH@Z,0x004943E0,34,Code/GameEngine/Source/Common/S1ByteFlagBranches.cpp,reloc-derived;call-sites=1;identity=generated
??1WindowVideo@@QAE@XZ,0x004981A0,116,Code/GameEngine/Source/GameClient/GUI/WindowVideoManagerCtor.cpp,reloc-derived;call-sites=4;identity=real
?init@WinInstanceData@@QAEXXZ,0x00499850,596,Code/GameEngine/Source/GameClient/GUI/WinInstanceData.cpp,reloc-derived;call-sites=1;identity=real
??1Gen_dtor_00499e00@@UAE@XZ,0x00499BD0,180,Code/gen_small/dtors_005.cpp,reloc-derived;call-sites=1;identity=generated
?isValidToUseOn@CommandButton@@QBE_NPBVObject@@0PBUCoord3D@@W4CommandSourceType@@@Z,0x0049B0A0,329,Code/GameEngine/Source/GameLogic/ScriptEngine/ScriptActions_doTeamUseCommandButtonOnNamed_Thunk.cpp,reloc-derived;call-sites=1;identity=real
??1Gen_dtor_0049c560@@UAE@XZ,0x0049C020,556,Code/gen_small/dtors_005.cpp,reloc-derived;call-sites=1;identity=generated
??1Gen_dtor_0049c8d0@@UAE@XZ,0x0049C740,101,Code/gen_small/dtors_005.cpp,reloc-derived;call-sites=1;identity=generated
?newCommandSet@ControlBar@@IAEPAVCommandSet@@ABVAsciiString@@@Z,0x0049CD10,104,Code/GameEngine/Source/Common/INI/INICommandSet.cpp,reloc-derived;call-sites=1;identity=real
??$__copy_backward@PAUGen_t_0049e6a0_p128pod@@PAU1@H@_STL@@YAPAUGen_t_0049e6a0_p128pod@@PAU1@00ABUrandom_access_iterator_tag@0@PAH@Z,0x0049D5D0,77,Code/gen_small/tgrid_134.cpp,reloc-derived;call-sites=1;identity=generated
??1Gen_dtor_0049e750@@UAE@XZ,0x0049DA40,464,Code/gen_small/dtors_005.cpp,reloc-derived;call-sites=1;identity=generated
?onPlayerSciencePurchasePointsChanged@ControlBar@@QAEXPAVPlayer@@@Z,0x0049DD20,111,Code/GameEngine/Source/Common/RTS/Player_addSciencePurchasePoints.cpp,reloc-derived;call-sites=1;identity=real
?newCommandButton@ControlBar@@IAEPAVCommandButton@@ABVAsciiString@@@Z,0x0049DDB0,113,Code/GameEngine/Source/Common/INI/INICommandButton.cpp,reloc-derived;call-sites=1;identity=real
?newCommandSetOverride@ControlBar@@IAEPAVCommandSet@@PAV2@@Z,0x0049DE40,147,Code/GameEngine/Source/Common/INI/INICommandSet.cpp,reloc-derived;call-sites=1;identity=real
?setLowControlBarConfig@ControlBar@@IAEXXZ,0x0049E120,136,Code/GameEngine/Source/GameClient/GUI/ControlBar/ControlBar.cpp,reloc-derived;call-sites=1;identity=real
?switchToContext@ControlBar@@IAEXW4ControlBarContext@@PAVDrawable@@@Z,0x0049E780,1251,Code/GameEngine/Source/GameClient/GUI/ControlBar/ControlBarProcessCommandTransitionUIThunk.cpp,reloc-derived;call-sites=1;identity=real
?findNonConstCommandButton@ControlBar@@IAEPAVCommandButton@@ABVAsciiString@@@Z,0x004A01B0,151,Code/GameEngine/Source/Common/INI/INICommandButton.cpp,reloc-derived;call-sites=4;identity=real
?equal_range@?$hashtable@U?$pair@$$CBHUGen_t_004a6e00_m12pod@@@_STL@@HU?$hash@H@2@U?$_Select1st@U?$pair@$$CBHUGen_t_004a6e00_m12pod@@@_STL@@@2@U?$equal_to@H@2@V?$allocator@U?$pair@$$CBHUGen_t_004a6e00_m12pod@@@_STL@@@2@@_STL@@QAE?AU?$pair@U?$_Ht_iterator@U?$pair@$$CBHUGen_t_004a6e00_m12pod@@@_STL@@U?$_Nonconst_traits@U?$pair@$$CBHUGen_t_004a6e00_m12pod@@@_STL@@@2@HU?$hash@H@2@U?$_Select1st@U?$pair@$$CBHUGen_t_004a6e00_m12pod@@@_STL@@@2@U?$equal_to@H@2@V?$allocator@U?$pair@$$CBHUGen_t_004a6e00_m12pod@@@_STL@@@2@@_STL@@U12@@2@ABH@Z,0x004A6D40,145,Code/gen_small/fam_013.cpp,reloc-derived;call-sites=1;identity=generated
?updateContextOCLTimer@ControlBar@@AAEXXZ,0x004AA980,188,Code/GameEngine/Source/GameClient/GUI/ControlBar/ControlBarConstructionText.cpp,reloc-derived;call-sites=1;identity=real
??1Gen_dtor_004ace00@@UAE@XZ,0x004ACD70,12,Code/gen_small/dtors_005.cpp,reloc-derived;call-sites=1;identity=generated
?reset@ControlBarScheme@@QAEXXZ,0x004AD250,357,Code/GameEngine/Source/GameClient/GUI/ControlBar/ControlBarScheme.cpp,reloc-derived;call-sites=1;identity=real
?findControlBarScheme@ControlBarSchemeManager@@QAEPAVControlBarScheme@@VAsciiString@@@Z,0x004AD740,245,Code/GameEngine/Source/GameClient/GUI/ControlBar/ControlBarScheme.cpp,reloc-derived;call-sites=1;identity=real
?setControlBarSchemeByPlayerTemplate@ControlBarSchemeManager@@QAEXPBVPlayerTemplate@@_N@Z,0x004ADE40,454,Code/GameEngine/Source/GameClient/GUI/ControlBar/ControlBar.cpp,reloc-derived;call-sites=1;identity=real
??1Gen_dtor_004b05d0@@UAE@XZ,0x004B0350,91,Code/gen_small/dtors_005.cpp,reloc-derived;call-sites=1;identity=generated
?gen004B05A0@@YAXPAX0@Z,0x004B05A0,30,Code/GameEngine/Source/Common/SubobjectConstructingFactories.cpp,reloc-derived;call-sites=1;identity=generated
?_M_insert@?$_Rb_tree@IU?$pair@$$CBIUGen_t_004b1370_m12pod@@@_STL@@U?$_Select1st@U?$pair@$$CBIUGen_t_004b1370_m12pod@@@_STL@@@2@U?$less@I@2@V?$allocator@U?$pair@$$CBIUGen_t_004b1370_m12pod@@@_STL@@@2@@_STL@@AAE?AU?$_Rb_tree_iterator@U?$pair@$$CBIUGen_t_004b1370_m12pod@@@_STL@@U?$_Nonconst_traits@U?$pair@$$CBIUGen_t_004b1370_m12pod@@@_STL@@@2@@2@PAU_Rb_tree_node_base@2@0ABU?$pair@$$CBIUGen_t_004b1370_m12pod@@@2@0@Z,0x004B0BA0,176,Code/gen_small/fam_005.cpp,reloc-derived;call-sites=9;identity=generated
?insert_unique@?$_Rb_tree@IU?$pair@$$CBIUGen_t_004b1370_m12pod@@@_STL@@U?$_Select1st@U?$pair@$$CBIUGen_t_004b1370_m12pod@@@_STL@@@2@U?$less@I@2@V?$allocator@U?$pair@$$CBIUGen_t_004b1370_m12pod@@@_STL@@@2@@_STL@@QAE?AU?$pair@U?$_Rb_tree_iterator@U?$pair@$$CBIUGen_t_004b1370_m12pod@@@_STL@@U?$_Nonconst_traits@U?$pair@$$CBIUGen_t_004b1370_m12pod@@@_STL@@@2@@_STL@@_N@2@ABU?$pair@$$CBIUGen_t_004b1370_m12pod@@@2@@Z,0x004B0C80,145,Code/gen_small/fam_005.cpp,reloc-derived;call-sites=4;identity=generated
??1Gen_dtor_004b1970@@UAE@XZ,0x004B1670,133,Code/gen_small/dtors_005.cpp,reloc-derived;call-sites=1;identity=generated
?gen004B4010@@YAXPAX000@Z,0x004B4010,539,Code/GameEngine/Source/Common/ExplicitThisForwarders.cpp,reloc-derived;call-sites=1;identity=generated
?gen004B5530@@YAXPAX000@Z,0x004B5530,951,Code/GameEngine/Source/Common/ExplicitThisForwarders.cpp,reloc-derived;call-sites=1;identity=generated
?GadgetListBoxSetColors@@YAXPAVGameWindow@@HHHHHHHHHHHH@Z,0x004B6D40,885,Code/GameEngine/Source/GameClient/GUI/Gadget/GadgetComboBox.cpp,reloc-derived;call-sites=1;identity=real
?adjustDisplay@@YAXPAVGameWindow@@_N@Z,0x004B7B20,299,Code/GameEngine/Source/GameClient/GUI/Gadget/GadgetListBox.cpp,reloc-derived;call-sites=1;identity=real
?adjustDisplay@@YAXPAVGameWindow@@H_N@Z,0x004B7CA0,135,Code/GameEngine/Source/GameClient/GUI/Gadget/GadgetListBoxSetBottomVisibleEntry.cpp,reloc-derived;call-sites=2;identity=real
?gen004BC7E0@@YAXPAX000@Z,0x004BC7E0,114,Code/GameEngine/Source/Common/ExplicitThisForwarders.cpp,reloc-derived;call-sites=1;identity=generated
?gen004BE340@@YAXPAX000@Z,0x004BE340,744,Code/GameEngine/Source/Common/ExplicitThisForwarders.cpp,reloc-derived;call-sites=1;identity=generated
?gen004BFBE0@@YAXPAX000@Z,0x004BFBE0,806,Code/GameEngine/Source/Common/ExplicitThisForwarders.cpp,reloc-derived;call-sites=1;identity=generated
?HideControlBar@@YAX_N@Z,0x004C0C80,320,Code/GameEngine/Source/GameLogic/ScriptEngine/ScriptActions.cpp,reloc-derived;call-sites=1;identity=real
?ShowControlBar@@YAX_N@Z,0x004C0E10,439,Code/GameEngine/Source/GameLogic/ScriptEngine/ScriptActions.cpp,reloc-derived;call-sites=1;identity=real
?PopulateInGameDiplomacyPopup@@YAXXZ,0x004C3800,1194,Code/GameEngine/Source/GameClient/GUI/GUICallbacks/Diplomacy.cpp,reloc-derived;call-sites=2;identity=real
??$__find_if@V?$reverse_iterator@PBD@_STL@@U?$_Eq_char_bound@V?$char_traits@D@_STL@@@2@@_STL@@YA?AV?$reverse_iterator@PBD@0@V10@0U?$_Eq_char_bound@V?$char_traits@D@_STL@@@0@ABUrandom_access_iterator_tag@0@@Z,0x004C4530,154,Code/gen_small/tgrid_004.cpp,reloc-derived;call-sites=1;identity=real
??1Gen_dtor_0058fdf0@@UAE@XZ,0x004C56E0,26,Code/gen_small/dtors_006.cpp,reloc-derived;call-sites=1;identity=generated
??1Mem004C5700@@QAE@XZ,0x004C5700,112,Code/GameEngine/Source/Common/BigTwoMemberDtors.cpp,reloc-derived;call-sites=1;identity=real
??1Mem004C57D0@@QAE@XZ,0x004C57D0,112,Code/GameEngine/Source/Common/BigTwoMemberDtors.cpp,reloc-derived;call-sites=1;identity=real
??1Gen_dtor_004c6100@@UAE@XZ,0x004C6130,85,Code/gen_small/dtors_005.cpp,reloc-derived;call-sites=1;identity=generated
?MessageBoxOk@@YAPAVGameWindow@@VUnicodeString@@0P6AXXZ@Z,0x004C6730,259,Code/GameEngine/Source/GameClient/GUI/GUICallbacks/Menus/DownloadMenu.cpp,reloc-derived;call-sites=2;identity=real
?_M_insert@?$_Rb_tree@PBVLadderInfo@@PBV1@U?$_Identity@PBVLadderInfo@@@_STL@@U?$less@PBVLadderInfo@@@3@V?$allocator@PBVLadderInfo@@@3@@_STL@@AAE?AU?$_Rb_tree_iterator@PBVLadderInfo@@U?$_Nonconst_traits@PBVLadderInfo@@@_STL@@@2@PAU_Rb_tree_node_base@2@0ABQBVLadderInfo@@0@Z,0x004D4A10,179,Code/GameEngine/Source/GameClient/GUI/GUICallbacks/Menus/PopupHostGame.cpp,reloc-derived;call-sites=1;identity=real
??$append@PBG@?$basic_string@GV?$char_traits@G@_STL@@V?$allocator@G@2@@_STL@@AAEAAV01@PBG0ABUforward_iterator_tag@1@@Z,0x004D4FC0,338,Code/GameEngine/Source/GameClient/GUI/GUICallbacks/Menus/PopupHostGame.cpp,reloc-derived;call-sites=2;identity=real
?_M_copy@?$_Rb_tree@HU?$pair@$$CBHUGen_t_004d57f0_p16cd@@@_STL@@U?$_Select1st@U?$pair@$$CBHUGen_t_004d57f0_p16cd@@@_STL@@@2@U?$less@H@2@V?$allocator@U?$pair@$$CBHUGen_t_004d57f0_p16cd@@@_STL@@@2@@_STL@@AAEPAU?$_Rb_tree_node@U?$pair@$$CBHUGen_t_004d57f0_p16cd@@@_STL@@@2@PAU32@0@Z,0x004D56E0,171,Code/gen_small/tgrid_117.cpp,reloc-derived;call-sites=1;identity=generated
?PopulatePlayerInfoWindows@@YAXVAsciiString@@@Z,0x004DBE80,4126,Code/GameEngine/Source/GameClient/GUI/GUICallbacks/Menus/WOLWelcomeMenu.cpp,reloc-derived;call-sites=2;identity=real
?_M_insert@?$_Rb_tree@HU?$pair@$$CBHUGen_t_004e5130_p12cd@@@_STL@@U?$_Select1st@U?$pair@$$CBHUGen_t_004e5130_p12cd@@@_STL@@@2@U?$less@H@2@V?$allocator@U?$pair@$$CBHUGen_t_004e5130_p12cd@@@_STL@@@2@@_STL@@AAE?AU?$_Rb_tree_iterator@U?$pair@$$CBHUGen_t_004e5130_p12cd@@@_STL@@U?$_Nonconst_traits@U?$pair@$$CBHUGen_t_004e5130_p12cd@@@_STL@@@2@@2@PAU_Rb_tree_node_base@2@0ABU?$pair@$$CBHUGen_t_004e5130_p12cd@@@2@0@Z,0x004E4E80,176,Code/gen_small/tgrid_117.cpp,reloc-derived;call-sites=9;identity=generated
?insert_unique@?$_Rb_tree@HU?$pair@$$CBHUGen_t_004e5130_p12cd@@@_STL@@U?$_Select1st@U?$pair@$$CBHUGen_t_004e5130_p12cd@@@_STL@@@2@U?$less@H@2@V?$allocator@U?$pair@$$CBHUGen_t_004e5130_p12cd@@@_STL@@@2@@_STL@@QAE?AU?$pair@U?$_Rb_tree_iterator@U?$pair@$$CBHUGen_t_004e5130_p12cd@@@_STL@@U?$_Nonconst_traits@U?$pair@$$CBHUGen_t_004e5130_p12cd@@@_STL@@@2@@_STL@@_N@2@ABU?$pair@$$CBHUGen_t_004e5130_p12cd@@@2@@Z,0x004E4F60,145,Code/gen_small/tgrid_117.cpp,reloc-derived;call-sites=4;identity=generated
?grabMultiPlayerInfo@@YAXXZ,0x004E8050,568,Code/GameEngine/Source/GameClient/GUI/GUICallbacks/Menus/ScoreScreen.cpp,reloc-derived;call-sites=1;identity=real
?_M_insert@?$_Rb_tree@HU?$pair@$$CBHVBuddyInfo@@@_STL@@U?$_Select1st@U?$pair@$$CBHVBuddyInfo@@@_STL@@@2@U?$less@H@2@V?$allocator@U?$pair@$$CBHVBuddyInfo@@@_STL@@@2@@_STL@@AAE?AU?$_Rb_tree_iterator@U?$pair@$$CBHVBuddyInfo@@@_STL@@U?$_Nonconst_traits@U?$pair@$$CBHVBuddyInfo@@@_STL@@@2@@2@PAU_Rb_tree_node_base@2@0ABU?$pair@$$CBHVBuddyInfo@@@2@0@Z,0x004EBC90,176,Code/GameEngine/Source/GameClient/GUI/GUICallbacks/Menus/WOLBuddyOverlayInsertUnique.cpp,reloc-derived;call-sites=10;identity=real
??1Gen_t_004f9c00_p12cd@@QAE@XZ,0x004F10B0,89,Code/gen_small/tgrid_117.cpp,reloc-derived;call-sites=1;identity=generated
??0Gen_t_00631eb0_p12cd@@QAE@ABU0@@Z,0x004F1120,158,Code/gen_small/tgrid_119.cpp,reloc-derived;call-sites=1;identity=generated
??4GameSpyStagingRoom@@QAEAAV0@ABV0@@Z,0x004F15B0,344,Code/GameEngine/Source/GameNetwork/GameSpy/PeerDefs.cpp,reloc-derived;call-sites=1;identity=real
??$append@PAG@?$basic_string@GV?$char_traits@G@_STL@@V?$allocator@G@2@@_STL@@AAEAAV01@PAG0ABUforward_iterator_tag@1@@Z,0x004F2260,338,Code/gen_small/tgrid_004.cpp,reloc-derived;call-sites=2;identity=real
??4PeerResponse@@QAEAAV0@ABV0@@Z,0x004F68C0,534,Code/GameEngine/Source/GameNetwork/GameSpy/Thread/PeerThread.cpp,reloc-derived;call-sites=1;identity=real
??0GameSpyStagingRoom@@QAE@ABV0@@Z,0x004FA490,395,Code/GameEngine/Source/GameNetwork/GameSpy/PeerDefs.cpp,reloc-derived;call-sites=1;identity=real
??0?$basic_string@GV?$char_traits@G@_STL@@V?$allocator@G@2@@_STL@@QAE@ABV01@@Z,0x004FB220,86,Code/gen_small/T2_strret_000.cpp,reloc-derived;call-sites=8;identity=real
??0?$pair@$$CBUGen_t_004fc4b0_k4@@UGen_t_004fc4b0_p12cd@@@_STL@@QAE@ABU01@@Z,0x004FB2E0,426,Code/gen_small/tgrid_117.cpp,reloc-derived;call-sites=1;identity=generated
?PopulateLobbyPlayerListbox@@YAXXZ,0x004FB500,1398,Code/GameEngine/Source/GameClient/GUI/GUICallbacks/Menus/WOLLobbyMenu.cpp,reloc-derived;call-sites=1;identity=real
??0BfmeAptScreenQuickMatchMenu@@QAE@PAX@Z,0x00505830,573,Code/GameEngine/Source/GameClient/AptScreenFactories.cpp,reloc-derived;call-sites=1;identity=real
??1Gen_dtor_0050e1a0@@UAE@XZ,0x0050DBD0,159,Code/gen_small/dtors_006.cpp,reloc-derived;call-sites=1;identity=generated
??0BfmeAptScreenCampaignReview@@QAE@PAX@Z,0x0050E320,495,Code/GameEngine/Source/GameClient/AptScreenFactories.cpp,reloc-derived;call-sites=1;identity=real
?HideDisconnectWindow@@YAXXZ,0x0050E5A0,61,Code/GameEngine/Source/GameNetwork/DisconnectManager.cpp,reloc-derived;call-sites=1;identity=real
??1Gen_dtor_0050f630@@UAE@XZ,0x0050EA10,173,Code/gen_small/dtors_006.cpp,reloc-derived;call-sites=1;identity=generated
?removePlayer@DisconnectMenu@@QAEXHVUnicodeString@@@Z,0x0050EB00,488,Code/GameEngine/Source/GameNetwork/DisconnectManager_disconnectPlayer_Thunk.cpp,reloc-derived;call-sites=1;identity=real
?showChat@DisconnectMenu@@QAEXVUnicodeString@@@Z,0x0050EF20,112,Code/GameEngine/Source/GameNetwork/ConnectionManagerProcessDisconnectChat.cpp,reloc-derived;call-sites=1;identity=real
?updateVotes@DisconnectMenu@@QAEXHH@Z,0x0050EFB0,198,Code/GameEngine/Source/Common/DisconnectManager_applyDisconnectVote_Thunk.cpp,reloc-derived;call-sites=3;identity=real
?setPlayerName@DisconnectMenu@@QAEXHVUnicodeString@@@Z,0x0050F6D0,292,Code/GameEngine/Source/GameNetwork/DisconnectManager_populateDisconnectScreen_Thunk.cpp,reloc-derived;call-sites=1;identity=real
??0BfmeAptScreenDisconnectScreen@@QAE@PAX@Z,0x0050F990,805,Code/GameEngine/Source/GameClient/AptScreenFactories.cpp,reloc-derived;call-sites=1;identity=real
??1Gen_dtor_0050fee0@@UAE@XZ,0x0050FD90,114,Code/gen_small/dtors_006.cpp,reloc-derived;call-sites=1;identity=generated
?Gen00511C10@@YAXPAPAHHHPAHUQ3HeapCompare@@@Z,0x00511C10,95,Code/GameEngine/Source/Common/Q3HeapAlgorithmFamily.cpp,reloc-derived;call-sites=5;identity=generated
??1Gen_dtor_00512860@@UAE@XZ,0x00511F50,182,Code/gen_small/dtors_006.cpp,reloc-derived;call-sites=1;identity=generated
??$__median@HUQ4Sort005156D0@@@_STL@@YAABHABH00UQ4Sort005156D0@@@Z,0x00512CC0,303,Code/GameEngine/Source/Common/Q4IntrosortLoop.cpp,reloc-derived;call-sites=1;identity=real
??$__unguarded_partition@PAHHUQ4Sort005156D0@@@_STL@@YAPAHPAH0HUQ4Sort005156D0@@@Z,0x00512E40,318,Code/GameEngine/Source/Common/Q4IntrosortLoop.cpp,reloc-derived;call-sites=1;identity=real
?Gen00513410@@YAXPAUQ3SortElem4@@0UQ3SortCompare@@@Z,0x00513410,113,Code/GameEngine/Source/Common/Q3IntrosortFamilies.cpp,reloc-derived;call-sites=2;identity=generated
?Gen005135F0@@YAXPAPAHHHPAHUQ3HeapCompare@@@Z,0x005135F0,259,Code/GameEngine/Source/Common/Q3HeapAlgorithmFamily.cpp,reloc-derived;call-sites=5;identity=generated
?gen00513A70@@YAXPAX00H0@Z,0x00513A70,106,Code/GameEngine/Source/Common/ConstantZeroForwarders.cpp,reloc-derived;call-sites=1;identity=generated
??0BfmeAptScreenInGameChat@@QAE@PAX@Z,0x005160E0,987,Code/GameEngine/Source/GameClient/AptScreenFactories.cpp,reloc-derived;call-sites=1;identity=real
??1Gen_dtor_0051a570@@UAE@XZ,0x005199A0,352,Code/gen_small/dtors_006.cpp,reloc-derived;call-sites=1;identity=generated
??0BfmeAptScreenLanLobby@@QAE@PAX@Z,0x00519F90,1193,Code/GameEngine/Source/GameClient/AptScreenFactories.cpp,reloc-derived;call-sites=1;identity=real
??1Gen_dtor_0051bcb0@@UAE@XZ,0x0051B720,117,Code/gen_small/dtors_006.cpp,reloc-derived;call-sites=1;identity=generated
??1Gen_dtor_0051be60@@UAE@XZ,0x0051B7E0,546,Code/gen_small/dtors_006.cpp,reloc-derived;call-sites=1;identity=generated
??1Gen_dtor_0051e6b0@@UAE@XZ,0x0051D4A0,145,Code/gen_small/dtors_006.cpp,reloc-derived;call-sites=1;identity=generated
??0BfmeAptScreenMainMenu@@QAE@PAX@Z,0x0051F3A0,3411,Code/GameEngine/Source/GameClient/AptScreenFactories.cpp,reloc-derived;call-sites=1;identity=real
??1Gen_dtor_00522960@@UAE@XZ,0x005225F0,141,Code/gen_small/dtors_006.cpp,reloc-derived;call-sites=1;identity=generated
?Gen00525450@@YAHHH@Z,0x00525450,219,Code/GameEngine/Source/Common/BigObfHookWrappers.cpp,reloc-derived;call-sites=1;identity=generated
?Gen00525590@@YAHHH@Z,0x00525590,220,Code/GameEngine/Source/Common/BigObfHookWrappers.cpp,reloc-derived;call-sites=1;identity=generated
?Gen005256D0@@YAHHH@Z,0x005256D0,219,Code/GameEngine/Source/Common/BigObfHookWrappers.cpp,reloc-derived;call-sites=1;identity=generated
?Gen00525800@@YAHHH@Z,0x00525800,220,Code/GameEngine/Source/Common/BigObfHookWrappers.cpp,reloc-derived;call-sites=1;identity=generated
?handle@Gen00038951@@QAEXH@Z,0x00526040,139,Code/GameEngine/Source/Common/TinyIndexedForwarders.cpp,reloc-derived;call-sites=1;identity=generated
?clearAndSetModelConditionState@Drawable@@QAEXW4ModelConditionFlagType@@0@Z,0x00526660,518,Code/GameEngine/Source/GameLogic/Object/Object.cpp,reloc-derived;call-sites=1;identity=real
?_M_initialize@?$vector@_NV?$allocator@_N@_STL@@@_STL@@IAEXI@Z,0x00526BC0,120,Code/GameEngine/Source/GameNetwork/GameSpy/Thread/PeerThread.cpp,reloc-derived;call-sites=1;identity=real
??0Obf00526C80@@QAE@PAH0@Z,0x00526C80,171,Code/GameEngine/Source/Common/BigObfHookWrappers.cpp,reloc-derived;call-sites=1;identity=real
??0Obf00526D60@@QAE@PAH0@Z,0x00526D60,171,Code/GameEngine/Source/Common/BigObfHookWrappers.cpp,reloc-derived;call-sites=1;identity=real
??0Obf00526E40@@QAE@PAH0@Z,0x00526E40,171,Code/GameEngine/Source/Common/BigObfHookWrappers.cpp,reloc-derived;call-sites=1;identity=real
??0Obf00526F20@@QAE@PAH0@Z,0x00526F20,171,Code/GameEngine/Source/Common/BigObfHookWrappers.cpp,reloc-derived;call-sites=1;identity=real
??1Gen_dtor_00529310@@UAE@XZ,0x00529110,176,Code/gen_small/dtors_006.cpp,reloc-derived;call-sites=1;identity=generated
??1Gen_dtor_0052c1b0@@UAE@XZ,0x0052BEC0,302,Code/gen_small/dtors_006.cpp,reloc-derived;call-sites=1;identity=generated
?_M_insert_overflow@?$vector@UGen_t_0052c1e0_p4pod@@V?$allocator@UGen_t_0052c1e0_p4pod@@@_STL@@@_STL@@IAEXPAUGen_t_0052c1e0_p4pod@@ABU3@ABU__false_type@2@I_N@Z,0x0052C050,282,Code/gen_small/tgrid_117.cpp,reloc-derived;call-sites=1;identity=generated
??0BfmeAptScreenObjectives@@QAE@PAX@Z,0x0052C660,1241,Code/GameEngine/Source/GameClient/AptScreenFactories.cpp,reloc-derived;call-sites=1;identity=real
??1Gen_dtor_0052ccb0@@UAE@XZ,0x0052CC80,11,Code/gen_small/dtors_006.cpp,reloc-derived;call-sites=1;identity=generated
??$__uninitialized_copy@PBUGen_t_0052d610_m12cd@@PAU1@@_STL@@YAPAUGen_t_0052d610_m12cd@@PBU1@0PAU1@ABU__false_type@0@@Z,0x0052D210,120,Code/gen_small/fam_013.cpp,reloc-derived;call-sites=1;identity=generated
??1Gen_dtor_0052e490@@UAE@XZ,0x0052D7C0,232,Code/gen_small/dtors_006.cpp,reloc-derived;call-sites=1;identity=generated
??$__median@HUQ4Sort00533470@@@_STL@@YAABHABH00UQ4Sort00533470@@@Z,0x0052ED40,303,Code/GameEngine/Source/Common/Q4IntrosortLoop.cpp,reloc-derived;call-sites=1;identity=real
??$__unguarded_partition@PAHHUQ4Sort00533470@@@_STL@@YAPAHPAH0HUQ4Sort00533470@@@Z,0x0052EEC0,318,Code/GameEngine/Source/Common/Q4IntrosortLoop.cpp,reloc-derived;call-sites=1;identity=real
?Gen00530200@@YAXPAPAHHHPAHUQ3HeapCompare@@@Z,0x00530200,259,Code/GameEngine/Source/Common/Q3HeapAlgorithmFamily.cpp,reloc-derived;call-sites=5;identity=generated
?_M_insert_overflow@?$vector@UGen_t_00531ec0_p12pod@@V?$allocator@UGen_t_00531ec0_p12pod@@@_STL@@@_STL@@IAEXPAUGen_t_00531ec0_p12pod@@ABU3@ABU__false_type@2@I_N@Z,0x00531220,314,Code/gen_small/tgrid_134.cpp,reloc-derived;call-sites=1;identity=generated
??$__uninitialized_copy@PBUGen_t_00531f10_m12cd@@PAU1@@_STL@@YAPAUGen_t_00531f10_m12cd@@PBU1@0PAU1@ABU__false_type@0@@Z,0x005313B0,627,Code/gen_small/fam_014.cpp,reloc-derived;call-sites=1;identity=generated
??$__insertion_sort@PAUS4SortElem12@@US4Cmp00531FA0@@@_STL@@YAXPAUS4SortElem12@@0US4Cmp00531FA0@@@Z,0x00531720,75,Code/GameEngine/Source/Common/S4StlSortHelpers.cpp,reloc-derived;call-sites=2;identity=real
?gen00531B20@@YAXPAX00HH@Z,0x00531B20,148,Code/GameEngine/Source/Common/ConstantZeroForwarders.cpp,reloc-derived;call-sites=1;identity=generated
?gen00531C50@@YAXPAX00HH@Z,0x00531C50,118,Code/GameEngine/Source/Common/ConstantZeroForwarders.cpp,reloc-derived;call-sites=1;identity=generated
?gen00531D80@@YAXPAX0H0@Z,0x00531D80,66,Code/GameEngine/Source/Common/ConstantZeroForwarders.cpp,reloc-derived;call-sites=1;identity=generated
??$__insertion_sort@PAUS4SortElem12@@US4Cmp00532740@@@_STL@@YAXPAUS4SortElem12@@0US4Cmp00532740@@@Z,0x00532080,81,Code/GameEngine/Source/Common/S4StlSortHelpers.cpp,reloc-derived;call-sites=2;identity=real
?_M_insert_overflow@?$vector@VUnicodeString@@V?$allocator@VUnicodeString@@@_STL@@@_STL@@IAEXPAVUnicodeString@@ABV3@ABU__false_type@2@I_N@Z,0x00532A00,268,Code/GameEngine/Source/GameNetwork/GameSpy/PeerDefs.cpp,reloc-derived;call-sites=1;identity=real
?_M_insert_overflow@?$vector@UGen_t_00533100_p12cd@@V?$allocator@UGen_t_00533100_p12cd@@@_STL@@@_STL@@IAEXPAUGen_t_00533100_p12cd@@ABU3@ABU__false_type@2@I_N@Z,0x00532B50,281,Code/gen_small/tgrid_117.cpp,reloc-derived;call-sites=1;identity=generated
?gen00532CC0@@YAXPAX00H0@Z,0x00532CC0,233,Code/GameEngine/Source/Common/ConstantZeroForwarders.cpp,reloc-derived;call-sites=1;identity=generated
?gen00532F40@@YAXPAX00H0@Z,0x00532F40,287,Code/GameEngine/Source/Common/ConstantZeroForwarders.cpp,reloc-derived;call-sites=1;identity=generated
??0S4Guarded0055BB20@@QAE@H@Z,0x00536DC0,1423,Code/GameEngine/Source/Common/S4GuardedNewWithOneArg.cpp,reloc-derived;call-sites=1;identity=real
??1Gen_dtor_00539720@@UAE@XZ,0x00538CE0,251,Code/gen_small/dtors_006.cpp,reloc-derived;call-sites=1;identity=generated
?handle@Gen0000C955@@QAEX_N@Z,0x00539110,322,Code/GameEngine/Source/Common/S1GuardedForwardedFlagCalls.cpp,reloc-derived;call-sites=2;identity=generated
?reserve@?$basic_string@DV?$char_traits@D@_STL@@V?$allocator@D@2@@_STL@@QAEXI@Z,0x0053A100,177,Code/gen_small/tgrid_004.cpp,reloc-derived;call-sites=1;identity=real
??RGameSortStruct@@QAE_NPAVGameSpyStagingRoom@@0@Z,0x0053EDD0,821,Code/GameEngine/Source/GameNetwork/GameSpy/LobbyUtils.cpp,reloc-derived;call-sites=1;identity=real
?_M_insert@?$_Rb_tree@PAVGameSpyStagingRoom@@PAV1@U?$_Identity@PAVGameSpyStagingRoom@@@_STL@@UGameSortStruct@@V?$allocator@PAVGameSpyStagingRoom@@@3@@_STL@@AAE?AU?$_Rb_tree_iterator@PAVGameSpyStagingRoom@@U?$_Nonconst_traits@PAVGameSpyStagingRoom@@@_STL@@@2@PAU_Rb_tree_node_base@2@0ABQAVGameSpyStagingRoom@@0@Z,0x0053F7E0,191,Code/GameEngine/Source/GameNetwork/GameSpy/LobbyUtils.cpp,reloc-derived;call-sites=1;identity=real
??0S4Guarded0055BCA0@@QAE@H@Z,0x00545310,1935,Code/GameEngine/Source/Common/S4GuardedNewWithOneArg.cpp,reloc-derived;call-sites=1;identity=real
??1Gen_dtor_00546690@@UAE@XZ,0x00545FF0,293,Code/gen_small/dtors_006.cpp,reloc-derived;call-sites=1;identity=generated
??0S4Guarded0055BAA0@@QAE@H@Z,0x005484E0,1636,Code/GameEngine/Source/Common/S4GuardedNewWithOneArg.cpp,reloc-derived;call-sites=1;identity=real
?Gen0054BCA0@@YAHHH@Z,0x0054BCA0,219,Code/GameEngine/Source/Common/BigObfHookWrappers.cpp,reloc-derived;call-sites=1;identity=generated
?Gen0054BDD0@@YAHHH@Z,0x0054BDD0,215,Code/GameEngine/Source/Common/BigObfHookWrappers.cpp,reloc-derived;call-sites=1;identity=generated
?Gen0054BF00@@YAHHH@Z,0x0054BF00,215,Code/GameEngine/Source/Common/BigObfHookWrappers.cpp,reloc-derived;call-sites=1;identity=generated
?Gen0054C030@@YAHHH@Z,0x0054C030,219,Code/GameEngine/Source/Common/BigObfHookWrappers.cpp,reloc-derived;call-sites=1;identity=generated
?Gen0054C170@@YAHHH@Z,0x0054C170,220,Code/GameEngine/Source/Common/BigObfHookWrappers.cpp,reloc-derived;call-sites=1;identity=generated
?Gen0054C2B0@@YAHHH@Z,0x0054C2B0,215,Code/GameEngine/Source/Common/BigObfHookWrappers.cpp,reloc-derived;call-sites=1;identity=generated
?Gen0054C3E0@@YAHHH@Z,0x0054C3E0,216,Code/GameEngine/Source/Common/BigObfHookWrappers.cpp,reloc-derived;call-sites=1;identity=generated
?Gen0054C510@@YAHHH@Z,0x0054C510,216,Code/GameEngine/Source/Common/BigObfHookWrappers.cpp,reloc-derived;call-sites=1;identity=generated
?Gen0054C640@@YAHHH@Z,0x0054C640,220,Code/GameEngine/Source/Common/BigObfHookWrappers.cpp,reloc-derived;call-sites=1;identity=generated
?Gen0054C780@@YAHHH@Z,0x0054C780,216,Code/GameEngine/Source/Common/BigObfHookWrappers.cpp,reloc-derived;call-sites=1;identity=generated
??1Gen_dtor_0054d9e0@@UAE@XZ,0x0054CB60,204,Code/gen_small/dtors_006.cpp,reloc-derived;call-sites=1;identity=generated
??0Obf0054DBC0@@QAE@PAH0@Z,0x0054DBC0,171,Code/GameEngine/Source/Common/BigObfHookWrappers.cpp,reloc-derived;call-sites=1;identity=real
??0Obf0054DCA0@@QAE@PAH0@Z,0x0054DCA0,171,Code/GameEngine/Source/Common/BigObfHookWrappers.cpp,reloc-derived;call-sites=1;identity=real
??0Obf0054DD80@@QAE@PAH0@Z,0x0054DD80,173,Code/GameEngine/Source/Common/BigObfHookWrappers.cpp,reloc-derived;call-sites=1;identity=real
??0Obf0054DE60@@QAE@PAH0@Z,0x0054DE60,173,Code/GameEngine/Source/Common/BigObfHookWrappers.cpp,reloc-derived;call-sites=1;identity=real
??0Obf0054DF40@@QAE@PAH0@Z,0x0054DF40,171,Code/GameEngine/Source/Common/BigObfHookWrappers.cpp,reloc-derived;call-sites=1;identity=real
??0Obf0054E020@@QAE@PAH0@Z,0x0054E020,171,Code/GameEngine/Source/Common/BigObfHookWrappers.cpp,reloc-derived;call-sites=1;identity=real
??0Obf0054E100@@QAE@PAH0@Z,0x0054E100,173,Code/GameEngine/Source/Common/BigObfHookWrappers.cpp,reloc-derived;call-sites=1;identity=real
??0Obf0054E1E0@@QAE@PAH0@Z,0x0054E1E0,173,Code/GameEngine/Source/Common/BigObfHookWrappers.cpp,reloc-derived;call-sites=1;identity=real
??0Obf0054E2C0@@QAE@PAH0@Z,0x0054E2C0,173,Code/GameEngine/Source/Common/BigObfHookWrappers.cpp,reloc-derived;call-sites=1;identity=real
??0Obf0054E3A0@@QAE@PAH0@Z,0x0054E3A0,173,Code/GameEngine/Source/Common/BigObfHookWrappers.cpp,reloc-derived;call-sites=1;identity=real
??0S4Guarded0055BA20@@QAE@H@Z,0x005538A0,1082,Code/GameEngine/Source/Common/S4GuardedNewWithOneArg.cpp,reloc-derived;call-sites=1;identity=real
??1Gen_dtor_005543a0@@UAE@XZ,0x00553EE0,702,Code/gen_small/dtors_006.cpp,reloc-derived;call-sites=1;identity=generated
??0BfmeOnlineProfileScreen@@QAE@PAX@Z,0x00557C00,1659,Code/GameEngine/Source/GameClient/AptScreenFactories.cpp,reloc-derived;call-sites=1;identity=real
??1Gen_dtor_00558f80@@UAE@XZ,0x005587F0,172,Code/gen_small/dtors_006.cpp,reloc-derived;call-sites=1;identity=generated
??0S4Guarded0055BC20@@QAE@H@Z,0x00559400,755,Code/GameEngine/Source/Common/S4GuardedNewWithOneArg.cpp,reloc-derived;call-sites=1;identity=real
??1Gen_dtor_0055d000@@UAE@XZ,0x0055CB50,297,Code/gen_small/dtors_006.cpp,reloc-derived;call-sites=1;identity=generated
??0BfmeAptScreenOnlineShell@@QAE@PAX@Z,0x0055D150,1060,Code/GameEngine/Source/GameClient/AptScreenFactories.cpp,reloc-derived;call-sites=1;identity=real
??1Gen_dtor_0055ef60@@UAE@XZ,0x0055E320,255,Code/gen_small/dtors_006.cpp,reloc-derived;call-sites=1;identity=generated
??0BfmeAptScreenOptions@@QAE@PAX@Z,0x00563370,1073,Code/GameEngine/Source/GameClient/AptScreenFactories.cpp,reloc-derived;call-sites=1;identity=real
??1Gen_dtor_00566ae0@@UAE@XZ,0x005668C0,300,Code/gen_small/dtors_006.cpp,reloc-derived;call-sites=1;identity=generated
??1Gen_dtor_00569de0@@UAE@XZ,0x00569720,504,Code/gen_small/dtors_006.cpp,reloc-derived;call-sites=1;identity=generated
??0BfmeAptScreenQuitMenu@@QAE@PAX@Z,0x0056A2F0,1024,Code/GameEngine/Source/GameClient/AptScreenFactories.cpp,reloc-derived;call-sites=1;identity=real
?Gen0056C3F0@@YAHHH@Z,0x0056C3F0,219,Code/GameEngine/Source/Common/BigObfHookWrappers.cpp,reloc-derived;call-sites=1;identity=generated
?Gen0056C530@@YAHHH@Z,0x0056C530,220,Code/GameEngine/Source/Common/BigObfHookWrappers.cpp,reloc-derived;call-sites=1;identity=generated
?Gen0056C670@@YAHHH@Z,0x0056C670,219,Code/GameEngine/Source/Common/BigObfHookWrappers.cpp,reloc-derived;call-sites=1;identity=generated
?Gen0056C7A0@@YAHHH@Z,0x0056C7A0,220,Code/GameEngine/Source/Common/BigObfHookWrappers.cpp,reloc-derived;call-sites=1;identity=generated
??0Obf0056D5E0@@QAE@PAH0@Z,0x0056D5E0,171,Code/GameEngine/Source/Common/BigObfHookWrappers.cpp,reloc-derived;call-sites=1;identity=real
??0Obf0056D6C0@@QAE@PAH0@Z,0x0056D6C0,173,Code/GameEngine/Source/Common/BigObfHookWrappers.cpp,reloc-derived;call-sites=1;identity=real
??0Obf0056D7A0@@QAE@PAH0@Z,0x0056D7A0,171,Code/GameEngine/Source/Common/BigObfHookWrappers.cpp,reloc-derived;call-sites=1;identity=real
??0Obf0056D880@@QAE@PAH0@Z,0x0056D880,173,Code/GameEngine/Source/Common/BigObfHookWrappers.cpp,reloc-derived;call-sites=1;identity=real
?cleanup@Gen0056D960Owner@@QAEXXZ,0x0056D960,58,Code/GameEngine/Source/Common/Q2NodePoolReleases.cpp,reloc-derived;call-sites=1;identity=generated
??1Gen_dtor_0056e830@@UAE@XZ,0x0056E230,753,Code/gen_small/dtors_006.cpp,reloc-derived;call-sites=1;identity=generated
??0BfmeAptScreenSaveLoad@@QAE@PAX@Z,0x0056E980,1719,Code/GameEngine/Source/GameClient/AptScreenFactories.cpp,reloc-derived;call-sites=1;identity=real
??$_M_allocate_and_copy@PAUGen_t_005737f0_p16pod@@@?$vector@UGen_t_005737f0_p16pod@@V?$allocator@UGen_t_005737f0_p16pod@@@_STL@@@_STL@@IAEPAUGen_t_005737f0_p16pod@@IPAU2@0@Z,0x005716D0,76,Code/gen_small/tgrid_117.cpp,reloc-derived;call-sites=1;identity=generated
?rva571c40@@YAXPAVRva572670Record@@HHV1@H@Z,0x00571C40,200,Code/GameEngine/Source/Common/System/Rva572670.cpp,reloc-derived;call-sites=1;identity=real
?gen005726F0@@YAXPAX00HH@Z,0x005726F0,148,Code/GameEngine/Source/Common/ConstantZeroForwarders.cpp,reloc-derived;call-sites=1;identity=generated
?gen005727E0@@YAXPAX00HH@Z,0x005727E0,154,Code/GameEngine/Source/Common/ConstantZeroForwarders.cpp,reloc-derived;call-sites=1;identity=generated
?_M_insert_overflow@?$vector@UGen_t_00574c80_p12pod@@V?$allocator@UGen_t_00574c80_p12pod@@@_STL@@@_STL@@IAEXPAUGen_t_00574c80_p12pod@@ABU3@ABU__false_type@2@I_N@Z,0x00573DB0,314,Code/gen_small/tgrid_134.cpp,reloc-derived;call-sites=1;identity=generated
?_M_insert_overflow@?$vector@UGen_t_00574d30_p8pod@@V?$allocator@UGen_t_00574d30_p8pod@@@_STL@@@_STL@@IAEXPAUGen_t_00574d30_p8pod@@ABU3@ABU__false_type@2@I_N@Z,0x005740A0,302,Code/gen_small/tgrid_134.cpp,reloc-derived;call-sites=1;identity=generated
??$__insertion_sort@PAUS4SortElem12@@US4Cmp00574DF0@@@_STL@@YAXPAUS4SortElem12@@0US4Cmp00574DF0@@@Z,0x00574250,75,Code/GameEngine/Source/Common/S4StlSortHelpers.cpp,reloc-derived;call-sites=2;identity=real
?Gen0002591E@@YAXPAVRva00574E70Elem@@0PAX@Z,0x005742C0,81,Code/GameEngine/Source/Common/S3FinalInsertionSortSplits.cpp,reloc-derived;call-sites=2;identity=generated
?gen00574330@@YAXPAX00H0@Z,0x00574330,176,Code/GameEngine/Source/Common/ConstantZeroForwarders.cpp,reloc-derived;call-sites=1;identity=generated
?gen00574410@@YAXPAX00H0@Z,0x00574410,192,Code/GameEngine/Source/Common/ConstantZeroForwarders.cpp,reloc-derived;call-sites=1;identity=generated
??1Gen_dtor_00575880@@UAE@XZ,0x00575050,290,Code/gen_small/dtors_006.cpp,reloc-derived;call-sites=1;identity=generated
?_M_insert_overflow@?$vector@UGen_t_005758b0_p8cd@@V?$allocator@UGen_t_005758b0_p8cd@@@_STL@@@_STL@@IAEXPAUGen_t_005758b0_p8cd@@ABU3@ABU__false_type@2@I_N@Z,0x005751D0,268,Code/gen_small/tgrid_118.cpp,reloc-derived;call-sites=1;identity=generated
?Gen00575450@@YAXPAUQ3SortElem16@@00HUQ3SortCompare@@@Z,0x00575450,261,Code/GameEngine/Source/Common/Q3IntrosortFamilies.cpp,reloc-derived;call-sites=1;identity=generated
?Gen0001EE39@@YAXPAVRva00576FF0Elem@@0PAX@Z,0x005759E0,59,Code/GameEngine/Source/Common/S3FinalInsertionSortSplits.cpp,reloc-derived;call-sites=2;identity=generated
?gen00577690@@YAXPAX00H0@Z,0x00577690,124,Code/GameEngine/Source/Common/ConstantZeroForwarders.cpp,reloc-derived;call-sites=1;identity=generated
??0BfmeAptScreenScoreScreen@@QAE@PAX@Z,0x00578160,2865,Code/GameEngine/Source/GameClient/AptScreenFactories.cpp,reloc-derived;call-sites=1;identity=real
??1Gen_dtor_0057a1d0@@UAE@XZ,0x00579480,324,Code/gen_small/dtors_006.cpp,reloc-derived;call-sites=1;identity=generated
??0BfmeAptScreenSkirmish@@QAE@PAX@Z,0x0057DA50,3013,Code/GameEngine/Source/GameClient/AptScreenFactories.cpp,reloc-derived;call-sites=1;identity=real
?hide@Shell@@QAEX_N@Z,0x0057F5B0,118,Code/GameEngine/Source/GameLogic/System/GameLogic_prepareNewGame_Thunk.cpp,reloc-derived;call-sites=1;identity=real
??1Gen_dtor_0057ff00@@UAE@XZ,0x0057F7A0,253,Code/gen_small/dtors_006.cpp,reloc-derived;call-sites=1;identity=generated
??0ShellMenuSchemeImage@@QAE@XZ,0x005807D0,74,Code/GameEngine/Source/Common/ShellMenuSchemeManager_parseImagePart_Thunk.cpp,reloc-derived;call-sites=1;identity=real
??1Gen_dtor_00580840@@UAE@XZ,0x00580830,12,Code/gen_small/dtors_006.cpp,reloc-derived;call-sites=1;identity=generated
?setShellMenuScheme@ShellMenuSchemeManager@@QAEXVAsciiString@@@Z,0x00581140,262,Code/GameEngine/Source/GameClient/GUI/Shell/Shell.cpp,reloc-derived;call-sites=1;identity=real
??1Gen_dtor_0057f070@@UAE@XZ,0x005813D0,135,Code/gen_small/dtors_006.cpp,reloc-derived;call-sites=1;identity=generated
??$__uninitialized_copy@PBUGen_t_00582270_m12cd@@PAU1@@_STL@@YAPAUGen_t_00582270_m12cd@@PBU1@0PAU1@ABU__false_type@0@@Z,0x00581CE0,158,Code/gen_small/fam_014.cpp,reloc-derived;call-sites=1;identity=generated
??1Gen_t_00582020_p12cd@@QAE@XZ,0x00581FB0,89,Code/gen_small/tgrid_118.cpp,reloc-derived;call-sites=1;identity=generated
??0Gen_t_00582400_p12cd@@QAE@ABU0@@Z,0x00582090,104,Code/gen_small/tgrid_118.cpp,reloc-derived;call-sites=1;identity=generated
??0?$pair@$$CBUGen_t_00582750_k4@@UGen_t_00582750_p12cd@@@_STL@@QAE@ABU01@@Z,0x005822D0,87,Code/gen_small/tgrid_118.cpp,reloc-derived;call-sites=1;identity=generated
?handle@Gen00582840@@QAEXPAXH@Z,0x00582840,41,Code/GameEngine/Source/Common/SpanCountForwarders.cpp,reloc-derived;call-sites=2;identity=generated
?evaluate@Gen00583580@@QAEPAXPAX@Z,0x00583580,159,Code/GameEngine/Source/Common/SelfPairReturners.cpp,reloc-derived;call-sites=2;identity=generated
?findOrCreate@BannerTypeStore@@QAEPAVBannerType@@ABVAsciiString@@@Z,0x00583CD0,197,Code/GameEngine/Source/Common/INI/INIBannerType.cpp,reloc-derived;call-sites=1;identity=real
??1Gen_dtor_005847c0@@UAE@XZ,0x00583FF0,380,Code/gen_small/dtors_006.cpp,reloc-derived;call-sites=1;identity=generated
?_M_insert_overflow@?$vector@UPrereqUnitRec@ProductionPrerequisite@@V?$allocator@UPrereqUnitRec@ProductionPrerequisite@@@_STL@@@_STL@@IAEXPAUPrereqUnitRec@ProductionPrerequisite@@ABU34@ABU__false_type@2@I_N@Z,0x00584650,281,Code/GameEngine/Source/Common/RTS/ProductionPrerequisite.cpp,reloc-derived;call-sites=1;identity=real
??$__uninitialized_copy@PBUGen_t_005859c0_m12cd@@PAU1@@_STL@@YAPAUGen_t_005859c0_m12cd@@PBU1@0PAU1@ABU__false_type@0@@Z,0x00585310,120,Code/gen_small/fam_014.cpp,reloc-derived;call-sites=1;identity=generated
??$__uninitialized_copy@PBUGen_t_005859f0_m12cd@@PAU1@@_STL@@YAPAUGen_t_005859f0_m12cd@@PBU1@0PAU1@ABU__false_type@0@@Z,0x005853B0,120,Code/gen_small/fam_014.cpp,reloc-derived;call-sites=1;identity=generated
?_M_insert@?$_Rb_tree@IU?$pair@$$CBIUGen_t_00586d60_m12pod@@@_STL@@U?$_Select1st@U?$pair@$$CBIUGen_t_00586d60_m12pod@@@_STL@@@2@U?$less@I@2@V?$allocator@U?$pair@$$CBIUGen_t_00586d60_m12pod@@@_STL@@@2@@_STL@@AAE?AU?$_Rb_tree_iterator@U?$pair@$$CBIUGen_t_00586d60_m12pod@@@_STL@@U?$_Nonconst_traits@U?$pair@$$CBIUGen_t_00586d60_m12pod@@@_STL@@@2@@2@PAU_Rb_tree_node_base@2@0ABU?$pair@$$CBIUGen_t_00586d60_m12pod@@@2@0@Z,0x00586630,176,Code/gen_small/fam_005.cpp,reloc-derived;call-sites=9;identity=generated
?insert_unique@?$_Rb_tree@IU?$pair@$$CBIUGen_t_00586d60_m12pod@@@_STL@@U?$_Select1st@U?$pair@$$CBIUGen_t_00586d60_m12pod@@@_STL@@@2@U?$less@I@2@V?$allocator@U?$pair@$$CBIUGen_t_00586d60_m12pod@@@_STL@@@2@@_STL@@QAE?AU?$pair@U?$_Rb_tree_iterator@U?$pair@$$CBIUGen_t_00586d60_m12pod@@@_STL@@U?$_Nonconst_traits@U?$pair@$$CBIUGen_t_00586d60_m12pod@@@_STL@@@2@@_STL@@_N@2@ABU?$pair@$$CBIUGen_t_00586d60_m12pod@@@2@@Z,0x00586710,145,Code/gen_small/fam_005.cpp,reloc-derived;call-sites=4;identity=generated
?_M_insert_overflow@?$vector@UGen_t_00587480_m4pod@@V?$allocator@UGen_t_00587480_m4pod@@@_STL@@@_STL@@IAEXPAUGen_t_00587480_m4pod@@ABU3@ABU__false_type@2@I_N@Z,0x00587230,282,Code/gen_small/fam_019.cpp,reloc-derived;call-sites=1;identity=generated
?apply@Gen00587600@@QAEXHH@Z,0x00587600,88,Code/GameEngine/Source/Common/S2AtoiThenMemberCalls.cpp,reloc-derived;call-sites=6;identity=generated
??1S4Mem005879C0@@QAE@XZ,0x005879C0,124,Code/GameEngine/Source/Common/S4TwoMemberDestructors.cpp,reloc-derived;call-sites=1;identity=real
?equal_range@?$hashtable@U?$pair@$$CBHUGen_t_00587d20_m12pod@@@_STL@@HU?$hash@H@2@U?$_Select1st@U?$pair@$$CBHUGen_t_00587d20_m12pod@@@_STL@@@2@U?$equal_to@H@2@V?$allocator@U?$pair@$$CBHUGen_t_00587d20_m12pod@@@_STL@@@2@@_STL@@QAE?AU?$pair@U?$_Ht_iterator@U?$pair@$$CBHUGen_t_00587d20_m12pod@@@_STL@@U?$_Nonconst_traits@U?$pair@$$CBHUGen_t_00587d20_m12pod@@@_STL@@@2@HU?$hash@H@2@U?$_Select1st@U?$pair@$$CBHUGen_t_00587d20_m12pod@@@_STL@@@2@U?$equal_to@H@2@V?$allocator@U?$pair@$$CBHUGen_t_00587d20_m12pod@@@_STL@@@2@@_STL@@U12@@2@ABH@Z,0x00587A60,145,Code/gen_small/fam_014.cpp,reloc-derived;call-sites=1;identity=generated
??$__uninitialized_copy@PBUGen_t_0058cc70_m12cd@@PAU1@@_STL@@YAPAUGen_t_0058cc70_m12cd@@PBU1@0PAU1@ABU__false_type@0@@Z,0x0058B1F0,105,Code/gen_small/fam_014.cpp,reloc-derived;call-sites=1;identity=generated
??1Gen_dtor_0058ec70@@UAE@XZ,0x0058BF70,88,Code/gen_small/dtors_006.cpp,reloc-derived;call-sites=1;identity=generated
?Gen0058C6C0@@YAHHH@Z,0x0058C6C0,215,Code/GameEngine/Source/Common/BigObfHookWrappers.cpp,reloc-derived;call-sites=1;identity=generated
?Gen0058C7F0@@YAHHH@Z,0x0058C7F0,216,Code/GameEngine/Source/Common/BigObfHookWrappers.cpp,reloc-derived;call-sites=1;identity=generated
?Gen0058C920@@YAHHH@Z,0x0058C920,216,Code/GameEngine/Source/Common/BigObfHookWrappers.cpp,reloc-derived;call-sites=1;identity=generated
??0Obf00590A70@@QAE@PAH0@Z,0x00590A70,171,Code/GameEngine/Source/Common/BigObfHookWrappers.cpp,reloc-derived;call-sites=1;identity=real
??0Obf00590B50@@QAE@PAH0@Z,0x00590B50,171,Code/GameEngine/Source/Common/BigObfHookWrappers.cpp,reloc-derived;call-sites=1;identity=real
??0Obf00590C30@@QAE@PAH0@Z,0x00590C30,171,Code/GameEngine/Source/Common/BigObfHookWrappers.cpp,reloc-derived;call-sites=1;identity=real
?_M_reallocate_map@?$deque@UGen_t_00593270_p12cd@@V?$allocator@UGen_t_00593270_p12cd@@@_STL@@@_STL@@IAEXI_N@Z,0x00591230,363,Code/gen_small/tgrid_134.cpp,reloc-derived;call-sites=1;identity=generated
?_M_insert@?$_Rb_tree@HU?$pair@$$CBHUGen_t_00594310_p12cd@@@_STL@@U?$_Select1st@U?$pair@$$CBHUGen_t_00594310_p12cd@@@_STL@@@2@U?$less@H@2@V?$allocator@U?$pair@$$CBHUGen_t_00594310_p12cd@@@_STL@@@2@@_STL@@AAE?AU?$_Rb_tree_iterator@U?$pair@$$CBHUGen_t_00594310_p12cd@@@_STL@@U?$_Nonconst_traits@U?$pair@$$CBHUGen_t_00594310_p12cd@@@_STL@@@2@@2@PAU_Rb_tree_node_base@2@0ABU?$pair@$$CBHUGen_t_00594310_p12cd@@@2@0@Z,0x00591400,176,Code/gen_small/tgrid_118.cpp,reloc-derived;call-sites=9;identity=generated
?_M_push_back_aux_v@?$deque@UGen_t_00595870_p12cd@@V?$allocator@UGen_t_00595870_p12cd@@@_STL@@@_STL@@IAEXABUGen_t_00595870_p12cd@@@Z,0x00594220,188,Code/gen_small/tgrid_125.cpp,reloc-derived;call-sites=1;identity=generated
??1Gen_dtor_00597680@@UAE@XZ,0x00596500,860,Code/gen_small/dtors_006.cpp,reloc-derived;call-sites=1;identity=generated
??1Gen_dtor_005996c0@@UAE@XZ,0x00599330,264,Code/gen_small/dtors_006.cpp,reloc-derived;call-sites=1;identity=generated
??0BfmeAptScreenSpellStore@@QAE@PAX@Z,0x00599FE0,783,Code/GameEngine/Source/GameClient/AptScreenFactories.cpp,reloc-derived;call-sites=1;identity=real
??1Gen_dtor_0059aad0@@UAE@XZ,0x0059A690,18,Code/gen_small/dtors_006.cpp,reloc-derived;call-sites=1;identity=generated
??1Gen_dtor_0059b8c0@@UAE@XZ,0x0059B7F0,19,Code/gen_small/dtors_006.cpp,reloc-derived;call-sites=1;identity=generated
??0S4Parsed0059BDE0@@QAE@XZ,0x0059BD00,77,Code/GameEngine/Source/Common/S4ParseThenRegister.cpp,reloc-derived;call-sites=1;identity=real
??1Gen_dtor_0059c490@@UAE@XZ,0x0059C2F0,18,Code/gen_small/dtors_006.cpp,reloc-derived;call-sites=1;identity=generated
??1Gen_dtor_0059cb00@@UAE@XZ,0x0059C940,18,Code/gen_small/dtors_006.cpp,reloc-derived;call-sites=1;identity=generated
??1Gen_dtor_0059d3c0@@UAE@XZ,0x0059D1E0,11,Code/gen_small/dtors_006.cpp,reloc-derived;call-sites=1;identity=generated
??1Gen_dtor_0059d5d0@@UAE@XZ,0x0059D400,18,Code/gen_small/dtors_006.cpp,reloc-derived;call-sites=1;identity=generated
??1Gen_dtor_0059d9b0@@UAE@XZ,0x0059D850,22,Code/gen_small/dtors_006.cpp,reloc-derived;call-sites=1;identity=generated
??1Gen_dtor_0059dde0@@UAE@XZ,0x0059DC80,19,Code/gen_small/dtors_006.cpp,reloc-derived;call-sites=1;identity=generated
??1Gen_dtor_0059e260@@UAE@XZ,0x0059DFF0,18,Code/gen_small/dtors_006.cpp,reloc-derived;call-sites=1;identity=generated
??0S4Parsed0059E290@@QAE@XZ,0x0059E1F0,83,Code/GameEngine/Source/Common/S4ParseThenRegister.cpp,reloc-derived;call-sites=1;identity=real
??1Gen_dtor_0059e830@@UAE@XZ,0x0059E4C0,18,Code/gen_small/dtors_006.cpp,reloc-derived;call-sites=1;identity=generated
??0S4Parsed0059E860@@QAE@XZ,0x0059E7C0,89,Code/GameEngine/Source/Common/S4ParseThenRegister.cpp,reloc-derived;call-sites=1;identity=real
??1Gen_dtor_0059eb60@@UAE@XZ,0x0059E8F0,18,Code/gen_small/dtors_006.cpp,reloc-derived;call-sites=1;identity=generated
??0AttackNugget@@QAE@XZ,0x0059EB00,74,Code/GameEngine/Source/Common/AttackNugget_parse_Thunk.cpp,reloc-derived;call-sites=1;identity=real
??1Gen_dtor_0059ef60@@UAE@XZ,0x0059EDF0,18,Code/gen_small/dtors_006.cpp,reloc-derived;call-sites=1;identity=generated
??1Gen_dtor_0059f250@@UAE@XZ,0x0059EF90,18,Code/gen_small/dtors_006.cpp,reloc-derived;call-sites=1;identity=generated
??1Gen_dtor_0059f600@@UAE@XZ,0x0059F340,18,Code/gen_small/dtors_006.cpp,reloc-derived;call-sites=1;identity=generated
??1Gen_dtor_0059f950@@UAE@XZ,0x0059F700,18,Code/gen_small/dtors_006.cpp,reloc-derived;call-sites=1;identity=generated
??0S4Parsed0059F980@@QAE@XZ,0x0059F8F0,69,Code/GameEngine/Source/Common/S4ParseThenRegister.cpp,reloc-derived;call-sites=1;identity=real
??1Gen_dtor_0059fda0@@UAE@XZ,0x0059FB40,11,Code/gen_small/dtors_006.cpp,reloc-derived;call-sites=1;identity=generated
??1Gen_dtor_005a03e0@@UAE@XZ,0x005A01D0,18,Code/gen_small/dtors_006.cpp,reloc-derived;call-sites=1;identity=generated
??1Gen_dtor_005a3d80@@UAE@XZ,0x005A3B20,120,Code/gen_small/dtors_006.cpp,reloc-derived;call-sites=1;identity=generated
?_M_insert_overflow@?$vector@UGen_t_005a3db0_p8pod@@V?$allocator@UGen_t_005a3db0_p8pod@@@_STL@@@_STL@@IAEXPAUGen_t_005a3db0_p8pod@@ABU3@ABU__false_type@2@I_N@Z,0x005A3C00,302,Code/gen_small/tgrid_134.cpp,reloc-derived;call-sites=1;identity=generated
?gen005A40E0@Gen005A40E0_005A3FD0@@QAEXXZ,0x005A40E0,210,Code/GameEngine/Source/Common/TailPairForwarders.cpp,reloc-derived;call-sites=1;identity=generated
?moveMouse@Mouse@@IAEXHHH@Z,0x005A4230,129,Code/GameEngineDevice/Source/Win32Device/GameClient/Win32DIMouse.cpp,reloc-derived;call-sites=1;identity=real
?setMouseLimits@Mouse@@UAEXXZ,0x005A4520,57,Code/GameEngineDevice/Source/Win32Device/GameClient/Win32DIMouse.cpp,reloc-derived;call-sites=1;identity=real
?setCursorTooltip@Mouse@@QAEXVUnicodeString@@HPBURGBColor@@M@Z,0x005A56F0,481,Code/GameEngine/Source/GameClient/GUI/GUICallbacks/Menus/PopupPlayerInfo.cpp,reloc-derived;call-sites=3;identity=real
?setMouseText@Mouse@@QAEXVUnicodeString@@PBURGBAColorInt@@1@Z,0x005A5950,178,Code/GameEngine/Source/GameClient/GUI/GUICallbacks/Menus/LanGameOptionsMenu.cpp,reloc-derived;call-sites=1;identity=real
?setCursor@Mouse@@UAEXW4MouseCursor@1@@Z,0x005A5A30,140,Code/GameEngineDevice/Source/Win32Device/GameClient/Win32DIMouse.cpp,reloc-derived;call-sites=1;identity=real
?getCursorIndex@Mouse@@QAEHABVAsciiString@@@Z,0x005A5EE0,150,Code/GameEngine/Source/GameClient/Input/Mouse.cpp,reloc-derived;call-sites=1;identity=real
??8@YA_NABVAsciiString@@0@Z,0x005A8140,94,Code/GameEngine/Source/Common/Audio/GameAudio.cpp,reloc-derived;call-sites=1;identity=real
?gen005A84D0@@YAXPAX0@Z,0x005A84D0,113,Code/GameEngine/Source/Common/AllocateThenInitialise.cpp,reloc-derived;call-sites=1;identity=generated
?equal_range@?$hashtable@U?$pair@$$CBHUGen_t_005aa370_m12pod@@@_STL@@HU?$hash@H@2@U?$_Select1st@U?$pair@$$CBHUGen_t_005aa370_m12pod@@@_STL@@@2@U?$equal_to@H@2@V?$allocator@U?$pair@$$CBHUGen_t_005aa370_m12pod@@@_STL@@@2@@_STL@@QAE?AU?$pair@U?$_Ht_iterator@U?$pair@$$CBHUGen_t_005aa370_m12pod@@@_STL@@U?$_Nonconst_traits@U?$pair@$$CBHUGen_t_005aa370_m12pod@@@_STL@@@2@HU?$hash@H@2@U?$_Select1st@U?$pair@$$CBHUGen_t_005aa370_m12pod@@@_STL@@@2@U?$equal_to@H@2@V?$allocator@U?$pair@$$CBHUGen_t_005aa370_m12pod@@@_STL@@@2@@_STL@@U12@@2@ABH@Z,0x005AA0F0,434,Code/gen_small/fam_014.cpp,reloc-derived;call-sites=1;identity=generated
?_M_insert@?$_Rb_tree@VAsciiString@@U?$pair@$$CBVAsciiString@@VHotKey@@@_STL@@U?$_Select1st@U?$pair@$$CBVAsciiString@@VHotKey@@@_STL@@@3@U?$less@VAsciiString@@@3@V?$allocator@U?$pair@$$CBVAsciiString@@VHotKey@@@_STL@@@3@@_STL@@AAE?AU?$_Rb_tree_iterator@U?$pair@$$CBVAsciiString@@VHotKey@@@_STL@@U?$_Nonconst_traits@U?$pair@$$CBVAsciiString@@VHotKey@@@_STL@@@2@@2@PAU_Rb_tree_node_base@2@0ABU?$pair@$$CBVAsciiString@@VHotKey@@@2@0@Z,0x005B2EF0,183,Code/GameEngine/Source/GameClient/MessageStream/HotKey.cpp,reloc-derived;call-sites=9;identity=real
?insert_unique@?$_Rb_tree@VAsciiString@@U?$pair@$$CBVAsciiString@@VHotKey@@@_STL@@U?$_Select1st@U?$pair@$$CBVAsciiString@@VHotKey@@@_STL@@@3@U?$less@VAsciiString@@@3@V?$allocator@U?$pair@$$CBVAsciiString@@VHotKey@@@_STL@@@3@@_STL@@QAE?AU?$pair@U?$_Rb_tree_iterator@U?$pair@$$CBVAsciiString@@VHotKey@@@_STL@@U?$_Nonconst_traits@U?$pair@$$CBVAsciiString@@VHotKey@@@_STL@@@2@@_STL@@_N@2@ABU?$pair@$$CBVAsciiString@@VHotKey@@@2@@Z,0x005B2FE0,310,Code/GameEngine/Source/GameClient/MessageStream/HotKey.cpp,reloc-derived;call-sites=2;identity=real
??1Gen_dtor_005b5560@@UAE@XZ,0x005B5330,96,Code/gen_small/dtors_006.cpp,reloc-derived;call-sites=1;identity=generated
??1Gen_dtor_005b7320@@UAE@XZ,0x005B7260,144,Code/gen_small/dtors_006.cpp,reloc-derived;call-sites=1;identity=generated
?selectFriends@SelectionTranslator@@AAE_NPAVDrawable@@PAVGameMessage@@_N@Z,0x005B8230,407,Code/GameEngine/Source/GameClient/MessageStream/SelectionXlat.cpp,reloc-derived;call-sites=1;identity=real
??1Gen_dtor_005bbdf0@@UAE@XZ,0x005BBA80,187,Code/gen_small/dtors_006.cpp,reloc-derived;call-sites=1;identity=generated
??1Gen_dtor_005bc790@@UAE@XZ,0x005BC020,186,Code/gen_small/dtors_006.cpp,reloc-derived;call-sites=1;identity=generated
?getNextMission@Campaign@@QAEPAVMission@@PAV2@@Z,0x005BC270,319,Code/GameEngine/Source/GameClient/System/CampaignManager.cpp,reloc-derived;call-sites=2;identity=real
?destroyParticleSystemByID@ParticleSystemManager@@QAEXW4ParticleSystemID@@@Z,0x005C3C10,84,Code/GameEngine/Source/GameLogic/Object/Update/BoneFXUpdate.cpp,reloc-derived;call-sites=2;identity=real
?apply@T1Recv_005C47D0@@QAEXPAVT1Arg_005C47D0@@@Z,0x005C47D0,399,Code/GameEngine/Source/Common/T1ReceiverSwappingThunks.cpp,reloc-derived;call-sites=1;identity=real
?apply@T1Recv_005C49D0@@QAEXPAVT1Arg_005C49D0@@@Z,0x005C49D0,344,Code/GameEngine/Source/Common/T1ReceiverSwappingThunks.cpp,reloc-derived;call-sites=1;identity=real
??$swap@V?$_STLP_alloc_proxy@PAU?$_List_node@UGen_t_005c6500_m12cd@@@_STL@@U12@V?$allocator@U?$_List_node@UGen_t_005c6500_m12cd@@@_STL@@@2@@_STL@@@_STL@@YAXAAV?$_STLP_alloc_proxy@PAU?$_List_node@UGen_t_005c6500_m12cd@@@_STL@@U12@V?$allocator@U?$_List_node@UGen_t_005c6500_m12cd@@@_STL@@@2@@0@0@Z,0x005C4D00,286,Code/gen_small/fam_014.cpp,reloc-derived;call-sites=1;identity=generated
??1Sub005C67C0@@QAE@XZ,0x005C67C0,155,Code/GameEngine/Source/Common/BigChainBaseDtors.cpp,reloc-derived;call-sites=1;identity=real
??1Sub005C6890@@QAE@XZ,0x005C6890,155,Code/GameEngine/Source/Common/BigChainBaseDtors.cpp,reloc-derived;call-sites=1;identity=real
??1Sub005C6970@@QAE@XZ,0x005C6970,155,Code/GameEngine/Source/Common/BigChainBaseDtors.cpp,reloc-derived;call-sites=1;identity=real
??1Sub005C6A40@@QAE@XZ,0x005C6A40,155,Code/GameEngine/Source/Common/BigChainBaseDtors.cpp,reloc-derived;call-sites=1;identity=real
??$_M_find@VAsciiString@@@?$hashtable@U?$pair@$$CBVAsciiString@@PAVParticleSystemTemplate@@@_STL@@VAsciiString@@U?$hash@VAsciiString@@@rts@@U?$_Select1st@U?$pair@$$CBVAsciiString@@PAVParticleSystemTemplate@@@_STL@@@2@U?$equal_to@VAsciiString@@@5@V?$allocator@U?$pair@$$CBVAsciiString@@PAVParticleSystemTemplate@@@_STL@@@2@@_STL@@ABEPAU?$_Hashtable_node@U?$pair@$$CBVAsciiString@@PAVParticleSystemTemplate@@@_STL@@@1@ABVAsciiString@@@Z,0x005C76A0,159,Code/GameEngine/Source/GameClient/System/ParticleSys.cpp,reloc-derived;call-sites=1;identity=real
?equal_range@?$hashtable@U?$pair@$$CBHUGen_t_005c9620_m12pod@@@_STL@@HU?$hash@H@2@U?$_Select1st@U?$pair@$$CBHUGen_t_005c9620_m12pod@@@_STL@@@2@U?$equal_to@H@2@V?$allocator@U?$pair@$$CBHUGen_t_005c9620_m12pod@@@_STL@@@2@@_STL@@QAE?AU?$pair@U?$_Ht_iterator@U?$pair@$$CBHUGen_t_005c9620_m12pod@@@_STL@@U?$_Nonconst_traits@U?$pair@$$CBHUGen_t_005c9620_m12pod@@@_STL@@@2@HU?$hash@H@2@U?$_Select1st@U?$pair@$$CBHUGen_t_005c9620_m12pod@@@_STL@@@2@U?$equal_to@H@2@V?$allocator@U?$pair@$$CBHUGen_t_005c9620_m12pod@@@_STL@@@2@@_STL@@U12@@2@ABH@Z,0x005C8B10,310,Code/gen_small/fam_014.cpp,reloc-derived;call-sites=1;identity=generated
?accept@T1Sink_005C8D40@@QAEPAXPAX0@Z,0x005C8D40,265,Code/GameEngine/Source/Common/T1ReceiverSwappingThunks.cpp,reloc-derived;call-sites=2;identity=real
?accept@T1Sink_005C8E90@@QAEPAXPAX0@Z,0x005C8E90,282,Code/GameEngine/Source/Common/T1ReceiverSwappingThunks.cpp,reloc-derived;call-sites=2;identity=real
?_M_advance@?$_Deque_iterator_base@UGen_t_005c9f30_p12cd@@@_STL@@QAEXH@Z,0x005C92F0,157,Code/gen_small/tgrid_134.cpp,reloc-derived;call-sites=1;identity=generated
?_M_advance@?$_Deque_iterator_base@UGen_t_005c9f70_p12cd@@@_STL@@QAEXH@Z,0x005C93C0,294,Code/gen_small/tgrid_134.cpp,reloc-derived;call-sites=1;identity=generated
?erase@?$hashtable@U?$pair@$$CBHUGen_t_005caa30_p12cd@@@_STL@@HU?$hash@H@2@U?$_Select1st@U?$pair@$$CBHUGen_t_005caa30_p12cd@@@_STL@@@2@U?$equal_to@H@2@V?$allocator@U?$pair@$$CBHUGen_t_005caa30_p12cd@@@_STL@@@2@@_STL@@QAEXABU?$_Ht_iterator@U?$pair@$$CBHUGen_t_005caa30_p12cd@@@_STL@@U?$_Const_traits@U?$pair@$$CBHUGen_t_005caa30_p12cd@@@_STL@@@2@HU?$hash@H@2@U?$_Select1st@U?$pair@$$CBHUGen_t_005caa30_p12cd@@@_STL@@@2@U?$equal_to@H@2@V?$allocator@U?$pair@$$CBHUGen_t_005caa30_p12cd@@@_STL@@@2@@2@@Z,0x005C9B80,154,Code/gen_small/tgrid_130.cpp,reloc-derived;call-sites=1;identity=generated
?getText@WinInstanceData@@QAE?AVUnicodeString@@XZ,0x005CAB10,39,Code/GameEngine/Source/GameClient/GUI/GameWindow.cpp,reloc-derived;call-sites=1;identity=real
??1Sub005CD540@@QAE@XZ,0x005CD540,101,Code/GameEngine/Source/Common/BigChainBaseDtors.cpp,reloc-derived;call-sites=1;identity=real
??1Sub005CD5E0@@QAE@XZ,0x005CD5E0,101,Code/GameEngine/Source/Common/BigChainBaseDtors.cpp,reloc-derived;call-sites=1;identity=real
??1Gen_dtor_005ceab0@@UAE@XZ,0x005CE090,623,Code/gen_small/dtors_006.cpp,reloc-derived;call-sites=1;identity=generated
??1Gen_dtor_005cf050@@UAE@XZ,0x005CE990,216,Code/gen_small/dtors_006.cpp,reloc-derived;call-sites=1;identity=generated
??0ParticleSystemTemplateTail@FXParticleSystem@@QAE@ABV01@@Z,0x005CF080,92,Code/GameEngine/Source/GameClient/System/FXParticleSystem/ParticleSystemTemplateCopyCtorThunk.cpp,reloc-derived;call-sites=1;identity=real
?assign@ParticleSystemTemplateTailAssignShim@FXParticleSystem@@QAEXPBX@Z,0x005CF100,94,Code/GameEngine/Source/GameClient/System/FXParticleSystem/fx_particle_system_bulk.cpp,reloc-derived;call-sites=1;identity=real
?Make00001B18@@YAPAVGen00001B18@@XZ,0x005CFF50,190,Code/GameEngine/Source/Common/S1LazyPointerFieldReads.cpp,reloc-derived;call-sites=5;identity=generated
??1Gen_dtor_005d2bd0@@UAE@XZ,0x005D2840,117,Code/gen_small/dtors_006.cpp,reloc-derived;call-sites=1;identity=generated
?_M_insert@?$_Rb_tree@IU?$pair@$$CBIUGen_t_005d2df0_m12pod@@@_STL@@U?$_Select1st@U?$pair@$$CBIUGen_t_005d2df0_m12pod@@@_STL@@@2@U?$less@I@2@V?$allocator@U?$pair@$$CBIUGen_t_005d2df0_m12pod@@@_STL@@@2@@_STL@@AAE?AU?$_Rb_tree_iterator@U?$pair@$$CBIUGen_t_005d2df0_m12pod@@@_STL@@U?$_Nonconst_traits@U?$pair@$$CBIUGen_t_005d2df0_m12pod@@@_STL@@@2@@2@PAU_Rb_tree_node_base@2@0ABU?$pair@$$CBIUGen_t_005d2df0_m12pod@@@2@0@Z,0x005D2A30,176,Code/gen_small/fam_005.cpp,reloc-derived;call-sites=9;identity=generated
?insert_unique@?$_Rb_tree@IU?$pair@$$CBIUGen_t_005d2df0_m12pod@@@_STL@@U?$_Select1st@U?$pair@$$CBIUGen_t_005d2df0_m12pod@@@_STL@@@2@U?$less@I@2@V?$allocator@U?$pair@$$CBIUGen_t_005d2df0_m12pod@@@_STL@@@2@@_STL@@QAE?AU?$pair@U?$_Rb_tree_iterator@U?$pair@$$CBIUGen_t_005d2df0_m12pod@@@_STL@@U?$_Nonconst_traits@U?$pair@$$CBIUGen_t_005d2df0_m12pod@@@_STL@@@2@@_STL@@_N@2@ABU?$pair@$$CBIUGen_t_005d2df0_m12pod@@@2@@Z,0x005D2B10,145,Code/gen_small/fam_005.cpp,reloc-derived;call-sites=4;identity=generated
??1Gen_dtor_005d37c0@@UAE@XZ,0x005D3650,95,Code/gen_small/dtors_006.cpp,reloc-derived;call-sites=1;identity=generated
??0T1A1_005DD290@@QAE@PAX0@Z,0x005DD290,109,Code/GameEngine/Source/Common/T1BaseForwardingCtors.cpp,reloc-derived;call-sites=15;identity=real
??1Gen_dtor_005dd340@@UAE@XZ,0x005DD320,14,Code/gen_small/dtors_006.cpp,reloc-derived;call-sites=1;identity=generated
??1Gen_dtor_005ec520@@UAE@XZ,0x005DD400,66,Code/gen_small/dtors_007.cpp,reloc-derived;call-sites=1;identity=generated
??1Gen_dtor_005ec550@@UAE@XZ,0x005DD460,66,Code/gen_small/dtors_007.cpp,reloc-derived;call-sites=1;identity=generated
??1Gen_dtor_005eb800@@UAE@XZ,0x005DD550,49,Code/gen_small/dtors_007.cpp,reloc-derived;call-sites=1;identity=generated
??1Gen_dtor_005ebc90@@UAE@XZ,0x005DD590,49,Code/gen_small/dtors_007.cpp,reloc-derived;call-sites=1;identity=generated
??1Gen_dtor_005dec80@@UAE@XZ,0x005DD660,49,Code/gen_small/dtors_007.cpp,reloc-derived;call-sites=1;identity=generated
??1Gen_dtor_005e3360@@UAE@XZ,0x005DD6A0,49,Code/gen_small/dtors_007.cpp,reloc-derived;call-sites=1;identity=generated
??1Gen_dtor_005e3450@@UAE@XZ,0x005DD6E0,66,Code/gen_small/dtors_007.cpp,reloc-derived;call-sites=1;identity=generated
??1Gen_dtor_005e3580@@UAE@XZ,0x005DD740,66,Code/gen_small/dtors_007.cpp,reloc-derived;call-sites=1;identity=generated
??1Gen_dtor_005e3690@@UAE@XZ,0x005DD7A0,66,Code/gen_small/dtors_007.cpp,reloc-derived;call-sites=1;identity=generated
??1Gen_dtor_005e3790@@UAE@XZ,0x005DD800,66,Code/gen_small/dtors_007.cpp,reloc-derived;call-sites=1;identity=generated
??1Gen_dtor_005e38b0@@UAE@XZ,0x005DD860,66,Code/gen_small/dtors_007.cpp,reloc-derived;call-sites=1;identity=generated
??1Gen_dtor_005decb0@@UAE@XZ,0x005DD8C0,49,Code/gen_small/dtors_007.cpp,reloc-derived;call-sites=1;identity=generated
??1Gen_dtor_005e3920@@UAE@XZ,0x005DD900,49,Code/gen_small/dtors_007.cpp,reloc-derived;call-sites=1;identity=generated
??1Gen_dtor_005e39f0@@UAE@XZ,0x005DD940,66,Code/gen_small/dtors_007.cpp,reloc-derived;call-sites=1;identity=generated
??1Gen_dtor_005e3ae0@@UAE@XZ,0x005DD9A0,66,Code/gen_small/dtors_007.cpp,reloc-derived;call-sites=1;identity=generated
??1Gen_dtor_005e3b60@@UAE@XZ,0x005DDA00,66,Code/gen_small/dtors_007.cpp,reloc-derived;call-sites=1;identity=generated
??1Gen_dtor_005e3c60@@UAE@XZ,0x005DDA60,66,Code/gen_small/dtors_007.cpp,reloc-derived;call-sites=1;identity=generated
??1Gen_dtor_005e3d60@@UAE@XZ,0x005DDAC0,66,Code/gen_small/dtors_007.cpp,reloc-derived;call-sites=1;identity=generated
??1Gen_dtor_005ec790@@UAE@XZ,0x005DDB20,66,Code/gen_small/dtors_007.cpp,reloc-derived;call-sites=1;identity=generated
??1Gen_dtor_005ec7c0@@UAE@XZ,0x005DDB80,66,Code/gen_small/dtors_007.cpp,reloc-derived;call-sites=1;identity=generated
??1Gen_dtor_005ece80@@UAE@XZ,0x005DDD00,66,Code/gen_small/dtors_007.cpp,reloc-derived;call-sites=1;identity=generated
??1Gen_dtor_005eceb0@@UAE@XZ,0x005DDD60,66,Code/gen_small/dtors_007.cpp,reloc-derived;call-sites=1;identity=generated
??1Gen_dtor_005ecbe0@@UAE@XZ,0x005DEAE0,66,Code/gen_small/dtors_007.cpp,reloc-derived;call-sites=1;identity=generated
??1Gen_dtor_005ecc10@@UAE@XZ,0x005DEB40,83,Code/gen_small/dtors_007.cpp,reloc-derived;call-sites=1;identity=generated
??1Gen_dtor_005eb780@@UAE@XZ,0x005E2250,66,Code/gen_small/dtors_007.cpp,reloc-derived;call-sites=1;identity=generated
??1Gen_dtor_005eb900@@UAE@XZ,0x005E22B0,66,Code/gen_small/dtors_007.cpp,reloc-derived;call-sites=1;identity=generated
??1Gen_dtor_005eba00@@UAE@XZ,0x005E2310,66,Code/gen_small/dtors_007.cpp,reloc-derived;call-sites=1;identity=generated
??1Gen_dtor_005ebb00@@UAE@XZ,0x005E2370,66,Code/gen_small/dtors_007.cpp,reloc-derived;call-sites=1;identity=generated
??1Gen_dtor_005ebc60@@UAE@XZ,0x005E23D0,100,Code/gen_small/dtors_007.cpp,reloc-derived;call-sites=1;identity=generated
??1Gen_dtor_005ebee0@@UAE@XZ,0x005E2450,66,Code/gen_small/dtors_007.cpp,reloc-derived;call-sites=1;identity=generated
??1Gen_dtor_005e4fb0@@UAE@XZ,0x005E27C0,66,Code/gen_small/dtors_007.cpp,reloc-derived;call-sites=1;identity=generated
??1Gen_dtor_005e5030@@UAE@XZ,0x005E2820,66,Code/gen_small/dtors_007.cpp,reloc-derived;call-sites=1;identity=generated
??1Gen_dtor_005e50b0@@UAE@XZ,0x005E2880,66,Code/gen_small/dtors_007.cpp,reloc-derived;call-sites=1;identity=generated
??1Gen_dtor_005e5130@@UAE@XZ,0x005E28E0,66,Code/gen_small/dtors_007.cpp,reloc-derived;call-sites=1;identity=generated
??1Gen_dtor_005e51b0@@UAE@XZ,0x005E2940,66,Code/gen_small/dtors_007.cpp,reloc-derived;call-sites=1;identity=generated
??1Gen_dtor_005e5240@@UAE@XZ,0x005E29A0,66,Code/gen_small/dtors_007.cpp,reloc-derived;call-sites=1;identity=generated
??1Gen_dtor_005e52d0@@UAE@XZ,0x005E2A00,66,Code/gen_small/dtors_007.cpp,reloc-derived;call-sites=1;identity=generated
??1Gen_dtor_005e5360@@UAE@XZ,0x005E2A60,66,Code/gen_small/dtors_007.cpp,reloc-derived;call-sites=1;identity=generated
??1Gen_dtor_005e53f0@@UAE@XZ,0x005E2AC0,66,Code/gen_small/dtors_007.cpp,reloc-derived;call-sites=1;identity=generated
??1Gen_dtor_005e5480@@UAE@XZ,0x005E2B20,66,Code/gen_small/dtors_007.cpp,reloc-derived;call-sites=1;identity=generated
??1Gen_dtor_005ec490@@UAE@XZ,0x005E2B80,83,Code/gen_small/dtors_007.cpp,reloc-derived;call-sites=1;identity=generated
??1Gen_dtor_005ec700@@UAE@XZ,0x005E2BF0,83,Code/gen_small/dtors_007.cpp,reloc-derived;call-sites=1;identity=generated
??1Gen_dtor_005ecdf0@@UAE@XZ,0x005E2C70,139,Code/gen_small/dtors_007.cpp,reloc-derived;call-sites=1;identity=generated
??1Gen_dtor_005ed200@@UAE@XZ,0x005E2D20,139,Code/gen_small/dtors_007.cpp,reloc-derived;call-sites=1;identity=generated
??1Gen_dtor_005ee040@@UAE@XZ,0x005E2DD0,66,Code/gen_small/dtors_007.cpp,reloc-derived;call-sites=1;identity=generated
??1Gen_dtor_005ec290@@UAE@XZ,0x005E2E30,66,Code/gen_small/dtors_007.cpp,reloc-derived;call-sites=1;identity=generated
??1Gen_dtor_005ec990@@UAE@XZ,0x005E2E90,66,Code/gen_small/dtors_007.cpp,reloc-derived;call-sites=1;identity=generated
??1Gen_dtor_005e4af0@@UAE@XZ,0x005E4900,66,Code/gen_small/dtors_007.cpp,reloc-derived;call-sites=1;identity=generated
??1Gen_dtor_005e4b20@@UAE@XZ,0x005E4960,66,Code/gen_small/dtors_007.cpp,reloc-derived;call-sites=1;identity=generated
??1Gen_dtor_005e4b50@@UAE@XZ,0x005E49C0,66,Code/gen_small/dtors_007.cpp,reloc-derived;call-sites=1;identity=generated
??1Gen_dtor_005e4b80@@UAE@XZ,0x005E4A20,66,Code/gen_small/dtors_007.cpp,reloc-derived;call-sites=1;identity=generated
??1Gen_dtor_005e4be0@@UAE@XZ,0x005E4A90,66,Code/gen_small/dtors_007.cpp,reloc-derived;call-sites=1;identity=generated
??1Gen_dtor_005e4f30@@UAE@XZ,0x005E4D20,66,Code/gen_small/dtors_007.cpp,reloc-derived;call-sites=1;identity=generated
??1Gen_dtor_005ec2c0@@UAE@XZ,0x005E4D80,66,Code/gen_small/dtors_007.cpp,reloc-derived;call-sites=1;identity=generated
??1Gen_dtor_005ec9c0@@UAE@XZ,0x005E4E40,66,Code/gen_small/dtors_007.cpp,reloc-derived;call-sites=1;identity=generated
??1Gen_dtor_005e5a80@@UAE@XZ,0x005E5AB0,66,Code/gen_small/dtors_007.cpp,reloc-derived;call-sites=1;identity=generated
??1Gen_dtor_005e5b10@@UAE@XZ,0x005E5B40,66,Code/gen_small/dtors_007.cpp,reloc-derived;call-sites=1;identity=generated
??1Gen_dtor_005e5ba0@@UAE@XZ,0x005E5BD0,66,Code/gen_small/dtors_007.cpp,reloc-derived;call-sites=1;identity=generated
??1Gen_dtor_005e5c30@@UAE@XZ,0x005E5C60,66,Code/gen_small/dtors_007.cpp,reloc-derived;call-sites=1;identity=generated
??1Gen_dtor_005e5d00@@UAE@XZ,0x005E5D30,66,Code/gen_small/dtors_007.cpp,reloc-derived;call-sites=1;identity=generated
??1Gen_dtor_005e65e0@@UAE@XZ,0x005E6610,66,Code/gen_small/dtors_007.cpp,reloc-derived;call-sites=1;identity=generated
??1Gen_dtor_005e66d0@@UAE@XZ,0x005E6700,66,Code/gen_small/dtors_007.cpp,reloc-derived;call-sites=1;identity=generated
??1Gen_dtor_005e67c0@@UAE@XZ,0x005E67F0,66,Code/gen_small/dtors_007.cpp,reloc-derived;call-sites=1;identity=generated
??1Gen_dtor_005e68b0@@UAE@XZ,0x005E68E0,66,Code/gen_small/dtors_007.cpp,reloc-derived;call-sites=1;identity=generated
??1Gen_dtor_005e69a0@@UAE@XZ,0x005E69D0,66,Code/gen_small/dtors_007.cpp,reloc-derived;call-sites=1;identity=generated
??1Gen_dtor_005e6aa0@@UAE@XZ,0x005E6AD0,66,Code/gen_small/dtors_007.cpp,reloc-derived;call-sites=1;identity=generated
??1Gen_dtor_005e6ba0@@UAE@XZ,0x005E6BD0,66,Code/gen_small/dtors_007.cpp,reloc-derived;call-sites=1;identity=generated
??1Gen_dtor_005e6ca0@@UAE@XZ,0x005E6CD0,66,Code/gen_small/dtors_007.cpp,reloc-derived;call-sites=1;identity=generated
??1Gen_dtor_005e6da0@@UAE@XZ,0x005E6DD0,66,Code/gen_small/dtors_007.cpp,reloc-derived;call-sites=1;identity=generated
??1Gen_dtor_005e6ea0@@UAE@XZ,0x005E6ED0,66,Code/gen_small/dtors_007.cpp,reloc-derived;call-sites=1;identity=generated
??1Gen_dtor_005e70e0@@UAE@XZ,0x005E7110,66,Code/gen_small/dtors_007.cpp,reloc-derived;call-sites=1;identity=generated
??1Gen_dtor_005ec2f0@@UAE@XZ,0x005E7170,83,Code/gen_small/dtors_007.cpp,reloc-derived;call-sites=1;identity=generated
??1Gen_dtor_005ec9f0@@UAE@XZ,0x005E71E0,83,Code/gen_small/dtors_007.cpp,reloc-derived;call-sites=1;identity=generated
??1Gen_dtor_005ed020@@UAE@XZ,0x005E7250,83,Code/gen_small/dtors_007.cpp,reloc-derived;call-sites=1;identity=generated
??0T4B005E9800@@QAE@ABV0@@Z,0x005E9800,21,Code/GameEngine/Source/Common/T4ForwardingCtorChainL2.cpp,reloc-derived;call-sites=1;identity=real
??0T4B005E9C70@@QAE@ABV0@@Z,0x005E9C70,21,Code/GameEngine/Source/Common/T4ForwardingCtorChainL2.cpp,reloc-derived;call-sites=1;identity=real
??0T4B005EA0D0@@QAE@ABV0@@Z,0x005EA0D0,93,Code/GameEngine/Source/Common/T4ForwardingCtorChainL2.cpp,reloc-derived;call-sites=1;identity=real
??0T4B005EA240@@QAE@ABV0@@Z,0x005EA240,33,Code/GameEngine/Source/Common/T4ForwardingCtorChainL2.cpp,reloc-derived;call-sites=1;identity=real
??0Rva005EA2B0@@QAE@ABV0@@Z,0x005EA2E0,39,Code/GameEngine/Source/Common/Q2HeapCopyClones.cpp,reloc-derived;call-sites=1;identity=generated
??0Rva005EA7F0@@QAE@ABV0@@Z,0x005EA820,39,Code/GameEngine/Source/Common/Q2HeapCopyClones.cpp,reloc-derived;call-sites=1;identity=generated
??0Rva005EAA50@@QAE@ABV0@@Z,0x005EAA80,39,Code/GameEngine/Source/Common/Q2HeapCopyClones.cpp,reloc-derived;call-sites=1;identity=generated
??0Rva005EACB0@@QAE@ABV0@@Z,0x005EACE0,39,Code/GameEngine/Source/Common/Q2HeapCopyClones.cpp,reloc-derived;call-sites=1;identity=generated
??0Rva005EAF10@@QAE@ABV0@@Z,0x005EAF40,39,Code/GameEngine/Source/Common/Q2HeapCopyClones.cpp,reloc-derived;call-sites=1;identity=generated
??0Rva005EB190@@QAE@ABV0@@Z,0x005EB1C0,39,Code/GameEngine/Source/Common/Q2HeapCopyClones.cpp,reloc-derived;call-sites=1;identity=generated
??0Rva005EB2C0@@QAE@ABV0@@Z,0x005EB2F0,39,Code/GameEngine/Source/Common/Q2HeapCopyClones.cpp,reloc-derived;call-sites=1;identity=generated
??0BaseX005EB6B0@@QAE@PAVHostX005EB6B0@@@Z,0x005EB730,46,Code/GameEngine/Source/Common/Q4NewInlineCtorMembers.cpp,reloc-derived;call-sites=1;identity=real
??0BaseX005EB830@@QAE@PAVHostX005EB830@@@Z,0x005EB8B0,46,Code/GameEngine/Source/Common/Q4NewInlineCtorMembers.cpp,reloc-derived;call-sites=1;identity=real
??0BaseX005EB930@@QAE@PAVHostX005EB930@@@Z,0x005EB9B0,46,Code/GameEngine/Source/Common/Q4NewInlineCtorMembers.cpp,reloc-derived;call-sites=1;identity=real
??0BaseX005EBA30@@QAE@PAVHostX005EBA30@@@Z,0x005EBAB0,46,Code/GameEngine/Source/Common/Q4NewInlineCtorMembers.cpp,reloc-derived;call-sites=1;identity=real
??0BaseX005EBB30@@QAE@PAVHostX005EBB30@@@Z,0x005EBBB0,125,Code/GameEngine/Source/Common/Q4NewInlineCtorMembers.cpp,reloc-derived;call-sites=1;identity=real
??0CompositeRenderObjClass@@QAE@ABV0@@Z,0x005EC3E0,128,Code/Libraries/Source/WWVegas/WW3D2/DistLODClassCopyCtor.cpp,reloc-derived;call-sites=1;identity=real
??0Gen005EC600@@QAE@PAVHost005EC580@@@Z,0x005EC600,46,Code/GameEngine/Source/Common/Q4NewOwnerFactories.cpp,reloc-derived;call-sites=1;identity=generated
??0Gen005EC870@@QAE@PAVHost005EC7F0@@@Z,0x005EC870,46,Code/GameEngine/Source/Common/Q4NewOwnerFactories.cpp,reloc-derived;call-sites=1;identity=generated
??0Gen005ECCC0@@QAE@PAVHost005ECC40@@@Z,0x005ECCC0,46,Code/GameEngine/Source/Common/Q4NewOwnerFactories.cpp,reloc-derived;call-sites=1;identity=generated
??0Gen005ED0D0@@QAE@PAVHost005ED050@@@Z,0x005ED0D0,46,Code/GameEngine/Source/Common/Q4NewOwnerFactories.cpp,reloc-derived;call-sites=1;identity=generated
??0BaseX005ED230@@QAE@PAVHostX005ED230@@@Z,0x005ED2B0,75,Code/GameEngine/Source/Common/Q4NewInlineCtorMembers.cpp,reloc-derived;call-sites=1;identity=real
??0BaseX005ED360@@QAE@PAVHostX005ED360@@@Z,0x005ED3E0,94,Code/GameEngine/Source/Common/Q4NewInlineCtorMembers.cpp,reloc-derived;call-sites=1;identity=real
??0Gen005ED4E0@@QAE@PAVHost005ED460@@@Z,0x005ED4E0,39,Code/GameEngine/Source/Common/Q4NewOwnerFactories.cpp,reloc-derived;call-sites=1;identity=generated
??0BaseX005ED510@@QAE@PAVHostX005ED510@@@Z,0x005ED590,116,Code/GameEngine/Source/Common/Q4NewInlineCtorMembers.cpp,reloc-derived;call-sites=1;identity=real
??0BaseX005ED630@@QAE@PAVHostX005ED630@@@Z,0x005ED6B0,116,Code/GameEngine/Source/Common/Q4NewInlineCtorMembers.cpp,reloc-derived;call-sites=1;identity=real
??0Gen005ED7D0@@QAE@PAVHost005ED750@@@Z,0x005ED7D0,46,Code/GameEngine/Source/Common/Q4NewOwnerFactories.cpp,reloc-derived;call-sites=1;identity=generated
??0Gen005ED980@@QAE@PAVHost005ED900@@@Z,0x005ED980,46,Code/GameEngine/Source/Common/Q4NewOwnerFactories.cpp,reloc-derived;call-sites=1;identity=generated
??0Gen005EDB10@@QAE@PAVHost005EDA90@@@Z,0x005EDB10,46,Code/GameEngine/Source/Common/Q4NewOwnerFactories.cpp,reloc-derived;call-sites=1;identity=generated
??0Gen005EDC80@@QAE@PAVHost005EDC00@@@Z,0x005EDC80,46,Code/GameEngine/Source/Common/Q4NewOwnerFactories.cpp,reloc-derived;call-sites=1;identity=generated
??0Gen005EDDE0@@QAE@PAVHost005EDD60@@@Z,0x005EDDE0,46,Code/GameEngine/Source/Common/Q4NewOwnerFactories.cpp,reloc-derived;call-sites=1;identity=generated
??0BaseY005E7360@@QAE@PAVOwnerY005E7360@@@Z,0x005EEA60,207,Code/GameEngine/Source/Common/Q4NewInlineCtorAdjusted.cpp,reloc-derived;call-sites=1;identity=real
??$swap@V?$_STLP_alloc_proxy@PAU?$_List_node@UGen_t_005f0290_m12cd@@@_STL@@U12@V?$allocator@U?$_List_node@UGen_t_005f0290_m12cd@@@_STL@@@2@@_STL@@@_STL@@YAXAAV?$_STLP_alloc_proxy@PAU?$_List_node@UGen_t_005f0290_m12cd@@@_STL@@U12@V?$allocator@U?$_List_node@UGen_t_005f0290_m12cd@@@_STL@@@2@@0@0@Z,0x005F0120,286,Code/gen_small/fam_014.cpp,reloc-derived;call-sites=1;identity=generated
?s4Second@@YAXXZ,0x005F40C0,87,Code/GameEngine/Source/Common/S4CtorThenPublishNew.cpp,reloc-derived;call-sites=4;identity=real
??0BaseY005E6290@@QAE@PAVOwnerY005E6290@@@Z,0x005FCA70,187,Code/GameEngine/Source/Common/Q4NewInlineCtorAdjusted.cpp,reloc-derived;call-sites=1;identity=real
??0BaseY005E4C10@@QAE@PAVOwnerY005E4C10@@@Z,0x005FD6A0,181,Code/GameEngine/Source/Common/Q4NewInlineCtorAdjusted.cpp,reloc-derived;call-sites=1;identity=real
??0BaseY005E6030@@QAE@PAVOwnerY005E6030@@@Z,0x005FDF80,112,Code/GameEngine/Source/Common/Q4NewInlineCtorAdjusted.cpp,reloc-derived;call-sites=1;identity=real
??0BaseY005E6160@@QAE@PAVOwnerY005E6160@@@Z,0x005FEC70,128,Code/GameEngine/Source/Common/Q4NewInlineCtorAdjusted.cpp,reloc-derived;call-sites=1;identity=real
??0BaseY005E7620@@QAE@PAVOwnerY005E7620@@@Z,0x005FFBB0,346,Code/GameEngine/Source/Common/Q4NewInlineCtorAdjusted.cpp,reloc-derived;call-sites=1;identity=real
??0BaseY005E7940@@QAE@PAVOwnerY005E7940@@@Z,0x006009B0,440,Code/GameEngine/Source/Common/Q4NewInlineCtorAdjusted.cpp,reloc-derived;call-sites=1;identity=real
??1Gen_dtor_00601560@@UAE@XZ,0x00601490,140,Code/gen_small/dtors_007.cpp,reloc-derived;call-sites=1;identity=generated
?findRoad@TerrainRoadCollection@@QAEPAVTerrainRoadType@@VAsciiString@@@Z,0x006023A0,246,Code/GameEngine/Source/Common/INI/INITerrainRoad.cpp,reloc-derived;call-sites=1;identity=real
?findBridge@TerrainRoadCollection@@QAEPAVTerrainRoadType@@VAsciiString@@@Z,0x006024E0,246,Code/GameEngine/Source/Common/INI/INITerrainRoad.cpp,reloc-derived;call-sites=1;identity=real
??0W3DTerrainVisualBase@@QAE@XZ,0x00602C70,92,Code/GameEngineDevice/Source/W3DDevice/GameClient/W3DTerrainVisualCtor.cpp,reloc-derived;call-sites=1;identity=real
??1Gen_dtor_00602e50@@UAE@XZ,0x00602D30,98,Code/gen_small/dtors_007.cpp,reloc-derived;call-sites=1;identity=generated
??1Gen_dtor_00602f30@@UAE@XZ,0x00602EC0,11,Code/gen_small/dtors_007.cpp,reloc-derived;call-sites=1;identity=generated
??1Gen_dtor_00602ff0@@UAE@XZ,0x00602F10,11,Code/gen_small/dtors_007.cpp,reloc-derived;call-sites=1;identity=generated
??1Gen_dtor_00603210@@UAE@XZ,0x00603120,11,Code/gen_small/dtors_007.cpp,reloc-derived;call-sites=1;identity=generated
??1Gen_dtor_006039d0@@UAE@XZ,0x00603820,118,Code/gen_small/dtors_007.cpp,reloc-derived;call-sites=1;identity=generated
??1Gen_dtor_006045f0@@UAE@XZ,0x00604550,11,Code/gen_small/dtors_007.cpp,reloc-derived;call-sites=1;identity=generated
??1Gen_dtor_006051d0@@UAE@XZ,0x00605080,103,Code/gen_small/dtors_007.cpp,reloc-derived;call-sites=1;identity=generated
??0?$pair@$$CBUGen_t_00605630_k4@@UGen_t_00605630_p12cd@@@_STL@@QAE@ABU01@@Z,0x00605200,83,Code/gen_small/tgrid_119.cpp,reloc-derived;call-sites=1;identity=generated
?_M_erase@?$_Rb_tree@HU?$pair@$$CBHUGen_t_006058c0_p12cd@@@_STL@@U?$_Select1st@U?$pair@$$CBHUGen_t_006058c0_p12cd@@@_STL@@@2@U?$less@H@2@V?$allocator@U?$pair@$$CBHUGen_t_006058c0_p12cd@@@_STL@@@2@@_STL@@AAEXPAU?$_Rb_tree_node@U?$pair@$$CBHUGen_t_006058c0_p12cd@@@_STL@@@2@@Z,0x00605820,61,Code/gen_small/tgrid_119.cpp,reloc-derived;call-sites=1;identity=generated
??1AnimationSoundClientBehaviorModuleDataMember@@QAE@XZ,0x00605E60,124,Code/GameEngine/Source/GameLogic/Object/Behavior/AnimationSoundClientBehaviorModuleDataDestructorThunk.cpp,reloc-derived;call-sites=1;identity=real
?_M_advance@?$_Deque_iterator_base@UGen_t_00607090_p12cd@@@_STL@@QAEXH@Z,0x00606E60,207,Code/gen_small/tgrid_134.cpp,reloc-derived;call-sites=1;identity=generated
??0?$pair@$$CBUGen_t_00607280_k4@@UGen_t_00607280_p12cd@@@_STL@@QAE@ABU01@@Z,0x006071C0,132,Code/gen_small/tgrid_119.cpp,reloc-derived;call-sites=1;identity=generated
??1ModelConditionSoundSelectorClientBehaviorModuleDataMember@@QAE@XZ,0x006073F0,171,Code/GameEngine/Source/GameLogic/Object/Behavior/ModelConditionSoundSelectorClientBehaviorModuleDataDestructorThunk.cpp,reloc-derived;call-sites=1;identity=real
??0RandomSoundSelectorClientBehavior@@QAE@PAVThing@@PBVModuleData@@@Z,0x00607A30,164,Code/GameEngine/Source/Common/Thing/RandomSoundSelectorClientBehaviorFriendNewModuleInstanceThunk.cpp,reloc-derived;call-sites=1;identity=real
??1Gen_dtor_00607ba0@@UAE@XZ,0x00607BD0,11,Code/gen_small/dtors_007.cpp,reloc-derived;call-sites=1;identity=generated
??0?$pair@$$CBUGen_t_00608af0_k4@@UGen_t_00608af0_p12cd@@@_STL@@QAE@ABU01@@Z,0x006089C0,227,Code/gen_small/tgrid_119.cpp,reloc-derived;call-sites=1;identity=generated
??1UpgradeSoundSelectorClientBehaviorModuleDataMember@@QAE@XZ,0x00608C60,169,Code/GameEngine/Source/GameLogic/Object/Behavior/UpgradeSoundSelectorClientBehaviorModuleDataDestructorThunk.cpp,reloc-derived;call-sites=1;identity=real
??1Gen_dtor_0060a130@@UAE@XZ,0x00609E30,215,Code/gen_small/dtors_007.cpp,reloc-derived;call-sites=1;identity=generated
??1Gen_dtor_0060ac80@@UAE@XZ,0x0060AA70,89,Code/gen_small/dtors_007.cpp,reloc-derived;call-sites=1;identity=generated
??1Gen_dtor_003a3d90@@UAE@XZ,0x0060AB40,149,Code/gen_small/dtors_004.cpp,reloc-derived;call-sites=1;identity=generated
??1Gen_dtor_0060d310@@UAE@XZ,0x0060B6B0,73,Code/gen_small/dtors_007.cpp,reloc-derived;call-sites=1;identity=generated
?gen0060BC50@Gen0060BC50_0061D140@@QAEXXZ,0x0060BC50,174,Code/GameEngine/Source/Common/TailPairForwarders.cpp,reloc-derived;call-sites=1;identity=generated
?gen0060BD30@Gen0060BD30_0061D150@@QAEXXZ,0x0060BD30,182,Code/GameEngine/Source/Common/TailPairForwarders.cpp,reloc-derived;call-sites=1;identity=generated
?gen0060BF50@Gen0060BF50_0061D140@@QAEXXZ,0x0060BF50,174,Code/GameEngine/Source/Common/TailPairForwarders.cpp,reloc-derived;call-sites=1;identity=generated
?gen0060C030@Gen0060C030_0061D150@@QAEXXZ,0x0060C030,182,Code/GameEngine/Source/Common/TailPairForwarders.cpp,reloc-derived;call-sites=1;identity=generated
??1Gen_dtor_0060cf60@@UAE@XZ,0x0060CDD0,266,Code/gen_small/dtors_007.cpp,reloc-derived;call-sites=1;identity=generated
??$__copy@PAVW3DAnimationInfo@@PAV1@H@_STL@@YAPAVW3DAnimationInfo@@PAV1@00ABUrandom_access_iterator_tag@0@PAH@Z,0x00610AF0,167,Code/GameEngineDevice/Source/W3DDevice/GameClient/Drawable/Draw/W3DModelDraw.cpp,reloc-derived;call-sites=2;identity=real
?handle@Gen00611CA0@@QAEXPAXH@Z,0x00611CA0,41,Code/GameEngine/Source/Common/SpanCountForwarders.cpp,reloc-derived;call-sites=2;identity=generated
?_M_bkt_num_key@?$hashtable@U?$pair@$$CBVAsciiString@@PAVParticleSystemTemplate@@@_STL@@VAsciiString@@U?$hash@VAsciiString@@@rts@@U?$_Select1st@U?$pair@$$CBVAsciiString@@PAVParticleSystemTemplate@@@_STL@@@2@U?$equal_to@VAsciiString@@@5@V?$allocator@U?$pair@$$CBVAsciiString@@PAVParticleSystemTemplate@@@_STL@@@2@@_STL@@ABEIABVAsciiString@@I@Z,0x00611CE0,41,Code/GameEngine/Source/GameClient/System/ParticleSys.cpp,reloc-derived;call-sites=1;identity=real
?_M_insert@?$_Rb_tree@HU?$pair@$$CBHUGen_t_00613360_p12cd@@@_STL@@U?$_Select1st@U?$pair@$$CBHUGen_t_00613360_p12cd@@@_STL@@@2@U?$less@H@2@V?$allocator@U?$pair@$$CBHUGen_t_00613360_p12cd@@@_STL@@@2@@_STL@@AAE?AU?$_Rb_tree_iterator@U?$pair@$$CBHUGen_t_00613360_p12cd@@@_STL@@U?$_Nonconst_traits@U?$pair@$$CBHUGen_t_00613360_p12cd@@@_STL@@@2@@2@PAU_Rb_tree_node_base@2@0ABU?$pair@$$CBHUGen_t_00613360_p12cd@@@2@0@Z,0x00611E80,176,Code/gen_small/tgrid_119.cpp,reloc-derived;call-sites=9;identity=generated
?insert_unique@?$_Rb_tree@HU?$pair@$$CBHUGen_t_00613360_p12cd@@@_STL@@U?$_Select1st@U?$pair@$$CBHUGen_t_00613360_p12cd@@@_STL@@@2@U?$less@H@2@V?$allocator@U?$pair@$$CBHUGen_t_00613360_p12cd@@@_STL@@@2@@_STL@@QAE?AU?$pair@U?$_Rb_tree_iterator@U?$pair@$$CBHUGen_t_00613360_p12cd@@@_STL@@U?$_Nonconst_traits@U?$pair@$$CBHUGen_t_00613360_p12cd@@@_STL@@@2@@_STL@@_N@2@ABU?$pair@$$CBHUGen_t_00613360_p12cd@@@2@@Z,0x00611F60,145,Code/gen_small/tgrid_119.cpp,reloc-derived;call-sites=4;identity=generated
?evaluate@Gen00613AE0@@QAEPAXPAX@Z,0x00613AE0,159,Code/GameEngine/Source/Common/SelfPairReturners.cpp,reloc-derived;call-sites=2;identity=generated
?evaluate@Gen00613BB0@@QAEPAXPAX@Z,0x00613BB0,159,Code/GameEngine/Source/Common/SelfPairReturners.cpp,reloc-derived;call-sites=2;identity=generated
?findAnimObject@BfmeLivingWorldManagerIcons@@QAEPAVBfmeLivingWorldAnimObject@@ABVAsciiString@@@Z,0x00614620,176,Code/GameEngine/Source/Common/INI/INILivingWorldAnimObject.cpp,reloc-derived;call-sites=1;identity=real
?findArmyIcon@BfmeLivingWorldManagerIcons@@QAEPAVBfmeArmyIcon@@ABVAsciiString@@@Z,0x00614700,176,Code/GameEngine/Source/Common/INI/INIArmyIcon.cpp,reloc-derived;call-sites=1;identity=real
?erase@?$hashtable@U?$pair@$$CBHUGen_t_00615270_p12cd@@@_STL@@HU?$hash@H@2@U?$_Select1st@U?$pair@$$CBHUGen_t_00615270_p12cd@@@_STL@@@2@U?$equal_to@H@2@V?$allocator@U?$pair@$$CBHUGen_t_00615270_p12cd@@@_STL@@@2@@_STL@@QAEXABU?$_Ht_iterator@U?$pair@$$CBHUGen_t_00615270_p12cd@@@_STL@@U?$_Const_traits@U?$pair@$$CBHUGen_t_00615270_p12cd@@@_STL@@@2@HU?$hash@H@2@U?$_Select1st@U?$pair@$$CBHUGen_t_00615270_p12cd@@@_STL@@@2@U?$equal_to@H@2@V?$allocator@U?$pair@$$CBHUGen_t_00615270_p12cd@@@_STL@@@2@@2@@Z,0x00614C50,154,Code/gen_small/tgrid_130.cpp,reloc-derived;call-sites=1;identity=generated
?gen00614DA0@@YAPAXXZ,0x00614DA0,65,Code/GameEngine/Source/Common/CachedPointerFills.cpp,reloc-derived;call-sites=1;identity=generated
?_M_insert_overflow@?$vector@UGen_t_00617d60_p16cd@@V?$allocator@UGen_t_00617d60_p16cd@@@_STL@@@_STL@@IAEXPAUGen_t_00617d60_p16cd@@ABU3@ABU__false_type@2@I_N@Z,0x00617070,267,Code/gen_small/tgrid_119.cpp,reloc-derived;call-sites=1;identity=generated
??1Gen_dtor_00618570@@UAE@XZ,0x00617FB0,1168,Code/gen_small/dtors_007.cpp,reloc-derived;call-sites=1;identity=generated
??1Gen_dtor_00618860@@UAE@XZ,0x00618660,31,Code/gen_small/dtors_007.cpp,reloc-derived;call-sites=1;identity=generated
?Gen00619540@@YAHHH@Z,0x00619540,215,Code/GameEngine/Source/Common/BigObfHookWrappers.cpp,reloc-derived;call-sites=1;identity=generated
??1Gen_dtor_00619b80@@UAE@XZ,0x00619BB0,106,Code/gen_small/dtors_007.cpp,reloc-derived;call-sites=1;identity=generated
??0Obf00619E50@@QAE@PAH0@Z,0x00619E50,173,Code/GameEngine/Source/Common/BigObfHookWrappers.cpp,reloc-derived;call-sites=1;identity=real
??1Gen_dtor_0061a440@@UAE@XZ,0x00619F60,114,Code/gen_small/dtors_007.cpp,reloc-derived;call-sites=1;identity=generated
??1Gen_dtor_0061ab30@@UAE@XZ,0x0061A780,164,Code/gen_small/dtors_007.cpp,reloc-derived;call-sites=1;identity=generated
??0?$pair@$$CBUGen_t_0061abc0_k4@@UGen_t_0061abc0_p12cd@@@_STL@@QAE@ABU01@@Z,0x0061A900,128,Code/gen_small/tgrid_119.cpp,reloc-derived;call-sites=1;identity=generated
??1Gen_dtor_0061bfc0@@UAE@XZ,0x0061BD90,179,Code/gen_small/dtors_007.cpp,reloc-derived;call-sites=1;identity=generated
?handle@Gen000341FD@@QAE_NPAVGenItem@@PA_N1@Z,0x0061C870,405,Code/GameEngine/Source/Common/S3SinkDrainLoops.cpp,reloc-derived;call-sites=1;identity=generated
??1Gen_dtor_0060a1a0@@UAE@XZ,0x0061E3E0,221,Code/gen_small/dtors_007.cpp,reloc-derived;call-sites=1;identity=generated
??0GameInfo@@QAE@XZ,0x00620310,98,Code/GameEngine/Source/GameNetwork/LANGameInfo_ctor_Thunk.cpp,reloc-derived;call-sites=2;identity=real
??1Gen_dtor_006235b0@@UAE@XZ,0x00623530,45,Code/gen_small/dtors_007.cpp,reloc-derived;call-sites=1;identity=generated
?EnableSlotListUpdates@@YAX_N@Z,0x006237A0,10,Code/GameEngine/Source/GameClient/GUI/GUICallbacks/Menus/LanGameOptionsMenu.cpp,reloc-derived;call-sites=1;identity=real
?ShowUnderlyingGUIElements@@YAX_NPBD1PAPBD2@Z,0x00623BC0,502,Code/GameEngine/Source/GameClient/GUI/GUICallbacks/Menus/LanMapSelectMenu.cpp,reloc-derived;call-sites=2;identity=real
?insert_unique@?$_Rb_tree@PAVGameWindow@@PAV1@U?$_Identity@PAVGameWindow@@@_STL@@U?$less@PAVGameWindow@@@3@V?$allocator@PAVGameWindow@@@3@@_STL@@QAE?AU?$pair@U?$_Rb_tree_iterator@PAVGameWindow@@U?$_Nonconst_traits@PAVGameWindow@@@_STL@@@_STL@@_N@2@ABQAVGameWindow@@@Z,0x00625940,145,Code/GameEngine/Source/GameNetwork/GameSpy/Chat.cpp,reloc-derived;call-sites=2;identity=real
??0?$pair@$$CBUGen_t_006271a0_k4@@UGen_t_006271a0_p12cd@@@_STL@@QAE@ABU01@@Z,0x006270C0,155,Code/gen_small/tgrid_119.cpp,reloc-derived;call-sites=1;identity=generated
?downloadNextQueuedFile@DownloadManager@@QAEJXZ,0x00627370,340,Code/GameEngine/Source/GameClient/GUI/GUICallbacks/Menus/DownloadMenu.cpp,reloc-derived;call-sites=1;identity=real
?GameSpyCloseOverlay@@YAXW4GSOverlayType@@@Z,0x00627AD0,90,Code/GameEngine/Source/GameClient/GUI/GUICallbacks/Menus/PopupJoinGame.cpp,reloc-derived;call-sites=4;identity=real
?GameSpyOpenOverlay@@YAXW4GSOverlayType@@@Z,0x00627FA0,535,Code/GameEngine/Source/GameClient/GUI/GUICallbacks/Menus/WOLBuddyOverlay.cpp,reloc-derived;call-sites=2;identity=real
?_M_insert_overflow@?$vector@UGen_t_00628ad0_p2pod@@V?$allocator@UGen_t_00628ad0_p2pod@@@_STL@@@_STL@@IAEXPAUGen_t_00628ad0_p2pod@@ABU3@ABU__false_type@2@I_N@Z,0x006288F0,263,Code/gen_small/tgrid_119.cpp,reloc-derived;call-sites=1;identity=generated
??1Gen_dtor_00629f60@@UAE@XZ,0x00629F90,217,Code/gen_small/dtors_008.cpp,reloc-derived;call-sites=1;identity=generated
?_M_insert@?$_Rb_tree@PAVGameSpyStagingRoom@@PAV1@U?$_Identity@PAVGameSpyStagingRoom@@@_STL@@U?$less@PAVGameSpyStagingRoom@@@3@V?$allocator@PAVGameSpyStagingRoom@@@3@@_STL@@AAE?AU?$_Rb_tree_iterator@PAVGameSpyStagingRoom@@U?$_Nonconst_traits@PAVGameSpyStagingRoom@@@_STL@@@2@PAU_Rb_tree_node_base@2@0ABQAVGameSpyStagingRoom@@0@Z,0x0062C930,179,Code/GameEngine/Source/GameNetwork/GameSpy/LobbyUtils.cpp,reloc-derived;call-sites=1;identity=real
?RefreshGameListBox@@YAXPAVGameWindow@@_N@Z,0x0062E2E0,418,Code/GameEngine/Source/GameNetwork/GameSpy/LobbyUtils.cpp,reloc-derived;call-sites=7;identity=real
??1?$pair@$$CBHVGameSpyGroupRoom@@@_STL@@QAE@XZ,0x00631920,77,Code/GameEngine/Source/GameNetwork/GameSpy/PeerDefs.cpp,reloc-derived;call-sites=2;identity=real
?_M_insert@?$_Rb_tree@HU?$pair@$$CBHUGen_t_00633010_p12cd@@@_STL@@U?$_Select1st@U?$pair@$$CBHUGen_t_00633010_p12cd@@@_STL@@@2@U?$less@H@2@V?$allocator@U?$pair@$$CBHUGen_t_00633010_p12cd@@@_STL@@@2@@_STL@@AAE?AU?$_Rb_tree_iterator@U?$pair@$$CBHUGen_t_00633010_p12cd@@@_STL@@U?$_Nonconst_traits@U?$pair@$$CBHUGen_t_00633010_p12cd@@@_STL@@@2@@2@PAU_Rb_tree_node_base@2@0ABU?$pair@$$CBHUGen_t_00633010_p12cd@@@2@0@Z,0x006324F0,176,Code/gen_small/tgrid_119.cpp,reloc-derived;call-sites=9;identity=generated
?insert_unique@?$_Rb_tree@HU?$pair@$$CBHUGen_t_00633010_p12cd@@@_STL@@U?$_Select1st@U?$pair@$$CBHUGen_t_00633010_p12cd@@@_STL@@@2@U?$less@H@2@V?$allocator@U?$pair@$$CBHUGen_t_00633010_p12cd@@@_STL@@@2@@_STL@@QAE?AU?$pair@U?$_Rb_tree_iterator@U?$pair@$$CBHUGen_t_00633010_p12cd@@@_STL@@U?$_Nonconst_traits@U?$pair@$$CBHUGen_t_00633010_p12cd@@@_STL@@@2@@_STL@@_N@2@ABU?$pair@$$CBHUGen_t_00633010_p12cd@@@2@@Z,0x006325D0,145,Code/gen_small/tgrid_119.cpp,reloc-derived;call-sites=4;identity=generated
?_M_insert@?$_Rb_tree@HU?$pair@$$CBHVGameSpyGroupRoom@@@_STL@@U?$_Select1st@U?$pair@$$CBHVGameSpyGroupRoom@@@_STL@@@2@U?$less@H@2@V?$allocator@U?$pair@$$CBHVGameSpyGroupRoom@@@_STL@@@2@@_STL@@AAE?AU?$_Rb_tree_iterator@U?$pair@$$CBHVGameSpyGroupRoom@@@_STL@@U?$_Nonconst_traits@U?$pair@$$CBHVGameSpyGroupRoom@@@_STL@@@2@@2@PAU_Rb_tree_node_base@2@0ABU?$pair@$$CBHVGameSpyGroupRoom@@@2@0@Z,0x00633AD0,176,Code/GameEngine/Source/GameNetwork/GameSpy/PeerDefs.cpp,reloc-derived;call-sites=10;identity=real
??0GameSpyStagingRoom@@QAE@XZ,0x006385A0,226,Code/GameEngine/Source/GameNetwork/GameSpy/PeerDefs.cpp,reloc-derived;call-sites=2;identity=real
?_M_insert_overflow@?$vector@UtConnInfoStruct@@V?$allocator@UtConnInfoStruct@@@_STL@@@_STL@@IAEXPAUtConnInfoStruct@@ABU3@ABU__false_type@2@I_N@Z,0x00638FF0,328,Code/GameEngine/Source/GameNetwork/GameSpy/StagingRoomGameInfo.cpp,reloc-derived;call-sites=1;identity=real
?statusCallback@BuddyThreadClass@@QAEXPAVGPConnection@@PAUGPRecvBuddyStatusArg@@@Z,0x0063A9F0,159,Code/GameEngine/Source/GameNetwork/GameSpy/Thread/BuddyThread.cpp,reloc-derived;call-sites=1;identity=real
?_M_reallocate_map@?$deque@UGen_t_0063c490_p12cd@@V?$allocator@UGen_t_0063c490_p12cd@@@_STL@@@_STL@@IAEXI_N@Z,0x0063BDF0,367,Code/gen_small/tgrid_135.cpp,reloc-derived;call-sites=1;identity=generated
?_M_reallocate_map@?$deque@UGen_t_0063c4c0_p12cd@@V?$allocator@UGen_t_0063c4c0_p12cd@@@_STL@@@_STL@@IAEXI_N@Z,0x0063BFC0,367,Code/gen_small/tgrid_135.cpp,reloc-derived;call-sites=1;identity=generated
?pop_front@?$deque@VBuddyRequest@@V?$allocator@VBuddyRequest@@@_STL@@@_STL@@QAEXXZ,0x0063C270,72,Code/GameEngine/Source/GameNetwork/GameSpy/Thread/BuddyThread.cpp,reloc-derived;call-sites=1;identity=real
?messageCallback@BuddyThreadClass@@QAEXPAVGPConnection@@PAUGPRecvBuddyMessageArg@@@Z,0x0063C910,261,Code/GameEngine/Source/GameNetwork/GameSpy/Thread/BuddyThread.cpp,reloc-derived;call-sites=1;identity=real
?requestCallback@BuddyThreadClass@@QAEXPAVGPConnection@@PAUGPRecvBuddyRequestArg@@@Z,0x0063CA60,253,Code/GameEngine/Source/GameNetwork/GameSpy/Thread/BuddyThread.cpp,reloc-derived;call-sites=1;identity=real
?_M_push_back_aux_v@?$deque@VBuddyRequest@@V?$allocator@VBuddyRequest@@@_STL@@@_STL@@IAEXABVBuddyRequest@@@Z,0x0063CD80,137,Code/GameEngine/Source/GameNetwork/GameSpy/Thread/BuddyThread.cpp,reloc-derived;call-sites=1;identity=real
?_M_push_back_aux_v@?$deque@VBuddyResponse@@V?$allocator@VBuddyResponse@@@_STL@@@_STL@@IAEXABVBuddyResponse@@@Z,0x0063CE30,137,Code/GameEngine/Source/GameNetwork/GameSpy/Thread/BuddyThread.cpp,reloc-derived;call-sites=1;identity=real
??1Gen_dtor_0063cee0@@UAE@XZ,0x0063CF10,352,Code/gen_small/dtors_008.cpp,reloc-derived;call-sites=1;identity=generated
?connectCallback@BuddyThreadClass@@QAEXPAVGPConnection@@PAUGPConnectResponseArg@@@Z,0x0063E490,1042,Code/GameEngine/Source/GameNetwork/GameSpy/Thread/BuddyThread.cpp,reloc-derived;call-sites=1;identity=real
??1Gen_dtor_0063fc90@@UAE@XZ,0x0063FC80,11,Code/gen_small/dtors_008.cpp,reloc-derived;call-sites=1;identity=generated
?_M_reallocate_map@?$deque@UGen_t_006413c0_p12cd@@V?$allocator@UGen_t_006413c0_p12cd@@@_STL@@@_STL@@IAEXI_N@Z,0x00641120,367,Code/gen_small/tgrid_135.cpp,reloc-derived;call-sites=1;identity=generated
??1Gen_dtor_00642410@@UAE@XZ,0x00641C60,237,Code/gen_small/dtors_008.cpp,reloc-derived;call-sites=1;identity=generated
?_M_push_back_aux_v@?$deque@VGameResultsRequest@@V?$allocator@VGameResultsRequest@@@_STL@@@_STL@@IAEXABVGameResultsRequest@@@Z,0x006420E0,188,Code/GameEngine/Source/GameNetwork/GameSpy/Thread/GameResultsThread.cpp,reloc-derived;call-sites=3;identity=real
?_M_push_back_aux_v@?$deque@VGameResultsResponse@@V?$allocator@VGameResultsResponse@@@_STL@@@_STL@@IAEXABVGameResultsResponse@@@Z,0x006421D0,243,Code/GameEngine/Source/GameNetwork/GameSpy/Thread/GameResultsThread.cpp,reloc-derived;call-sites=3;identity=real
??0Gen00642300@@QAE@XZ,0x00642300,213,Code/GameEngine/Source/Common/Q4NewNiladicFactories.cpp,reloc-derived;call-sites=1;identity=generated
?_M_reallocate_map@?$deque@UGen_t_00646a10_p12cd@@V?$allocator@UGen_t_00646a10_p12cd@@@_STL@@@_STL@@IAEXI_N@Z,0x00645A40,367,Code/gen_small/tgrid_135.cpp,reloc-derived;call-sites=1;identity=generated
?_M_reallocate_map@?$deque@UGen_t_00646a40_p12cd@@V?$allocator@UGen_t_00646a40_p12cd@@@_STL@@@_STL@@IAEXI_N@Z,0x00645C10,367,Code/gen_small/tgrid_135.cpp,reloc-derived;call-sites=1;identity=generated
?_M_insert@?$_Rb_tree@HU?$pair@$$CBHUGen_t_00646700_p12cd@@@_STL@@U?$_Select1st@U?$pair@$$CBHUGen_t_00646700_p12cd@@@_STL@@@2@U?$less@H@2@V?$allocator@U?$pair@$$CBHUGen_t_00646700_p12cd@@@_STL@@@2@@_STL@@AAE?AU?$_Rb_tree_iterator@U?$pair@$$CBHUGen_t_00646700_p12cd@@@_STL@@U?$_Nonconst_traits@U?$pair@$$CBHUGen_t_00646700_p12cd@@@_STL@@@2@@2@PAU_Rb_tree_node_base@2@0ABU?$pair@$$CBHUGen_t_00646700_p12cd@@@2@0@Z,0x00645DE0,176,Code/gen_small/tgrid_119.cpp,reloc-derived;call-sites=9;identity=generated
?insert_unique@?$_Rb_tree@HU?$pair@$$CBHUGen_t_00646700_p12cd@@@_STL@@U?$_Select1st@U?$pair@$$CBHUGen_t_00646700_p12cd@@@_STL@@@2@U?$less@H@2@V?$allocator@U?$pair@$$CBHUGen_t_00646700_p12cd@@@_STL@@@2@@_STL@@QAE?AU?$pair@U?$_Rb_tree_iterator@U?$pair@$$CBHUGen_t_00646700_p12cd@@@_STL@@U?$_Nonconst_traits@U?$pair@$$CBHUGen_t_00646700_p12cd@@@_STL@@@2@@_STL@@_N@2@ABU?$pair@$$CBHUGen_t_00646700_p12cd@@@2@@Z,0x00645EC0,145,Code/gen_small/tgrid_119.cpp,reloc-derived;call-sites=4;identity=generated
?_M_reallocate_map@?$deque@UGen_t_00646a70_p12cd@@V?$allocator@UGen_t_00646a70_p12cd@@@_STL@@@_STL@@IAEXI_N@Z,0x00645F80,367,Code/gen_small/tgrid_135.cpp,reloc-derived;call-sites=1;identity=generated
??0?$pair@$$CBUGen_t_00647b20_k4@@UGen_t_00647b20_p12cd@@@_STL@@QAE@ABU01@@Z,0x00647470,370,Code/gen_small/tgrid_120.cpp,reloc-derived;call-sites=1;identity=generated
?pop_front@?$deque@VPeerResponse@@V?$allocator@VPeerResponse@@@_STL@@@_STL@@QAEXXZ,0x00648760,80,Code/GameEngine/Source/GameNetwork/GameSpy/Thread/PeerThread.cpp,reloc-derived;call-sites=1;identity=real
??1Gen_dtor_0064d750@@UAE@XZ,0x0064C710,225,Code/gen_small/dtors_008.cpp,reloc-derived;call-sites=1;identity=generated
?stopHostingAlready@PeerThreadClass@@QAEXPAX@Z,0x0064C9E0,96,Code/GameEngine/Source/GameNetwork/GameSpy/Thread/PeerThreadQRTeamKeyCallbackThunk.cpp,reloc-derived;call-sites=1;identity=real
?push@?$queue@VPeerResponse@@V?$deque@VPeerResponse@@V?$allocator@VPeerResponse@@@_STL@@@_STL@@@_STL@@QAEXABVPeerResponse@@@Z,0x0064CB30,64,Code/GameEngine/Source/GameNetwork/GameSpy/Thread/PeerThread.cpp,reloc-derived;call-sites=1;identity=real
??1Gen_dtor_0064d2f0@@UAE@XZ,0x0064D320,646,Code/gen_small/dtors_008.cpp,reloc-derived;call-sites=1;identity=generated
??0GameSpyPeerMessageQueue@@QAE@XZ,0x0064D650,197,Code/GameEngine/Source/GameNetwork/GameSpy/Thread/PeerThread.cpp,reloc-derived;call-sites=1;identity=real
?_M_reallocate_map@?$deque@UGen_t_00654750_p12cd@@V?$allocator@UGen_t_00654750_p12cd@@@_STL@@@_STL@@IAEXI_N@Z,0x006539F0,367,Code/gen_small/tgrid_135.cpp,reloc-derived;call-sites=1;identity=generated
?_M_reallocate_map@?$deque@UGen_t_00654780_p12cd@@V?$allocator@UGen_t_00654780_p12cd@@@_STL@@@_STL@@IAEXI_N@Z,0x00653BC0,367,Code/gen_small/tgrid_135.cpp,reloc-derived;call-sites=1;identity=generated
?_M_insert@?$_Rb_tree@HU?$pair@$$CBHUGen_t_00654460_p12cd@@@_STL@@U?$_Select1st@U?$pair@$$CBHUGen_t_00654460_p12cd@@@_STL@@@2@U?$less@H@2@V?$allocator@U?$pair@$$CBHUGen_t_00654460_p12cd@@@_STL@@@2@@_STL@@AAE?AU?$_Rb_tree_iterator@U?$pair@$$CBHUGen_t_00654460_p12cd@@@_STL@@U?$_Nonconst_traits@U?$pair@$$CBHUGen_t_00654460_p12cd@@@_STL@@@2@@2@PAU_Rb_tree_node_base@2@0ABU?$pair@$$CBHUGen_t_00654460_p12cd@@@2@0@Z,0x00653D90,176,Code/gen_small/tgrid_120.cpp,reloc-derived;call-sites=9;identity=generated
?insert_unique@?$_Rb_tree@HU?$pair@$$CBHUGen_t_00654460_p12cd@@@_STL@@U?$_Select1st@U?$pair@$$CBHUGen_t_00654460_p12cd@@@_STL@@@2@U?$less@H@2@V?$allocator@U?$pair@$$CBHUGen_t_00654460_p12cd@@@_STL@@@2@@_STL@@QAE?AU?$pair@U?$_Rb_tree_iterator@U?$pair@$$CBHUGen_t_00654460_p12cd@@@_STL@@U?$_Nonconst_traits@U?$pair@$$CBHUGen_t_00654460_p12cd@@@_STL@@@2@@_STL@@_N@2@ABU?$pair@$$CBHUGen_t_00654460_p12cd@@@2@@Z,0x00653E70,145,Code/gen_small/tgrid_120.cpp,reloc-derived;call-sites=4;identity=generated
?destroy@BFMENetworkBackendDestructorShim@@QAEXXZ,0x006541B0,216,Code/GameEngine/Source/GameNetwork/native_network.cpp,reloc-derived;call-sites=1;identity=real
?popFront@BFMENetworkQueue@@QAEXXZ,0x00656B60,80,Code/GameEngine/Source/GameNetwork/native_network.cpp,reloc-derived;call-sites=1;identity=real
?popFront@BFMENetworkQueue1@@QAEXXZ,0x00656BD0,80,Code/GameEngine/Source/GameNetwork/native_network.cpp,reloc-derived;call-sites=1;identity=real
?copyFromQueueNode@BFMENetworkQueueItem1@@QAEXPAX@Z,0x00658340,131,Code/GameEngine/Source/GameNetwork/native_network.cpp,reloc-derived;call-sites=1;identity=real
??0?$pair@$$CBUGen_t_0065aa20_k4@@UGen_t_0065aa20_p12cd@@@_STL@@QAE@ABU01@@Z,0x006588B0,237,Code/gen_small/tgrid_120.cpp,reloc-derived;call-sites=1;identity=generated
??0?$pair@$$CBUGen_t_0065aa80_k4@@UGen_t_0065aa80_p12cd@@@_STL@@QAE@ABU01@@Z,0x006589E0,131,Code/gen_small/tgrid_120.cpp,reloc-derived;call-sites=1;identity=generated
?destroy@BFMENetworkDestructorShim@@QAEXXZ,0x00658AF0,397,Code/GameEngine/Source/GameNetwork/native_network.cpp,reloc-derived;call-sites=1;identity=real
?_M_insert@?$_Rb_tree@HU?$pair@$$CBHUGen_t_0065dd60_p12cd@@@_STL@@U?$_Select1st@U?$pair@$$CBHUGen_t_0065dd60_p12cd@@@_STL@@@2@U?$less@H@2@V?$allocator@U?$pair@$$CBHUGen_t_0065dd60_p12cd@@@_STL@@@2@@_STL@@AAE?AU?$_Rb_tree_iterator@U?$pair@$$CBHUGen_t_0065dd60_p12cd@@@_STL@@U?$_Nonconst_traits@U?$pair@$$CBHUGen_t_0065dd60_p12cd@@@_STL@@@2@@2@PAU_Rb_tree_node_base@2@0ABU?$pair@$$CBHUGen_t_0065dd60_p12cd@@@2@0@Z,0x0065DB10,182,Code/gen_small/tgrid_120.cpp,reloc-derived;call-sites=9;identity=generated
?insert_unique@?$_Rb_tree@HU?$pair@$$CBHUGen_t_0065dd60_p12cd@@@_STL@@U?$_Select1st@U?$pair@$$CBHUGen_t_0065dd60_p12cd@@@_STL@@@2@U?$less@H@2@V?$allocator@U?$pair@$$CBHUGen_t_0065dd60_p12cd@@@_STL@@@2@@_STL@@QAE?AU?$pair@U?$_Rb_tree_iterator@U?$pair@$$CBHUGen_t_0065dd60_p12cd@@@_STL@@U?$_Nonconst_traits@U?$pair@$$CBHUGen_t_0065dd60_p12cd@@@_STL@@@2@@_STL@@_N@2@ABU?$pair@$$CBHUGen_t_0065dd60_p12cd@@@2@@Z,0x0065DC00,145,Code/gen_small/tgrid_120.cpp,reloc-derived;call-sites=4;identity=generated
?_M_reallocate_map@?$deque@UGen_t_0065fd10_p12cd@@V?$allocator@UGen_t_0065fd10_p12cd@@@_STL@@@_STL@@IAEXI_N@Z,0x0065F910,363,Code/gen_small/tgrid_135.cpp,reloc-derived;call-sites=1;identity=generated
?_M_reallocate_map@?$deque@UGen_t_0065fd40_p12cd@@V?$allocator@UGen_t_0065fd40_p12cd@@@_STL@@@_STL@@IAEXI_N@Z,0x0065FAE0,363,Code/gen_small/tgrid_135.cpp,reloc-derived;call-sites=1;identity=generated
?pop@?$queue@VPingRequest@@V?$deque@VPingRequest@@V?$allocator@VPingRequest@@@_STL@@@_STL@@@_STL@@QAEXXZ,0x00660410,75,Code/GameEngine/Source/GameNetwork/GameSpy/Thread/PingThread.cpp,reloc-derived;call-sites=1;identity=real
?pop@?$queue@VPingResponse@@V?$deque@VPingResponse@@V?$allocator@VPingResponse@@@_STL@@@_STL@@@_STL@@QAEXXZ,0x006605B0,75,Code/GameEngine/Source/GameNetwork/GameSpy/Thread/PingThread.cpp,reloc-derived;call-sites=1;identity=real
?_M_push_back_aux_v@?$deque@VPingRequest@@V?$allocator@VPingRequest@@@_STL@@@_STL@@IAEXABVPingRequest@@@Z,0x00660750,236,Code/GameEngine/Source/GameNetwork/GameSpy/Thread/PingThread.cpp,reloc-derived;call-sites=3;identity=real
?_M_push_back_aux_v@?$deque@VPingResponse@@V?$allocator@VPingResponse@@@_STL@@@_STL@@IAEXABVPingResponse@@@Z,0x00660880,236,Code/GameEngine/Source/GameNetwork/GameSpy/Thread/PingThread.cpp,reloc-derived;call-sites=3;identity=real
??1Gen_dtor_00661160@@UAE@XZ,0x006609D0,197,Code/gen_small/dtors_008.cpp,reloc-derived;call-sites=1;identity=generated
??1Gen_dtor_00665320@@UAE@XZ,0x006652B0,82,Code/gen_small/dtors_008.cpp,reloc-derived;call-sites=1;identity=generated
?_M_insert@?$_Rb_tree@GU?$pair@$$CBGUGen_t_00668150_m12pod@@@_STL@@U?$_Select1st@U?$pair@$$CBGUGen_t_00668150_m12pod@@@_STL@@@2@U?$less@G@2@V?$allocator@U?$pair@$$CBGUGen_t_00668150_m12pod@@@_STL@@@2@@_STL@@AAE?AU?$_Rb_tree_iterator@U?$pair@$$CBGUGen_t_00668150_m12pod@@@_STL@@U?$_Nonconst_traits@U?$pair@$$CBGUGen_t_00668150_m12pod@@@_STL@@@2@@2@PAU_Rb_tree_node_base@2@0ABU?$pair@$$CBGUGen_t_00668150_m12pod@@@2@0@Z,0x00667BA0,178,Code/gen_small/fam_006.cpp,reloc-derived;call-sites=9;identity=generated
?insert_unique@?$_Rb_tree@GU?$pair@$$CBGUGen_t_00668150_m12pod@@@_STL@@U?$_Select1st@U?$pair@$$CBGUGen_t_00668150_m12pod@@@_STL@@@2@U?$less@G@2@V?$allocator@U?$pair@$$CBGUGen_t_00668150_m12pod@@@_STL@@@2@@_STL@@QAE?AU?$pair@U?$_Rb_tree_iterator@U?$pair@$$CBGUGen_t_00668150_m12pod@@@_STL@@U?$_Nonconst_traits@U?$pair@$$CBGUGen_t_00668150_m12pod@@@_STL@@@2@@_STL@@_N@2@ABU?$pair@$$CBGUGen_t_00668150_m12pod@@@2@@Z,0x00667C80,145,Code/gen_small/fam_006.cpp,reloc-derived;call-sites=4;identity=generated
?_M_insert@?$_Rb_tree@GU?$pair@$$CBGUGen_t_00668440_m12pod@@@_STL@@U?$_Select1st@U?$pair@$$CBGUGen_t_00668440_m12pod@@@_STL@@@2@U?$less@G@2@V?$allocator@U?$pair@$$CBGUGen_t_00668440_m12pod@@@_STL@@@2@@_STL@@AAE?AU?$_Rb_tree_iterator@U?$pair@$$CBGUGen_t_00668440_m12pod@@@_STL@@U?$_Nonconst_traits@U?$pair@$$CBGUGen_t_00668440_m12pod@@@_STL@@@2@@2@PAU_Rb_tree_node_base@2@0ABU?$pair@$$CBGUGen_t_00668440_m12pod@@@2@0@Z,0x00667D40,178,Code/gen_small/fam_006.cpp,reloc-derived;call-sites=9;identity=generated
?insert_unique@?$_Rb_tree@GU?$pair@$$CBGUGen_t_00668440_m12pod@@@_STL@@U?$_Select1st@U?$pair@$$CBGUGen_t_00668440_m12pod@@@_STL@@@2@U?$less@G@2@V?$allocator@U?$pair@$$CBGUGen_t_00668440_m12pod@@@_STL@@@2@@_STL@@QAE?AU?$pair@U?$_Rb_tree_iterator@U?$pair@$$CBGUGen_t_00668440_m12pod@@@_STL@@U?$_Nonconst_traits@U?$pair@$$CBGUGen_t_00668440_m12pod@@@_STL@@@2@@_STL@@_N@2@ABU?$pair@$$CBGUGen_t_00668440_m12pod@@@2@@Z,0x00667E20,145,Code/gen_small/fam_006.cpp,reloc-derived;call-sites=4;identity=generated
?_M_insert@?$_Rb_tree@GU?$pair@$$CBGUGen_t_00668a90_m12pod@@@_STL@@U?$_Select1st@U?$pair@$$CBGUGen_t_00668a90_m12pod@@@_STL@@@2@U?$less@G@2@V?$allocator@U?$pair@$$CBGUGen_t_00668a90_m12pod@@@_STL@@@2@@_STL@@AAE?AU?$_Rb_tree_iterator@U?$pair@$$CBGUGen_t_00668a90_m12pod@@@_STL@@U?$_Nonconst_traits@U?$pair@$$CBGUGen_t_00668a90_m12pod@@@_STL@@@2@@2@PAU_Rb_tree_node_base@2@0ABU?$pair@$$CBGUGen_t_00668a90_m12pod@@@2@0@Z,0x00668730,178,Code/gen_small/fam_006.cpp,reloc-derived;call-sites=9;identity=generated
?insert_unique@?$_Rb_tree@GU?$pair@$$CBGUGen_t_00668a90_m12pod@@@_STL@@U?$_Select1st@U?$pair@$$CBGUGen_t_00668a90_m12pod@@@_STL@@@2@U?$less@G@2@V?$allocator@U?$pair@$$CBGUGen_t_00668a90_m12pod@@@_STL@@@2@@_STL@@QAE?AU?$pair@U?$_Rb_tree_iterator@U?$pair@$$CBGUGen_t_00668a90_m12pod@@@_STL@@U?$_Nonconst_traits@U?$pair@$$CBGUGen_t_00668a90_m12pod@@@_STL@@@2@@_STL@@_N@2@ABU?$pair@$$CBGUGen_t_00668a90_m12pod@@@2@@Z,0x00668810,145,Code/gen_small/fam_006.cpp,reloc-derived;call-sites=4;identity=generated
?countVotesForPlayer@DisconnectManager@@IAEHHPAVConnectionManager@@@Z,0x0066B720,106,Code/GameEngine/Source/Common/DisconnectManager_applyDisconnectVote_Thunk.cpp,reloc-derived;call-sites=3;identity=real
?isPlayerVotedOut@DisconnectManager@@IAE_NHPAVConnectionManager@@@Z,0x0066BC30,70,Code/GameEngine/Source/GameNetwork/DisconnectManager.cpp,reloc-derived;call-sites=1;identity=real
?getNATPortAllocationScheme@FirewallHelperClass@@AAEHHPAG0AA_N1@Z,0x0066E870,235,Code/GameEngine/Source/GameNetwork/FirewallHelper.cpp,reloc-derived;call-sites=1;identity=real
?notifyTargetOfProbe@NAT@@IAEXPAVGameSlot@@@Z,0x00671100,374,Code/GameEngine/Source/GameNetwork/NAT_gotMangledPort_Thunk.cpp,reloc-derived;call-sites=2;identity=real
?sendMangledPortNumberToTarget@NAT@@IAEXGPAVGameSlot@@@Z,0x006718A0,388,Code/GameEngine/Source/GameNetwork/nat.cpp,reloc-derived;call-sites=4;identity=real
??1Gen_dtor_00674380@@UAE@XZ,0x006736B0,95,Code/gen_small/dtors_008.cpp,reloc-derived;call-sites=1;identity=generated
??1Gen_dtor_00676210@@UAE@XZ,0x00675E60,86,Code/gen_small/dtors_008.cpp,reloc-derived;call-sites=1;identity=generated
?ConstructNetCommandMsgFromRawData@NetPacket@@SAPAVNetCommandRef@@PAEG@Z,0x0067EE40,937,Code/GameEngine/Source/GameNetwork/NetCommandWrapperList_getReadyCommands.cpp,reloc-derived;call-sites=1;identity=real
??1UDP@@QAE@XZ,0x00684560,75,Code/GameEngine/Source/GameNetwork/FirewallHelper.cpp,reloc-derived;call-sites=7;identity=real
?sendMessage@LANAPI@@IAEXPAULANMessage@@I@Z,0x00684CF0,221,Code/GameEngine/Source/GameNetwork/LANAPI_RequestAccept_Thunk.cpp,reloc-derived;call-sites=7;identity=real
?addPlayer@LANAPI@@IAEXPAVLANPlayer@@@Z,0x00686FD0,185,Code/GameEngine/Source/GameNetwork/LANAPI_RequestSetName.cpp,reloc-derived;call-sites=1;identity=real
?reset@LANAPI@@UAEXXZ,0x00688430,185,Code/GameEngine/Source/GameNetwork/LANAPI_dtor.cpp,reloc-derived;call-sites=1;identity=real
?writeLANGameInfo@@YAXPBVLANGameInfo@@PADI@Z,0x0068E090,1037,Code/GameEngine/Source/GameNetwork/LANAPI_RequestGameAnnounce.cpp,reloc-derived;call-sites=2;identity=real
??0BinkVideoPlayer@@QAE@XZ,0x00691230,90,Code/GameEngineDevice/Source/W3DDevice/GameClient/W3DGameClient.cpp,reloc-derived;call-sites=1;identity=real
??1Gen_dtor_00695260@@UAE@XZ,0x006912A0,105,Code/gen_small/dtors_008.cpp,reloc-derived;call-sites=1;identity=generated
?handle@Gen00692440@@QAEXPAXH@Z,0x00692440,41,Code/GameEngine/Source/Common/SpanCountForwarders.cpp,reloc-derived;call-sites=2;identity=generated
?erase@?$hashtable@U?$pair@$$CBHUGen_t_00693280_p12cd@@@_STL@@HU?$hash@H@2@U?$_Select1st@U?$pair@$$CBHUGen_t_00693280_p12cd@@@_STL@@@2@U?$equal_to@H@2@V?$allocator@U?$pair@$$CBHUGen_t_00693280_p12cd@@@_STL@@@2@@_STL@@QAEXABU?$_Ht_iterator@U?$pair@$$CBHUGen_t_00693280_p12cd@@@_STL@@U?$_Const_traits@U?$pair@$$CBHUGen_t_00693280_p12cd@@@_STL@@@2@HU?$hash@H@2@U?$_Select1st@U?$pair@$$CBHUGen_t_00693280_p12cd@@@_STL@@@2@U?$equal_to@H@2@V?$allocator@U?$pair@$$CBHUGen_t_00693280_p12cd@@@_STL@@@2@@2@@Z,0x00692D50,154,Code/gen_small/tgrid_130.cpp,reloc-derived;call-sites=1;identity=generated
?evaluate@Gen006931A0@@QAEPAXPAX@Z,0x006931A0,159,Code/GameEngine/Source/Common/SelfPairReturners.cpp,reloc-derived;call-sites=2;identity=generated
??1Gen_dtor_00695290@@UAE@XZ,0x006936B0,318,Code/gen_small/dtors_008.cpp,reloc-derived;call-sites=1;identity=generated
??1Gen_dtor_00694a40@@UAE@XZ,0x00694A70,25,Code/gen_small/dtors_008.cpp,reloc-derived;call-sites=1;identity=generated
??1Gen_dtor_00695230@@UAE@XZ,0x00694E30,31,Code/gen_small/dtors_008.cpp,reloc-derived;call-sites=1;identity=generated
??$_M_allocate_and_copy@PAUGen_t_006a0940_p8pod@@@?$vector@UGen_t_006a0940_p8pod@@V?$allocator@UGen_t_006a0940_p8pod@@@_STL@@@_STL@@IAEPAUGen_t_006a0940_p8pod@@IPAU2@0@Z,0x00698B50,94,Code/gen_small/tgrid_121.cpp,reloc-derived;call-sites=1;identity=generated
??1Gen_dtorv_00699e90@@UAE@XZ,0x00699D60,188,Code/gen_small/dtorsv_000.cpp,reloc-derived;call-sites=1;identity=generated
?gen0069C3A0@@YAXPAUElem120@@PBU1@@Z,0x0069C3A0,85,Code/GameEngine/Source/Common/ElementStrideWalks.cpp,reloc-derived;call-sites=2;identity=generated
??$__copy_backward@PAUGen_t_0069ea50_p128pod@@PAU1@H@_STL@@YAPAUGen_t_0069ea50_p128pod@@PAU1@00ABUrandom_access_iterator_tag@0@PAH@Z,0x0069C9D0,89,Code/gen_small/tgrid_135.cpp,reloc-derived;call-sites=1;identity=generated
?evaluate@Gen0069CBC0@@QAEPAXPAX@Z,0x0069CBC0,86,Code/GameEngine/Source/Common/SelfPairReturners.cpp,reloc-derived;call-sites=2;identity=generated
??$__copy@U?$_Deque_iterator@HU?$_Const_traits@H@_STL@@@_STL@@U?$_Deque_iterator@HU?$_Nonconst_traits@H@_STL@@@2@H@_STL@@YA?AU?$_Deque_iterator@HU?$_Nonconst_traits@H@_STL@@@0@U?$_Deque_iterator@HU?$_Const_traits@H@_STL@@@0@0U10@ABUrandom_access_iterator_tag@0@PAH@Z,0x0069CC60,227,Code/gen_small/tgrid_007.cpp,reloc-derived;call-sites=1;identity=real
?Gen000336C2@@YAHPAVGenArgA@@PAVGenArgB@@PA_N@Z,0x0069CE20,62,Code/GameEngine/Source/Common/S2FlagOutForwarders.cpp,reloc-derived;call-sites=2;identity=generated
??1Gen_dtor_0069f4a0@@UAE@XZ,0x0069CF00,141,Code/gen_small/dtors_008.cpp,reloc-derived;call-sites=1;identity=generated
?clear@?$hashtable@U?$pair@$$CBHUGen_t_006a3830_p12cd@@@_STL@@HU?$hash@H@2@U?$_Select1st@U?$pair@$$CBHUGen_t_006a3830_p12cd@@@_STL@@@2@U?$equal_to@H@2@V?$allocator@U?$pair@$$CBHUGen_t_006a3830_p12cd@@@_STL@@@2@@_STL@@QAEXXZ,0x0069E730,86,Code/gen_small/tgrid_130.cpp,reloc-derived;call-sites=1;identity=generated
??$_M_allocate_and_copy@PAUGen_t_006acaf0_p4cd@@@?$vector@UGen_t_006acaf0_p4cd@@V?$allocator@UGen_t_006acaf0_p4cd@@@_STL@@@_STL@@IAEPAUGen_t_006acaf0_p4cd@@IPAU2@0@Z,0x0069F080,94,Code/gen_small/tgrid_121.cpp,reloc-derived;call-sites=1;identity=generated
?Gen000096FB@@YAHPAVGenArgA@@PAVGenArgB@@PA_N@Z,0x0069F100,62,Code/GameEngine/Source/Common/S2FlagOutForwarders.cpp,reloc-derived;call-sites=2;identity=generated
??$__copy@U?$_Deque_iterator@UGen_t_006a14b0_p12cd@@U?$_Const_traits@UGen_t_006a14b0_p12cd@@@_STL@@@_STL@@U?$_Deque_iterator@UGen_t_006a14b0_p12cd@@U?$_Nonconst_traits@UGen_t_006a14b0_p12cd@@@_STL@@@2@H@_STL@@YA?AU?$_Deque_iterator@UGen_t_006a14b0_p12cd@@U?$_Nonconst_traits@UGen_t_006a14b0_p12cd@@@_STL@@@0@U?$_Deque_iterator@UGen_t_006a14b0_p12cd@@U?$_Const_traits@UGen_t_006a14b0_p12cd@@@_STL@@@0@0U10@ABUrandom_access_iterator_tag@0@PAH@Z,0x0069F1C0,239,Code/gen_small/tgrid_126.cpp,reloc-derived;call-sites=1;identity=generated
?insert_unique_noresize@?$hashtable@U?$pair@$$CBHUGen_t_006a7260_p12cd@@@_STL@@HU?$hash@H@2@U?$_Select1st@U?$pair@$$CBHUGen_t_006a7260_p12cd@@@_STL@@@2@U?$equal_to@H@2@V?$allocator@U?$pair@$$CBHUGen_t_006a7260_p12cd@@@_STL@@@2@@_STL@@QAE?AU?$pair@U?$_Ht_iterator@U?$pair@$$CBHUGen_t_006a7260_p12cd@@@_STL@@U?$_Nonconst_traits@U?$pair@$$CBHUGen_t_006a7260_p12cd@@@_STL@@@2@HU?$hash@H@2@U?$_Select1st@U?$pair@$$CBHUGen_t_006a7260_p12cd@@@_STL@@@2@U?$equal_to@H@2@V?$allocator@U?$pair@$$CBHUGen_t_006a7260_p12cd@@@_STL@@@2@@_STL@@_N@2@ABU?$pair@$$CBHUGen_t_006a7260_p12cd@@@2@@Z,0x006A0730,169,Code/gen_small/tgrid_130.cpp,reloc-derived;call-sites=1;identity=generated
?gen006A0EF0@@YAPAXXZ,0x006A0EF0,65,Code/GameEngine/Source/Common/CachedPointerFills.cpp,reloc-derived;call-sites=1;identity=generated
?_M_bkt_num_key@?$hashtable@U?$pair@$$CBVAsciiString@@W4BuildableStatus@@@_STL@@VAsciiString@@U?$hash@VAsciiString@@@rts@@U?$_Select1st@U?$pair@$$CBVAsciiString@@W4BuildableStatus@@@_STL@@@2@U?$equal_to@VAsciiString@@@5@V?$allocator@U?$pair@$$CBVAsciiString@@W4BuildableStatus@@@_STL@@@2@@_STL@@ABEIABVAsciiString@@I@Z,0x006A1060,41,Code/GameEngine/Source/GameLogic/System/GameLogic.cpp,reloc-derived;call-sites=1;identity=real
?handle@Gen006A10A0@@QAEXPAXH@Z,0x006A10A0,41,Code/GameEngine/Source/Common/SpanCountForwarders.cpp,reloc-derived;call-sites=2;identity=generated
?_M_reallocate_map@?$deque@UGen_t_006a4e20_p12cd@@V?$allocator@UGen_t_006a4e20_p12cd@@@_STL@@@_STL@@IAEXI_N@Z,0x006A10E0,367,Code/gen_small/tgrid_135.cpp,reloc-derived;call-sites=1;identity=generated
?_M_insert_overflow@?$vector@UHideShowSubObjInfo@ModelConditionInfo@@V?$allocator@UHideShowSubObjInfo@ModelConditionInfo@@@_STL@@@_STL@@IAEXPAUHideShowSubObjInfo@ModelConditionInfo@@ABU34@ABU__false_type@2@I_N@Z,0x006A3DB0,306,Code/GameEngineDevice/Source/W3DDevice/GameClient/Drawable/Draw/W3DModelDraw.cpp,reloc-derived;call-sites=1;identity=real
?_M_insert_overflow@?$vector@UGen_t_006a7170_p8pod@@V?$allocator@UGen_t_006a7170_p8pod@@@_STL@@@_STL@@IAEXPAUGen_t_006a7170_p8pod@@ABU3@ABU__false_type@2@I_N@Z,0x006A3F90,302,Code/gen_small/tgrid_121.cpp,reloc-derived;call-sites=1;identity=generated
?resize@?$hashtable@U?$pair@$$CBHUGen_t_006a7260_p12cd@@@_STL@@HU?$hash@H@2@U?$_Select1st@U?$pair@$$CBHUGen_t_006a7260_p12cd@@@_STL@@@2@U?$equal_to@H@2@V?$allocator@U?$pair@$$CBHUGen_t_006a7260_p12cd@@@_STL@@@2@@_STL@@QAEXI@Z,0x006A43D0,287,Code/gen_small/tgrid_130.cpp,reloc-derived;call-sites=1;identity=generated
?equal_range@?$hashtable@U?$pair@$$CBHUGen_t_006a7200_m12pod@@@_STL@@HU?$hash@H@2@U?$_Select1st@U?$pair@$$CBHUGen_t_006a7200_m12pod@@@_STL@@@2@U?$equal_to@H@2@V?$allocator@U?$pair@$$CBHUGen_t_006a7200_m12pod@@@_STL@@@2@@_STL@@QAE?AU?$pair@U?$_Ht_iterator@U?$pair@$$CBHUGen_t_006a7200_m12pod@@@_STL@@U?$_Nonconst_traits@U?$pair@$$CBHUGen_t_006a7200_m12pod@@@_STL@@@2@HU?$hash@H@2@U?$_Select1st@U?$pair@$$CBHUGen_t_006a7200_m12pod@@@_STL@@@2@U?$equal_to@H@2@V?$allocator@U?$pair@$$CBHUGen_t_006a7200_m12pod@@@_STL@@@2@@_STL@@U12@@2@ABH@Z,0x006A4630,145,Code/gen_small/fam_015.cpp,reloc-derived;call-sites=1;identity=generated
?_M_insert_overflow@?$vector@UGen_t_006aadf0_p8pod@@V?$allocator@UGen_t_006aadf0_p8pod@@@_STL@@@_STL@@IAEXPAUGen_t_006aadf0_p8pod@@ABU3@ABU__false_type@2@I_N@Z,0x006A7400,302,Code/gen_small/tgrid_135.cpp,reloc-derived;call-sites=1;identity=generated
?evaluate@Gen006A7F80@@QAEPAXPAX@Z,0x006A7F80,159,Code/GameEngine/Source/Common/SelfPairReturners.cpp,reloc-derived;call-sites=4;identity=generated
?evaluate@Gen006A8050@@QAEPAXPAX@Z,0x006A8050,159,Code/GameEngine/Source/Common/SelfPairReturners.cpp,reloc-derived;call-sites=2;identity=generated
?_M_insert_overflow@?$vector@UGen_t_006ac550_p4cd@@V?$allocator@UGen_t_006ac550_p4cd@@@_STL@@@_STL@@IAEXPAUGen_t_006ac550_p4cd@@ABU3@ABU__false_type@2@I_N@Z,0x006AAF10,328,Code/gen_small/tgrid_121.cpp,reloc-derived;call-sites=1;identity=generated
??1Gen_dtor_006af7b0@@UAE@XZ,0x006ACF50,1256,Code/gen_small/dtors_008.cpp,reloc-derived;call-sites=1;identity=generated
?handle@Gen00044A62@@QAEXH@Z,0x006B0210,383,Code/GameEngine/Source/Common/TinyIndexedForwarders.cpp,reloc-derived;call-sites=2;identity=generated
??0Gen006B0E00@@QAE@XZ,0x006B0E00,1550,Code/GameEngine/Source/Common/Q4NewNiladicFactories.cpp,reloc-derived;call-sites=1;identity=generated
?addAudioEventEx@AudioManager@@QAEIPBVAudioEventRTS@@HHH@Z,0x006B9500,1071,Code/Libraries/Source/WWVegas/WWAudio/AudioManagerAddAudioEventThunk.cpp,reloc-derived;call-sites=1;identity=real
??1Gen_dtor_006ba0e0@@UAE@XZ,0x006BA030,137,Code/gen_small/dtors_008.cpp,reloc-derived;call-sites=1;identity=generated
?handle@Gen006BA220@@QAEXXZ,0x006BA220,136,Code/GameEngine/Source/Common/R1GuardedReleaseHelpers.cpp,reloc-derived;call-sites=2;identity=generated
??1Gen_dtor_00691670@@UAE@XZ,0x006BA340,202,Code/gen_small/dtors_008.cpp,reloc-derived;call-sites=1;identity=generated
??1Gen_dtor_006ba5b0@@UAE@XZ,0x006BA460,11,Code/gen_small/dtors_008.cpp,reloc-derived;call-sites=1;identity=generated
??1Gen_dtor_006ba5e0@@UAE@XZ,0x006BA490,11,Code/gen_small/dtors_008.cpp,reloc-derived;call-sites=1;identity=generated
??1Gen_dtor_006bafa0@@UAE@XZ,0x006BAB00,27,Code/gen_small/dtors_008.cpp,reloc-derived;call-sites=1;identity=generated
?closeKeyboard@DirectInputKeyboard@@IAEXXZ,0x006BB2C0,69,Code/GameEngineDevice/Source/Win32Device/GameClient/Win32DIKeyboardOpen.cpp,reloc-derived;call-sites=2;identity=real
??1Gen_dtor_006bb650@@UAE@XZ,0x006BB460,138,Code/gen_small/dtors_008.cpp,reloc-derived;call-sites=1;identity=generated
??1Gen_dtor_006bc300@@UAE@XZ,0x006BC080,21,Code/gen_small/dtors_008.cpp,reloc-derived;call-sites=1;identity=generated
??1Gen_dtor_006bc5d0@@UAE@XZ,0x006BC560,18,Code/gen_small/dtors_008.cpp,reloc-derived;call-sites=1;identity=generated
??1Gen_dtor_006bd070@@UAE@XZ,0x006BC6E0,48,Code/gen_small/dtors_008.cpp,reloc-derived;call-sites=1;identity=generated
??1Gen_dtor_006bce10@@UAE@XZ,0x006BCE40,100,Code/gen_small/dtors_008.cpp,reloc-derived;call-sites=1;identity=generated
??1Gen_dtor_006bdbe0@@UAE@XZ,0x006BDB50,108,Code/gen_small/dtors_008.cpp,reloc-derived;call-sites=1;identity=generated
??1Gen_dtor_006be540@@UAE@XZ,0x006BE0C0,18,Code/gen_small/dtors_008.cpp,reloc-derived;call-sites=1;identity=generated
??$__copy_ptrs@PBUGen_t_006bea40_p8pod@@PAU1@@_STL@@YAPAUGen_t_006bea40_p8pod@@PBU1@0PAU1@ABU__false_type@0@@Z,0x006BE5A0,46,Code/gen_small/tgrid_121.cpp,reloc-derived;call-sites=2;identity=generated
??$_M_allocate_and_copy@PBUGen_t_006bea40_p8pod@@@?$vector@UGen_t_006bea40_p8pod@@V?$allocator@UGen_t_006bea40_p8pod@@@_STL@@@_STL@@IAEPAUGen_t_006bea40_p8pod@@IPBU2@0@Z,0x006BE9C0,94,Code/gen_small/tgrid_121.cpp,reloc-derived;call-sites=1;identity=generated
??1Gen_dtor_006c05a0@@UAE@XZ,0x006C0590,11,Code/gen_small/dtors_008.cpp,reloc-derived;call-sites=1;identity=generated
??1Gen_dtor_006c0670@@UAE@XZ,0x006C05F0,11,Code/gen_small/dtors_008.cpp,reloc-derived;call-sites=1;identity=generated
??1Gen_dtor_006c1ef0@@UAE@XZ,0x006C1780,212,Code/gen_small/dtors_008.cpp,reloc-derived;call-sites=1;identity=generated
??0Gen006C1D70@@QAE@XZ,0x006C1D70,304,Code/GameEngine/Source/Common/Q4NewNiladicFactories.cpp,reloc-derived;call-sites=1;identity=generated
?evaluateAsVisibleCliff@BaseHeightMapRenderObjClass@@QAE_NHHM@Z,0x006C7000,352,Code/GameEngineDevice/Source/W3DDevice/GameClient/BaseHeightMap.cpp,reloc-derived;call-sites=1;identity=real
?updateScorches@BaseHeightMapScorchUpdater@@QAEXXZ,0x006C7E90,1528,Code/GameEngineDevice/Source/W3DDevice/GameClient/BaseHeightMap.cpp,reloc-derived;call-sites=1;identity=real
?updateMacroTexture@BaseHeightMapResetTerrain@@QAEXVBaseHeightMapResetAsciiString@@_N@Z,0x006CB8D0,276,Code/GameEngineDevice/Source/W3DDevice/GameClient/BaseHeightMap.cpp,reloc-derived;call-sites=1;identity=real
?renderTrees@BaseHeightMapRenderObjClass@@QAEXPAVCameraClass@@@Z,0x006CD990,790,Code/GameEngineDevice/Source/W3DDevice/GameClient/BaseHeightMap.cpp,reloc-derived;call-sites=1;identity=real
?Allocate_Object_Memory@?$ObjectPoolClass@VCameraShakerClass@CameraShakeSystemClass@@$0BAA@@@QAEPAVCameraShakerClass@CameraShakeSystemClass@@XZ,0x006D1370,212,Code/GameEngineDevice/Source/W3DDevice/GameClient/camerashakesystem.cpp,reloc-derived;call-sites=1;identity=real
??0HeightMapRenderObjClass@@QAE@H@Z,0x006D1C80,131,Code/GameEngineDevice/Source/W3DDevice/GameClient/BaseHeightMapAdjustTerrainLOD.cpp,reloc-derived;call-sites=1;identity=real
?freeMapResources@HeightMapRenderObjClass@@UAEHXZ,0x006D2690,122,Code/GameEngine/Source/Common/HeightMapRenderObjClassDestructorThunk.cpp,reloc-derived;call-sites=1;identity=real
?loadBibsInVertexAndIndexBuffers@W3DBibBuffer@@IAEXXZ,0x006D6BE0,779,Code/GameEngineDevice/Source/W3DDevice/GameClient/W3DBibBuffer_renderBibs_Thunk.cpp,reloc-derived;call-sites=1;identity=real
??1Gen_dtor_006c5c80@@UAE@XZ,0x006D6FD0,134,Code/gen_small/dtors_008.cpp,reloc-derived;call-sites=1;identity=generated
?allocateBridgeBuffers@W3DBridgeBuffer@@AAEXXZ,0x006D77D0,236,Code/GameEngineDevice/Source/W3DDevice/GameClient/W3DBridgeBufferCtorThunk.cpp,reloc-derived;call-sites=1;identity=real
?getModelVertices@W3DBridge@@IAEHPAUVertexFormatXYZNDUV1@@HMAAVVector3@@111ABVMatrix3D@@PAVMeshClass@@PAV?$RefMultiListIterator@VRenderObjClass@@@@@Z,0x006D7EA0,1272,Code/GameEngineDevice/Source/W3DDevice/GameClient/W3DBridgeBuffer.cpp,reloc-derived;call-sites=4;identity=real
?getModelIndices@W3DBridge@@IAEHPAGHHPAVMeshClass@@@Z,0x006D89D0,133,Code/GameEngineDevice/Source/W3DDevice/GameClient/W3DBridgeBuffer.cpp,reloc-derived;call-sites=3;identity=real
??1Gen_dtor_006c5ce0@@UAE@XZ,0x006D8A80,169,Code/gen_small/dtors_008.cpp,reloc-derived;call-sites=1;identity=generated
?loadBridgesInVertexAndIndexBuffers@W3DBridgeBuffer@@IAEXPAV?$RefMultiListIterator@VRenderObjClass@@@@@Z,0x006D9F50,272,Code/GameEngineDevice/Source/W3DDevice/GameClient/W3DBridgeBuffer.cpp,reloc-derived;call-sites=1;identity=real
??1Gen_dtor_006db540@@UAE@XZ,0x006DABB0,92,Code/gen_small/dtors_008.cpp,reloc-derived;call-sites=1;identity=generated
??1Gen_dtor_006c5c50@@UAE@XZ,0x006DEA80,191,Code/gen_small/dtors_008.cpp,reloc-derived;call-sites=1;identity=generated
?clear30B4@BaseHeightMapResetBuffer@@QAEXXZ,0x006DEB70,181,Code/GameEngineDevice/Source/W3DDevice/GameClient/BaseHeightMap.cpp,reloc-derived;call-sites=1;identity=real
??1Gen_dtor_006e1740@@UAE@XZ,0x006E1730,11,Code/gen_small/dtors_008.cpp,reloc-derived;call-sites=1;identity=generated
??1Gen_dtor_006e1dd0@@UAE@XZ,0x006E1E00,137,Code/gen_small/dtors_008.cpp,reloc-derived;call-sites=1;identity=generated
??0Gen006E2310@@QAE@XZ,0x006E2310,232,Code/GameEngine/Source/Common/Q4NewNiladicFactories.cpp,reloc-derived;call-sites=1;identity=generated
??1Gen_dtor_006e2510@@UAE@XZ,0x006E2480,112,Code/gen_small/dtors_008.cpp,reloc-derived;call-sites=1;identity=generated
??$__uninitialized_copy@PBUGen_t_006ed210_m12cd@@PAU1@@_STL@@YAPAUGen_t_006ed210_m12cd@@PBU1@0PAU1@ABU__false_type@0@@Z,0x006EAF00,120,Code/gen_small/fam_015.cpp,reloc-derived;call-sites=1;identity=generated
??$__copy_backward@PAUGen_t_006ee710_p128pod@@PAU1@H@_STL@@YAPAUGen_t_006ee710_p128pod@@PAU1@00ABUrandom_access_iterator_tag@0@PAH@Z,0x006ED250,158,Code/gen_small/tgrid_135.cpp,reloc-derived;call-sites=1;identity=generated
??0?$pair@$$CBUGen_t_006ef760_k4@@UGen_t_006ef760_p12cd@@@_STL@@QAE@ABU01@@Z,0x006EE740,110,Code/gen_small/tgrid_121.cpp,reloc-derived;call-sites=1;identity=generated
??0Gen006EF850@@QAE@XZ,0x006EF850,753,Code/GameEngine/Source/Common/Q4NewNiladicFactories.cpp,reloc-derived;call-sites=1;identity=generated
??1Gen_dtor_006f02d0@@UAE@XZ,0x006EFC20,566,Code/gen_small/dtors_008.cpp,reloc-derived;call-sites=1;identity=generated
?handle@Gen006F2A10@@QAEXPAX0@Z,0x006F2A10,76,Code/GameEngine/Source/Common/FieldForwarders.cpp,reloc-derived;call-sites=1;identity=generated
??1Gen_dtor_006f5a60@@UAE@XZ,0x006F57B0,176,Code/gen_small/dtors_008.cpp,reloc-derived;call-sites=1;identity=generated
??1Gen_dtor_006f5d30@@UAE@XZ,0x006F5BE0,18,Code/gen_small/dtors_008.cpp,reloc-derived;call-sites=1;identity=generated
??1Gen_dtor_006f8910@@UAE@XZ,0x006F8290,135,Code/gen_small/dtors_008.cpp,reloc-derived;call-sites=1;identity=generated
?clear30A4@BaseHeightMapResetBuffer@@QAEXXZ,0x006F9050,146,Code/GameEngineDevice/Source/W3DDevice/GameClient/BaseHeightMap.cpp,reloc-derived;call-sites=1;identity=real
??1Gen_dtor_006f92a0@@UAE@XZ,0x006F91F0,117,Code/gen_small/dtors_008.cpp,reloc-derived;call-sites=1;identity=generated
??0W3DDisplay@@QAE@XZ,0x006FA630,116,Code/GameEngineDevice/Source/W3DDevice/GameClient/W3DGameClient.cpp,reloc-derived;call-sites=1;identity=real
??1Gen_dtor_006fa930@@UAE@XZ,0x006FA6F0,102,Code/gen_small/dtors_008.cpp,reloc-derived;call-sites=1;identity=generated
?_M_insert_overflow@?$vector@UVideo@@V?$allocator@UVideo@@@_STL@@@_STL@@IAEXPAUVideo@@ABU3@ABU__false_type@2@I_N@Z,0x006FA7C0,281,Code/GameEngine/Source/GameClient/VideoPlayer.cpp,reloc-derived;call-sites=1;identity=real
??0Gen006FB500@@QAE@XZ,0x006FB500,25,Code/GameEngine/Source/Common/Q4NewNiladicFactories.cpp,reloc-derived;call-sites=1;identity=generated
??1Gen_dtor_006fbd70@@UAE@XZ,0x006FBAD0,18,Code/gen_small/dtors_008.cpp,reloc-derived;call-sites=1;identity=generated
??1Gen_dtor_006fc3c0@@UAE@XZ,0x006FBED0,190,Code/gen_small/dtors_008.cpp,reloc-derived;call-sites=1;identity=generated
??1Gen_dtor_006fe570@@UAE@XZ,0x006FD550,294,Code/gen_small/dtors_008.cpp,reloc-derived;call-sites=1;identity=generated
??1Gen_dtor_007002d0@@UAE@XZ,0x00700260,79,Code/gen_small/dtors_008.cpp,reloc-derived;call-sites=1;identity=generated
??0W3DMouse@@QAE@XZ,0x007003E0,233,Code/GameEngineDevice/Source/W3DDevice/GameClient/W3DGameClient_createMouse_Thunk.cpp,reloc-derived;call-sites=1;identity=real
??1Gen_dtor_00701e50@@UAE@XZ,0x00701240,188,Code/gen_small/dtors_008.cpp,reloc-derived;call-sites=1;identity=generated
?clearAllProps@W3DPropBuffer@@QAEXXZ,0x00702630,129,Code/GameEngineDevice/Source/W3DDevice/GameClient/BaseHeightMap.cpp,reloc-derived;call-sites=1;identity=real
??1Gen_dtor_00702fc0@@UAE@XZ,0x00702E50,268,Code/gen_small/dtors_008.cpp,reloc-derived;call-sites=1;identity=generated
?updateCounts@W3DRoadBuffer@@IAEXPAVRoadSegment@@@Z,0x00705000,476,Code/GameEngineDevice/Source/W3DDevice/GameClient/W3DRoadBuffer.cpp,reloc-derived;call-sites=1;identity=real
?loadRoadsHelper2@W3DRoadBuffer@@QAEXXZ,0x00705260,573,Code/GameEngine/Source/Common/promoted__loadRoads_W3DRoadBuffer_QAEXXZ_007105D0.cpp,reloc-derived;call-sites=1;identity=real
??1Gen_dtorv_00707e60@@UAE@XZ,0x007070C0,131,Code/gen_small/dtorsv_000.cpp,reloc-derived;call-sites=1;identity=generated
?loadFloat4PtSection@W3DRoadBuffer@@IAEXPAVRoadSegment@@VVector2@@11PAV3@MMMM@Z,0x00708320,3687,Code/GameEngineDevice/Source/W3DDevice/GameClient/W3DRoadBuffer.cpp,reloc-derived;call-sites=6;identity=real
?insertTee@W3DRoadBuffer@@IAEXVVector2@@HM@Z,0x0070BC00,2625,Code/GameEngineDevice/Source/W3DDevice/GameClient/W3DRoadBuffer.cpp,reloc-derived;call-sites=2;identity=real
??1Gen_dtor_006c5cb0@@UAE@XZ,0x0070FAF0,101,Code/gen_small/dtors_008.cpp,reloc-derived;call-sites=1;identity=generated
?loadRoadsHelper1@W3DRoadBuffer@@QAEXXZ,0x007100C0,1016,Code/GameEngine/Source/Common/promoted__loadRoads_W3DRoadBuffer_QAEXXZ_007105D0.cpp,reloc-derived;call-sites=1;identity=real
??1Gen_dtor_00712100@@UAE@XZ,0x00711B20,11,Code/gen_small/dtors_008.cpp,reloc-derived;call-sites=1;identity=generated
??1Gen_dtor_007158c0@@UAE@XZ,0x00713510,497,Code/gen_small/dtors_008.cpp,reloc-derived;call-sites=1;identity=generated
?startRenderToTexture@W3DShaderManager@@SAXXZ,0x007171F0,445,Code/GameEngineDevice/Source/W3DDevice/GameClient/W3DShaderManager.cpp,reloc-derived;call-sites=3;identity=real
?_M_insert_overflow@?$vector@UGen_t_00719c80_p12pod@@V?$allocator@UGen_t_00719c80_p12pod@@@_STL@@@_STL@@IAEXPAUGen_t_00719c80_p12pod@@ABU3@ABU__false_type@2@I_N@Z,0x00719AF0,314,Code/gen_small/tgrid_135.cpp,reloc-derived;call-sites=1;identity=generated
??1Gen_dtor_006c5d40@@UAE@XZ,0x0071B3D0,170,Code/gen_small/dtors_008.cpp,reloc-derived;call-sites=1;identity=generated
?clear3098@BaseHeightMapResetBuffer@@QAEXXZ,0x0071C7E0,278,Code/GameEngineDevice/Source/W3DDevice/GameClient/BaseHeightMap.cpp,reloc-derived;call-sites=1;identity=real
??1Gen_dtor_007207f0@@UAE@XZ,0x007206E0,195,Code/gen_small/dtors_008.cpp,reloc-derived;call-sites=1;identity=generated
??1Gen_dtor_00722ba0@@UAE@XZ,0x007225D0,79,Code/gen_small/dtors_008.cpp,reloc-derived;call-sites=1;identity=generated
??1Gen_dtor_007255d0@@UAE@XZ,0x00723F30,96,Code/gen_small/dtors_008.cpp,reloc-derived;call-sites=1;identity=generated
??1Gen_dtor_006c5d70@@UAE@XZ,0x00727380,167,Code/gen_small/dtors_008.cpp,reloc-derived;call-sites=1;identity=generated
?reset30BC@BaseHeightMapResetShroud@@QAEXXZ,0x00727450,111,Code/GameEngineDevice/Source/W3DDevice/GameClient/BaseHeightMap.cpp,reloc-derived;call-sites=1;identity=real
?freeTerrainBuffers@W3DTerrainBackground@@IAEXXZ,0x007286F0,97,Code/GameEngineDevice/Source/W3DDevice/GameClient/W3DTerrainBackgroundAllocateThunk.cpp,reloc-derived;call-sites=1;identity=real
?setFlipRecursive@W3DTerrainBackground@@IAEXHHH@Z,0x00729700,792,Code/GameEngineDevice/Source/W3DDevice/GameClient/W3DTerrainBackground.cpp,reloc-derived;call-sites=1;identity=real
?shutdown@TerrainTracksRenderObjClassSystem@@QAEXXZ,0x0072EDF0,142,Code/GameEngineDevice/Source/W3DDevice/GameClient/W3DTerrainTracks.cpp,reloc-derived;call-sites=1;identity=real
??1Gen_dtor_0072f1a0@@UAE@XZ,0x0072F110,109,Code/gen_small/dtors_008.cpp,reloc-derived;call-sites=1;identity=generated
??1Gen_dtor_00731870@@UAE@XZ,0x00731050,253,Code/gen_small/dtors_008.cpp,reloc-derived;call-sites=1;identity=generated
?clear3094@BaseHeightMapResetBuffer@@QAEXXZ,0x00732E70,214,Code/GameEngineDevice/Source/W3DDevice/GameClient/BaseHeightMap.cpp,reloc-derived;call-sites=1;identity=real
??1Gen_dtor_007366f0@@UAE@XZ,0x00736590,260,Code/gen_small/dtors_008.cpp,reloc-derived;call-sites=1;identity=generated
??1Gen_dtor_0073a570@@UAE@XZ,0x0073A4E0,109,Code/gen_small/dtors_008.cpp,reloc-derived;call-sites=1;identity=generated
??1Gen_dtor_00740c50@@UAE@XZ,0x00740BC0,106,Code/gen_small/dtors_008.cpp,reloc-derived;call-sites=1;identity=generated
??$_M_allocate_and_copy@PAUGen_t_00745890_p24cd@@@?$vector@UGen_t_00745890_p24cd@@V?$allocator@UGen_t_00745890_p24cd@@@_STL@@@_STL@@IAEPAUGen_t_00745890_p24cd@@IPAU2@0@Z,0x007417A0,97,Code/gen_small/tgrid_121.cpp,reloc-derived;call-sites=1;identity=generated
?_M_insert_overflow@?$vector@UGen_t_007463a0_p24cd@@V?$allocator@UGen_t_007463a0_p24cd@@@_STL@@@_STL@@IAEXPAUGen_t_007463a0_p24cd@@ABU3@ABU__false_type@2@I_N@Z,0x00745960,335,Code/gen_small/tgrid_121.cpp,reloc-derived;call-sites=1;identity=generated
??0Gen00745B10@@QAE@XZ,0x00745B10,977,Code/GameEngine/Source/Common/Q4NewNiladicFactories.cpp,reloc-derived;call-sites=1;identity=generated
??1Gen_dtor_007463f0@@UAE@XZ,0x007461B0,390,Code/gen_small/dtors_008.cpp,reloc-derived;call-sites=1;identity=generated
??1Gen_dtor_006c5d10@@UAE@XZ,0x00746800,117,Code/gen_small/dtors_008.cpp,reloc-derived;call-sites=1;identity=generated
??$__copy_backward@PAUGen_t_0074ab00_p128pod@@PAU1@H@_STL@@YAPAUGen_t_0074ab00_p128pod@@PAU1@00ABUrandom_access_iterator_tag@0@PAH@Z,0x007495D0,78,Code/gen_small/tgrid_135.cpp,reloc-derived;call-sites=1;identity=generated
?blendTileData@BFMERetailWorldHeightMap@@QAEXPAUTBlendTileInfo@@H@Z,0x0074A240,91,Code/GameEngineDevice/Source/W3DDevice/GameClient/WorldHeightMap.cpp,reloc-derived;call-sites=2;identity=real
?_M_insert_overflow@?$vector@EV?$allocator@E@_STL@@@_STL@@IAEXPAEABEABU__true_type@2@I_N@Z,0x0074D6F0,263,Code/GameEngine/Source/GameLogic/Object/PartitionManager.cpp,reloc-derived;call-sites=1;identity=real
?_M_insert_overflow@?$vector@UGen_t_0074e320_p16pod@@V?$allocator@UGen_t_0074e320_p16pod@@@_STL@@@_STL@@IAEXPAUGen_t_0074e320_p16pod@@ABU3@ABU__false_type@2@I_N@Z,0x0074DB50,271,Code/gen_small/tgrid_121.cpp,reloc-derived;call-sites=1;identity=generated
??1Gen_dtor_0074e2e0@@UAE@XZ,0x0074DE60,919,Code/gen_small/dtors_008.cpp,reloc-derived;call-sites=1;identity=generated
??1Gen_dtor_00750350@@UAE@XZ,0x00750230,11,Code/gen_small/dtors_008.cpp,reloc-derived;call-sites=1;identity=generated
??1Gen_dtor_007504c0@@UAE@XZ,0x007502D0,11,Code/gen_small/dtors_008.cpp,reloc-derived;call-sites=1;identity=generated
??1Gen_dtor_00750c90@@UAE@XZ,0x00750730,246,Code/gen_small/dtors_008.cpp,reloc-derived;call-sites=1;identity=generated
??1Gen_dtor_007512f0@@UAE@XZ,0x007510D0,147,Code/gen_small/dtors_008.cpp,reloc-derived;call-sites=1;identity=generated
??0W3DDefaultDraw@@QAE@PAVThing@@PBVModuleData@@@Z,0x007513C0,568,Code/GameEngineDevice/Source/W3DDevice/GameClient/Drawable/Draw/W3DDefaultDrawFriendNewModuleInstanceThunk.cpp,reloc-derived;call-sites=1;identity=real
??1Gen_dtor_00751770@@UAE@XZ,0x00751700,11,Code/gen_small/dtors_008.cpp,reloc-derived;call-sites=1;identity=generated
??1Gen_dtor_00751a40@@UAE@XZ,0x007518D0,120,Code/gen_small/dtors_008.cpp,reloc-derived;call-sites=1;identity=generated
??0W3DHordeModelDrawModuleData@@QAE@XZ,0x00751C30,145,Code/GameEngine/Source/Common/Thing/W3DHordeModelDrawFriendNewModuleDataThunk.cpp,reloc-derived;call-sites=1;identity=real
??1Gen_dtor_00752fc0@@UAE@XZ,0x00751E80,40,Code/gen_small/dtors_008.cpp,reloc-derived;call-sites=1;identity=generated
??$__copy@PAVProductionPrerequisite@@PAV1@H@_STL@@YAPAVProductionPrerequisite@@PAV1@00ABUrandom_access_iterator_tag@0@PAH@Z,0x00753280,99,Code/GameEngine/Source/Common/Thing/ThingTemplate.cpp,reloc-derived;call-sites=2;identity=real
??$__median@HUQ4Sort00755050@@@_STL@@YAABHABH00UQ4Sort00755050@@@Z,0x00753340,130,Code/GameEngine/Source/Common/Q4IntrosortLoop.cpp,reloc-derived;call-sites=1;identity=real
??$__unguarded_partition@PAHHUQ4Sort00755050@@@_STL@@YAPAHPAH0HUQ4Sort00755050@@@Z,0x00753720,121,Code/GameEngine/Source/Common/Q4IntrosortLoop.cpp,reloc-derived;call-sites=1;identity=real
?Gen007538A0@@YAXPAPAHHHPAHUQ3HeapCompare@@@Z,0x007538A0,113,Code/GameEngine/Source/Common/Q3HeapAlgorithmFamily.cpp,reloc-derived;call-sites=5;identity=generated
??0?$pair@$$CBUGen_t_007543c0_k4@@UGen_t_007543c0_p12cd@@@_STL@@QAE@ABU01@@Z,0x00753C60,76,Code/gen_small/tgrid_121.cpp,reloc-derived;call-sites=1;identity=generated
?Gen00754430@@YAXPAUQ3SortElem4@@0UQ3SortCompare@@@Z,0x00754430,109,Code/GameEngine/Source/Common/Q3IntrosortFamilies.cpp,reloc-derived;call-sites=2;identity=generated
??0?$pair@$$CBUGen_t_00770a90_k4@@UGen_t_00770a90_p12cd@@@_STL@@QAE@ABU01@@Z,0x00754D00,110,Code/gen_small/tgrid_122.cpp,reloc-derived;call-sites=1;identity=generated
?_M_insert_overflow@?$vector@UAnimSet@GenericObjectCreationNugget@@V?$allocator@UAnimSet@GenericObjectCreationNugget@@@_STL@@@_STL@@IAEXPAUAnimSet@GenericObjectCreationNugget@@ABU34@ABU__false_type@2@I_N@Z,0x00755CA0,281,Code/GameEngine/Source/GameLogic/Object/ObjectCreationList.cpp,reloc-derived;call-sites=1;identity=real
??0SpectreGunshipUpdateModuleData@@QAE@XZ,0x00757960,115,Code/GameEngine/Source/Common/Thing/ModuleFactory.cpp,reloc-derived;call-sites=1;identity=real
??1Gen_dtor_00757df0@@UAE@XZ,0x00757A50,191,Code/gen_small/dtors_008.cpp,reloc-derived;call-sites=1;identity=generated
?_M_insert_overflow@?$vector@VAsciiString@@V?$allocator@VAsciiString@@@_STL@@@_STL@@IAEXPAVAsciiString@@ABV3@ABU__false_type@2@I_N@Z,0x00757C70,268,Code/GameEngine/Source/Common/Audio/GameAudio.cpp,reloc-derived;call-sites=1;identity=real
??0W3DLaserDraw@@QAE@PAVThing@@PBVModuleData@@@Z,0x00757E70,982,Code/GameEngineDevice/Source/W3DDevice/GameClient/Drawable/Draw/W3DLaserDrawFriendNewModuleInstanceThunk.cpp,reloc-derived;call-sites=1;identity=real
??0WeaponBonusUpdate@@QAE@PAVThing@@PBVModuleData@@@Z,0x007583A0,307,Code/GameEngine/Source/Common/Thing/ModuleFactory.cpp,reloc-derived;call-sites=1;identity=real
??1Gen_dtor_00758860@@UAE@XZ,0x00758580,132,Code/gen_small/dtors_008.cpp,reloc-derived;call-sites=1;identity=generated
??1Gen_dtor_00759290@@UAE@XZ,0x00758E40,136,Code/gen_small/dtors_008.cpp,reloc-derived;call-sites=1;identity=generated
??1Gen_dtor_00759530@@UAE@XZ,0x00759350,11,Code/gen_small/dtors_008.cpp,reloc-derived;call-sites=1;identity=generated
??1Gen_dtor_00759850@@UAE@XZ,0x00759770,18,Code/gen_small/dtors_008.cpp,reloc-derived;call-sites=1;identity=generated
?_M_insert_overflow@?$vector@UEvaCheck@@V?$allocator@UEvaCheck@@@_STL@@@_STL@@IAEXPAUEvaCheck@@ABU3@ABU__false_type@2@I_N@Z,0x0075A330,271,Code/gen_small/zhstl_004.cpp,reloc-derived;call-sites=1;identity=real
?tossSegments@W3DRopeDraw@@AAEXXZ,0x0075A660,161,Code/GameEngine/Source/Common/W3DRopeDrawDestructorThunk.cpp,reloc-derived;call-sites=1;identity=real
?buildSegments@W3DRopeDraw@@AAEXXZ,0x0075A990,587,Code/GameEngineDevice/Source/W3DDevice/GameClient/Drawable/W3DRopeDraw.cpp,reloc-derived;call-sites=1;identity=real
?gen0075C940@Gen0075C940_0077FD80@@QAEXXZ,0x0075C940,58,Code/GameEngine/Source/Common/TailPairForwarders.cpp,reloc-derived;call-sites=1;identity=generated
??$__copy_backward@PAUGen_t_00761540_p128pod@@PAU1@H@_STL@@YAPAUGen_t_00761540_p128pod@@PAU1@00ABUrandom_access_iterator_tag@0@PAH@Z,0x0075EAA0,77,Code/gen_small/tgrid_135.cpp,reloc-derived;call-sites=1;identity=generated
??0?$_STLP_alloc_proxy@PAU?$_List_node@PAVParticleSystem@@@_STL@@U12@V?$allocator@U?$_List_node@PAVParticleSystem@@@_STL@@@2@@_STL@@QAE@ABV?$allocator@U?$_List_node@PAVParticleSystem@@@_STL@@@1@PAU?$_List_node@PAVParticleSystem@@@1@@Z,0x007611B0,11,Code/GameEngine/Source/GameClient/System/ParticleSys.cpp,reloc-derived;call-sites=1;identity=real
??$__copy_backward@PAUGen_t_007651c0_p128pod@@PAU1@H@_STL@@YAPAUGen_t_007651c0_p128pod@@PAU1@00ABUrandom_access_iterator_tag@0@PAH@Z,0x00761AF0,95,Code/gen_small/tgrid_135.cpp,reloc-derived;call-sites=1;identity=generated
??$__copy@PBUNugget@ModuleInfo@@PAU12@H@_STL@@YAPAUNugget@ModuleInfo@@PBU12@0PAU12@ABUrandom_access_iterator_tag@0@PAH@Z,0x00761B70,159,Code/GameEngine/Source/Common/Thing/ThingTemplate.cpp,reloc-derived;call-sites=3;identity=real
??0?$pair@$$CBUGen_t_00764e30_k4@@UGen_t_00764e30_p12cd@@@_STL@@QAE@ABU01@@Z,0x00762170,170,Code/gen_small/tgrid_122.cpp,reloc-derived;call-sites=1;identity=generated
?updateSubObjectsFromShroud@W3DModelDraw@@AAEXXZ,0x00762500,244,Code/GameEngineDevice/Source/W3DDevice/GameClient/Drawable/Draw/W3DModelDraw_setFullyObscuredByShroud.cpp,reloc-derived;call-sites=1;identity=real
?gen00764FA0@@YAXPAX0@Z,0x00764FA0,121,Code/GameEngine/Source/Common/AllocateThenInitialise.cpp,reloc-derived;call-sites=1;identity=generated
?gen00765040@@YAXPAX0@Z,0x00765040,99,Code/GameEngine/Source/Common/AllocateThenInitialise.cpp,reloc-derived;call-sites=1;identity=generated
??$__copy_backward@PAUGen_t_00768e30_p128pod@@PAU1@H@_STL@@YAPAUGen_t_00768e30_p128pod@@PAU1@00ABUrandom_access_iterator_tag@0@PAH@Z,0x007655A0,95,Code/gen_small/tgrid_135.cpp,reloc-derived;call-sites=1;identity=generated
?gen00768AE0@@YAXPAUElem20@@PBU1@@Z,0x00768AE0,99,Code/GameEngine/Source/Common/ElementStrideWalks.cpp,reloc-derived;call-sites=3;identity=generated
?gen00768B60@@YAXPAUElem20@@PBU1@@Z,0x00768B60,106,Code/GameEngine/Source/Common/ElementStrideWalks.cpp,reloc-derived;call-sites=2;identity=generated
??$_M_allocate_and_copy@PAUGen_t_007709c0_p24cd@@@?$vector@UGen_t_007709c0_p24cd@@V?$allocator@UGen_t_007709c0_p24cd@@@_STL@@@_STL@@IAEPAUGen_t_007709c0_p24cd@@IPAU2@0@Z,0x00769170,97,Code/gen_small/tgrid_122.cpp,reloc-derived;call-sites=1;identity=generated
?cleanup@Gen0076AE50Owner@@QAEXXZ,0x0076AE50,58,Code/GameEngine/Source/Common/Q2NodePoolReleases.cpp,reloc-derived;call-sites=2;identity=generated
??$__uninitialized_copy@PBUNugget@ModuleInfo@@PAU12@@_STL@@YAPAUNugget@ModuleInfo@@PBU12@0PAU12@ABU__false_type@0@@Z,0x0076B010,45,Code/GameEngine/Source/Common/Thing/ThingTemplate.cpp,reloc-derived;call-sites=1;identity=real
??$_M_allocate_and_copy@PBUNugget@ModuleInfo@@@?$vector@UNugget@ModuleInfo@@V?$allocator@UNugget@ModuleInfo@@@_STL@@@_STL@@IAEPAUNugget@ModuleInfo@@IPBU23@0@Z,0x0076B3B0,97,Code/GameEngine/Source/Common/Thing/ThingTemplate.cpp,reloc-derived;call-sites=1;identity=real
?_M_insert_overflow@?$vector@UWeaponBarrelInfo@ModelConditionInfo@@V?$allocator@UWeaponBarrelInfo@ModelConditionInfo@@@_STL@@@_STL@@IAEXPAUWeaponBarrelInfo@ModelConditionInfo@@ABU34@ABU__false_type@2@I_N@Z,0x0076D380,335,Code/GameEngineDevice/Source/W3DDevice/GameClient/Drawable/Draw/W3DModelDraw.cpp,reloc-derived;call-sites=1;identity=real
??0?$pair@$$CBUGen_t_007720d0_k4@@UGen_t_007720d0_p12cd@@@_STL@@QAE@ABU01@@Z,0x00770CB0,129,Code/gen_small/tgrid_122.cpp,reloc-derived;call-sites=1;identity=generated
??0BFME_ModuleInfoNuggetCopyLayout@@QAE@ABU0@@Z,0x00770D60,87,Code/GameEngine/Source/Common/Thing/ModuleInfoNuggetCopy.cpp,reloc-derived;call-sites=1;identity=real
??$__copy@PAUNugget@ModuleInfo@@PAU12@H@_STL@@YAPAUNugget@ModuleInfo@@PAU12@00ABUrandom_access_iterator_tag@0@PAH@Z,0x00770E00,87,Code/GameEngine/Source/Common/Thing/ThingTemplate.cpp,reloc-derived;call-sites=2;identity=real
?handle@Gen007716A0@@QAEXPAX0@Z,0x007716A0,76,Code/GameEngine/Source/Common/FieldForwarders.cpp,reloc-derived;call-sites=1;identity=generated
?_M_insert_overflow@?$vector@U?$pair@W4ObjectID@@W41@@_STL@@V?$allocator@U?$pair@W4ObjectID@@W41@@_STL@@@2@@_STL@@IAEXPAU?$pair@W4ObjectID@@W41@@2@ABU32@ABU__false_type@2@I_N@Z,0x00771870,268,Code/GameEngine/Source/GameLogic/AI/partition_solver.cpp,reloc-derived;call-sites=1;identity=real
?_M_insert_overflow@?$vector@UGen_t_00774250_p24cd@@V?$allocator@UGen_t_00774250_p24cd@@@_STL@@@_STL@@IAEXPAUGen_t_00774250_p24cd@@ABU3@ABU__false_type@2@I_N@Z,0x00771B10,287,Code/gen_small/tgrid_122.cpp,reloc-derived;call-sites=1;identity=generated
?_M_clear@?$vector@UNugget@ModuleInfo@@V?$allocator@UNugget@ModuleInfo@@@_STL@@@_STL@@IAEXXZ,0x00771D00,98,Code/GameEngine/Source/Common/Thing/ThingTemplate.cpp,reloc-derived;call-sites=1;identity=real
??0?$pair@$$CBUGen_t_0013a700_k4@@UGen_t_0013a700_p12cd@@@_STL@@QAE@ABU01@@Z,0x00772390,992,Code/gen_small/tgrid_105.cpp,reloc-derived;call-sites=1;identity=generated
?addPublicBone@ModelConditionInfo@@QBEXABVAsciiString@@@Z,0x00772BF0,161,Code/GameEngine/Source/Common/parseWeaponBoneName_Thunk.cpp,reloc-derived;call-sites=1;identity=real
??0?$pair@$$CBUGen_t_0013a760_k4@@UGen_t_0013a760_p12cd@@@_STL@@QAE@ABU01@@Z,0x00772E10,312,Code/gen_small/tgrid_105.cpp,reloc-derived;call-sites=1;identity=generated
??0W3DScriptedModelDraw@@QAE@PAVThing@@PBVModuleData@@@Z,0x00773360,1185,Code/GameEngineDevice/Source/W3DDevice/GameClient/Drawable/Draw/W3DHordeModelDrawConstructor.cpp,reloc-derived;call-sites=4;identity=real
?_M_insert_overflow@?$vector@UGen_t_00776080_p32cd@@V?$allocator@UGen_t_00776080_p32cd@@@_STL@@@_STL@@IAEXPAUGen_t_00776080_p32cd@@ABU3@ABU__false_type@2@I_N@Z,0x00774580,267,Code/gen_small/tgrid_122.cpp,reloc-derived;call-sites=1;identity=generated
??$__copy_backward@PAUGen_t_00776240_p128pod@@PAU1@H@_STL@@YAPAUGen_t_00776240_p128pod@@PAU1@00ABUrandom_access_iterator_tag@0@PAH@Z,0x00774860,84,Code/gen_small/tgrid_135.cpp,reloc-derived;call-sites=1;identity=generated
??$__copy_backward@PAUGen_t_007762a0_p128pod@@PAU1@H@_STL@@YAPAUGen_t_007762a0_p128pod@@PAU1@00ABUrandom_access_iterator_tag@0@PAH@Z,0x00774970,181,Code/gen_small/tgrid_135.cpp,reloc-derived;call-sites=1;identity=generated
?handle@Gen00776AC0@@QAEXPAVFlagPairTarget@@@Z,0x00776AC0,3381,Code/GameEngine/Source/Common/FlagPairThenDirectCallers.cpp,reloc-derived;call-sites=2;identity=generated
?handle@Gen00777EE0@@QAEXPAX0@Z,0x00777EE0,76,Code/GameEngine/Source/Common/FieldForwarders.cpp,reloc-derived;call-sites=1;identity=generated
?_M_insert_overflow@?$vector@UNugget@ModuleInfo@@V?$allocator@UNugget@ModuleInfo@@@_STL@@@_STL@@IAEXPAUNugget@ModuleInfo@@ABU34@ABU__false_type@2@I_N@Z,0x0077AEA0,287,Code/GameEngine/Source/Common/Thing/ThingTemplate.cpp,reloc-derived;call-sites=1;identity=real
??1Gen_dtor_0077daf0@@UAE@XZ,0x0077D510,139,Code/gen_small/dtors_008.cpp,reloc-derived;call-sites=1;identity=generated
??0W3DStreakDraw@@QAE@PAVThing@@PBVModuleData@@@Z,0x0077D930,354,Code/GameEngineDevice/Source/W3DDevice/GameClient/Drawable/Draw/W3DStreakDrawFriendNewModuleInstanceThunk.cpp,reloc-derived;call-sites=1;identity=real
??1Gen_dtor_0077dcc0@@UAE@XZ,0x0077DBE0,18,Code/gen_small/dtors_008.cpp,reloc-derived;call-sites=1;identity=generated
??1Gen_dtor_0077dfd0@@UAE@XZ,0x0077DD80,85,Code/gen_small/dtors_008.cpp,reloc-derived;call-sites=1;identity=generated
??1Gen_dtor_0077f190@@UAE@XZ,0x0077EDD0,311,Code/gen_small/dtors_008.cpp,reloc-derived;call-sites=1;identity=generated
??0W3DTankDraw@@QAE@PAVThing@@PBVModuleData@@@Z,0x0077F050,244,Code/GameEngineDevice/Source/W3DDevice/GameClient/Drawable/Draw/W3DTankDrawFriendNewModuleInstanceThunk.cpp,reloc-derived;call-sites=1;identity=real
??1Gen_dtor_0077f510@@UAE@XZ,0x0077F250,11,Code/gen_small/dtors_008.cpp,reloc-derived;call-sites=1;identity=generated
??0W3DTruckDrawModuleData@@QAE@XZ,0x0077F830,181,Code/GameEngineDevice/Source/W3DDevice/GameClient/Drawable/Draw/W3DTruckDrawFriendNewModuleDataThunk.cpp,reloc-derived;call-sites=1;identity=real
??1Gen_dtor_007814f0@@UAE@XZ,0x0077F920,405,Code/gen_small/dtors_008.cpp,reloc-derived;call-sites=1;identity=generated
??0W3DTruckDraw@@QAE@PAVThing@@PBVModuleData@@@Z,0x0077FB20,359,Code/GameEngineDevice/Source/W3DDevice/GameClient/Drawable/Draw/W3DTruckDrawFriendNewModuleInstanceThunk.cpp,reloc-derived;call-sites=1;identity=real
?tossEmitters@W3DTankTruckDraw@@IAEXXZ,0x0077FD80,186,Code/GameEngineDevice/Source/W3DDevice/GameClient/Drawable/Draw/W3DTankTruckDraw_setFullyObscuredByShroud_Thunk.cpp,reloc-derived;call-sites=1;identity=real
?createEmitters@W3DTankTruckDraw@@IAEXXZ,0x0077FE70,436,Code/GameEngineDevice/Source/W3DDevice/GameClient/Drawable/Draw/W3DTankTruckDraw_setFullyObscuredByShroud_Thunk.cpp,reloc-derived;call-sites=1;identity=real
??1Gen_dtor_00781630@@UAE@XZ,0x00781520,151,Code/gen_small/dtors_008.cpp,reloc-derived;call-sites=1;identity=generated
?gen00783F60@Gen00783F60_00466610@@QAEXXZ,0x00783F60,39,Code/GameEngine/Source/Common/TailPairForwarders.cpp,reloc-derived;call-sites=1;identity=generated
??1Gen_dtor_007862f0@@UAE@XZ,0x007859D0,168,Code/gen_small/dtors_008.cpp,reloc-derived;call-sites=1;identity=generated
?gen00785F80@@YAPAXXZ,0x00785F80,59,Code/GameEngine/Source/Common/CachedPointerFills.cpp,reloc-derived;call-sites=1;identity=generated
?_M_insert@?$hashtable@U?$pair@$$CBHW4Relationship@@@_STL@@HU?$hash@H@2@U?$_Select1st@U?$pair@$$CBHW4Relationship@@@_STL@@@2@U?$equal_to@H@2@V?$allocator@U?$pair@$$CBHW4Relationship@@@_STL@@@2@@_STL@@QAEAAU?$pair@$$CBHW4Relationship@@@2@ABU32@@Z,0x00787140,111,Code/GameEngine/Source/Common/RTS/Player.cpp,reloc-derived;call-sites=1;identity=real
?_M_insert@?$hashtable@U?$pair@QBVGameWindow@@PAVWindowVideo@@@_STL@@PBVGameWindow@@UhashConstGameWindowPtr@WindowVideoManager@@U?$_Select1st@U?$pair@QBVGameWindow@@PAVWindowVideo@@@_STL@@@2@U?$equal_to@PBVGameWindow@@@2@V?$allocator@U?$pair@QBVGameWindow@@PAVWindowVideo@@@_STL@@@2@@_STL@@QAEAAU?$pair@QBVGameWindow@@PAVWindowVideo@@@2@ABU32@@Z,0x007871D0,111,Code/GameEngine/Source/GameClient/window_video_manager.cpp,reloc-derived;call-sites=1;identity=real
??1Gen_dtor_007881f0@@UAE@XZ,0x007873C0,124,Code/gen_small/dtors_008.cpp,reloc-derived;call-sites=1;identity=generated
??1Gen_dtor_007881c0@@UAE@XZ,0x007875E0,185,Code/gen_small/dtors_008.cpp,reloc-derived;call-sites=1;identity=generated
?_M_insert_overflow@?$vector@VProductionPrerequisite@@V?$allocator@VProductionPrerequisite@@@_STL@@@_STL@@IAEXPAVProductionPrerequisite@@ABV3@ABU__false_type@2@I_N@Z,0x00787E80,335,Code/GameEngine/Source/Common/Thing/ThingTemplate.cpp,reloc-derived;call-sites=1;identity=real
?_M_insert_overflow@?$vector@VW3DAnimationInfo@@V?$allocator@VW3DAnimationInfo@@@_STL@@@_STL@@IAEXPAVW3DAnimationInfo@@ABV3@ABU__false_type@2@I_N@Z,0x00788030,305,Code/GameEngineDevice/Source/W3DDevice/GameClient/Drawable/Draw/W3DModelDraw.cpp,reloc-derived;call-sites=1;identity=real
??1Gen_dtor_007883a0@@UAE@XZ,0x007883D0,105,Code/gen_small/dtors_008.cpp,reloc-derived;call-sites=1;identity=generated
?gen00789440@Gen00789440_0046C5F0@@QAEXXZ,0x00789440,331,Code/GameEngine/Source/Common/TailPairForwarders.cpp,reloc-derived;call-sites=1;identity=generated
??1Gen_dtor_00789950@@UAE@XZ,0x007897D0,184,Code/gen_small/dtors_008.cpp,reloc-derived;call-sites=1;identity=generated
??1Gen_dtor_0078add0@@UAE@XZ,0x0078ABD0,11,Code/gen_small/dtors_008.cpp,reloc-derived;call-sites=1;identity=generated
??1Gen_dtor_00782e30@@UAE@XZ,0x0078AFC0,102,Code/gen_small/dtors_008.cpp,reloc-derived;call-sites=1;identity=generated
??1Gen_dtor_0078c9d0@@UAE@XZ,0x0078C920,70,Code/gen_small/dtors_008.cpp,reloc-derived;call-sites=1;identity=generated
??1Gen_dtor_006fb6e0@@UAE@XZ,0x0078CD80,159,Code/gen_small/dtors_008.cpp,reloc-derived;call-sites=1;identity=generated
??1Gen_dtor_0078d2e0@@UAE@XZ,0x0078D040,114,Code/gen_small/dtors_008.cpp,reloc-derived;call-sites=1;identity=generated
??0Gen0078D1C0@@QAE@XZ,0x0078D1C0,103,Code/GameEngine/Source/Common/Q4NewNiladicFactories.cpp,reloc-derived;call-sites=1;identity=generated
??1Gen_dtor_0078f9d0@@UAE@XZ,0x0078F5B0,11,Code/gen_small/dtors_008.cpp,reloc-derived;call-sites=1;identity=generated
?drawStaticTextText@@YAXPAVGameWindow@@HH@Z,0x00796BA0,346,Code/GameEngineDevice/Source/W3DDevice/GameClient/GUI/Gadget/W3DStaticTextDraw_Thunk.cpp,reloc-derived;call-sites=2;identity=real
??1Gen_dtor_0079dbd0@@UAE@XZ,0x0079D1D0,307,Code/gen_small/dtors_009.cpp,reloc-derived;call-sites=1;identity=generated
??1Gen_dtor_007a01e0@@UAE@XZ,0x007A00F0,70,Code/gen_small/dtors_009.cpp,reloc-derived;call-sites=1;identity=generated
??1Gen_dtor_007a2490@@UAE@XZ,0x007A1230,113,Code/gen_small/dtors_009.cpp,reloc-derived;call-sites=1;identity=generated
?enableWaterGrid@WaterRenderObjClass@@QAEX_N@Z,0x007A1410,31,Code/GameEngineDevice/Source/W3DDevice/GameClient/Water/W3DWater.cpp,reloc-derived;call-sites=1;identity=real
?renderMirror@WaterRenderObjClass@@IAEXPAVCameraClass@@@Z,0x007A2B00,1073,Code/GameEngineDevice/Source/W3DDevice/GameClient/Water/W3DWater.cpp,reloc-derived;call-sites=1;identity=real
??1Gen_dtor_007a60f0@@UAE@XZ,0x007A5D10,784,Code/gen_small/dtors_009.cpp,reloc-derived;call-sites=1;identity=generated
??1Gen_dtor_007aba70@@UAE@XZ,0x007AB150,19,Code/gen_small/dtors_009.cpp,reloc-derived;call-sites=1;identity=generated
?shutdown@WaterTracksRenderSystem@@QAEXXZ,0x007AC560,219,Code/GameEngineDevice/Source/W3DDevice/GameClient/Water/W3DWaterTracks.cpp,reloc-derived;call-sites=1;identity=real
?freeAllSlots@W3DBufferManager@@QAEXXZ,0x007AD9D0,195,Code/GameEngineDevice/Source/W3DDevice/GameClient/Shadow/W3DBufferManager.cpp,reloc-derived;call-sites=2;identity=real
?allocateSlotStorage@W3DBufferManager@@IAEPAUW3DVertexBufferSlot@1@W4VBM_FVF_TYPES@1@H@Z,0x007ADDC0,410,Code/GameEngineDevice/Source/W3DDevice/GameClient/Shadow/W3DBufferManager_Slots.cpp,reloc-derived;call-sites=1;identity=real
?allocateSlotStorage@W3DBufferManager@@IAEPAUW3DIndexBufferSlot@1@H@Z,0x007AE000,386,Code/GameEngineDevice/Source/W3DDevice/GameClient/Shadow/W3DBufferManager_Slots.cpp,reloc-derived;call-sites=1;identity=real
??1Gen_dtor_007af4b0@@UAE@XZ,0x007AF4E0,93,Code/gen_small/dtors_009.cpp,reloc-derived;call-sites=1;identity=generated
?getTexture@BFMEShadowManagerLayout@@QAEPAVW3DShadowTexture@@PBD@Z,0x007AFD10,396,Code/GameEngineDevice/Source/W3DDevice/GameClient/Shadow/W3DProjectedShadow.cpp,reloc-derived;call-sites=1;identity=real
??1Gen_dtor_007b3cb0@@UAE@XZ,0x007AFF00,111,Code/gen_small/dtors_009.cpp,reloc-derived;call-sites=1;identity=generated
??1Gen_dtor_007b3ba0@@UAE@XZ,0x007B0380,91,Code/gen_small/dtors_009.cpp,reloc-derived;call-sites=1;identity=generated
??1Gen_dtor_007b3d40@@UAE@XZ,0x007B0400,88,Code/gen_small/dtors_009.cpp,reloc-derived;call-sites=1;identity=generated
?addShadowCore@BFMEShadowManagerLayout@@QAEPAVW3DProjectedShadow@@PAVW3DShadowTexture@@PAVRenderObjClass@@W4ShadowType@@_NMMHMMPAPAV2@3PAVDrawable@@3@Z,0x007B3E70,460,Code/GameEngineDevice/Source/W3DDevice/GameClient/Shadow/W3DProjectedShadow.cpp,reloc-derived;call-sites=1;identity=real
??1Gen_dtor_007b4fb0@@UAE@XZ,0x007B4E40,251,Code/gen_small/dtors_009.cpp,reloc-derived;call-sites=1;identity=generated
?h00024D2A@GenAlpha@@QAEXXZ,0x007B9760,139,Code/GameEngine/Source/Common/S3GuardedGlobalTriples.cpp,reloc-derived;call-sites=1;identity=real
?ReAcquireResources@Gen_01306F18@@QAE_NXZ,0x007B9810,215,Code/GameEngineDevice/Source/W3DDevice/GameClient/Shadow/W3DShadowManagerReAcquireThunk.cpp,reloc-derived;call-sites=1;identity=generated
?h00040601@GenAlpha@@QAEXXZ,0x007B99C0,19,Code/GameEngine/Source/Common/S3GuardedGlobalTriples.cpp,reloc-derived;call-sites=1;identity=real
?h000053B7@GenAlpha@@QAEXXZ,0x007B99E0,19,Code/GameEngine/Source/Common/S3GuardedGlobalTriples.cpp,reloc-derived;call-sites=1;identity=real
??1Gen_dtor_007bd2f0@@UAE@XZ,0x007BBB20,45,Code/gen_small/dtors_009.cpp,reloc-derived;call-sites=1;identity=generated
??1Gen_dtor_007bbdf0@@UAE@XZ,0x007BBE20,115,Code/gen_small/dtors_009.cpp,reloc-derived;call-sites=1;identity=generated
??1Gen_dtor_007bdad0@@UAE@XZ,0x007BCF50,280,Code/gen_small/dtors_009.cpp,reloc-derived;call-sites=1;identity=generated
?h00044062@GenAlpha@@QAEXXZ,0x007BD0C0,19,Code/GameEngine/Source/Common/S3GuardedGlobalTriples.cpp,reloc-derived;call-sites=1;identity=real
?renderShadows@W3DVolumetricShadowManager@@QAEX_N@Z,0x007BFB90,1927,Code/GameEngineDevice/Source/W3DDevice/GameClient/DoShadowsThunk.cpp,reloc-derived;call-sites=1;identity=real
?h00008ACB@GenBeta@@QAEXXZ,0x007C1120,25,Code/GameEngine/Source/Common/S3GuardedGlobalTriples.cpp,reloc-derived;call-sites=1;identity=real
?h000217DD@GenBeta@@QAEXXZ,0x007C1260,27,Code/GameEngine/Source/Common/S3GuardedGlobalTriples.cpp,reloc-derived;call-sites=1;identity=real
?h00005592@GenBeta@@QAEXXZ,0x007C1290,27,Code/GameEngine/Source/Common/S3GuardedGlobalTriples.cpp,reloc-derived;call-sites=1;identity=real
??1Gen_dtor_007c29d0@@UAE@XZ,0x007C1660,191,Code/gen_small/dtors_009.cpp,reloc-derived;call-sites=1;identity=generated
??1Gen_dtor_007cc390@@UAE@XZ,0x007CBCE0,137,Code/gen_small/dtors_009.cpp,reloc-derived;call-sites=1;identity=generated
?updateFadeLevel@ScreenCrossFadeFilter@@IAE_NXZ,0x007D35B0,195,Code/GameEngineDevice/Source/W3DDevice/GameClient/W3DShaderManager.cpp,reloc-derived;call-sites=1;identity=real
??1Gen_dtor_007e4a70@@UAE@XZ,0x007E3C20,217,Code/gen_small/dtors_009.cpp,reloc-derived;call-sites=1;identity=generated
??1Gen_dtor_007e4d10@@UAE@XZ,0x007E4A00,86,Code/gen_small/dtors_009.cpp,reloc-derived;call-sites=1;identity=generated
?Gen007EFFC0@@YAPAVGenAlloc@@XZ,0x007EFFC0,28,Code/GameEngine/Source/Common/S3PolymorphicArrayClear.cpp,reloc-derived;call-sites=5;identity=generated
?Gen007F0130@@YAPAXI@Z,0x007F0130,20,Code/GameEngine/Source/Common/Q3MakeDerivedFamily.cpp,reloc-derived;call-sites=8;identity=generated
??_I@YGXPAXIHP6EX0@Z@Z,0x007F6AB0,49,vendor/d3dx9/d3dx9.lib,reloc-derived;call-sites=5;identity=real
?Gen007F86A0@@YAPAURva007E9EF0Cached@@PAURva007E9EF0Owner@@@Z,0x007F86A0,33,Code/GameEngine/Source/Common/Q3LazyCachedAccessor.cpp,reloc-derived;call-sites=1;identity=generated
?Gen007F89D0@@YAPAURva007E9F30Cached@@PAURva007E9F30Owner@@@Z,0x007F89D0,30,Code/GameEngine/Source/Common/Q3LazyCachedAccessor.cpp,reloc-derived;call-sites=1;identity=generated
?Q1Wrapped007FEA00@@YAXXZ,0x007FEA00,29,Code/GameEngine/Source/Common/Q1FrameCheckedWrappers.cpp,reloc-derived;call-sites=7;identity=real
??1Gen_dtor_007f6d20@@UAE@XZ,0x00800290,35,Code/gen_small/dtors_009.cpp,reloc-derived;call-sites=1;identity=generated
??1Gen_dtor_00802020@@UAE@XZ,0x00801C40,104,Code/gen_small/dtors_009.cpp,reloc-derived;call-sites=1;identity=generated
??1Gen_dtor_0081c530@@UAE@XZ,0x0081C520,11,Code/gen_small/dtors_009.cpp,reloc-derived;call-sites=1;identity=generated
??0?$pair@$$CBUGen_t_0081c8d0_k4@@UGen_t_0081c8d0_p12cd@@@_STL@@QAE@ABU01@@Z,0x0081C6B0,122,Code/gen_small/tgrid_122.cpp,reloc-derived;call-sites=1;identity=generated
??1Gen_dtor_0081d960@@UAE@XZ,0x0081D7B0,14,Code/gen_small/dtors_009.cpp,reloc-derived;call-sites=1;identity=generated
?decompressData@CompressionManager@@SAHPBXHPAXH@Z,0x0081E890,240,Code/GameEngine/Source/Common/CachedFileInputStream_open_Thunk.cpp,reloc-derived;call-sites=1;identity=real
??1Gen_dtor_0082c040@@UAE@XZ,0x0082AE60,28,Code/gen_small/dtors_009.cpp,reloc-derived;call-sites=1;identity=generated
??1Gen_dtor_0082c060@@UAE@XZ,0x0082AE80,28,Code/gen_small/dtors_009.cpp,reloc-derived;call-sites=1;identity=generated
??1Gen_dtor_0082c080@@UAE@XZ,0x0082AEA0,28,Code/gen_small/dtors_009.cpp,reloc-derived;call-sites=1;identity=generated
??1Gen_dtor_0082c0a0@@UAE@XZ,0x0082AEC0,28,Code/gen_small/dtors_009.cpp,reloc-derived;call-sites=1;identity=generated
??1Gen_dtor_0082c0c0@@UAE@XZ,0x0082AEE0,28,Code/gen_small/dtors_009.cpp,reloc-derived;call-sites=1;identity=generated
??1Gen_dtor_0082c0e0@@UAE@XZ,0x0082AF00,28,Code/gen_small/dtors_009.cpp,reloc-derived;call-sites=1;identity=generated
??1Gen_dtor_0082c100@@UAE@XZ,0x0082AF20,28,Code/gen_small/dtors_009.cpp,reloc-derived;call-sites=1;identity=generated
??1Gen_dtor_0082c120@@UAE@XZ,0x0082AF40,28,Code/gen_small/dtors_009.cpp,reloc-derived;call-sites=1;identity=generated
??1Gen_dtor_0082c140@@UAE@XZ,0x0082AF60,28,Code/gen_small/dtors_009.cpp,reloc-derived;call-sites=1;identity=generated
?_Rebalance_for_erase@?$_Rb_global@_N@_STL@@SAPAU_Rb_tree_node_base@2@PAU32@AAPAU32@11@Z,0x0082CB60,1110,Code/GameEngine/Source/Common/RTS/TeamFactoryList.cpp,reloc-derived;call-sites=87;identity=real
?_M_acquire_lock@NodeAllocMutex@_STL@@QAEXXZ,0x0082DA10,8,Code/Libraries/Source/WWVegas/WWLib/node_alloc_M_deallocateThunk.cpp,reloc-derived;call-sites=1;identity=real
??1Gen_dtor_0083b310@@UAE@XZ,0x00836520,83,Code/gen_small/dtors_009.cpp,reloc-derived;call-sites=1;identity=generated
??1Gen_dtor_00837460@@UAE@XZ,0x00837480,73,Code/gen_small/dtors_009.cpp,reloc-derived;call-sites=1;identity=generated
??1Gen_dtor_008374d0@@UAE@XZ,0x008374F0,73,Code/gen_small/dtors_009.cpp,reloc-derived;call-sites=1;identity=generated
??1Gen_dtor_00837540@@UAE@XZ,0x00837560,73,Code/gen_small/dtors_009.cpp,reloc-derived;call-sites=1;identity=generated
??1Gen_dtor_008375b0@@UAE@XZ,0x008375D0,73,Code/gen_small/dtors_009.cpp,reloc-derived;call-sites=1;identity=generated
?reserve@?$basic_string@GV?$char_traits@G@_STL@@V?$allocator@G@2@@_STL@@QAEXI@Z,0x00839590,110,Code/gen_small/tgrid_004.cpp,reloc-derived;call-sites=1;identity=real
?_M_insert_aux@?$basic_string@GV?$char_traits@G@_STL@@V?$allocator@G@2@@_STL@@AAEPAGPAGG@Z,0x0083E4D0,240,Code/gen_small/tgrid_004.cpp,reloc-derived;call-sites=1;identity=real
??1Gen_dtor_0083ec30@@UAE@XZ,0x0083E8B0,11,Code/gen_small/dtors_009.cpp,reloc-derived;call-sites=1;identity=generated
??1Gen_dtor_0083f860@@UAE@XZ,0x0083F730,210,Code/gen_small/dtors_009.cpp,reloc-derived;call-sites=1;identity=generated
??1Gen_dtor_005379b0@@UAE@XZ,0x0083FB50,14,Code/gen_small/dtors_006.cpp,reloc-derived;call-sites=1;identity=generated
??1Gen_dtor_0083ffb0@@UAE@XZ,0x0083FEC0,14,Code/gen_small/dtors_009.cpp,reloc-derived;call-sites=1;identity=generated
??1Gen_dtor_00840d20@@UAE@XZ,0x00840780,36,Code/gen_small/dtors_009.cpp,reloc-derived;call-sites=1;identity=generated
??1Gen_dtor_008325a0@@UAE@XZ,0x00840900,11,Code/gen_small/dtors_009.cpp,reloc-derived;call-sites=1;identity=generated
?check@Gen00842870@@QAEHXZ,0x00842870,221,Code/GameEngine/Source/Common/R3NodeFlagUpdaters.cpp,reloc-derived;call-sites=3;identity=generated
?check@Gen00842A00@@QAEHXZ,0x00842A00,188,Code/GameEngine/Source/Common/R3NodeFlagUpdaters.cpp,reloc-derived;call-sites=3;identity=generated
??1Gen_dtor_008325e0@@UAE@XZ,0x00843D90,11,Code/gen_small/dtors_009.cpp,reloc-derived;call-sites=1;identity=generated
??1Gen_dtor_00832620@@UAE@XZ,0x00843E30,11,Code/gen_small/dtors_009.cpp,reloc-derived;call-sites=1;identity=generated
??1Gen_dtor_00832660@@UAE@XZ,0x008441B0,11,Code/gen_small/dtors_009.cpp,reloc-derived;call-sites=1;identity=generated
??1Gen_dtor_008326a0@@UAE@XZ,0x008441F0,11,Code/gen_small/dtors_009.cpp,reloc-derived;call-sites=1;identity=generated
??1Gen_dtor_008326e0@@UAE@XZ,0x008444E0,11,Code/gen_small/dtors_009.cpp,reloc-derived;call-sites=1;identity=generated
??1Gen_dtor_00832720@@UAE@XZ,0x008444F0,11,Code/gen_small/dtors_009.cpp,reloc-derived;call-sites=1;identity=generated
??1Gen_dtor_00848490@@UAE@XZ,0x00847F30,11,Code/gen_small/dtors_009.cpp,reloc-derived;call-sites=1;identity=generated
??1Gen_dtor_008484b0@@UAE@XZ,0x00847FD0,11,Code/gen_small/dtors_009.cpp,reloc-derived;call-sites=1;identity=generated
??1Gen_dtor_008484d0@@UAE@XZ,0x00848070,11,Code/gen_small/dtors_009.cpp,reloc-derived;call-sites=1;identity=generated
??1Gen_dtor_008484f0@@UAE@XZ,0x00848110,11,Code/gen_small/dtors_009.cpp,reloc-derived;call-sites=1;identity=generated
??1Gen_dtor_00848ba0@@UAE@XZ,0x00848A30,95,Code/gen_small/dtors_009.cpp,reloc-derived;call-sites=1;identity=generated
??1Gen_dtor_00848be0@@UAE@XZ,0x00848B20,95,Code/gen_small/dtors_009.cpp,reloc-derived;call-sites=1;identity=generated
??1Gen_dtor_00849af0@@UAE@XZ,0x00849990,30,Code/gen_small/dtors_009.cpp,reloc-derived;call-sites=1;identity=generated
??1Gen_dtor_00841080@@UAE@XZ,0x00849A10,30,Code/gen_small/dtors_009.cpp,reloc-derived;call-sites=1;identity=generated
??1Gen_dtor_008410c0@@UAE@XZ,0x00849AB0,30,Code/gen_small/dtors_009.cpp,reloc-derived;call-sites=1;identity=generated
??1T2Vb0084A620@@UAE@XZ,0x0084A620,55,Code/GameEngine/Source/Common/T2VirtualBaseDeletingDtors.cpp,reloc-derived;call-sites=1;identity=real
?initFromINIMulti@INI@@QAEXPAXABVMultiIniFieldParse@@@Z,0x00851910,164,Code/GameEngine/Source/Common/GenericObjectCreationNugget_parseDebrisMethodThunk.cpp,reloc-derived;call-sites=50;identity=real
?load@INI@@QAEXVAsciiString@@HHPAX@Z,0x00853CB0,345,Code/GameEngine/Source/Common/INI/ini_subsystem.cpp,reloc-derived;call-sites=1;identity=real
_ghiSocketSelect,0x00854530,330,Code/GameEngine/Source/GameNetwork/GameSpy/ghttp/ghttpBuffer.c,reloc-derived;call-sites=2;identity=real
_CanReceiveOnSocket,0x00854680,115,Code/GameEngine/Source/GameNetwork/GameSpy/gp/gpiPeer.c,reloc-derived;call-sites=11;identity=real
_qr2_parse_queryA,0x00855F70,590,Code/GameEngine/Source/GameNetwork/GameSpy/qr2/qr2.c,reloc-derived;call-sites=2;identity=real
_qr2_init_socketA,0x00856290,629,Code/GameEngine/Source/GameNetwork/GameSpy/qr2/qr2.c,reloc-derived;call-sites=2;identity=real
??8@YA_NABUGen_t_00642f90_m12cd@@0@Z,0x008574E0,15,Code/gen_small/fam_015.cpp,reloc-derived;call-sites=1;identity=generated
?dispatchIndexedValue@@YAXPAXH0HPAH1@Z,0x00858070,66,Code/GameEngine/Source/Common/DualIndexedDispatchThunk.cpp,reloc-derived;call-sites=4;identity=real
?g_00861ed0@@YAXHHHHHHHHHHHHHHHHHHHHH@Z,0x00861ED0,995,Code/GameEngine/Source/Common/Gen_00862460.cpp,reloc-derived;call-sites=1;identity=real
_ghiDoConnecting,0x0087B840,380,Code/GameEngine/Source/GameNetwork/GameSpy/ghttp/ghttpMain.c,reloc-derived;call-sites=1;identity=real
?getMaxHeightAbovePosition@GeometryInfo@@QBEMXZ,0x0087E000,101,Code/GameEngine/Source/GameLogic/Object/Weapon.cpp,reloc-derived;call-sites=1;identity=real
?_M_insert_overflow@?$vector@VMoney@@V?$allocator@VMoney@@@_STL@@@_STL@@IAEXPAVMoney@@ABV3@ABU__false_type@2@I_N@Z,0x0087FBE0,237,Code/GameEngine/Source/Common/MoneyVectorPushBack.cpp,reloc-derived;call-sites=1;identity=real
??1Gen_dtor_00881180@@UAE@XZ,0x00880FC0,115,Code/gen_small/dtors_009.cpp,reloc-derived;call-sites=1;identity=generated
??1Gen_dtor_00880dd0@@UAE@XZ,0x008813E0,39,Code/gen_small/dtors_009.cpp,reloc-derived;call-sites=1;identity=generated
??1Gen_dtor_00886aa0@@UAE@XZ,0x00885AF0,81,Code/gen_small/dtors_009.cpp,reloc-derived;call-sites=1;identity=generated
?SimpleMatch@Debug@@SA_NPBD0@Z,0x0088A3A0,132,Code/Libraries/Source/WWVegas/WWDebug/debug_io_flat.cpp,reloc-derived;call-sites=2;identity=real
??3Gen_uws100_00891650@@SAXPAXI@Z,0x00891650,34,Code/gen_small/uw_gen_016.cpp,reloc-derived;call-sites=3;identity=generated
??1Gen_t_00894a10_p12cd@@QAE@XZ,0x00893E00,97,Code/gen_small/tgrid_122.cpp,reloc-derived;call-sites=1;identity=generated
??1Gen_t_00894a10_k4@@QAE@XZ,0x00894160,53,Code/gen_small/tgrid_122.cpp,reloc-derived;call-sites=1;identity=generated
?Gen00897300@@YAXPAX@Z,0x00897300,39,Code/GameEngine/Source/Common/WideHeaderedAlloc.cpp,reloc-derived;call-sites=16;identity=generated
?Gen00897330@@YAXPAD@Z,0x00897330,39,Code/GameEngine/Source/Common/Q2IndirectPairDispatch.cpp,reloc-derived;call-sites=9;identity=generated
??3Gen_uws28_00897590@@SAXPAXI@Z,0x00897590,34,Code/gen_small/uw_gen_016.cpp,reloc-derived;call-sites=14;identity=generated
?notify@Q4Base00D35D68@@QAEXHH@Z,0x008975D0,108,Code/GameEngine/Source/Common/Q4VptrPairDtors.cpp,reloc-derived;call-sites=7;identity=real
??3Gen_uws36_00897670@@SAXPAXI@Z,0x00897670,34,Code/gen_small/uw_gen_016.cpp,reloc-derived;call-sites=19;identity=generated
??3Gen_uws24_00897790@@SAXPAXI@Z,0x00897790,34,Code/gen_small/uw_gen_016.cpp,reloc-derived;call-sites=1;identity=generated
??3Gen_uws32_008977f0@@SAXPAXI@Z,0x008977F0,34,Code/gen_small/uw_gen_016.cpp,reloc-derived;call-sites=1;identity=generated
??3Gen_uws24_00897850@@SAXPAXI@Z,0x00897850,34,Code/gen_small/uw_gen_016.cpp,reloc-derived;call-sites=1;identity=generated
??3Gen_uws24_008978b0@@SAXPAXI@Z,0x008978B0,34,Code/gen_small/uw_gen_016.cpp,reloc-derived;call-sites=1;identity=generated
??3Gen_uws24_00897910@@SAXPAXI@Z,0x00897910,34,Code/gen_small/uw_gen_016.cpp,reloc-derived;call-sites=1;identity=generated
??3Gen_uws24_00897970@@SAXPAXI@Z,0x00897970,34,Code/gen_small/uw_gen_016.cpp,reloc-derived;call-sites=1;identity=generated
??0Rva899F00Base@@QAE@PBDH@Z,0x00899F00,183,Code/Libraries/Source/WWVegas/WWLib/ThreadClassCtorThunk.cpp,reloc-derived;call-sites=1;identity=generated
?handle@Gen0089C880@@QAEXXZ,0x0089C880,124,Code/GameEngine/Source/Common/R1GuardedReleaseHelpers.cpp,reloc-derived;call-sites=1;identity=generated
??3Gen_uws32_008a3160@@SAXPAXI@Z,0x008A3160,34,Code/gen_small/uw_gen_016.cpp,reloc-derived;call-sites=2;identity=generated
?Gen008A3EE0@@YAHPBDI@Z,0x008A3EE0,1459,Code/GameEngine/Source/Common/R4PerfectHashWordSets.cpp,reloc-derived;call-sites=1;identity=generated
??3Gen_uws44_008a9120@@SAXPAXI@Z,0x008A9120,34,Code/gen_small/uw_gen_016.cpp,reloc-derived;call-sites=3;identity=generated
??3Gen_uws64_008ab870@@SAXPAXI@Z,0x008AB870,34,Code/gen_small/uw_gen_016.cpp,reloc-derived;call-sites=1;identity=generated
?Gen008AB970@@YAHPBDI@Z,0x008AB970,1488,Code/GameEngine/Source/Common/R4PerfectHashWordSets.cpp,reloc-derived;call-sites=1;identity=generated
??1Gen_dtor_008ad510@@UAE@XZ,0x008AC620,133,Code/gen_small/dtors_009.cpp,reloc-derived;call-sites=1;identity=generated
??0GenBase008AD3F0@@QAE@XZ,0x008AD3F0,284,Code/GameEngine/Source/Common/MidVptrOnlyDerivedCtors.cpp,reloc-derived;call-sites=1;identity=real
?getBounds@Rva8BB1A0BoundsSource@@QAEXPAURva8BB1A0Bounds@@@Z,0x008AE2E0,188,Code/GameEngine/Source/Common/Rva8BB1A0BoundsCheckThunk.cpp,reloc-derived;call-sites=1;identity=real
??8@YA_NABUGen_t_008c3e50_m12cd@@0@Z,0x008B0EE0,6731,Code/gen_small/fam_016.cpp,reloc-derived;call-sites=1;identity=generated
?Gen008B5050@@YAHPBDI@Z,0x008B5050,1458,Code/GameEngine/Source/Common/R4PerfectHashWordSets.cpp,reloc-derived;call-sites=1;identity=generated
?Gen008B8510@@YAHPBDI@Z,0x008B8510,1462,Code/GameEngine/Source/Common/R4PerfectHashWordSets.cpp,reloc-derived;call-sites=1;identity=generated
??3Gen_uws52_008ba800@@SAXPAXI@Z,0x008BA800,34,Code/gen_small/uw_gen_016.cpp,reloc-derived;call-sites=2;identity=generated
??3Gen_uws52_008ba870@@SAXPAXI@Z,0x008BA870,34,Code/gen_small/uw_gen_016.cpp,reloc-derived;call-sites=1;identity=generated
??3Gen_uws24_008c48c0@@SAXPAXI@Z,0x008C48C0,34,Code/gen_small/uw_gen_016.cpp,reloc-derived;call-sites=2;identity=generated
?gen008CBDF0@@YAXPAX0H0@Z,0x008CBDF0,1757,Code/GameEngine/Source/Common/ConstantZeroForwarders.cpp,reloc-derived;call-sites=1;identity=generated
?Gen008D42C0@@YAHPBDI@Z,0x008D42C0,1547,Code/GameEngine/Source/Common/R4PerfectHashWordSets.cpp,reloc-derived;call-sites=1;identity=generated
?Gen008D4980@@YAHPBDI@Z,0x008D4980,1514,Code/GameEngine/Source/Common/R4PerfectHashWordSets.cpp,reloc-derived;call-sites=1;identity=generated
?Gen008D57B0@@YAHPBDI@Z,0x008D57B0,1514,Code/GameEngine/Source/Common/R4PerfectHashWordSets.cpp,reloc-derived;call-sites=1;identity=generated
_gpiCheckSocketConnect,0x008ECB40,181,Code/GameEngine/Source/GameNetwork/GameSpy/gp/gpiConnect.c,reloc-derived;call-sites=3;identity=real
_gpiProcessGetInfo,0x008F2220,1831,Code/GameEngine/Source/GameNetwork/GameSpy/gp/gpiOperation.c,reloc-derived;call-sites=1;identity=real
_gpiHandleTransferMessage,0x008F5510,226,Code/GameEngine/Source/GameNetwork/GameSpy/gp/gpiPeer.c,reloc-derived;call-sites=1;identity=real
??1Gen_dtor_008f7890@@UAE@XZ,0x008F75D0,115,Code/gen_small/dtors_009.cpp,reloc-derived;call-sites=1;identity=generated
??1Gen_dtor_008f8500@@UAE@XZ,0x008F8340,170,Code/gen_small/dtors_009.cpp,reloc-derived;call-sites=1;identity=generated
??$__destroy@U?$_Deque_iterator@UGen_t_008fb350_p12pod@@U?$_Nonconst_traits@UGen_t_008fb350_p12pod@@@_STL@@@_STL@@UGen_t_008fb350_p12pod@@@_STL@@YAXU?$_Deque_iterator@UGen_t_008fb350_p12pod@@U?$_Nonconst_traits@UGen_t_008fb350_p12pod@@@_STL@@@0@0PAUGen_t_008fb350_p12pod@@@Z,0x008FAD20,81,Code/gen_small/tgrid_126.cpp,reloc-derived;call-sites=1;identity=generated
?_M_push_back_aux_v@?$deque@UGen_t_008fbc70_p8cd@@V?$allocator@UGen_t_008fbc70_p8cd@@@_STL@@@_STL@@IAEXABUGen_t_008fbc70_p8cd@@@Z,0x008FB570,121,Code/gen_small/tgrid_126.cpp,reloc-derived;call-sites=1;identity=generated
??1Gen_dtor_008f7320@@UAE@XZ,0x008FBA40,137,Code/gen_small/dtors_009.cpp,reloc-derived;call-sites=1;identity=generated
?clear@W3DRadarResetSurface@@QAEXI@Z,0x008FC830,508,Code/GameEngineDevice/Source/W3DDevice/Common/System/W3DRadar.cpp,reloc-derived;call-sites=3;identity=real
?_M_insert@?$_Rb_tree@IU?$pair@$$CBIUGen_t_009009f0_m12pod@@@_STL@@U?$_Select1st@U?$pair@$$CBIUGen_t_009009f0_m12pod@@@_STL@@@2@U?$less@I@2@V?$allocator@U?$pair@$$CBIUGen_t_009009f0_m12pod@@@_STL@@@2@@_STL@@AAE?AU?$_Rb_tree_iterator@U?$pair@$$CBIUGen_t_009009f0_m12pod@@@_STL@@U?$_Nonconst_traits@U?$pair@$$CBIUGen_t_009009f0_m12pod@@@_STL@@@2@@2@PAU_Rb_tree_node_base@2@0ABU?$pair@$$CBIUGen_t_009009f0_m12pod@@@2@0@Z,0x008FFDE0,176,Code/gen_small/fam_006.cpp,reloc-derived;call-sites=9;identity=generated
?insert_unique@?$_Rb_tree@IU?$pair@$$CBIUGen_t_009009f0_m12pod@@@_STL@@U?$_Select1st@U?$pair@$$CBIUGen_t_009009f0_m12pod@@@_STL@@@2@U?$less@I@2@V?$allocator@U?$pair@$$CBIUGen_t_009009f0_m12pod@@@_STL@@@2@@_STL@@QAE?AU?$pair@U?$_Rb_tree_iterator@U?$pair@$$CBIUGen_t_009009f0_m12pod@@@_STL@@U?$_Nonconst_traits@U?$pair@$$CBIUGen_t_009009f0_m12pod@@@_STL@@@2@@_STL@@_N@2@ABU?$pair@$$CBIUGen_t_009009f0_m12pod@@@2@@Z,0x008FFE90,145,Code/gen_small/fam_006.cpp,reloc-derived;call-sites=4;identity=generated
??1Gen_dtor_009020e0@@UAE@XZ,0x00900FF0,366,Code/gen_small/dtors_009.cpp,reloc-derived;call-sites=1;identity=generated
?Apply_Render_State_Changes@DX8Wrapper@@SAXXZ,0x00904890,774,Code/GameEngineDevice/Source/W3DDevice/GameClient/BaseHeightMap.cpp,reloc-derived;call-sites=1;identity=real
?Set_Render_Target@DX8Wrapper@@SAXPAUIDirect3DSurface8@@_N@Z,0x009052B0,438,Code/Libraries/Source/WWVegas/WW3D2/DX8Wrapper_Set_Render_Target_SwapChain_Thunk.cpp,reloc-derived;call-sites=1;identity=real
?Set_DX8_ZBias@DX8Wrapper@@SAXH@Z,0x00905990,286,Code/Libraries/Source/WWVegas/WW3D2/dx8wrapper.cpp,reloc-derived;call-sites=1;identity=real
?BaseHeightMapScorchSetZBias@@YAXH@Z,0x00905AB0,15,Code/GameEngineDevice/Source/W3DDevice/GameClient/BaseHeightMap.cpp,reloc-derived;call-sites=2;identity=real
?W3DRadarResetUnlock@@YAXXZ,0x00905B10,95,Code/GameEngineDevice/Source/W3DDevice/Common/System/W3DRadar.cpp,reloc-derived;call-sites=1;identity=real
??1Gen_dtor_00907550@@UAE@XZ,0x00906410,45,Code/gen_small/dtors_009.cpp,reloc-derived;call-sites=1;identity=generated
??1Gen_dtor_00907570@@UAE@XZ,0x00906630,45,Code/gen_small/dtors_009.cpp,reloc-derived;call-sites=1;identity=generated
?Get_Render_Target_Resolution@WW3D@@SAXAAH00AA_N@Z,0x00906990,195,Code/Libraries/Source/WWVegas/WW3D2/camera.cpp,reloc-derived;call-sites=1;identity=real
?Draw@DX8Wrapper@@CAXHGGGGH@Z,0x00906B40,526,Code/Libraries/Source/WWVegas/WW3D2/DX8Wrapper_DrawPrimitives.cpp,reloc-derived;call-sites=2;identity=real
?Draw_Triangles@DX8Wrapper@@SAXIGGGG@Z,0x00906D70,114,Code/Libraries/Source/WWVegas/WW3D2/boxrobj.cpp,reloc-derived;call-sites=1;identity=real
??1RenderDeviceDescClass@@QAE@XZ,0x009077B0,225,Code/Libraries/Source/WWVegas/WW3D2/dx8wrapper.cpp,reloc-derived;call-sites=1;identity=real
?Create_Device@DX8Wrapper@@KA_NXZ,0x0090AE60,436,Code/Libraries/Source/WWVegas/WW3D2/dx8wrapper.cpp,reloc-derived;call-sites=1;identity=real
??1Gen_dtor_0090bb40@@UAE@XZ,0x0090B5F0,70,Code/gen_small/dtors_009.cpp,reloc-derived;call-sites=1;identity=generated
??1Gen_dtor_0090be00@@UAE@XZ,0x0090BC40,103,Code/gen_small/dtors_009.cpp,reloc-derived;call-sites=1;identity=generated
?getSurfaceLevel@W3DRadarResetTexture@@QAE?AVW3DRadarResetSurface@@XZ,0x0090E670,29,Code/GameEngineDevice/Source/W3DDevice/Common/System/W3DRadar.cpp,reloc-derived;call-sites=3;identity=real
?BFMEGetWaterTrackTexture@@YA?AVBFMEWaterTrackTextureHandle@@PADHH@Z,0x0090E910,309,Code/GameEngineDevice/Source/W3DDevice/GameClient/Water/W3DWaterTracks.cpp,reloc-derived;call-sites=2;identity=real
??0S4Made0090F650@@QAE@XZ,0x0090F650,48,Code/GameEngine/Source/Common/S4CtorThenPublishNew.cpp,reloc-derived;call-sites=2;identity=real
??1Gen_dtor_005f0920@@UAE@XZ,0x0090F680,215,Code/gen_small/dtors_007.cpp,reloc-derived;call-sites=1;identity=generated
??1Gen_dtor_00913ad0@@UAE@XZ,0x009125E0,193,Code/gen_small/dtors_009.cpp,reloc-derived;call-sites=1;identity=generated
??1Gen_dtor_00918ab0@@UAE@XZ,0x009183B0,70,Code/gen_small/dtors_009.cpp,reloc-derived;call-sites=1;identity=generated
??1Gen_dtor_00918ad0@@UAE@XZ,0x00918500,70,Code/gen_small/dtors_009.cpp,reloc-derived;call-sites=1;identity=generated
?Resize@?$SimpleVecClass@VVector3i16@@@@UAE_NH@Z,0x00919BC0,211,Code/Libraries/Source/WWVegas/WW3D2/decalmsh.cpp,reloc-derived;call-sites=2;identity=real
??1Gen_dtor_0091a0b0@@UAE@XZ,0x0091A0D0,327,Code/gen_small/dtors_009.cpp,reloc-derived;call-sites=1;identity=generated
??0S4Made0091A730@@QAE@XZ,0x0091A730,207,Code/GameEngine/Source/Common/S4CtorThenPublishNew.cpp,reloc-derived;call-sites=1;identity=real
??1Gen_dtor_0091d7d0@@UAE@XZ,0x0091CE10,51,Code/gen_small/dtors_009.cpp,reloc-derived;call-sites=1;identity=generated
??1Gen_dtor_007c1530@@UAE@XZ,0x0091CEF0,121,Code/gen_small/dtors_009.cpp,reloc-derived;call-sites=1;identity=generated
??0DX8IndexBufferClass@@QAE@IW4UsageType@0@@Z,0x0091D0A0,330,Code/Libraries/Source/WWVegas/WW3D2/dx8indexbuffer.cpp,reloc-derived;call-sites=1;identity=real
??1Gen_dtor_0091d910@@UAE@XZ,0x0091D1F0,128,Code/gen_small/dtors_009.cpp,reloc-derived;call-sites=1;identity=generated
??1Gen_dtor_0091d930@@UAE@XZ,0x0091D300,74,Code/gen_small/dtors_009.cpp,reloc-derived;call-sites=1;identity=generated
??0WriteLockClass@DynamicIBAccessClass@@QAE@PAV1@@Z,0x0091D410,208,Code/Libraries/Source/WWVegas/WW3D2/boxrobj.cpp,reloc-derived;call-sites=1;identity=real
??1WriteLockClass@DynamicIBAccessClass@@QAE@XZ,0x0091D4E0,127,Code/Libraries/Source/WWVegas/WW3D2/boxrobj.cpp,reloc-derived;call-sites=1;identity=real
??1BoxDynamicVBAccessClass@@QAE@XZ,0x0091D9E0,79,Code/Libraries/Source/WWVegas/WW3D2/boxrobj.cpp,reloc-derived;call-sites=1;identity=real
??0VertexBufferClass@@IAE@IIGI@Z,0x0091DC50,203,Code/Libraries/Source/WWVegas/WW3D2/dx8vertexbuffer.cpp,reloc-derived;call-sites=6;identity=real
??1Gen_dtor_0091f2b0@@UAE@XZ,0x0091DD20,78,Code/gen_small/dtors_009.cpp,reloc-derived;call-sites=1;identity=generated
??1Gen_dtor_0091f2d0@@UAE@XZ,0x0091E040,29,Code/gen_small/dtors_009.cpp,reloc-derived;call-sites=1;identity=generated
??1Gen_dtor_0091f360@@UAE@XZ,0x0091E060,85,Code/gen_small/dtors_009.cpp,reloc-derived;call-sites=1;identity=generated
?Create_Vertex_Buffer@DX8VertexBufferClass@@IAEXW4UsageType@1@@Z,0x0091E0C0,267,Code/Libraries/Source/WWVegas/WW3D2/dx8vertexbuffer.cpp,reloc-derived;call-sites=5;identity=real
?Copy@DX8VertexBufferClass@@QAEXPBVVector3@@0PBVVector2@@II@Z,0x0091E1D0,798,Code/Libraries/Source/WWVegas/WW3D2/dx8vertexbuffer.cpp,reloc-derived;call-sites=1;identity=real
?Copy@DX8VertexBufferClass@@QAEXPBVVector3@@PBVVector2@@II@Z,0x0091E690,559,Code/Libraries/Source/WWVegas/WW3D2/dx8vertexbuffer.cpp,reloc-derived;call-sites=1;identity=real
?Copy@DX8VertexBufferClass@@QAEXPBVVector3@@0PBVVector2@@PBVVector4@@II@Z,0x0091EB40,665,Code/Libraries/Source/WWVegas/WW3D2/dx8vertexbuffer.cpp,reloc-derived;call-sites=1;identity=real
?Copy@DX8VertexBufferClass@@QAEXPBVVector3@@PBVVector2@@PBVVector4@@II@Z,0x0091EDE0,607,Code/Libraries/Source/WWVegas/WW3D2/dx8vertexbuffer.cpp,reloc-derived;call-sites=1;identity=real
??0WriteLockClass@BoxDynamicVBAccessClass@@QAE@PAV1@@Z,0x0091F160,221,Code/Libraries/Source/WWVegas/WW3D2/boxrobj.cpp,reloc-derived;call-sites=1;identity=real
??1WriteLockClass@BoxDynamicVBAccessClass@@QAE@XZ,0x0091F240,108,Code/Libraries/Source/WWVegas/WW3D2/boxrobj.cpp,reloc-derived;call-sites=1;identity=real
??0BoxDynamicVBAccessClass@@QAE@IIGI@Z,0x0091F730,82,Code/Libraries/Source/WWVegas/WW3D2/boxrobj.cpp,reloc-derived;call-sites=1;identity=real
?Get_Opacity@VertexMaterialClass@@QBEMXZ,0x00921130,7,Code/Libraries/Source/WWVegas/WW3D2/meshmatdesc.cpp,reloc-derived;call-sites=3;identity=real
??1Gen_dtor_00924070@@UAE@XZ,0x00924090,29,Code/gen_small/dtors_009.cpp,reloc-derived;call-sites=1;identity=generated
??1Gen_dtor_009240f0@@UAE@XZ,0x00924110,29,Code/gen_small/dtors_009.cpp,reloc-derived;call-sites=1;identity=generated
??1Gen_dtor_00924130@@UAE@XZ,0x00924150,29,Code/gen_small/dtors_009.cpp,reloc-derived;call-sites=1;identity=generated
??4MeshGeometryClass@@QAEAAV0@ABV0@@Z,0x00924930,760,Code/Libraries/Source/WWVegas/WW3D2/MeshGeometryClass_CopyCtor_Thunk.cpp,reloc-derived;call-sites=1;identity=real
??1Gen_dtor_00926610@@UAE@XZ,0x00926630,29,Code/gen_small/dtors_009.cpp,reloc-derived;call-sites=1;identity=generated
??1Gen_dtor_00927f10@@UAE@XZ,0x00927880,101,Code/gen_small/dtors_009.cpp,reloc-derived;call-sites=1;identity=generated
??0?$ShareBufferClass@PAVVertexMaterialClass@@@@QAE@ABV0@@Z,0x00929D40,174,Code/Libraries/Source/WWVegas/WW3D2/meshmatdesc.cpp,reloc-derived;call-sites=1;identity=real
??1Gen_dtor_0092a140@@UAE@XZ,0x00929E80,29,Code/gen_small/dtors_009.cpp,reloc-derived;call-sites=1;identity=generated
??0ShareBufferClassBase@@QAE@HPBDH@Z,0x00929FC0,193,Code/Libraries/Source/WWVegas/WW3D2/TexBufferClassCtorThunk.cpp,reloc-derived;call-sites=1;identity=real
??1Gen_dtor_0092ba40@@UAE@XZ,0x0092A220,131,Code/gen_small/dtors_009.cpp,reloc-derived;call-sites=1;identity=generated
??1Gen_dtor_0094da20@@UAE@XZ,0x0092A3D0,90,Code/gen_small/dtors_009.cpp,reloc-derived;call-sites=1;identity=generated
??1Gen_dtor_0092ba20@@UAE@XZ,0x0092B6A0,103,Code/gen_small/dtors_009.cpp,reloc-derived;call-sites=1;identity=generated
??1Gen_dtor_0092b900@@UAE@XZ,0x0092B920,29,Code/gen_small/dtors_009.cpp,reloc-derived;call-sites=1;identity=generated
??1Gen_dtor_0092c0b0@@UAE@XZ,0x0092BAC0,11,Code/gen_small/dtors_009.cpp,reloc-derived;call-sites=1;identity=generated
??0MeshMatDescClass@@QAE@ABV0@@Z,0x0092C0D0,281,Code/Libraries/Source/WWVegas/WW3D2/meshmdl.cpp,reloc-derived;call-sites=2;identity=real
??1Gen_dtor_0092c670@@UAE@XZ,0x0092C5E0,70,Code/gen_small/dtors_009.cpp,reloc-derived;call-sites=1;identity=generated
??1Gen_dtor_0092e490@@UAE@XZ,0x0092D990,126,Code/gen_small/dtors_009.cpp,reloc-derived;call-sites=1;identity=generated
?Render_Material_Pass@MeshClass@@QAEXPAVMaterialPassClass@@PAVIndexBufferClass@@@Z,0x0092E890,1315,Code/Libraries/Source/WWVegas/WW3D2/dx8renderer.cpp,reloc-derived;call-sites=1;identity=real
??1Gen_dtorv_0092ff30@@UAE@XZ,0x0092F190,84,Code/gen_small/dtorsv_000.cpp,reloc-derived;call-sites=1;identity=generated
?Remap_Mesh@MaterialRemapperClass@@QAEXPBVMeshMatDescClass@@PAV2@@Z,0x0092F2C0,493,Code/Libraries/Source/WWVegas/WW3D2/meshmdlio.cpp,reloc-derived;call-sites=1;identity=real
?construct@TextureVectorBaseCtorShim@@QAEXHH@Z,0x0092FBA0,191,Code/Libraries/Source/WWVegas/WW3D2/MaterialCollectorClass_ctor_Thunk.cpp,reloc-derived;call-sites=1;identity=real
??1Gen_dtor_009305b0@@UAE@XZ,0x0092FD10,45,Code/gen_small/dtors_009.cpp,reloc-derived;call-sites=1;identity=generated
??0MaterialRemapperClass@@QAE@PAVMaterialInfoClass@@0@Z,0x0092FD60,453,Code/Libraries/Source/WWVegas/WW3D2/meshmdlio.cpp,reloc-derived;call-sites=1;identity=real
??1MaterialRemapperClass@@QAE@XZ,0x0092FF90,171,Code/Libraries/Source/WWVegas/WW3D2/meshmdlio.cpp,reloc-derived;call-sites=1;identity=real
??1Gen_dtor_00930d30@@UAE@XZ,0x00930040,45,Code/gen_small/dtors_009.cpp,reloc-derived;call-sites=1;identity=generated
??1Gen_dtor_00931200@@UAE@XZ,0x00930DB0,67,Code/gen_small/dtors_009.cpp,reloc-derived;call-sites=1;identity=generated
??1Gen_dtor_009312b0@@UAE@XZ,0x00930F60,175,Code/gen_small/dtors_009.cpp,reloc-derived;call-sites=1;identity=generated
?Cull_Box@BFMECameraCullBox@@QBE_NABVAABoxClass@@@Z,0x009330C0,193,Code/GameEngineDevice/Source/W3DDevice/GameClient/W3DTerrainBackground.cpp,reloc-derived;call-sites=1;identity=real
??1Gen_dtor_00933570@@UAE@XZ,0x00933420,111,Code/gen_small/dtors_009.cpp,reloc-derived;call-sites=1;identity=generated
??1Gen_dtor_00937040@@UAE@XZ,0x00936E40,67,Code/gen_small/dtors_009.cpp,reloc-derived;call-sites=1;identity=generated
??1Gen_dtor_006e7c30@@UAE@XZ,0x00936E90,161,Code/gen_small/dtors_008.cpp,reloc-derived;call-sites=1;identity=generated
??1Gen_dtorv_00937400@@UAE@XZ,0x00937390,12,Code/gen_small/dtorsv_000.cpp,reloc-derived;call-sites=1;identity=generated
??1Gen_dtor_00938130@@UAE@XZ,0x009380E0,67,Code/gen_small/dtors_009.cpp,reloc-derived;call-sites=1;identity=generated
??1SortingNodeStruct@@QAE@XZ,0x0093B200,186,Code/Libraries/Source/WWVegas/WW3D2/sortingrenderer.cpp,reloc-derived;call-sites=3;identity=real
??1Gen_dtor_0093bf90@@UAE@XZ,0x0093BE00,18,Code/gen_small/dtors_009.cpp,reloc-derived;call-sites=1;identity=generated
??4?$VectorClass@VProxyClass@@@@QAEAAV0@ABV0@@Z,0x0093CEA0,120,Code/Libraries/Source/WWVegas/WW3D2/collect.cpp,reloc-derived;call-sites=1;identity=real
??1Gen_dtor_0093e840@@UAE@XZ,0x0093DF80,45,Code/gen_small/dtors_009.cpp,reloc-derived;call-sites=1;identity=generated
?Resize@?$VectorClass@U_ENUM_VALUE@EnumParameterClass@@@@UAE_NHPBU_ENUM_VALUE@EnumParameterClass@@@Z,0x0093E4D0,392,Code/Libraries/Source/WWVegas/WWSaveLoad/parameter.cpp,reloc-derived;call-sites=1;identity=real
??1Gen_dtor_0093fd40@@UAE@XZ,0x0093E9C0,67,Code/gen_small/dtors_009.cpp,reloc-derived;call-sites=1;identity=generated
?_M_fill_insert@?$vector@GV?$allocator@G@_STL@@@_STL@@QAEXPAGIABG@Z,0x0093FC10,294,Code/Libraries/Source/WWVegas/WW3D2/UnsignedShortVectorResizeThunk.cpp,reloc-derived;call-sites=1;identity=real
?_M_insert@?$_Rb_tree@GU?$pair@$$CBGE@_STL@@U?$_Select1st@U?$pair@$$CBGE@_STL@@@2@U?$less@G@2@V?$allocator@U?$pair@$$CBGE@_STL@@@2@@_STL@@AAE?AU?$_Rb_tree_iterator@U?$pair@$$CBGE@_STL@@U?$_Nonconst_traits@U?$pair@$$CBGE@_STL@@@2@@2@PAU_Rb_tree_node_base@2@0ABU?$pair@$$CBGE@2@0@Z,0x0093FD80,178,Code/GameEngine/Source/GameNetwork/ConnectionManager.cpp,reloc-derived;call-sites=9;identity=real
?insert_unique@?$_Rb_tree@GU?$pair@$$CBGE@_STL@@U?$_Select1st@U?$pair@$$CBGE@_STL@@@2@U?$less@G@2@V?$allocator@U?$pair@$$CBGE@_STL@@@2@@_STL@@QAE?AU?$pair@U?$_Rb_tree_iterator@U?$pair@$$CBGE@_STL@@U?$_Nonconst_traits@U?$pair@$$CBGE@_STL@@@2@@_STL@@_N@2@ABU?$pair@$$CBGE@2@@Z,0x0093FE40,145,Code/GameEngine/Source/GameNetwork/ConnectionManager.cpp,reloc-derived;call-sites=4;identity=real
??1Gen_dtor_00940770@@UAE@XZ,0x00940010,348,Code/gen_small/dtors_009.cpp,reloc-derived;call-sites=1;identity=generated
?Get_Char_Data@FontCharsClass@@QAEPBUFontCharsClassCharDataStruct@@G@Z,0x00941290,81,Code/Libraries/Source/WWVegas/WW3D2/FontCharsClassGetCharWidthThunk.cpp,reloc-derived;call-sites=1;identity=real
??0GenBase00944940@@QAE@XZ,0x00944940,473,Code/GameEngine/Source/Common/MidVptrOnlyDerivedCtors.cpp,reloc-derived;call-sites=4;identity=real
??1Gen_dtor_009450f0@@UAE@XZ,0x00944FC0,70,Code/gen_small/dtors_009.cpp,reloc-derived;call-sites=1;identity=generated
?Allocate_Object_Memory@?$ObjectPoolClass@VPolyRenderTaskClass@@$0BAA@@@QAEPAVPolyRenderTaskClass@@XZ,0x009451C0,210,Code/Libraries/Source/WWVegas/WW3D2/dx8renderer.cpp,reloc-derived;call-sites=1;identity=real
??1Gen_dtor_00947d10@@UAE@XZ,0x00946540,171,Code/gen_small/dtors_009.cpp,reloc-derived;call-sites=1;identity=generated
??1Gen_dtor_00948b40@@UAE@XZ,0x009471E0,11,Code/gen_small/dtors_009.cpp,reloc-derived;call-sites=1;identity=generated
??1Gen_dtor_00902100@@UAE@XZ,0x00949D00,164,Code/gen_small/dtors_009.cpp,reloc-derived;call-sites=1;identity=generated
?gen0094C690@@YAXPAX0@Z,0x0094C690,31,Code/GameEngine/Source/Common/SubobjectConstructingFactories.cpp,reloc-derived;call-sites=1;identity=generated
?_M_insert@?$_Rb_tree@IU?$pair@$$CBIUGen_t_0094cf90_m12pod@@@_STL@@U?$_Select1st@U?$pair@$$CBIUGen_t_0094cf90_m12pod@@@_STL@@@2@U?$less@I@2@V?$allocator@U?$pair@$$CBIUGen_t_0094cf90_m12pod@@@_STL@@@2@@_STL@@AAE?AU?$_Rb_tree_iterator@U?$pair@$$CBIUGen_t_0094cf90_m12pod@@@_STL@@U?$_Nonconst_traits@U?$pair@$$CBIUGen_t_0094cf90_m12pod@@@_STL@@@2@@2@PAU_Rb_tree_node_base@2@0ABU?$pair@$$CBIUGen_t_0094cf90_m12pod@@@2@0@Z,0x0094C9E0,176,Code/gen_small/fam_006.cpp,reloc-derived;call-sites=9;identity=generated
?insert_unique@?$_Rb_tree@IU?$pair@$$CBIUGen_t_0094cf90_m12pod@@@_STL@@U?$_Select1st@U?$pair@$$CBIUGen_t_0094cf90_m12pod@@@_STL@@@2@U?$less@I@2@V?$allocator@U?$pair@$$CBIUGen_t_0094cf90_m12pod@@@_STL@@@2@@_STL@@QAE?AU?$pair@U?$_Rb_tree_iterator@U?$pair@$$CBIUGen_t_0094cf90_m12pod@@@_STL@@U?$_Nonconst_traits@U?$pair@$$CBIUGen_t_0094cf90_m12pod@@@_STL@@@2@@_STL@@_N@2@ABU?$pair@$$CBIUGen_t_0094cf90_m12pod@@@2@@Z,0x0094CCF0,145,Code/gen_small/fam_006.cpp,reloc-derived;call-sites=4;identity=generated
??1Gen_dtor_0094f0c0@@UAE@XZ,0x0094EA80,45,Code/gen_small/dtors_009.cpp,reloc-derived;call-sites=1;identity=generated
??1Gen_dtor_0094f0e0@@UAE@XZ,0x0094EAB0,45,Code/gen_small/dtors_009.cpp,reloc-derived;call-sites=1;identity=generated
??1Gen_dtor_0094f2e0@@UAE@XZ,0x0094ED60,221,Code/gen_small/dtors_009.cpp,reloc-derived;call-sites=1;identity=generated
?Re_Hash@?$HashTemplateClass@UTriangleSide@@USideIndexInfo@@@@AAEXXZ,0x0094F120,439,reference/CnC_Generals_Zero_Hour/GeneralsMD/Code/Libraries/Source/WWVegas/WW3D2/meshmdl.cpp,reloc-derived;call-sites=2;identity=real
??1Gen_dtor_009509b0@@UAE@XZ,0x0094F9C0,180,Code/gen_small/dtors_009.cpp,reloc-derived;call-sites=1;identity=generated
??1Gen_dtor_00951080@@UAE@XZ,0x00950FC0,18,Code/gen_small/dtors_009.cpp,reloc-derived;call-sites=1;identity=generated
??0Bitmap2DObjClass@@QAE@ABV0@@Z,0x00956140,213,Code/Libraries/Source/WWVegas/WW3D2/Bitmap2DObjClone.cpp,reloc-derived;call-sites=1;identity=real
??1Gen_dtor_00956240@@UAE@XZ,0x00956260,235,Code/gen_small/dtors_009.cpp,reloc-derived;call-sites=1;identity=generated
?handle@Gen00958BF0@@QAEXXZ,0x00958BF0,70,Code/GameEngine/Source/Common/R1GuardedReleaseHelpers.cpp,reloc-derived;call-sites=1;identity=generated
?RenderStreak@StreakRendererClass@@QAEXAAVRenderInfoClass@@ABVMatrix3D@@IPAVVector3@@PAVVector4@@PAMABVSphereClass@@PAI@Z,0x0095CE80,12206,Code/Libraries/Source/WWVegas/WW3D2/StreakLineRender.cpp,reloc-derived;call-sites=1;identity=real
??1Gen_dtor_0096aca0@@UAE@XZ,0x0096A920,73,Code/gen_small/dtors_009.cpp,reloc-derived;call-sites=1;identity=generated
?Update_Min_Max@AABTreeClass@@AAEXHAAVVector3@@0@Z,0x0096AFC0,180,Code/Libraries/Source/WWVegas/WW3D2/aabtree.cpp,reloc-derived;call-sites=1;identity=real
??1Gen_dtor_0096ea40@@UAE@XZ,0x0096E900,45,Code/gen_small/dtors_009.cpp,reloc-derived;call-sites=1;identity=generated
?read_shaders@MeshModelClass@@IAE_NAAVChunkLoadClass@@PAVMeshLoadContextClass@@@Z,0x0096EB30,272,Code/Libraries/Source/WWVegas/WW3D2/MeshModelClass_read_prelit_material_Thunk.cpp,reloc-derived;call-sites=1;identity=real
?read_textures@MeshModelClass@@IAE_NAAVChunkLoadClass@@PAVMeshLoadContextClass@@@Z,0x0096EC40,283,Code/Libraries/Source/WWVegas/WW3D2/MeshModelClass_read_prelit_material_Thunk.cpp,reloc-derived;call-sites=1;identity=real
??1Gen_dtor_00970920@@UAE@XZ,0x00970770,112,Code/gen_small/dtors_010.cpp,reloc-derived;call-sites=1;identity=generated
??1Gen_dtor_00970f60@@UAE@XZ,0x00970C40,103,Code/gen_small/dtors_010.cpp,reloc-derived;call-sites=1;identity=generated
??1Gen_dtor_00971340@@UAE@XZ,0x00971180,100,Code/gen_small/dtors_010.cpp,reloc-derived;call-sites=1;identity=generated
??1Gen_dtor_00971710@@UAE@XZ,0x00971550,112,Code/gen_small/dtors_010.cpp,reloc-derived;call-sites=1;identity=generated
?Get_HTree@@YAPAVHTreeClass@@PBD@Z,0x00971810,245,Code/Libraries/Source/WWVegas/WW3D2/hcanim.cpp,reloc-derived;call-sites=2;identity=real
??1Gen_dtor_00971d80@@UAE@XZ,0x00971BD0,100,Code/gen_small/dtors_010.cpp,reloc-derived;call-sites=1;identity=generated
??1Gen_dtor_00972460@@UAE@XZ,0x009722B0,94,Code/gen_small/dtors_010.cpp,reloc-derived;call-sites=1;identity=generated
??1Gen_dtor_00972930@@UAE@XZ,0x00972950,11,Code/gen_small/dtors_010.cpp,reloc-derived;call-sites=1;identity=generated
?Allocate_Object_Memory@?$ObjectPoolClass@VHAnimComboDataClass@@$0BAA@@@QAEPAVHAnimComboDataClass@@XZ,0x00973DB0,210,Code/Libraries/Source/WWVegas/WW3D2/hanim.cpp,reloc-derived;call-sites=1;identity=real
?Free_Object_Memory@?$ObjectPoolClass@VHAnimComboDataClass@@$0BAA@@@QAEXPAVHAnimComboDataClass@@@Z,0x00973E90,38,Code/GameEngine/Source/Common/promoted__Reset_HAnimComboClass_QAEXXZ_00974DC0.cpp,reloc-derived;call-sites=2;identity=real
??1Gen_dtor_009746f0@@UAE@XZ,0x00973F10,45,Code/gen_small/dtors_010.cpp,reloc-derived;call-sites=1;identity=generated
??1Gen_dtor_00974710@@UAE@XZ,0x00973F90,45,Code/gen_small/dtors_010.cpp,reloc-derived;call-sites=1;identity=generated
?Get_Vector@TimeCodedMotionChannelClass@@QAEXMPAM@Z,0x009781A0,379,Code/Libraries/Source/WWVegas/WW3D2/hcanim.cpp,reloc-derived;call-sites=3;identity=real
??1Gen_dtor_0097c950@@UAE@XZ,0x0097B720,45,Code/gen_small/dtors_010.cpp,reloc-derived;call-sites=1;identity=generated
??1Gen_dtorv_0097bae0@@UAE@XZ,0x0097B750,45,Code/gen_small/dtorsv_000.cpp,reloc-derived;call-sites=1;identity=generated
??1Gen_dtor_0097cdf0@@UAE@XZ,0x0097BB40,152,Code/gen_small/dtors_010.cpp,reloc-derived;call-sites=1;identity=generated
??1Gen_dtor_009815a0@@UAE@XZ,0x00981120,45,Code/gen_small/dtors_010.cpp,reloc-derived;call-sites=1;identity=generated
??1Gen_dtor_009815c0@@UAE@XZ,0x009812E0,45,Code/gen_small/dtors_010.cpp,reloc-derived;call-sites=1;identity=generated
?Compute_Current_Frame@Animatable3DObjClass@@IBEMPAM@Z,0x00982540,781,Code/Libraries/Source/WWVegas/WW3D2/Animatable3DObjClass_Single_Anim_Progress.cpp,reloc-derived;call-sites=2;identity=real
??1Gen_dtor_00984630@@UAE@XZ,0x009845A0,70,Code/gen_small/dtors_010.cpp,reloc-derived;call-sites=1;identity=generated
??1Gen_dtor_0098ed10@@UAE@XZ,0x0098EA20,212,Code/gen_small/dtors_010.cpp,reloc-derived;call-sites=1;identity=generated
_luaV_execute,0x00997C80,2924,Code/Libraries/Source/Lua/ldo.c,reloc-derived;call-sites=1;identity=real
_codepushbool,0x0099EF70,151,Code/Libraries/Source/Lua/lparser.c,reloc-derived;call-sites=2;identity=real
?_M_insert_overflow@?$vector@U?$pair@PAVSubsystemInterface@@PAX@_STL@@V?$allocator@U?$pair@PAVSubsystemInterface@@PAX@_STL@@@2@@_STL@@IAEXPAU?$pair@PAVSubsystemInterface@@PAX@2@ABU32@ABU__false_type@2@I_N@Z,0x009A1E50,302,Code/GameEngine/Source/Common/System/subsystem_interface.cpp,reloc-derived;call-sites=1;identity=real
??1Gen_dtor_0006b630@@UAE@XZ,0x009A2030,125,Code/gen_small/dtors_000.cpp,reloc-derived;call-sites=1;identity=generated
??1Gen_dtor_009a2920@@UAE@XZ,0x009A2390,133,Code/gen_small/dtors_010.cpp,reloc-derived;call-sites=1;identity=generated
??1Gen_dtor_009a2730@@UAE@XZ,0x009A2680,115,Code/gen_small/dtors_010.cpp,reloc-derived;call-sites=1;identity=generated
??1Gen_dtor_009a2520@@UAE@XZ,0x009A4620,127,Code/gen_small/dtors_010.cpp,reloc-derived;call-sites=1;identity=generated
??2@YAPAXI@Z,0x009A5920,62,Code/GameEngine/Source/Common/NameKeyGenerator.cpp,reloc-derived;call-sites=1;identity=real
??1?$_Rb_tree@VAsciiString@@U?$pair@$$CBVAsciiString@@VArchivedDirectoryInfo@@@_STL@@U?$_Select1st@U?$pair@$$CBVAsciiString@@VArchivedDirectoryInfo@@@_STL@@@3@U?$less@VAsciiString@@@3@V?$allocator@U?$pair@$$CBVAsciiString@@VArchivedDirectoryInfo@@@_STL@@@3@@_STL@@QAE@XZ,0x009C9570,83,Code/GameEngine/Source/Common/System/ArchiveFileSystem.cpp,reloc-derived;call-sites=1;identity=real
?_M_copy@?$_Rb_tree@UGen_t_009c97d0_m32cd@@U1@U?$_Identity@UGen_t_009c97d0_m32cd@@@_STL@@U?$less@UGen_t_009c97d0_m32cd@@@3@V?$allocator@UGen_t_009c97d0_m32cd@@@3@@_STL@@AAEPAU?$_Rb_tree_node@UGen_t_009c97d0_m32cd@@@2@PAU32@0@Z,0x009C9650,171,Code/gen_small/fam_004.cpp,reloc-derived;call-sites=1;identity=generated
??$_M_find@VAsciiString@@@?$_Rb_tree@VAsciiString@@U?$pair@$$CBVAsciiString@@VArchivedDirectoryInfo@@@_STL@@U?$_Select1st@U?$pair@$$CBVAsciiString@@VArchivedDirectoryInfo@@@_STL@@@3@U?$less@VAsciiString@@@3@V?$allocator@U?$pair@$$CBVAsciiString@@VArchivedDirectoryInfo@@@_STL@@@3@@_STL@@ABEPAU?$_Rb_tree_node@U?$pair@$$CBVAsciiString@@VArchivedDirectoryInfo@@@_STL@@@1@ABVAsciiString@@@Z,0x009C9AA0,194,Code/GameEngine/Source/Common/System/ArchiveFileSystem.cpp,reloc-derived;call-sites=2;identity=real
??$_M_find@VAsciiString@@@?$_Rb_tree@VAsciiString@@U?$pair@$$CBVAsciiString@@PAVArchiveFile@@@_STL@@U?$_Select1st@U?$pair@$$CBVAsciiString@@PAVArchiveFile@@@_STL@@@3@U?$less@VAsciiString@@@3@V?$allocator@U?$pair@$$CBVAsciiString@@PAVArchiveFile@@@_STL@@@3@@_STL@@ABEPAU?$_Rb_tree_node@U?$pair@$$CBVAsciiString@@PAVArchiveFile@@@_STL@@@1@ABVAsciiString@@@Z,0x009C9B70,194,Code/GameEngine/Source/Common/System/ArchiveFileSystem.cpp,reloc-derived;call-sites=2;identity=real
??$__linear_insert@PAVAsciiString@@V1@U?$less@VAsciiString@@@_STL@@@_STL@@YAXPAVAsciiString@@0V1@U?$less@VAsciiString@@@0@@Z,0x009CD0D0,206,Code/GameEngineDevice/Source/Win32Device/Common/Win32BIGFileSystem_loadBigFiles.cpp,reloc-derived;call-sites=1;identity=real
?Gen009CD1A0@@YAXPAUQ3SortElem4@@00UQ3SortCompare@@@Z,0x009CD1A0,53,Code/GameEngine/Source/Common/Q3IntrosortFamilies.cpp,reloc-derived;call-sites=1;identity=generated
?Gen009CDAA0@@YAXPAUQ3SortElem4@@00HUQ3SortCompare@@@Z,0x009CDAA0,152,Code/GameEngine/Source/Common/Q3IntrosortFamilies.cpp,reloc-derived;call-sites=1;identity=generated
?_M_copy@?$_Rb_tree@UGen_t_009cf460_m32cd@@U1@U?$_Identity@UGen_t_009cf460_m32cd@@@_STL@@U?$less@UGen_t_009cf460_m32cd@@@3@V?$allocator@UGen_t_009cf460_m32cd@@@3@@_STL@@AAEPAU?$_Rb_tree_node@UGen_t_009cf460_m32cd@@@2@PAU32@0@Z,0x009CF2C0,171,Code/gen_small/fam_004.cpp,reloc-derived;call-sites=1;identity=generated
?_M_copy@?$_Rb_tree@HU?$pair@$$CBHUGen_t_009d0ae0_p16cd@@@_STL@@U?$_Select1st@U?$pair@$$CBHUGen_t_009d0ae0_p16cd@@@_STL@@@2@U?$less@H@2@V?$allocator@U?$pair@$$CBHUGen_t_009d0ae0_p16cd@@@_STL@@@2@@_STL@@AAEPAU?$_Rb_tree_node@U?$pair@$$CBHUGen_t_009d0ae0_p16cd@@@_STL@@@2@PAU32@0@Z,0x009D0680,171,Code/gen_small/tgrid_123.cpp,reloc-derived;call-sites=1;identity=generated
?getFileListInDirectory@ArchiveFile@@QBEXABVAsciiString@@00AAV?$set@VAsciiString@@U?$less_than_nocase@VAsciiString@@@rts@@V?$allocator@VAsciiString@@@_STL@@@_STL@@_N@Z,0x009D0820,215,Code/GameEngine/Source/Common/System/ArchiveFileSystem.cpp,reloc-derived;call-sites=1;identity=real
?getArchivedFileInfo@ArchiveFile@@IBEPBUArchivedFileInfo@@ABVAsciiString@@@Z,0x009D0900,332,Code/GameEngineDevice/Source/Win32Device/Common/Win32BIGFileGetInfo.cpp,reloc-derived;call-sites=2;identity=real
??1Gen_dtor_009d1960@@UAE@XZ,0x009D1950,11,Code/gen_small/dtors_010.cpp,reloc-derived;call-sites=1;identity=generated
?evaluate@Gen009D76F0@@QAEPAXPAX@Z,0x009D76F0,77,Code/GameEngine/Source/Common/SelfPairReturners.cpp,reloc-derived;call-sites=1;identity=generated
??1Gen_dtor_009d86c0@@UAE@XZ,0x009D83D0,137,Code/gen_small/dtors_010.cpp,reloc-derived;call-sites=1;identity=generated
??1Gen_dtor_009d9c50@@UAE@XZ,0x009D9C00,73,Code/gen_small/dtors_010.cpp,reloc-derived;call-sites=1;identity=generated
??0BFMENetworkThreadBase@@QAE@PBD@Z,0x009DB4E0,70,Code/GameEngine/Source/GameNetwork/native_network.cpp,reloc-derived;call-sites=1;identity=real
?Free_Object_Memory@ObjectPool@@QAEXPAX@Z,0x009DBEB0,38,Code/Libraries/Source/WWVegas/WWLib/GenericMultiListClass_Internal_Remove_Thunk.cpp,reloc-derived;call-sites=2;identity=real
??0GenBase009EB7D0@@QAE@XZ,0x009EB7D0,51,Code/GameEngine/Source/Common/MidVptrOnlyDerivedCtors.cpp,reloc-derived;call-sites=2;identity=real
??1Gen_dtor_008fef00@@UAE@XZ,0x009EB810,17,Code/gen_small/dtors_009.cpp,reloc-derived;call-sites=1;identity=generated
??1Gen_dtor_009ebe70@@UAE@XZ,0x009EBC70,99,Code/gen_small/dtors_010.cpp,reloc-derived;call-sites=1;identity=generated
?equal_range@?$_Rb_tree@GU?$pair@$$CBGE@_STL@@U?$_Select1st@U?$pair@$$CBGE@_STL@@@2@U?$less@G@2@V?$allocator@U?$pair@$$CBGE@_STL@@@2@@_STL@@QAE?AU?$pair@U?$_Rb_tree_iterator@U?$pair@$$CBGE@_STL@@U?$_Nonconst_traits@U?$pair@$$CBGE@_STL@@@2@@_STL@@U12@@2@ABG@Z,0x009EC410,83,Code/GameEngine/Source/GameNetwork/ConnectionManager.cpp,reloc-derived;call-sites=1;identity=real
?m009EC970@Q1Receiver0134FAAC@@QAEXH@Z,0x009EC970,45,Code/GameEngine/Source/Common/Q1GlobalGuardedForwarders.cpp,reloc-derived;call-sites=1;identity=real
?m009EC9A0@Q1Receiver0134FAAC@@QAEXH@Z,0x009EC9A0,81,Code/GameEngine/Source/Common/Q1GlobalGuardedForwarders.cpp,reloc-derived;call-sites=1;identity=real
?m009ECA30@Q1Receiver0134FAAC@@QAEXH@Z,0x009ECA30,22,Code/GameEngine/Source/Common/Q1GlobalGuardedForwarders.cpp,reloc-derived;call-sites=1;identity=real
?clear@?$hashtable@U?$pair@$$CBHUGen_t_009ee630_p12cd@@@_STL@@HU?$hash@H@2@U?$_Select1st@U?$pair@$$CBHUGen_t_009ee630_p12cd@@@_STL@@@2@U?$equal_to@H@2@V?$allocator@U?$pair@$$CBHUGen_t_009ee630_p12cd@@@_STL@@@2@@_STL@@QAEXXZ,0x009EDAC0,86,Code/gen_small/tgrid_131.cpp,reloc-derived;call-sites=1;identity=generated
?gen009EE320@@YAPAXXZ,0x009EE320,59,Code/GameEngine/Source/Common/CachedPointerFills.cpp,reloc-derived;call-sites=2;identity=generated
?Render_Obj_Exists_Impl@AssetRegistry@@QAE_NPBD@Z,0x009EEBB0,170,Code/GameEngineDevice/Source/W3DDevice/GameClient/Render_Obj_Exists.cpp,reloc-derived;call-sites=1;identity=real
?m009EEEC0@Q1Receiver0134FAAC@@QAEXH@Z,0x009EEEC0,69,Code/GameEngine/Source/Common/Q1GlobalGuardedForwarders.cpp,reloc-derived;call-sites=1;identity=real
?m009F0BD0@Q1Receiver0134FAAC@@QAEXH@Z,0x009F0BD0,238,Code/GameEngine/Source/Common/Q1GlobalGuardedForwarders.cpp,reloc-derived;call-sites=1;identity=real
?m009F0D40@Q1Receiver0134FAAC@@QAEXH@Z,0x009F0D40,265,Code/GameEngine/Source/Common/Q1GlobalGuardedForwarders.cpp,reloc-derived;call-sites=1;identity=real
?m009F19E0@Q1Receiver0134FAAC@@QAEXH@Z,0x009F19E0,117,Code/GameEngine/Source/Common/Q1GlobalGuardedForwarders.cpp,reloc-derived;call-sites=1;identity=real
??1Gen_dtor_009eb9e0@@UAE@XZ,0x009F23C0,563,Code/gen_small/dtors_010.cpp,reloc-derived;call-sites=1;identity=generated
??1Gen_dtor_009f43d0@@UAE@XZ,0x009F2B60,61,Code/gen_small/dtors_010.cpp,reloc-derived;call-sites=1;identity=generated
?Gen009F3050@@YAXPAVRva009F3CE0Elem@@00PAX@Z,0x009F3050,84,Code/GameEngine/Source/Common/S3FinalInsertionSortSplits.cpp,reloc-derived;call-sites=1;identity=generated
?Gen009F30B0@@YAXPAVRva009F3D30Elem@@00PAX@Z,0x009F30B0,84,Code/GameEngine/Source/Common/S3FinalInsertionSortSplits.cpp,reloc-derived;call-sites=1;identity=generated
??$__adjust_heap@PAUS4SortElem8@@HU1@US4Cmp009F3400@@@_STL@@YAXPAUS4SortElem8@@HHU1@US4Cmp009F3400@@@Z,0x009F3110,122,Code/GameEngine/Source/Common/S4StlSortHelpers.cpp,reloc-derived;call-sites=2;identity=real
??$__adjust_heap@PAUS4SortElem8@@HU1@US4Cmp009F34B0@@@_STL@@YAXPAUS4SortElem8@@HHU1@US4Cmp009F34B0@@@Z,0x009F3190,122,Code/GameEngine/Source/Common/S4StlSortHelpers.cpp,reloc-derived;call-sites=2;identity=real
?Gen009F3A80@@YAXPAVRva009F3CE0Elem@@0PAX@Z,0x009F3A80,59,Code/GameEngine/Source/Common/S3FinalInsertionSortSplits.cpp,reloc-derived;call-sites=2;identity=generated
?Gen009F3AC0@@YAXPAVRva009F3D30Elem@@0PAX@Z,0x009F3AC0,59,Code/GameEngine/Source/Common/S3FinalInsertionSortSplits.cpp,reloc-derived;call-sites=2;identity=generated
?Gen009F3DC0@@YAXPAUQ3SortElem8@@00HUQ3SortCompare@@@Z,0x009F3DC0,224,Code/GameEngine/Source/Common/Q3IntrosortFamilies.cpp,reloc-derived;call-sites=1;identity=generated
?Gen009F3EA0@@YAXPAUQ3SortElem8@@00HUQ3SortCompare@@@Z,0x009F3EA0,224,Code/GameEngine/Source/Common/Q3IntrosortFamilies.cpp,reloc-derived;call-sites=1;identity=generated
__RTC_CheckEsp,0x009F7502,3,Code/GameEngine/Source/Common/Q1FrameCheckedWrappers.cpp,reloc-derived;call-sites=7;identity=real
?_RTC_GetErrorFunc@@YAP6AHHPBDH00ZZPBX@Z,0x009F8081,6,build/toolchains/vs2003/Program Files/Microsoft Visual Studio .NET 2003/Vc7/lib/libc.lib,reloc-derived;call-sites=1;identity=real
_D3DXFillTexture@12,0x009FFE86,532,vendor/d3dx9/d3dx9.lib,reloc-derived;call-sites=1;identity=real
??_GCD3DXSkinInfo@@QAEPAXI@Z,0x00A1175C,28,vendor/d3dx9/d3dx9.lib,reloc-derived;call-sites=3;identity=real
??_GCImage@D3DXTex@@QAEPAXI@Z,0x00A27BFB,28,vendor/d3dx9/d3dx9.lib,reloc-derived;call-sites=2;identity=real
??0CLockVolume@D3DXTex@@QAE@XZ,0x00A2FB47,6,vendor/d3dx9/d3dx9.lib,reloc-derived;call-sites=4;identity=real
??1CFile@D3DXCore@@QAE@XZ,0x00A3C875,11,vendor/d3dx9/d3dx9.lib,reloc-derived;call-sites=16;identity=real
??_GCPPConditional@D3DXShader@@QAEPAXI@Z,0x00A3CA3C,28,vendor/d3dx9/d3dx9.lib,reloc-derived;call-sites=2;identity=real
??_GCPPInclude@D3DXShader@@QAEPAXI@Z,0x00A3CAE0,28,vendor/d3dx9/d3dx9.lib,reloc-derived;call-sites=4;identity=real
??_GCPPBlock@D3DXShader@@QAEPAXI@Z,0x00A3CD76,28,vendor/d3dx9/d3dx9.lib,reloc-derived;call-sites=2;identity=real
??_GCPPPragmaDef@D3DXShader@@QAEPAXI@Z,0x00A3CDB1,28,vendor/d3dx9/d3dx9.lib,reloc-derived;call-sites=1;identity=real
??_GCPPDefine@D3DXShader@@QAEPAXI@Z,0x00A3E088,28,vendor/d3dx9/d3dx9.lib,reloc-derived;call-sites=5;identity=real
??_GCRegisterEntryNode@D3DXShader@@QAEPAXI@Z,0x00A43687,28,vendor/d3dx9/d3dx9.lib,reloc-derived;call-sites=2;identity=real
??_GCFragmentInfo@D3DXShader@@QAEPAXI@Z,0x00A43B0F,28,vendor/d3dx9/d3dx9.lib,reloc-derived;call-sites=2;identity=real
??_GSStringList@@QAEPAXI@Z,0x00A57BFD,28,vendor/d3dx9/d3dx9.lib,reloc-derived;call-sites=1;identity=real
??_GSDefaultList@@QAEPAXI@Z,0x00A589BD,28,vendor/d3dx9/d3dx9.lib,reloc-derived;call-sites=2;identity=real
?png_set_gray_1_2_4_to_8@D3DX@@YGXPAUpng_struct_def@1@@Z,0x00A64FDE,11,vendor/d3dx9/d3dx9.lib,reloc-derived;call-sites=1;identity=real
?png_set_tRNS_to_alpha@D3DX@@YGXPAUpng_struct_def@1@@Z,0x00A64FE9,11,vendor/d3dx9/d3dx9.lib,reloc-derived;call-sites=1;identity=real
?SetAlloc@CInstruction@D3DXShader@@SGXPAVCAlloc@D3DXCore@@@Z,0x00A6B249,19,vendor/d3dx9/d3dx9.lib,reloc-derived;call-sites=2;identity=real
?SetAlloc@CArgument@D3DXShader@@SGXPAVCAlloc@D3DXCore@@@Z,0x00A6B74F,19,vendor/d3dx9/d3dx9.lib,reloc-derived;call-sites=2;identity=real
??_GCPool@D3DXShader@@QAEPAXI@Z,0x00A6B7C9,28,vendor/d3dx9/d3dx9.lib,reloc-derived;call-sites=4;identity=real
??0CStringStack@D3DXCore@@QAE@XZ,0x00A9AEF9,16,vendor/d3dx9/d3dx9.lib,reloc-derived;call-sites=3;identity=real
?EmitDSX@CShaderProgram@D3DXShader@@IAEJXZ,0x00ABED36,8,vendor/d3dx9/d3dx9.lib,reloc-derived;call-sites=1;identity=real
?EmitDSY@CShaderProgram@D3DXShader@@IAEJXZ,0x00ABED3E,8,vendor/d3dx9/d3dx9.lib,reloc-derived;call-sites=1;identity=real
?EmitFRC@CShaderProgram@D3DXShader@@IAEJXZ,0x00ABED64,8,vendor/d3dx9/d3dx9.lib,reloc-derived;call-sites=1;identity=real
?EmitMIN@CShaderProgram@D3DXShader@@IAEJXZ,0x00ABEE22,8,vendor/d3dx9/d3dx9.lib,reloc-derived;call-sites=1;identity=real
?EmitMAX@CShaderProgram@D3DXShader@@IAEJXZ,0x00ABEE2A,8,vendor/d3dx9/d3dx9.lib,reloc-derived;call-sites=1;identity=real
?EmitLT@CShaderProgram@D3DXShader@@IAEJXZ,0x00ABEE32,8,vendor/d3dx9/d3dx9.lib,reloc-derived;call-sites=1;identity=real
?EmitGE@CShaderProgram@D3DXShader@@IAEJXZ,0x00ABEE3A,8,vendor/d3dx9/d3dx9.lib,reloc-derived;call-sites=1;identity=real
?EmitADD@CShaderProgram@D3DXShader@@IAEJXZ,0x00ABEE42,8,vendor/d3dx9/d3dx9.lib,reloc-derived;call-sites=3;identity=real
?EmitMUL@CShaderProgram@D3DXShader@@IAEJXZ,0x00ABEE4A,8,vendor/d3dx9/d3dx9.lib,reloc-derived;call-sites=3;identity=real
?EmitDST@CShaderProgram@D3DXShader@@IAEJXZ,0x00ABEE52,8,vendor/d3dx9/d3dx9.lib,reloc-derived;call-sites=1;identity=real
?EmitLIT@CShaderProgram@D3DXShader@@IAEJXZ,0x00ABEEFC,8,vendor/d3dx9/d3dx9.lib,reloc-derived;call-sites=1;identity=real
?EmitCMP@CShaderProgram@D3DXShader@@IAEJXZ,0x00ABEF04,8,vendor/d3dx9/d3dx9.lib,reloc-derived;call-sites=2;identity=real
?EmitCND@CShaderProgram@D3DXShader@@IAEJXZ,0x00ABEF0C,8,vendor/d3dx9/d3dx9.lib,reloc-derived;call-sites=1;identity=real
?EmitABS@CShaderProgram@D3DXShader@@IAEJXZ,0x00ABEF14,8,vendor/d3dx9/d3dx9.lib,reloc-derived;call-sites=2;identity=real
?Free@FastAllocatorGeneral@@QAEXPAX@Z,0x00AFEBC0,154,Code/Libraries/Source/WWVegas/WWDebug/wwmemlog.cpp,reloc-derived;call-sites=1;identity=real
__EH_prolog,0x00B028A4,31,vendor/d3dx9/d3dx9.lib,reloc-derived;call-sites=1;identity=real
